ID,REINO
L84FA4LLO0,DORNE-3
LLOLFAZ48Z,NORTH
LO0FAFAV9FALO,CROWNLANDS
L9V94FA90,REACH
LLLOZZVZ8,#N/D
L9L984FAV,NORTH
L90ZLO4LOZ,IRONISLADS
L48L88LV,DORNE-3
L8LZV8LLO,#N/D
LLLO4LLLFA,RIVERLANDS-1
LFAL8908L,STORMLANDS-1
LLO00L049,DORNE-1
FA0FAV9048,#N/D
LLOZFAFA0,#N/D
L94LFA0FALO,REACH
L9VFA0L0FA,REACH
L9LLL8VFA,STARKS
8LOLL4,HOARE
LV4LFAV8FA,#N/D
LFA00LLZV,HOARE
LLOFA09FA,DORNE-1
L800ZLO,HOARE
80LFA00LOZ,STORMLANDS-1
LVLFAZML0,#N/D
VFAZ0LO0Z,IRONISLADS
LO0FA80V4LO,#N/D
V04ZVZ89,STORMLANDS-2
L8V4ZVZZ,IRONISLADS
LFALOZLLO8L,STORMLANDS-2
L8LLO9Z0LO,DORNE-3
LVLOZZ809,HOARE
L9890LO09,STORMLANDS-1
FA0LZ90FA8,#N/D
FA0FAV0LO40,#N/D
849LV49,HOARE
88Z80V8,IRONISLADS
LZM8LV0L,IRONISLADS
L9FAFA0V98,#N/D
LLOL9ZL04,#N/D
V088LFAZ9,REACH
LL49LZLFA,DORNE-3
L0VLOVFA00,DORNE-1
V0VLOL4VL,#N/D
L8L89FA08,NORTH
L4L98V,DORNE-1
LLOLFAFA09Z,DORNE-1
LV400L8LO,#N/D
FA0Z088V0,#N/D
LV84LZFA0,#N/D
L840LLFAFA,#N/D
90L4V0FALO,#N/D
L880VLOFA0,#N/D
L8L804VFA,REACH
L80LLO9LOV,#N/D
LZLO000LO0,#N/D
ZZZ98V8L,NORTH
800V9408,STARKS
LVV9ZLL8,STORMLANDS-1
L90ZVLO00,IRONISLADS
L84FA9LV4,#N/D
LV4LOLV04,HOARE
FA0LOVFALO00,#N/D
L849LOLZ0,STARKS
LFALO8LLOFA4,HOARE
L80V40ZLO,IRONISLADS
LLZZ44L0,REACH
L90L0FALO9,NORTH
LFAV0LOFA80,DORNE-3
L9FAVV9FA9,RIVERLANDS-2
FA0ZZ4LZLO,#N/D
L90FALFA8L,#N/D
L80LO8Z0V,CROWNLANDS
LVFA04L,DORNE-1
L88VFA089,#N/D
88VVFAV0,IRONISLADS
80ZFAFA,#N/D
L4LOL00,HOARE
FA00FA00FA0,RIVERLANDS-1
FA0ZLO080Z,#N/D
L9Z0LOZ00,#N/D
LO04VLO4L0,AEGON
L8009L,HOARE
L84LO0040,NORTH
L9000V0FA,HOARE
80L0FA404,STORMLANDS-1
L8040VZL,DORNE-1
L880LO8L8,#N/D
L8804940,IRONISLADS
8004L00FA,STARKS
L0LV9LLO0,#N/D
FA009L0,CROWNLANDS
LO0LOFA0VFAL,DORNE- 2
LVZ04ZLO4,#N/D
LLOZZFAZLOV,RIVERLANDS-1
LZMLVFA0Z,STORMLANDS-1
L94LFA4L9,IRONISLADS
LZFA090LO0,DORNE-3
L400ZLOZV,DORNE-1
LZ9V840LO,HOARE
L49LOL4FAV,RIVERLANDS-1
LO0VLO04LO0,#N/D
FA0Z00Z98,#N/D
LFALZZFAZM,#N/D
L904Z0Z0,CROWNLANDS
L9Z0949L,RIVERLANDS-2
L8FAFALLL0,NORTH
LV4ZLO9L4,#N/D
LZV084LV,HOARE
LLZ4FAFA,STORMLANDS-1
900ZMLOZLO,#N/D
800V9408,STARKS
L9ZFA4FAVFA,#N/D
L000490V,DORNE-3
LFAV08L,RIVERLANDS-2
LLOZV4L,#N/D
LLV00VZ0,STORMLANDS-1
V94FA49L,#N/D
LL9LV8FA9,DORNE-1
LO04LZ4LOFA,#N/D
LVZM90Z9,#N/D
FA0Z88980,#N/D
LLOZ88FAL9,HOARE
LLO4LO40FA8,#N/D
L8ZZ9048,#N/D
L809V984,CROWNLANDS
LLOV8FAZL9,NULL
LLOV00FA89,STORMLANDS-1
L9Z4FA800,RIVERLANDS-2
L8VLOVVLLO,#N/D
L9LLOL98V,IRONISLADS
90L000FA8,#N/D
L9FALO9FA00,IRONISLADS
V09V4LOZ,#N/D
L90LO0Z4V,#N/D
800FAZ0Z,HOARE
V04L4FA00,STORMLANDS-2
L9LLL040,STORMLANDS-1
LVVLOZFALOL,HOARE
L9Z09VVL,CROWNLANDS
L0898FAV0,STORMLANDS-1
L9V0FA8,RIVERLANDS-2
L8088FALOFA,REACH
LO0VL,CROWNLANDS
FA0FA0400L,#N/D
FA00FA8VLLO,#N/D
LZ44LLOFA0,STORMLANDS-1
LO0ZV40VFA,#N/D
LZ4LO0LOV8,DORNE-3
FA0Z0L0Z0,#N/D
L0,#N/D
LO0FAZM4VV,CROWNLANDS
LFA4ZZL00,#N/D
LVLLOZ0LZ,REACH
9FAV0L44,HOARE
L8FAZLO0L4,STORMLANDS-2
V0LLLV8V,RIVERLANDS-2
FA0FA9800L,#N/D
LLOV9L00FA,DORNE-3
L00L08LOFA,STORMLANDS-1
ZZLOL400Z,#N/D
LO0LFAZMLOZ,NULL
L0800ZLO9,#N/D
9Z98FA44,#N/D
L80Z0L9V,NORTH
FA0Z0LOFALZ,#N/D
LZLO04FAL0,HOARE
V0000FA4FA,CROWNLANDS
L9VV09L0,CROWNLANDS
L9Z400LOFA,#N/D
L8Z9Z0FA0,DORNE-1
9L40404,HOARE
LLOLZV0LO0,RIVERLANDS-1
V08904V0,STORMLANDS-2
L9Z04ZV0,STORMLANDS-2
LLO0ZV4VL,STORMLANDS-1
L98LVV0Z,STORMLANDS-2
L9V94004,STORMLANDS-2
L0FA0Z0ZLO,HOARE
LFA4ZVL40,IRONISLADS
LO04880V0,AEGON
L4ZL0080,HOARE
L40FAVVZ4,HOARE
VVFAFALV9,DORNE-1
V0L80Z8FA,#N/D
LVV9LFAZZ,DORNE- 2
LL0LOL94Z,DORNE-3
LO09FA0VZFA,CROWNLANDS
LLOV0LO0LO0,NORTH
LFA80ZZLO9,STORMLANDS-2
L980Z04FA,DORNE-1
L94VFA8ZL,#N/D
LV90LFA0V,IRONISLADS
L4044Z8Z,CROWNLANDS
Z0LOL4V49,RIVERLANDS-2
V00FAZ40V,RIVERLANDS-2
LFALFAL4,STORMLANDS-1
Z04L8LVL,DORNE-3
LVLL80,RIVERLANDS-1
LV048ZV0,#N/D
LVL0090LO,NULL
LLO9LOV09FA,DORNE-3
L00FA8ZL9,RIVERLANDS-1
LZ48900FA,HOARE
V84LOL,IRONISLADS
L90ZLLOFAL,REACH
LZ4L0Z00,#N/D
FA04089FAV,#N/D
L9Z08LFA0,#N/D
L9FAVLL,#N/D
VV8ZZ8V,HOARE
LZ80FAV04,HOARE
LVV0LLFAL,RIVERLANDS-2
LLOZZMFA04,STORMLANDS-1
LO04Z8094,CROWNLANDS
LV4VV9L0,#N/D
8000LFAFAFA,NULL
LV000LO08,STARKS
LVLOL98LV,RIVERLANDS-2
L9Z0FAFAFA0,#N/D
90L00LOFA0,#N/D
900LO4L89,#N/D
900ZZFAFA9,#N/D
L890FAL0L,RIVERLANDS-1
9004FAL89,#N/D
V0Z8L49FA,#N/D
L90FA0004,DORNE-3
L80LLFALOZ,#N/D
L8FA0Z0VLO,NORTH
ZZVLOFALO0L,IRONISLADS
L4Z04LO9Z,REACH
L9LO080ZFA,DORNE-3
900VZ,DORNE-1
FA0V8LLO4Z,#N/D
LZ4LVVLFA,IRONISLADS
L49LO9FAFA4,STORMLANDS-2
LL0904FA8,HOARE
L9V4VZ80,#N/D
LZ88LO04Z,#N/D
ZZ48LO48LO,NORTH
L9FAFA09ZL,#N/D
LVLOLV0LOL,HOARE
LZ9LO8V,RIVERLANDS-2
LVLLLO4V4,#N/D
L8VLOL0LFA,#N/D
FA0L00FAFA9,#N/D
LLZFAFA890,CROWNLANDS
LO0LL0LOZ9,NULL
L88VLOVZFA,RIVERLANDS-1
L80L0L9L,STARKS
V0Z8ZFAL,HOARE
L9V08Z40,STORMLANDS-2
L8ZLO09LL,#N/D
L8FAFAFA4V8,STORMLANDS-2
8ZV4084,HOARE
L80FAFA0FA0,IRONISLADS
FA04L8LZFA,#N/D
LZ90LOVLLO,DORNE-1
L49LLZ84,STORMLANDS-1
L4FALLO8FAL,#N/D
L488L9LLO,DORNE-1
LVZM0000,STORMLANDS-2
L4LFALZ89,#N/D
VLO90ZZM,HOARE
LZMZFA0LLO,HOARE
FA00LO8804,HOARE
LZ80400V,HOARE
V0FA9VV,STORMLANDS-2
809FALO0Z,#N/D
FA0FA8ZMLLO,#N/D
LZLOVLO8ZL,DORNE-1
LV9FA9000,NULL
LFAL9LO9ZLO,DORNE-1
L80FA0LZ9,STORMLANDS-2
LLLOL4L,DORNE-3
L9LFA8V0LO,STORMLANDS-1
LZ0VFAV0L,#N/D
L8LOZZM8L,#N/D
Z0LVZ4V8,RIVERLANDS-1
L888L4LZ,#N/D
ZZLOLFA009,NORTH
LV9LO9008,STORMLANDS-2
L9408448,DORNE-3
FA00ZLO00FA,NULL
LV84LZMLO,#N/D
L8490840,#N/D
V08LOVL9FA,REACH
LLO9ZV4,STORMLANDS-2
L404FA89LO,NORTH
L4V0LO9LO8,#N/D
L0FA9ZL00,STORMLANDS-1
LV4000,STORMLANDS-1
LFALOLFAV90,IRONISLADS
LO04FALLOL0,DORNE- 2
ZVZMFAVL0,RIVERLANDS-2
LO0Z8LFA,DORNE- 2
LLO0FA44VFA,STORMLANDS-2
LV0Z000Z,HOARE
900VLO804,#N/D
LLO04FA9FALO,NULL
FA0FAFAL9Z9,#N/D
L89LOFAZ09,#N/D
Z0L94L09,RIVERLANDS-1
L80L9LOV8,#N/D
LZ0V08FAZ,STARKS
V0L4LFAFALO,RIVERLANDS-2
LLOL0L4L8,#N/D
LO04FALLOL0,DORNE- 2
V0LO08FAFALO,HOARE
LV8VVFAFAZ,#N/D
L9L4ZLO49,#N/D
V0LO440FA0,#N/D
L9LFAZ8LZ,#N/D
L949V488,#N/D
Z0FALO0FA0V,DORNE-3
L90LOVL90,DORNE-1
LLOFALOFA8LV,RIVERLANDS-2
LLZLLV49,#N/D
LLOV4VFA0LO,STORMLANDS-1
V00LO080LO,STORMLANDS-2
LVZV090LO,RIVERLANDS-2
90084FA,#N/D
LZ8Z4LFA4,CROWNLANDS
LFA408LO9FA,DORNE-1
L90ZV90L,#N/D
V0Z0Z449,REACH
LO0ZFA888Z,AEGON
L08FA8L9Z,#N/D
L0LOV0LL9,DORNE-1
L0L49000,STARKS
FAZ80,#N/D
Z0LOLLO0VLO,RIVERLANDS-2
LO000L89LO,CROWNLANDS
LLO08LO8FAL,NULL
FA00ZFA8ZFA,RIVERLANDS-1
LZ9L0L0FA,DORNE-1
L8L4L098,DORNE-1
LVFA8FALO00,DORNE-1
ZZL04FALO9,#N/D
L9Z0900FA,IRONISLADS
L49V0Z8FA,HOARE
LVZMV9Z0,RIVERLANDS-2
L9LO4080FA,DORNE-1
L80LOVVZFA,#N/D
L8LO9Z8LOZ,STORMLANDS-1
FA009ZLOZZ,#N/D
V00844L8,STARKS
LFAVVVVLZ,#N/D
FA04049FA0,#N/D
L8L0LLFA4,#N/D
L04ZZLOFALO,NORTH
80090LO4LO,STORMLANDS-1
Z0488ZL0,RIVERLANDS-1
LO0FA0LO89L,CROWNLANDS
LFAL4ZLO,IRONISLADS
L4ZV0LO48,#N/D
LZ08V0L0,NULL
ZVZ98Z49,#N/D
L04FAV0FA4,IRONISLADS
9L4LFA40,HOARE
80FA4ZZ0,IRONISLADS
LO0094VFALO,CROWNLANDS
LZ0LO8FALOFA,IRONISLADS
LZZV8LOFA9,STORMLANDS-1
LZ4LO0LOV8,DORNE-3
90LLO0LOZ8,#N/D
LZMFA8L,STORMLANDS-1
LO0ZFA09LO8,DORNE- 2
LZ8FA9ZLO0,DORNE-1
L900ZFAL0,STORMLANDS-1
L00V4L9LO,IRONISLADS
L00L4ZZZ,STORMLANDS-1
L88ZFA49L,HOARE
L940LZ8L,STORMLANDS-1
LO0ZLLOVL4,#N/D
V0FA9040V,#N/D
L08008VLO,HOARE
LLFALLO00V,IRONISLADS
L0ZVFA84LO,IRONISLADS
L8L0LO08Z,REACH
FA040980FA,#N/D
FA0VLV0LO0,#N/D
LVLO40L0Z,STORMLANDS-1
L0LOZ09Z4,STORMLANDS-1
FA00LO8LO00,CROWNLANDS
8FA40FALFA,#N/D
L9VZ40VL,#N/D
8L00LO09,HOARE
LFA9V0Z8FA,HOARE
LZV88FA89,DORNE-3
L484LOFA0Z,STORMLANDS-2
L0L4ZM00,RIVERLANDS-2
Z0L9LOZLL,RIVERLANDS-2
V0LO090L0,NORTH
LZ48490LO,HOARE
LZ9009LOL,#N/D
LO04V80Z0,CROWNLANDS
L9Z8Z00Z,DORNE-1
FA004LFA,STORMLANDS-2
L4Z0LO040,#N/D
9FA0LVFALO,HOARE
LVLO84L,HOARE
LZMLOLL4LO,DORNE-1
LVLOFAL0FAV,#N/D
Z0Z0Z40V,DORNE-3
LLOZ00848,DORNE-3
Z0VZ4LFAL,DORNE-3
FA00V4989,DORNE-3
9V894FALO,DORNE-1
V0L004VV,RIVERLANDS-2
L94Z4VFALO,RIVERLANDS-1
ZZZ8LO84Z,NORTH
VL80448,HOARE
ZZFAZ9800,STORMLANDS-2
LV9LOLL90,DORNE-1
LLLZML04,#N/D
FA0Z98Z04,#N/D
L8880VLL,#N/D
L4VZZ0,HOARE
LL8V0VLOV,RIVERLANDS-1
LZ0ZFALO8L,#N/D
L9LOFAVFA9V,NULL
LLOVL98Z8,DORNE-3
LLO00FA9V4,#N/D
LO0Z0L9LO8,AEGON
90004Z8V,#N/D
L4FALFAL04,RIVERLANDS-2
LLOZV9V8V,HOARE
L9FA4LO800,NORTH
ZZ0Z4V48,NORTH
L88ZFA94Z,NORTH
8009Z040,STARKS
L4LO80V4Z,DORNE-3
LO0LVLLOZ9,NULL
LFA9L8LOFA4,#N/D
LLVLOZVFAFA,#N/D
LLO8VL0LOV,REACH
L8040444,STORMLANDS-2
LZL0V449,DORNE-1
LV4V088V,#N/D
LV0LZ08L,STORMLANDS-1
LV00VL0V,#N/D
L9ZLO040L,HOARE
FA0400980,#N/D
VLOLZ0FALO,HOARE
LVZ0894L,#N/D
ZVLOZLOZ90,DORNE- 2
L8ZM8LL0,#N/D
V0L9VVZ,DORNE-1
L40ZZZ0Z,#N/D
L0Z8FALO00,REACH
LFA4LO8LOVL,HOARE
FA0ZLL90FA,#N/D
L0000LO04,#N/D
L90400LOFA,DORNE-3
LVFA408,#N/D
L90VZL09,CROWNLANDS
L880FA089,#N/D
L094LOVLFA,#N/D
Z0FAFA8LO9V,DORNE-3
L484LZ8V,NULL
FA0L88LO,#N/D
LLLOZ44Z0,#N/D
L88Z4ZZLO,#N/D
L880L0FA0,#N/D
900LZM4,DORNE-1
L8ZM49V9,NULL
LVV4LO9LLO,DORNE-3
LZ9L9800,HOARE
FA0L0FA89Z,#N/D
LLO4ZZV04,DORNE-1
8000FAV00,STORMLANDS-1
L8LVZFAL8,IRONISLADS
LLOV8LOLFAL,#N/D
L9V4FAFA0L,STORMLANDS-1
L90ZFA0LOZ,DORNE-3
LZML0Z80,STORMLANDS-1
L09LO4004,STORMLANDS-1
LFA88809Z,DORNE-1
LLO90FALOL9,RIVERLANDS-1
LO0ZLOFA4ZZ,#N/D
L04L40ZM,#N/D
L90LOLLO,CROWNLANDS
VLLOLFA0LO,IRONISLADS
L9L0FALV0,CROWNLANDS
L0840ZZV,DORNE-1
L9VFA000V,STARKS
L80V40ZLO,IRONISLADS
V00900FAV,STORMLANDS-2
ZZ4809ZL,NORTH
L0FAFA09FA0,HOARE
L8V400V0,HOARE
L8FAZZ9LOFA,#N/D
LFAZZZ94L,STORMLANDS-1
L94800V8,#N/D
LLL4Z904,#N/D
LV9ZLO04LO,#N/D
80094Z4Z,STORMLANDS-1
LVVLOZFA0LO,#N/D
L98VLO90V,HOARE
L4VVVZFA4,RIVERLANDS-1
FA0LOFA9008,#N/D
L9004LV0,HOARE
LZ8Z880FA,DORNE-1
L8FAFAFA084,#N/D
LV0V44V9,RIVERLANDS-2
L9V00V,DORNE-1
V0FA9LLO4L,STORMLANDS-2
L4Z0FALO0V,#N/D
L88Z0LFAL,STORMLANDS-1
FA0ZZL9LL,#N/D
LZ0008L0,NORTH
L90ZLO40Z,IRONISLADS
LLO00LV9L,RIVERLANDS-2
LO0LLFAFA88,NULL
LZLO8VLO,#N/D
L08894LZ,STORMLANDS-1
LVL0LO89LO,STORMLANDS-1
LL0FALVV4,#N/D
L9FAVFA4LO8,IRONISLADS
LLOFA80048,NULL
L9V8ZVFAFA,RIVERLANDS-1
800FA4ZMLO,STORMLANDS-1
LVVFAZ4VV,#N/D
FA04008L8,#N/D
LVLOV9LO9V,HOARE
LZLOZ448FA,#N/D
LVZZLO40Z,STARKS
L8090094,STORMLANDS-1
LFALOZLOFAL4,#N/D
L8LO4040LO,RIVERLANDS-1
V00FAVL44,#N/D
L80VV048,IRONISLADS
ZZVVLLFAZ,NORTH
LV9ZMFA98,STORMLANDS-1
L9L40FA8V,#N/D
LZMZM89LO,HOARE
L0VZVZV8,#N/D
L90FA0ZM9,RIVERLANDS-1
ZVLOFALVFA9,RIVERLANDS-2
L9LO8VZ00,DORNE-1
L9FA8V0L0,DORNE-1
LZ44Z0,RIVERLANDS-1
LLO09L04Z,#N/D
V0004880,RIVERLANDS-2
LLOVL98Z8,DORNE-3
89Z0VVL,DORNE-1
L0LOL0LOVV,RIVERLANDS-1
LLOLFALOZ40,#N/D
LVFA4L9VFA,NORTH
L890L804,IRONISLADS
L80048FAV,STORMLANDS-1
FA04FAV449,#N/D
L0LOZLLOFAFA,STORMLANDS-1
LFA9090V4,#N/D
LV4ZMLO00,#N/D
90084FA09,#N/D
L9Z0FAFAFA0,#N/D
LVL0090LO,NULL
L80FALOV8FA,CROWNLANDS
L890VL,STARKS
LV000L00,#N/D
LZVLOZFA44,IRONISLADS
L9V88L0LO,REACH
L8VLO8ZLOFA,#N/D
L4L88V0LO,DORNE-1
L09L40ZZ,CROWNLANDS
L909V9LOL,#N/D
L8409ZFA0,STORMLANDS-1
LV88ZFAFAV,NULL
FA0LFAL9VFA,#N/D
L4LFAV844,REACH
L8ZLO00V9,#N/D
V0LO800FA,DORNE-1
LVVZ0LL0,#N/D
L9L9FALL4,STORMLANDS-1
L8LOZ9LOL0,DORNE-1
LLO08LV,IRONISLADS
LLO4Z9LL4,#N/D
L4FA8LOFAV0,DORNE-1
L880ZMFA4,RIVERLANDS-2
FA04ZML90,#N/D
FA0LOL40V0,#N/D
LLO4ZLLO09,#N/D
L44FA4LLO8,STORMLANDS-2
LZZMV8LOV,#N/D
L8FA0FALV4,#N/D
L84ZZZMFA,#N/D
848L0FAZ,IRONISLADS
L4L004,RIVERLANDS-1
LV0ZL8FALO,DORNE-3
Z00VV009,DORNE-3
90LFA0VFA0,#N/D
ZVLOL9ZMV,RIVERLANDS-2
L448LO0L0,RIVERLANDS-1
L9ZLOV048,STORMLANDS-1
LV498LOFALO,DORNE-3
LVZ8ZLO,STARKS
Z0L09V44,RIVERLANDS-1
L8Z0V9VLO,NORTH
L49FA0V0L,STORMLANDS-1
LVZL0908,NORTH
90L40LOLL,#N/D
LLO8L4ZZ0,DORNE-1
FA00FA9490,REACH
LVVVLOZ,HOARE
L44ZLOVZV,#N/D
L84Z9Z9V,#N/D
LV9LVZ0Z,#N/D
L909084FA,#N/D
LZFA0VZZLO,#N/D
Z0840V9V,#N/D
Z0LVL40L,RIVERLANDS-1
L0V00V00,DORNE-1
Z000FA80V,DORNE-3
LV40494FA,DORNE-1
LLO8VLOL,#N/D
LV0L0V,RIVERLANDS-2
LLO80LO89Z,HOARE
L48VLOV,DORNE-3
FA0FALOV904,#N/D
LZFAZZZ0L,STORMLANDS-1
LFALFAL8FA4,#N/D
FA0480V84,#N/D
L94Z0V08,STORMLANDS-1
LZ0L9VLOZ,DORNE-1
L44LO0LLOL,REACH
V00ZLZ8LO,RIVERLANDS-2
L0Z04LO,RIVERLANDS-2
LZ8Z900V,DORNE-3
L0849LOZ9,#N/D
L9V4LO9Z0,STARKS
FA0FAZM098,#N/D
LFALO0LOVV0,#N/D
LFALLLOFALLO,#N/D
LLFA404,#N/D
L8FAFAVFA,NULL
LZV0840Z,REACH
80LFALVVL,#N/D
L800Z09FA,STORMLANDS-1
L00LLLOL4,HOARE
L9004098,#N/D
L8V0L4,#N/D
FA0V0Z0L8,#N/D
9FA4098FA,DORNE-3
LV9FA4080,STORMLANDS-2
FA00V00L4,REACH
L80V0L9L,#N/D
ZZ48LOFA4Z,DORNE- 2
L0L049,STORMLANDS-1
L0LO0LFA0V,DORNE-1
FA00ZZFA0Z,STORMLANDS-1
L04LOVVFAL,STORMLANDS-1
L9LOZ00FA9,HOARE
L4FALO0L9FA,HOARE
L8L9ZL,DORNE-3
LZZ04FA0LO,STORMLANDS-1
LO0LOZ0LLOFA,AEGON
9009VFA49,#N/D
L0LOLL8V8,NORTH
LVV9V8VFA,REACH
L9ZFA0ZFA0,STARKS
ZZ0LZ8,#N/D
90LFA88V9,#N/D
LFALO440FA9,STORMLANDS-2
L90FA9004,NULL
LZM0FA4V0,STARKS
L9004098,#N/D
L9040V08,IRONISLADS
L90ZMV,NULL
LFAZLOV4L0,REACH
9V8Z4,RIVERLANDS-1
LL9Z8V40,STORMLANDS-1
LLO4L9LL0,HOARE
L04LFA080,#N/D
LV90FAZLO9,STORMLANDS-2
LLO9LVFA0FA,#N/D
LLOZL8ZML,STARKS
L9LOFA04V8,IRONISLADS
L904FA094,STORMLANDS-1
L9FA08098,STORMLANDS-1
FA048040V,#N/D
L9ZML8FA8,REACH
L8LLO908L,#N/D
L9LFAL880,DORNE-1
L90L08FALO,STORMLANDS-1
L94LZML0,#N/D
LFA9FAZL89,DORNE-3
LLO8909V9,#N/D
LZ80V98L,STORMLANDS-1
LLOV0VLOL9,IRONISLADS
LFAZ00ZLL,CROWNLANDS
L4LOZ0L89,#N/D
L0LO0004Z,NORTH
LV80LLFAL,#N/D
8V4480L,HOARE
FA0LZ9804,#N/D
L8V89LVZ,DORNE-3
L4L904L9,STORMLANDS-1
L90LOZ040,#N/D
FA0L40ZVZ,#N/D
L09ZFA94V,NORTH
LZ4Z8FA8FA,STORMLANDS-2
L8090LZZ,DORNE-1
LV809LFAL,IRONISLADS
LO04FA4V00,DORNE- 2
Z0LZ000Z,DORNE-3
LLOZLO00ZL,REACH
L4940LO40,#N/D
FA0L89FA,#N/D
Z044FAZ80,RIVERLANDS-1
L4L84ZLOZ,STARKS
LZ8LZLOFA8,#N/D
FA0ZVZ800,#N/D
LZ9804FAV,REACH
LLO8L80LLO,#N/D
LVZL80FA0,STORMLANDS-2
L8LL4884,IRONISLADS
LFA4ZM0ZZ,IRONISLADS
L8490Z0LO,DORNE-3
Z040L444,#N/D
LO00LL884,CROWNLANDS
ZVZMV0V4,NULL
FA09L80VLO,#N/D
80LVFA8LL,STORMLANDS-1
L04FAV0FA4,IRONISLADS
L49FA0FAFA0,REACH
FA0480FALOL,#N/D
L4009ZM9,NORTH
L00VFAFA8V,IRONISLADS
LVLO08888,DORNE-3
L90ZMV84,#N/D
900LOV0LO8,#N/D
LV0094V4,STORMLANDS-1
LLOL40FA,#N/D
L80LLO904,#N/D
L9L8LLO4LO,#N/D
LV89V88L,#N/D
L844LLO98,IRONISLADS
LVV89VV0,#N/D
L900ZM04,STORMLANDS-1
LLVV00Z0,IRONISLADS
L90L8FAZ4,CROWNLANDS
90LFA8LOL9,#N/D
LFAVFAFAFALOL,DORNE-1
L904ZZFA9,#N/D
L9000FAL9,#N/D
LVL80V90,#N/D
L90480LLO,#N/D
LFA8880VL,#N/D
L4LV0V0FA,DORNE-1
L4LO08VFAZ,#N/D
V0ZFALFALL,REACH
VLO00840,HOARE
89LO4L9L,#N/D
L9ZVZM8LO,RIVERLANDS-2
FA00LOLL9FA,IRONISLADS
LFAVV840V,DORNE-1
FA0Z8LOL8Z,#N/D
L9ZL44LO8,#N/D
ZZ80LFA8L,NORTH
FA0ZLO080Z,#N/D
L4L80844,STARKS
FA0VLO9LZ4,#N/D
LO0ZFA0FA0L,#N/D
8880844,IRONISLADS
ZZFA4FA4,RIVERLANDS-2
L9VLOV808,DORNE- 2
800VVL00,NULL
FA0084L9V,NORTH
L8LO80V0V,#N/D
LLLOLVV09,IRONISLADS
L8L4L004,HOARE
L8LFA4ZVFA,HOARE
800LLVZ,HOARE
L9LOVZFALZ,RIVERLANDS-2
ZZVFAL8ZV,HOARE
L4L98V,DORNE-1
L89V8088,NULL
LLLO808Z8,IRONISLADS
FA0VZM49FA,#N/D
Z0LO08Z0Z,DORNE-3
LZ940048,STORMLANDS-1
LLV49ZMZ,#N/D
8004V0V0,#N/D
L90FALO0FAZ,#N/D
LLO9V8LO44,IRONISLADS
LV808V08,IRONISLADS
L8L9V89FA,HOARE
Z08Z9VLOFA,#N/D
L94FAZV0LO,DORNE-1
8008Z49,#N/D
LLOZZZ8LZ,REACH
L908V9FAL,CROWNLANDS
FA04FALO48LO,#N/D
800VLV0LO,#N/D
L9L9LO0LOFA,#N/D
LO0LOZ08FA0,#N/D
L888LVZL,#N/D
Z09LO9LZV,RIVERLANDS-2
FA0V9ZV,#N/D
LZMZ000FA,#N/D
L90VL0LV,#N/D
LV0449,DORNE-1
LV9LO04LO0,#N/D
V04FAV04V,#N/D
V0Z00FA00,REACH
V089V48LO,STORMLANDS-2
VL40LLOV,#N/D
FA0Z09LO08,#N/D
L0LOVZZ48,IRONISLADS
L49V4VFAL,DORNE-3
L8VL809FA,#N/D
V0LVLOV40,RIVERLANDS-2
L94LL00LO,#N/D
LZ89V80LO,NULL
L8V4LOL8FA,RIVERLANDS-2
L90LLO948,HOARE
LZMLOFAVVL,STORMLANDS-1
LV490L48,NULL
L489088LO,STORMLANDS-1
LL04LOL84,CROWNLANDS
Z008Z80L,RIVERLANDS-1
LO0LO0FAL4LO,CROWNLANDS
LZV9ZLO88,#N/D
L8004004,IRONISLADS
LLO489L,IRONISLADS
L80Z9FALV,DORNE-3
LZV0049V,#N/D
ZZZ00040,NORTH
LO04ZLOFAZ0,#N/D
LLFAFALOZLOV,RIVERLANDS-2
L0V840LOFA,#N/D
LZM44V4FA,STORMLANDS-1
L88ZZVFA4,DORNE-1
LVZLO9FAL0,CROWNLANDS
LV8ZZVLOZ,HOARE
LLO8008LLO,REACH
ZZ040408,#N/D
LFAVZ09LO8,IRONISLADS
FA0LO849V8,#N/D
900ZL9Z,HOARE
L90ZFA9LZ,#N/D
LVVFA800Z,IRONISLADS
L4ZVLOVLOV,RIVERLANDS-1
90LZLO00LO,#N/D
L00V88,#N/D
LVL9L0FA4,HOARE
ZZZ04LLO8,NORTH
L9ZV0L0LO,RIVERLANDS-1
L008V0ZV,RIVERLANDS-1
L08VVL04,#N/D
L8L89VZ8,#N/D
LFAV0VFALO0,HOARE
L009FA949,IRONISLADS
LLOFA8LVZL,IRONISLADS
LV8ZFA0VL,RIVERLANDS-1
L8ZZ9LL9,IRONISLADS
LV9FA40LLO,#N/D
LLVVV00L,DORNE-3
L9VVV4FA8,#N/D
LO044LOVV4,#N/D
L800400L,CROWNLANDS
900FA08LO9,#N/D
L04FA0FA0FA,#N/D
L98Z84,REACH
LVZ0LLOV0,NULL
ZZVZ0VZ9,STORMLANDS-2
L8LOLLFAV0,STARKS
LZ404V0L,IRONISLADS
LFALOV4V,STARKS
L49LZ80L,#N/D
LFAZZ9LZM,IRONISLADS
LV4FA49VFA,#N/D
LV4FAV00Z,#N/D
LLO0L0FAZ4,HOARE
V0ZLFAZ,REACH
L4ZLO4FAFAL,RIVERLANDS-1
LV9L094L,DORNE-3
L8ZVLZZV,IRONISLADS
L9VZ8040,DORNE-3
L9VLO0008,RIVERLANDS-2
L90L0V89,STORMLANDS-1
L800LO989,CROWNLANDS
L084V8LOV,IRONISLADS
LVZFA4FAL0,RIVERLANDS-2
V00LV404,RIVERLANDS-2
L404ZL,DORNE-1
90LL980,#N/D
L800L809,#N/D
L9809LOL8,HOARE
Z080ZZ0LO,#N/D
L9LO40FALFA,STORMLANDS-1
LFA0FALZZ9,STORMLANDS-1
LZLO9898FA,STARKS
LV8908VV,#N/D
LZLO9898FA,STARKS
FA0ZL0LLO4,#N/D
Z0L00VZ0,RIVERLANDS-2
Z0V9LOFALV,DORNE-3
LO0FAZVV9Z,CROWNLANDS
L0LZZ84Z,DORNE-3
L00L44FALO,STORMLANDS-1
9V09FALO8,#N/D
L9LO0880LO,RIVERLANDS-2
80LOZ0V,DORNE-1
90LFA4ZZ4,#N/D
L9FA4V9LO0,HOARE
Z0VL000Z,#N/D
L9LOFA9ZZ0,REACH
Z0VFA04,RIVERLANDS-1
L8904L00,#N/D
FA0VFALO4V0,#N/D
LL0FALOZ00,HOARE
8FA04LOVL,IRONISLADS
L49LO0Z90,NORTH
LLO89FA9,RIVERLANDS-2
8009084,HOARE
LLOL00ZLOZ,#N/D
9V0Z0LOFA,DORNE-3
LVFA0V0ZM,HOARE
L9LOFA4FA4LO,NORTH
FA009ZFA8LO,STORMLANDS-2
FA04L0808,#N/D
L9LO0LO09LO,HOARE
LZ4LO98ZL,HOARE
FA0L4VZ80,#N/D
L4V040Z4,DORNE-1
V00080FA9,#N/D
LLO8FAFALO40,IRONISLADS
L0VFALZ,STORMLANDS-1
L84ZV8L9,#N/D
LVVL408Z,IRONISLADS
LZZMZM09,#N/D
Z090LOZ40,#N/D
LZV804,STORMLANDS-1
LV498VLFA,RIVERLANDS-2
L94V88FA0,NORTH
L9Z8000L,NULL
LV0FA808V,STORMLANDS-2
LLO4489,STORMLANDS-2
LLZZ09V9,DORNE-3
L9LO949V8,REACH
L0804VL0,CROWNLANDS
80LZMZZM,NULL
V0490FAL4,#N/D
L940V8FAZ,NULL
L09V4LO04,STORMLANDS-1
9LOL004FA,#N/D
FA0FA8489FA,#N/D
FA0ZFAVLV4,#N/D
L800FAVLL,#N/D
ZZV8ZM0V,NORTH
LLO900044,STORMLANDS-1
FA0V40LVFA,#N/D
LO08LO0LLZ,CROWNLANDS
L8Z0L4VZ,HOARE
LLO94LOVVFA,#N/D
L00ZVFALLO,DORNE-3
L8LO088LLO,NULL
LV498LO89,#N/D
L00Z9ZLO0,STORMLANDS-2
VZ800FAL,#N/D
L8Z0LOVV0,#N/D
908FA9LLO,IRONISLADS
FA004LOFA,#N/D
FA00VLO88FA,IRONISLADS
V0LO0FAZ4L,NORTH
LO0FA0VZZ4,#N/D
LZFA9LFAFAV,REACH
LFA4Z9090,STORMLANDS-1
L0040ZVLO,#N/D
L08VV04Z,DORNE-1
L40FA404L,#N/D
LVFA90FAFAZ,#N/D
8Z409V0,HOARE
L80FALO09L,RIVERLANDS-2
L89488FA0,#N/D
L9V88489,RIVERLANDS-2
LVVFA8LLO9,DORNE-3
L9LO4LOV08,#N/D
L9480LO44,RIVERLANDS-2
LFA0L89Z4,DORNE-1
L9444LOVZ,NORTH
LV90LOL0Z,STORMLANDS-2
LVL0V0VFA,RIVERLANDS-1
FA0L4FA00V,#N/D
LVZ00L8LO,HOARE
LZLZLO80LO,NORTH
LO008ZZM0,#N/D
98V404Z,DORNE-3
L4ZML90Z,#N/D
LV0V40V0,#N/D
900VL0ZL,#N/D
LZ8FAFALLO0,NORTH
L089FAZ4Z,STORMLANDS-1
L9LO9FA0,IRONISLADS
L9LO4080FA,DORNE-1
9Z08VL4,DORNE-3
9000V804,#N/D
L0LO8409FA,DORNE-3
LFA9Z8898,IRONISLADS
FA0L88L0L,#N/D
LV0L0LO00,DORNE-1
LO0LO00Z,REACH
LO0FAZ840FA,CROWNLANDS
V0ZLOFA8LO4,HOARE
LL94VZM8,#N/D
LVVL9004,STARKS
L9ZVZ4,CROWNLANDS
FA0Z44FA84,#N/D
L8ZLOZ8V0,HOARE
900009,#N/D
909ZZ98,#N/D
L84040L0,NULL
LL440FAZ0,STORMLANDS-1
ZZVZZ88Z,IRONISLADS
L8FALO44L9,RIVERLANDS-2
LVLZLOFAFA0,#N/D
LVL0FAZ9FA,IRONISLADS
LLOVFA044Z,IRONISLADS
ZZ009FA0L,NORTH
LLOVLO0FA0LO,REACH
LLOL9VFA04,STORMLANDS-2
L0V4004FA,HOARE
FA0LO8FA0,#N/D
Z0ZZLO480,#N/D
L4Z4FALO90,DORNE-1
L9VLL04V,#N/D
ZZ0ZV4V4,STORMLANDS-2
L0VVFAVZ9,STORMLANDS-1
L8FALLOZVLO,DORNE-1
80LFA4LO9LO,STARKS
LFA88098Z,DORNE-3
FA00V0FA09,#N/D
L90V889Z,#N/D
LVFA0FAFA0Z,DORNE-1
Z0FALFAV8FA,DORNE-3
L0VL04LO8,HOARE
L8V4ZVZZ,IRONISLADS
900040LV,#N/D
LZZ0V44Z,#N/D
L90ZMLO90,RIVERLANDS-2
LLOFALO0ZLO4,STORMLANDS-1
900V084FA,#N/D
L909V00Z,NORTH
LLO80V0,DORNE-3
L4Z0LOFALO0,#N/D
L90V889Z,#N/D
900Z004V,#N/D
LLO0Z0LV9,#N/D
LL00V0Z0,#N/D
80009L8FA,#N/D
L90Z0VFA8,DORNE-1
L8LO09049,RIVERLANDS-1
LV09FALO0L,#N/D
L8LOFA04ZFA,STORMLANDS-1
L904V8L0,RIVERLANDS-2
L8L8Z4Z4,#N/D
LZL840LLO,IRONISLADS
L4984ZV0,#N/D
90LLO08FA0,#N/D
FA00LZ488,#N/D
L48VZMZLO,#N/D
V909L88,#N/D
FA08LLOFA88,#N/D
L00Z8800,STORMLANDS-1
LVL4088LO,#N/D
LLOZ4FA9FA9,DORNE-3
LLO404LVZ,#N/D
L8Z0LOVV0,#N/D
L88LO0FA0FA,IRONISLADS
LLLO44LO09,NORTH
VFA0048,HOARE
LLO0L0FAZ0,#N/D
L00V0FAFA9,IRONISLADS
LVV4988LO,#N/D
LO00ZVL9LO,CROWNLANDS
L900890LO,#N/D
L880FA4L9,RIVERLANDS-2
V00LO9L0Z,STARKS
LLO490L09,#N/D
FA94FA,#N/D
LZ8L8800,DORNE-1
LLO080Z9Z,CROWNLANDS
LVV8908Z,NULL
FA0L000VL,#N/D
L0040VV0,STORMLANDS-1
LLO4448V8,RIVERLANDS-1
L8V94LO0FA,STORMLANDS-1
V09FA0404,REACH
ZVLO84L8LO,NULL
LZZZ8LOZ0,#N/D
ZVZ4440LO,#N/D
L9VZVZZM,RIVERLANDS-2
FA00LOFAZVLO,AEGON
LVFAL900LO,IRONISLADS
LFALO0VVLO9,IRONISLADS
FA000FAFAZLO,#N/D
L8FAFAFA0LFA,STORMLANDS-1
L90FA4084,STORMLANDS-1
Z0LOLZ08Z,RIVERLANDS-2
LV90Z000,NORTH
FA00V8FA0L,#N/D
LLO4ZLLO09,#N/D
FA00LZ900,STARKS
V0LO0FAZ4L,NORTH
FA0FA48Z0LO,#N/D
L0988LOZ8,IRONISLADS
LVLOVVFALO0,#N/D
LLOVFA09LOZ,DORNE-3
9008940Z,#N/D
L0V00Z,DORNE-3
94FAZ0,DORNE-3
L9L9Z08FA,DORNE-1
LLOV0ZLOZ9,#N/D
LFA48V8ZLO,IRONISLADS
ZZFA980L4,NORTH
LO0LO0VLV0,CROWNLANDS
L4FA0ZLO9Z,STARKS
LLO0LV90FA,STORMLANDS-2
9009LOZLOL,#N/D
L84Z909L,#N/D
LO0LO4VLO0V,#N/D
LVL0LO008,#N/D
900V49V4,#N/D
L9LOLZ0V0,DORNE-1
LZ9FA90FA4,IRONISLADS
800VLO4LO0,NULL
L8Z890FAL,STARKS
FA0FA9LO9LO0,#N/D
L9FAVLOV8FA,DORNE-1
FA0LFA8V4Z,#N/D
L4L0908Z,NULL
L08FA4044,DORNE-1
900L0FAVL,#N/D
ZVLO0ZL04,HOARE
L4V9FAFAZZ,DORNE-1
L9FA00VLOV,#N/D
FA0L0ZLLO8,#N/D
L98FA90L8,STORMLANDS-2
L4409884,#N/D
L90LOFALVV,HOARE
LFA9L84,#N/D
LVZLO0L9V,HOARE
LVLZZ4LO0,#N/D
V0ZLLZ,CROWNLANDS
9000L004,#N/D
LVFA84900,DORNE-3
ZVLOZLOL40,NULL
FA00L409V,STARKS
LL04L008,CROWNLANDS
L4LVLOLVLO,DORNE-1
L98LLO0FA9,#N/D
V04Z0ZZFA,STORMLANDS-2
900ZL080,#N/D
V809LO9Z,#N/D
LZ480ZZFA,RIVERLANDS-2
L0L0Z4V0,#N/D
FA044FALO89,#N/D
FA0VZ8VZM,#N/D
9ZZ98,DORNE-1
900409VLO,#N/D
L8L08ZLO8,DORNE-1
900FA80LL,#N/D
LFA44V48L,#N/D
L9V44L08,DORNE-3
LV90LZMZ,STORMLANDS-1
L9L44L90,RIVERLANDS-2
V0V98809,STORMLANDS-2
LO0LOL8LOVFA,AEGON
LFA4V4V,RIVERLANDS-2
L800VLOL0,IRONISLADS
L080VZ9L,#N/D
9LO80VZZ,#N/D
48V0LZM,IRONISLADS
L4FAZ40Z9,DORNE-1
900098FA,DORNE-1
LLO0LO000LO,#N/D
L4849L40,NORTH
Z044FAL98,DORNE-3
L90LO9048,DORNE-1
LZFALVL8LO,#N/D
LVZZ8Z,NORTH
L49049,DORNE-1
LLOLZ0LOZFA,DORNE-1
LVLO9VFA88,DORNE-3
ZZV0VVLO4,DORNE-1
LV988LO,DORNE-1
LZ0Z89LLO,HOARE
90Z8FA90,DORNE-1
L0094V0FA,#N/D
LFAV9Z4V4,NORTH
V0FA98FA49,#N/D
L8LLOV008,DORNE-3
LV40009Z,DORNE-1
Z004FAFALO0,DORNE-3
LO04LOLVVL,CROWNLANDS
L8FAFA0LLOFA,#N/D
L80FA4V40,#N/D
L4LOZ0Z8Z,STORMLANDS-1
LO0Z08LLL,#N/D
LLO908Z,#N/D
L04ZLVLOL,#N/D
L8040LO4L,REACH
LFAFALL009,DORNE-1
L09V0000,NORTH
L8LO4Z094,RIVERLANDS-2
V0VZLOL00,STORMLANDS-2
LZVZL48L,DORNE-1
LZML0V80,NORTH
L8VV9FAFAV,DORNE-3
L0LZZ44L,NORTH
L9LO0LO0LO8,#N/D
LLO09409LO,REACH
L98Z0L0LO,DORNE-3
LFA40LZ89,HOARE
ZZL909LO0,IRONISLADS
L98ZMZZ4,NULL
L90ZFA0,IRONISLADS
L8LOFAVLLO9,#N/D
LLOFAFALOV9L,STORMLANDS-2
8LO4LOFA44,IRONISLADS
8009FA9L4,STORMLANDS-1
LVV00VFA9,#N/D
9008LO98V,#N/D
9008LO0LOL,#N/D
L9FAZLO880,STORMLANDS-1
LVZMFAV90,IRONISLADS
LLZL08FA0,HOARE
FA0FA400LO0,#N/D
V0FAFALO90,HOARE
LOZ89V08,IRONISLADS
V0VVLO88Z,STORMLANDS-2
LV89VZ44,DORNE- 2
L8LO9FAV00,DORNE-3
Z04FA49VZ,DORNE-3
L8V0LFA0Z,NORTH
L8ZLZ88Z,NORTH
Z04080LV,DORNE-3
L8Z4FAV00,#N/D
L4ZFAVFAFA0,#N/D
LZZ8LOFALV,IRONISLADS
L98FA989LO,REACH
LFA94LOVLL,DORNE-1
L904V80L,#N/D
L9V4LO94L,CROWNLANDS
V88LO89Z,#N/D
L9LLZZML,CROWNLANDS
V00LO09LOFA,#N/D
ZZ040408,#N/D
L940FA0VL,#N/D
LV89ZZ4L,STORMLANDS-2
L8L8ZZ40,NULL
FA0449FALFA,#N/D
LVLFAL094,#N/D
V0890,STORMLANDS-2
LO0Z984V8,CROWNLANDS
FA009804Z,#N/D
LFA49VLO0L,RIVERLANDS-2
890FAZ08,IRONISLADS
L8ZV0LO08,#N/D
L40LOFA8,#N/D
V00FA980FA,RIVERLANDS-2
V0ZV8VZ,HOARE
LLV8ZVLOZ,STORMLANDS-1
LV0Z0ZV4,#N/D
LFALO44LOZ0,NORTH
L9LOVFAZZ4,DORNE-3
LZZ944FA0,#N/D
940LO09V,HOARE
LV9Z9FA84,#N/D
FA0LL9VLOL,#N/D
LLLFA9ZZZ,HOARE
9L4FAFALOV,IRONISLADS
V0080LOVFA,NULL
L9ZLFA0ZZ,#N/D
L0VLO0Z9LO,#N/D
9800ZFA0,#N/D
L9FAZ4FAV0,NULL
9ZM4LOZZ,DORNE-3
FA0V4FA408,#N/D
L09ZL80FA,HOARE
LLOV800FA8,#N/D
L0FA8900LO,HOARE
V04VLLO08,#N/D
LLOFA949LO9,DORNE-1
FA008988V,DORNE-3
FA00V9LL0,RIVERLANDS-1
LLO84LO0LZ,RIVERLANDS-2
LLOVLZ0Z8,IRONISLADS
LV8800ZLO,IRONISLADS
LFA0404ZFA,NORTH
L4FA009FA0,NORTH
L48V04V8,STARKS
L9LZ4VLLO,#N/D
L9ZZVZLO0,DORNE-1
L808LO0VFA,STARKS
L9VFAZ0ZV,HOARE
ZVLOVFA494,NORTH
L800FA0FA4,#N/D
LFAV8LOFA40,#N/D
L9FAFA0000,#N/D
L9Z8984LO,STORMLANDS-1
L0FAZ044V,#N/D
LLLO04ZLO8,#N/D
8FAZ8VLO9,IRONISLADS
LL48040V,DORNE-3
LLO400080,IRONISLADS
L0444ZM9,RIVERLANDS-2
L440Z8Z0,DORNE-3
L89LOFAL,HOARE
L4FALO4048,STORMLANDS-1
80LFA0V,#N/D
L40Z88L9,DORNE-3
9L9ZLO80,DORNE-1
FA0FAFAFA4,#N/D
LV484084,#N/D
L09Z4LLO9,CROWNLANDS
LFA084LFA0,RIVERLANDS-1
L8FA0LOL80,#N/D
8FA4LOFA9LO,#N/D
8008VLO8,IRONISLADS
L8Z0L4VZ,HOARE
L4ZLO4FAFAL,RIVERLANDS-1
L484ZMZL,RIVERLANDS-1
ZZZ040LOV,DORNE- 2
ZZV904ZFA,RIVERLANDS-2
L8ZLO40LOL,#N/D
L9Z00LFAZ,#N/D
LLL40908,CROWNLANDS
LFAV80ZFA8,#N/D
LZ44V9Z0,CROWNLANDS
LFAV4FAVFAL,#N/D
V0ZLO89LFA,HOARE
L4LVZVLOZ,DORNE-3
LZFA0ZVZZ,IRONISLADS
LZ00Z08LO,DORNE-1
LFALO88L8L,#N/D
LV0LOFA4FA0,#N/D
L0FA090VFA,#N/D
LZ9LZ98V,#N/D
LO0LO04Z8LO,CROWNLANDS
LL948L94,HOARE
L8Z9V9Z9,#N/D
L0ZL0LLLO,STORMLANDS-1
L4LO8FAV88,DORNE-3
L8ZVFALZLO,#N/D
LZ0FAVV40,#N/D
FA0Z0909LO,#N/D
LVV048LLO,NORTH
LV40040LO,#N/D
FA0ZLO9Z80,#N/D
L8FA0LO0VZ,#N/D
FA0400840,#N/D
L9ZVFA00L,#N/D
L9VLZ4LO9,RIVERLANDS-2
LVZ480FA4,#N/D
LFAZ8VZZM,#N/D
L840VZ00,STORMLANDS-2
LVVZ80Z9,#N/D
9009L4Z8,#N/D
FA0LOZ9840,#N/D
LO09FALOV00,CROWNLANDS
8004Z090,#N/D
LO0ZZ080FA,DORNE- 2
L0V04LO90,#N/D
L9FALLO94L,STORMLANDS-2
LZ0LOFAZFAV,#N/D
L90FAVL00,RIVERLANDS-2
LLO9FAVLO04,HOARE
FA04Z04VV,#N/D
LFA0LLOVLO4,#N/D
80FA0VVFA,#N/D
LLOZLZLO9V,#N/D
L4L4ZFAVL,STORMLANDS-2
ZZVLO0LO90,#N/D
80FA0FA08,#N/D
LZ0Z400FA,NORTH
L9LO0FA8V8,#N/D
V089LZ90,REACH
LV9VZ4FA9,REACH
ZZ00LO0FA4,NORTH
LL0FA04VV,STARKS
L800FAFA40,#N/D
LLOZZM8Z0,DORNE-3
LV8FALFA9V,IRONISLADS
L89009LOL,REACH
ZZLL00VZ,NULL
L4LO0ZZFAV,#N/D
90LFA9FALO0,#N/D
90L00ZMV,#N/D
LO008VZ04,CROWNLANDS
FA00FALOZ49,DORNE-1
80L0FA0LO4,NULL
800004V8,#N/D
L0L0L8VV,#N/D
L0Z40LO04,#N/D
LFALOV4ZLO4,#N/D
VLO090Z0,DORNE-1
LO0ZL8Z88,DORNE- 2
L8V80FA90,DORNE-1
LVLO0L094,#N/D
LO0LOFALO84Z,#N/D
L9VFAFA9V0,#N/D
ZZZ04L40,NORTH
L90L4FA0Z,#N/D
LVL4LLO9LO,#N/D
L9FAFA80LOFA,RIVERLANDS-1
L0V4Z0LZ,STORMLANDS-2
90FALOZ0V,IRONISLADS
L8FAL9Z40,#N/D
LZZ8LO00FA,DORNE-3
LLOV980ZFA,STORMLANDS-1
LLOZ40LO,HOARE
LFALO844V0,#N/D
L4VL9LFA4,NORTH
L4Z90LV8,#N/D
L8000V84,STORMLANDS-1
L090800LO,#N/D
FA00088Z4,DORNE-3
L9FALFA9FAZ,STORMLANDS-2
V0ZFA0LO84,REACH
90LLFAZ09,#N/D
LLZV0LO9V,RIVERLANDS-2
LVLOFA8V,NORTH
FA0ZL9ZVL,#N/D
L000LVLO0,RIVERLANDS-1
L8LOL4LZM,NORTH
V00ZLOFA,STORMLANDS-2
L904V4V4,RIVERLANDS-2
L0FAZ80LLO,#N/D
L4LOFA9VLLO,#N/D
L089VVL9,IRONISLADS
LLOL4VLL0,NULL
FA0VZ89ZLO,#N/D
L08FA9LO89,#N/D
L89VZ40L,RIVERLANDS-2
98L4VZLO,RIVERLANDS-2
ZZLO09LO44,RIVERLANDS-2
LFA009FAL8,NULL
L9Z89840,#N/D
LZ00LO4,#N/D
LFAZ90FAVLO,DORNE-1
LFALOL9FA40,DORNE-1
LV8ZVL40,DORNE-3
L9V90008,#N/D
L90FA4LO9FA,HOARE
LZFAV00FAFA,STORMLANDS-1
FA0FA000LFA,#N/D
LVFAVLOZ,CROWNLANDS
900ZLO0LO0,#N/D
L94000,IRONISLADS
LVLO004LL,#N/D
Z04048Z0,#N/D
L8L804VFA,REACH
LVFA04LOZ0,NORTH
LO0V400LZ,STARKS
LLOL4VLL0,NULL
L9FA8V8LO4,STARKS
FA04FAFA0V9,#N/D
LZ89V80LO,NULL
L890LO94LO,HOARE
L8V00LZV,HOARE
LFAZM90LFA,#N/D
ZZ49Z84LO,#N/D
LFAFA4L8L8,HOARE
L4L8009Z,#N/D
L9FA0VZZFA,DORNE-1
LLO080LO48,DORNE-3
L8Z0V440,#N/D
LO04Z80L4,CROWNLANDS
LVV9LOZZ0,DORNE-1
L9094V,#N/D
V89LO484,DORNE-1
LV9V894LO,DORNE-1
ZZ8L8LOFALO,RIVERLANDS-2
V000004Z,DORNE- 2
L9L0LO44L,DORNE-1
LO09LZV0V,#N/D
LZLVFAL00,#N/D
L90FA9LLO0,#N/D
FA090LO809,#N/D
ZZFAVV89LO,HOARE
V088LFAZ9,REACH
LLO9FAZ0Z0,STORMLANDS-1
L008VZ9FA,#N/D
ZZVFA9ZFA9,NULL
V044FA090,#N/D
LFALFA9098,HOARE
VVZZZVZ,#N/D
L8884ZL0,DORNE-1
L9V4LZLO0,STARKS
LZVZZLO,STORMLANDS-1
LFAFA90080,IRONISLADS
LVLOVFA088,#N/D
L94LOZFA90,DORNE- 2
900FA980FA,#N/D
L0408080,RIVERLANDS-2
V04LLOL8Z,STORMLANDS-2
V09V0VL9,STORMLANDS-2
L9ZZLV4L,#N/D
LLOZZ9844,#N/D
L48LLZZL,STORMLANDS-1
L9Z4FAZL9,DORNE-1
9000L498,#N/D
L90V0Z4L,RIVERLANDS-1
L49FA0LOVLO,STORMLANDS-2
ZZLOZFALOLFA,NORTH
FA0008Z04,STORMLANDS-2
9V4V4L8,RIVERLANDS-1
LVL4LO08LO,#N/D
LLO8908Z9,#N/D
L9VLOV948,RIVERLANDS-1
800FA09LOL,NULL
LL4LO4VFAL,STORMLANDS-1
L0LLV8FA0,RIVERLANDS-1
L4V0LLOVV,NULL
L980LO0FA0,STORMLANDS-1
LLO0LOZLLLO,DORNE-1
LLOFA808L4,STORMLANDS-2
V08LOL4ZV,REACH
V00LZLOZ8,CROWNLANDS
LVLOL0VZLO,AEGON
LLLO0ZFAL0,STORMLANDS-1
ZZL40VLOZ,NORTH
LOFAFALO94LO,IRONISLADS
V04FAFALO0LO,#N/D
L80VZVLO9,HOARE
L94LLO49L,NULL
L80VZVLO9,HOARE
90LL80ZM,#N/D
LFAVZZLL9,STORMLANDS-1
LZV090FA0,STORMLANDS-2
L908FAFAVV,STORMLANDS-1
LV0008LO8,DORNE-1
FA049L4VFA,#N/D
LVZZ09VFA,IRONISLADS
894FAL9V,IRONISLADS
Z00Z940Z,RIVERLANDS-1
LO0440FALOZ,#N/D
L9VZ8040,DORNE-3
L9LOZL4VL,RIVERLANDS-1
FA0LLL0V4,#N/D
LZ0LOFA9LL,#N/D
L9090VZLO,#N/D
LFAFA44ZFAL,#N/D
L9Z040VL,#N/D
L8LO00049,IRONISLADS
Z09449L0,RIVERLANDS-1
LFA9V8L8L,#N/D
L9FALO0FA,#N/D
LVFA9FA840,DORNE-3
LO0Z00L4L,AEGON
L0LZZ84Z,DORNE-3
L98LLOZL0,NULL
L94ZZ908,IRONISLADS
L0V00L40,#N/D
LO0Z849LOFA,DORNE- 2
L89L9ZM0,#N/D
L8Z4L000,RIVERLANDS-2
LO0LOVV00V,#N/D
V0LLOZLOFA4,RIVERLANDS-2
LLO9889LO4,STARKS
LO04FAFA4Z0,DORNE- 2
L8LV0VZZ,#N/D
L4FAFAV00V,#N/D
FA009Z98V,#N/D
LO0LO040ZFA,CROWNLANDS
LLO0Z448V,CROWNLANDS
L9LV0004,#N/D
L0LZ00FA0,#N/D
ZVLO0Z0LV,RIVERLANDS-2
FA000VLOV0,DORNE-3
L9LVVLO40,NORTH
LFALZFA8Z0,HOARE
LV8L0VFAZ,#N/D
LO0LOL9044,REACH
V008V00LO,#N/D
LLO9FAVL80,DORNE-1
LFAFAFA4900,#N/D
LZ0ZML00,IRONISLADS
LV9L90Z9,RIVERLANDS-2
LVLOLFAL0V,DORNE-1
L9ZMFAZ80,STORMLANDS-1
L8FAL9LO0L,#N/D
LVL88880,#N/D
V09L8LOFAL,REACH
LLO9L4Z9L,STORMLANDS-1
L9Z8000L,NULL
L80FA0V9LO,#N/D
LLO8900LV,#N/D
L84ZFA0,IRONISLADS
LLO904LO0L,#N/D
89089L8,IRONISLADS
L49V04L4,HOARE
LZZ40L9FA,#N/D
LL0Z808LO,#N/D
LLOLLLFAFA9,#N/D
L84L0FA8V,DORNE-1
L0Z8FAFA4Z,CROWNLANDS
L9044V0LO,REACH
LZVFA00ZLO,STARKS
L9FAZMZV9,NORTH
940FA0Z0,#N/D
Z000LOZL9,RIVERLANDS-1
LL0V4FA0Z,STORMLANDS-1
L9FA40LL4,#N/D
VVFA9Z08,#N/D
L4V8LO4VZ,IRONISLADS
LLO4LL90LO,RIVERLANDS-1
L4L80FALZ,HOARE
LFA9LO0L9Z,IRONISLADS
900FAFAFALOZ,#N/D
L4L4LFAL8,IRONISLADS
Z008FA908,#N/D
LZL90Z4Z,RIVERLANDS-1
ZVLO4LL9LO,#N/D
LV804Z90,#N/D
L9004V8V,#N/D
LV00Z80L,DORNE-1
800V8LFA8,NULL
L8L4000FA,DORNE-3
900000FA4,RIVERLANDS-1
LLO0VFAV08,#N/D
L0Z0ZFA48,#N/D
LV49FA0ZV,#N/D
L98L0FA49,NULL
L98LLZFALO,STORMLANDS-1
80L90040,NULL
LLOFA440Z0,#N/D
L9Z9Z0,#N/D
LVFA4ZVVV,#N/D
9008LO98V,#N/D
LZLZLO80LO,NORTH
L89Z809L,DORNE-1
L4ZLFALV9,HOARE
L09FA0VZ0,STORMLANDS-1
L80LFAFAZZ,STORMLANDS-1
LLO08ZLZ4,DORNE-1
LVZV0V0Z,DORNE-1
FA04ZLOL90,#N/D
L84LO09LO0,#N/D
L0LFAV4LOFA,RIVERLANDS-1
L8LOL4VVLO,#N/D
L8LFAFA0Z0,#N/D
LFALOV90,STORMLANDS-1
LVL9ZLFA8,NORTH
VV0LLO48,#N/D
Z0ZLL000,#N/D
LZ0Z98VZ,CROWNLANDS
L80LVFAFA4,NORTH
V00VFA8LFA,#N/D
FA0ZLOVFA08,#N/D
L8Z84LLO4,DORNE-1
LVZFAZ44L,#N/D
L0LO008,STARKS
V8Z08FA0,HOARE
FA0ZVZFALFA,#N/D
L49LLO4LL,#N/D
LZL0ZLLOFA,RIVERLANDS-2
L048V408,#N/D
LV4800ZM,REACH
L9FAL8LV9,STARKS
LZ0949V0,#N/D
FA0LOL049V,#N/D
V00LOLV8Z,#N/D
LZ04L08FA,#N/D
L9Z0V9FA4,#N/D
L9LO40LLV,DORNE-3
9008LL0FA,#N/D
L9Z8LO0LLO,DORNE- 2
L49V4LO44,RIVERLANDS-2
LV94LOL8LO,#N/D
LZ084ZFA4,DORNE-1
LZ040VVL,REACH
L94V0LO0FA,#N/D
LVVFA0LO89,DORNE-3
V0L0Z4L9,DORNE-1
8Z0L8FAZ,IRONISLADS
LFALO9FA8ZLO,DORNE-1
LFA009FAL8,NULL
L9FAZFAZZV,STORMLANDS-1
L8FA89FA4Z,RIVERLANDS-2
FA0LV9V,#N/D
L80LOZ0,IRONISLADS
L9LO0V909,NORTH
L4V88044,NORTH
LLVFA4LO84,DORNE-3
LZZVZL,RIVERLANDS-2
L048LOV0FA,#N/D
L9VFA0L0FA,REACH
FA00LO8LO00,CROWNLANDS
V080LO009,REACH
FA0LO080FA0,#N/D
FA0L0FA89Z,#N/D
L8LZM000,DORNE-1
L980VVL4,STORMLANDS-2
L90800Z8,CROWNLANDS
Z00FAV0L9,RIVERLANDS-1
L0ZLV8LO4,IRONISLADS
LZ80FAVLOL,STORMLANDS-1
VFA04400,HOARE
V00Z0908,RIVERLANDS-2
LVV94VLFA,REACH
9008Z8VFA,RIVERLANDS-1
ZZ004L9V,STORMLANDS-2
L0FALVLV4,DORNE-3
L8FALLOZ,RIVERLANDS-2
LO0ZLFA0Z0,AEGON
L8L0VL0LO,DORNE-1
9FAVFA000,DORNE-1
L90VFALVL,NULL
L88ZZVFA4,DORNE-1
L09FA0LOZFA,HOARE
80Z4LOV8,HOARE
LO0LO4LOL08,AEGON
LO0LVLLOZ9,NULL
LV9V8LO,HOARE
L084V9ZL,IRONISLADS
8004VZ4V,NULL
FA0FA8V04V,#N/D
L49VZ00FA,STORMLANDS-1
FA000989L,HOARE
L888LOVLLO,HOARE
L0080VZ8,RIVERLANDS-2
LVFA0FAFA0Z,DORNE-1
L8L40Z49,IRONISLADS
V0LO40Z4L,NORTH
L8LLOFALOZ0,RIVERLANDS-1
V048LO00Z,REACH
LZMLZLOL8,RIVERLANDS-2
LLV4LZZM,DORNE-1
L9FA40L89,STORMLANDS-2
FA0L08LLOZ,#N/D
LLO989V48,NULL
L9Z494FA9,DORNE-1
LL04V0LOZ,STARKS
L09L98LO8,DORNE-1
V000084V,RIVERLANDS-2
FA004ZV0V,#N/D
Z0FALOZLV0,RIVERLANDS-1
L400FALO4FA,DORNE-3
FA040ZLOZ,DORNE-1
LVL900LO8,DORNE-1
L9V84LLOZ,STORMLANDS-2
LFA44V04LO,#N/D
LLOFA0049FA,IRONISLADS
V0000FA4FA,CROWNLANDS
FA0ZFA80LOL,#N/D
L04040VV,IRONISLADS
LLOLZZ0FA8,STORMLANDS-1
LO0Z4LLO,DORNE-1
LV9LO0VZV,HOARE
LV0L4V00,REACH
9808FA8Z,DORNE-1
LL908FAZM,DORNE-3
L48LOLFA9L,IRONISLADS
FA00L40ZZ,#N/D
V0Z4L08FA,REACH
ZVLOFA0V0LO,RIVERLANDS-2
Z0FAZ9Z0FA,RIVERLANDS-2
LVV049VFA,DORNE-1
L09LVZL8,RIVERLANDS-1
L08V9Z84,NULL
LFAZ400LZ,DORNE-3
LVL449VFA,#N/D
FA0L9LOV8L,#N/D
LVL4VVLLO,RIVERLANDS-2
LLO4ZFALL8,REACH
LLO9LLOL8L,NORTH
L440LZ9L,STORMLANDS-1
L9LOFA48L0,NORTH
ZZ04FA84L,NORTH
V8090LO0,DORNE-1
L9FA4ZM,DORNE-3
LO0Z94V4LO,DORNE- 2
L8LO0L9V0,STARKS
Z08490LL,DORNE-3
L44Z04ZV,REACH
V44Z948,HOARE
FA0L94L04,#N/D
L84ZV9FA0,IRONISLADS
ZZ0ZLOV00,NORTH
LO0ZZ48V0,REACH
Z0Z0LLO9LO,DORNE-3
FA89LVV,HOARE
FA0004ZZ4,DORNE-3
LLOLFA0V80,STORMLANDS-1
LZ98LZ80,DORNE-1
L0FA0L0V8,RIVERLANDS-1
L0ZMLFAFAZ,HOARE
L0FA9ZLOFA0,STORMLANDS-1
L8LO9Z8LOZ,STORMLANDS-1
VLO00VZL,IRONISLADS
L9FA4LVLO9,DORNE-1
LV90FAFAZ9,#N/D
LLO8ZV90L,NULL
L4LFALLOZ4,NORTH
ZZ44L8L8,NORTH
LLO0009V0,REACH
L8L9V89FA,HOARE
LFA8ZFAFA0L,STORMLANDS-1
FA04L000FA,#N/D
V000ZFAZM,RIVERLANDS-2
L9LL0V09,DORNE-1
L988LOZ9LO,STORMLANDS-1
L8FALVFAVZ,REACH
LL40LFAVFA,HOARE
LZLO0ZM98,DORNE-1
L4V008LOFA,RIVERLANDS-1
L094L04Z,DORNE-1
LO0LO0LOFA0FA,CROWNLANDS
L40490VL,DORNE-1
L84FA00V0,NORTH
L4VZ448Z,NULL
LZFA0LOV,NORTH
FA0Z909LOFA,#N/D
LLO8004,RIVERLANDS-1
L40LLZZZ,NORTH
VLLL440,IRONISLADS
LZLO0809Z,STORMLANDS-1
LZ4ZM444,HOARE
L00LO8LO0V,DORNE-3
L0LO8L444,DORNE-1
L8FA4FAZZL,STORMLANDS-2
8LOLL400,HOARE
LLO08FAVZ0,DORNE-1
L0FA0LFAZLO,DORNE-3
LFA90080L,STORMLANDS-2
LFAFA8Z90L,DORNE-1
Z0LO88LO,RIVERLANDS-2
L8V9004V,HOARE
V0LV8908,#N/D
ZZFA4ZMZ4,IRONISLADS
8L9V4V,HOARE
V080VFAZ8,REACH
89LO80LO4,DORNE-1
L80ZLO8LOFA,STORMLANDS-2
LV984LOVZ,DORNE-1
800V0888,NULL
900V0LOL0,#N/D
L8VLFAVZFA,DORNE-3
9LZLO400,HOARE
L8Z89ZLO4,DORNE-1
LFA4L0LO9L,RIVERLANDS-2
9V0L9V4,RIVERLANDS-1
FA0LOV80V0,#N/D
LO0FA4FAL8V,NULL
V0V000Z,HOARE
LLOVZ8Z4Z,STORMLANDS-1
LO0L498VFA,NULL
LLV089V4,STORMLANDS-1
LVFALO048V,STORMLANDS-1
LL8VV0LOZ,DORNE-3
L84400VZ,DORNE-3
LV0040FA4,REACH
L48V8Z8V,STORMLANDS-2
Z090Z048,STORMLANDS-2
LVFA088FAZ,DORNE-1
94VFA40Z,DORNE-3
LVZ4Z8LV,NORTH
FA0FAV0L98,#N/D
FA0FAZ44,#N/D
LLV89FA44,NORTH
80LFA484Z,STORMLANDS-1
8009LOVVFA,STARKS
LLO9FAVZLO0,DORNE-1
900ZVLOVLO,#N/D
L9FA8ZFA0FA,STORMLANDS-1
FA0ZL9ZVL,#N/D
L8L904LLO,CROWNLANDS
FA0LL8LO0LO,#N/D
LV0098LO9,HOARE
FA040Z4LO8,#N/D
LLLOZ98V4,DORNE-1
V00Z8ZZ4,RIVERLANDS-2
FA00FAZM8LO,#N/D
LLOV00LLOZ,STARKS
LZ9ZLO94L,RIVERLANDS-1
90049VV0,#N/D
L90V4VVFA,RIVERLANDS-2
LVV4LO94V,CROWNLANDS
LO00L4L,CROWNLANDS
LZ00Z49Z,DORNE-1
L00L98Z0,RIVERLANDS-1
LLOZ0400LO,#N/D
L89LOFA9FA0,STARKS
LLO0LFALO0FA,DORNE-1
FA00040L8,RIVERLANDS-2
FA00ZV08LO,#N/D
V0L049V0,RIVERLANDS-2
L8LOZ90FAZ,DORNE- 2
L90Z4404,NORTH
LO00LOFAZ0V,CROWNLANDS
L8890449,CROWNLANDS
L4L0088FA,RIVERLANDS-1
L9L04L49,STORMLANDS-2
FA0V0ZL0FA,#N/D
LO0LO0L4V8,CROWNLANDS
V09L09FAV,REACH
FA004L494,#N/D
FA0FA0LOVZL,#N/D
800LOL9ZV,STORMLANDS-1
LLO0LOV400,HOARE
Z0V90LLO8,#N/D
LO0LO00V9LO,CROWNLANDS
Z00ZV0L4,DORNE-3
8004V49V,NULL
VLO0,RIVERLANDS-1
L000LLOZLO,RIVERLANDS-1
LO0LZ8ZLO0,NULL
L9L04LO4V,CROWNLANDS
L0LLLOZ00,NORTH
9LO40LO88,HOARE
V0ZMV4FA0,NORTH
LLO0FAL0,NORTH
LV904V0LO,#N/D
V009LZ4LO,RIVERLANDS-2
L0044FAV0,DORNE-3
LO0LOFALO4Z9,AEGON
V4V8LOZ8,HOARE
LZFA40FA,STARKS
LLO0FALO9,CROWNLANDS
L8ZV9V49,DORNE-1
L949FAFA80,DORNE-1
LVZ00004,CROWNLANDS
L8V9LLV9,STORMLANDS-2
Z0FA4Z4LOL,RIVERLANDS-2
ZZL4FA880,NORTH
LVV09L00,DORNE-3
984FAFA,HOARE
FA0LOVFALO00,#N/D
L8V00LO9FA,DORNE-3
L9V4FA090,DORNE-3
8LL00LOL,IRONISLADS
L8LO4040LO,RIVERLANDS-1
894LZV4,HOARE
VL089FA4,IRONISLADS
L00984FAL,RIVERLANDS-2
LZFA0VV90,DORNE-3
L48L88LV,DORNE-3
L0FA04LOZFA,DORNE-1
VLZFA094,IRONISLADS
L8944VZLO,DORNE-1
L0Z00LO0LO,RIVERLANDS-1
L80L4LLO0,DORNE-1
FA0Z8LO0LOZ,#N/D
FA0VZMLOV4,#N/D
L40LOFAFA9LO,RIVERLANDS-1
L9ZLVVVLO,REACH
LZMFAL8V0,IRONISLADS
L4VLOFAZ,REACH
LZLOZZ988,RIVERLANDS-1
LO00FAZFALOFA,CROWNLANDS
LLO0980Z0,STORMLANDS-1
ZVLOL80V9,NORTH
80FA4ZZ0,IRONISLADS
LO009040V,CROWNLANDS
LO0Z00LFA9,AEGON
LO0ZL98VZ,REACH
V0V8VFA0Z,DORNE-1
V084V840,REACH
L4LOZ4L0FA,STORMLANDS-1
LZML0Z80,STORMLANDS-1
ZZLOV488Z,CROWNLANDS
V00VLOLFAZ,STARKS
V0ZFAL4VFA,REACH
L8ZZ0FAZ8,HOARE
FA00L008LO,NORTH
LVLLV4L8,IRONISLADS
LV00ZZ40,RIVERLANDS-2
FA0VLO4LO0L,#N/D
ZZL984Z8,STORMLANDS-2
Z04ZV944,DORNE-3
9FAL4ZL0,IRONISLADS
ZZV4904L,STORMLANDS-2
L40LOFAZMV,STORMLANDS-2
LO0ZLOV0,RIVERLANDS-2
FA0L909Z9,#N/D
V00Z4LOL9,RIVERLANDS-2
8000LZ0FA,STORMLANDS-1
V098L000,STORMLANDS-2
LL9FA0ZM4,HOARE
LVZ8L0,REACH
L848LOZLL,NULL
ZVZFA0808,NORTH
FA00FA84L9,#N/D
89FA00FA8,HOARE
LLO08LOZ89,HOARE
L900Z900,IRONISLADS
LZV9LOL8V,IRONISLADS
LVFALLOFA04,STORMLANDS-2
FA00V0LOL0,#N/D
ZZZMV8Z0,NORTH
Z00V4VV9,RIVERLANDS-1
L890FAV08,DORNE-1
V04ZV4FA0,STORMLANDS-2
LV0LOFAZVZ,STORMLANDS-2
ZZ400FA9L,NORTH
LO0Z8FAZ0FA,DORNE- 2
90090VL4,#N/D
LV0VLOL80,NULL
L4VZ8V8LO,STORMLANDS-1
LFA0989VL,DORNE-3
LLOZLO8LOZ0,DORNE-3
LVZ0L8Z4,IRONISLADS
L00L4FA89,DORNE-1
L0FA89098,RIVERLANDS-1
LL0V098LO,NORTH
LFAFA9VL8LO,RIVERLANDS-1
L804404L,HOARE
Z0409LZM,RIVERLANDS-2
L40FAZVZ0,RIVERLANDS-1
L9FAZV0LOV,DORNE-1
LLO0ZVVFA0,RIVERLANDS-2
9LOZ0FA08,HOARE
L08ZMZ,RIVERLANDS-1
L4ZFA09FA4,STARKS
FA00L0L9FA,NULL
L000888FA,STORMLANDS-1
9000ZMFAZ,#N/D
9008L40L,#N/D
VZ49040,DORNE-1
LO0Z40909,AEGON
LVV989LO9,STARKS
LLOLLL44V,RIVERLANDS-2
V04V40FA,HOARE
LFAZFA4V0FA,DORNE-3
LVVZLOZZ4,STORMLANDS-1
LV890FAZ0,RIVERLANDS-1
LO0FA884FAFA,NULL
900404LOZ,#N/D
L9LO40ZM0,STARKS
LZ0880,IRONISLADS
ZZLZZM0LO,CROWNLANDS
FA0L0LOZZM,#N/D
V080LO08LO,REACH
LV0ZL4FA8,DORNE-3
900L409FA,#N/D
L4089VVLO,STORMLANDS-2
Z04LO0V0L,DORNE-3
800ZM404,STORMLANDS-1
Z009LV49,RIVERLANDS-2
L0000084,STORMLANDS-1
L0ZZ00FAZ,IRONISLADS
L90LFA4ZLO,NULL
L00Z84,STORMLANDS-1
L49FA4908,STORMLANDS-1
L940FALO9FA,DORNE- 2
L9040FA9FA,CROWNLANDS
LO0Z0FA000,CROWNLANDS
L044FA4FAL,RIVERLANDS-1
V0L08LOLL,#N/D
V0VZVVVFA,STORMLANDS-2
4048804,HOARE
LV44FAFA00,CROWNLANDS
L9FAVFALZL,STORMLANDS-1
84FA94ZZ,DORNE-1
L840008FA,DORNE-1
LLO0LLOZV4,STORMLANDS-1
LO0ZVLVZ4,RIVERLANDS-2
LFAZFA0890,IRONISLADS
9000LOV,#N/D
V00FAFAFA80,RIVERLANDS-2
L90LLO948,HOARE
L4FA040LFA,STORMLANDS-1
800LO44L0,STORMLANDS-1
LZ9VFALOFAZ,STORMLANDS-1
LZVLOZ8L0,DORNE-1
ZZFAV0LFAFA,NORTH
8FA8Z40,HOARE
LZM0904FA,NULL
LLLV4LL0,STARKS
FA0Z4V88FA,#N/D
L000V0,HOARE
L9VZV0VFA,STARKS
98LOZ88Z,#N/D
LO0Z0FA4,CROWNLANDS
LO00Z4804,CROWNLANDS
9V4LFA,RIVERLANDS-1
LLV00000,STORMLANDS-1
LV8ZLZM0,DORNE-1
FA00LZ04LO,#N/D
L940FA9LO0,IRONISLADS
L9404840,DORNE-1
LV8Z0ZL4,NULL
LL9LZ0,IRONISLADS
9004LO4ZFA,#N/D
LLO0Z080,HOARE
LZVVFA9ZZ,REACH
L09Z8000,RIVERLANDS-2
FA0LO09V04,#N/D
L90LLOV4LO,HOARE
849FA489,HOARE
80090LO4LO,STORMLANDS-1
L800FA9,NULL
L0FA00V9L,IRONISLADS
LZLOFA8FA48,DORNE-1
VVVVFAZM,IRONISLADS
LL4VLO9LZ,NORTH
9LO0VFA00,HOARE
LO04ZLFA8LO,CROWNLANDS
L4L0VFAZ4,STORMLANDS-1
V04FAV900,STORMLANDS-2
ZZ0ZLOFA0FA,NULL
L4090Z4L,STARKS
LZFALO0904,STARKS
LFA9V0Z8FA,HOARE
L04FAL0LL,STORMLANDS-1
L8LOLL0LOZ,REACH
LL04L4FAV,NULL
V00Z88FA4,STORMLANDS-2
LLOZZ09L8,HOARE
Z09L908FA,STORMLANDS-2
LZFA4Z890,STORMLANDS-1
FA00L4LO4L,CROWNLANDS
FA0LZ4V4L,#N/D
L894FA0V8,DORNE-1
Z048ZL,DORNE-3
LVVFA4904,STORMLANDS-1
LFALO080Z4,STORMLANDS-2
L9VL0L09,HOARE
ZZ40LO0FA9,STORMLANDS-2
Z04809LOV,DORNE-3
LLO0FA98L8,DORNE-1
Z08VLO4,DORNE-3
L00LOL48L,RIVERLANDS-2
L90900LV,HOARE
L8V80FA04,RIVERLANDS-2
FA0Z08ZLOFA,#N/D
VLOLZ0FALO,HOARE
90L80FAV0,#N/D
LO0L00LO0Z,NULL
L08FA9LO89,#N/D
FA0FAFA0VL8,#N/D
L49408ZFA,NORTH
L9LO0FA840,DORNE-3
L9VZ0VZV,STARKS
LV9L90V4,IRONISLADS
LLOFAL4Z9V,NORTH
L890FA0L9,RIVERLANDS-2
L0LFALO904,STORMLANDS-2
V0LZLO0V4,RIVERLANDS-2
V0LOZLO08FA,NORTH
LFA8FA0008,DORNE-1
LVZMZLOLZ,STORMLANDS-1
80Z8L9LO,DORNE-1
FA0000FA0Z,IRONISLADS
LFAZ80LO00,HOARE
8FA080V0,DORNE-1
L94FA8FA9FA,DORNE-1
L0FAZZ0LO9,DORNE-1
LVLFAFA9ZM,#N/D
LZ00Z4LZ,STORMLANDS-1
Z008VFA0L,DORNE-3
FA09VZZ8L,#N/D
L9FALFA044,IRONISLADS
LZ9L0L0FA,DORNE-1
LLO0LZ9LOZ,RIVERLANDS-1
LFAVZV9FA0,HOARE
LFA48ZFA8FA,HOARE
LVVZL009,IRONISLADS
Z00ZLO004,RIVERLANDS-1
L80VFALZ0,DORNE-3
FA0VV8LZ0,#N/D
FA0Z89004,#N/D
L4VV98VLO,DORNE-1
LL9LO88Z0,HOARE
L9FAZ0VFAL,STORMLANDS-2
ZZFALFAVV0,NORTH
80L90L8,IRONISLADS
LLOZLL8ZFA,NULL
90L48404,#N/D
LFAV8LOVLOZ,STORMLANDS-1
LLOFA00LO9LO,STORMLANDS-1
LO00FAZ090,CROWNLANDS
L8909080,RIVERLANDS-1
LLL0FA0,DORNE-3
LO0LOL8LO4LO,AEGON
L4LFALZMZ,REACH
LVLO000LO8,STORMLANDS-1
L80ZZ8,STORMLANDS-1
ZLO4LOV0ZM,RIVERLANDS-2
LVLO84FAV8,RIVERLANDS-2
L9Z00Z,DORNE-3
V0Z04LO00,REACH
FA0409LO4V,#N/D
LFAFA9ZM,#N/D
ZZLO00Z00,RIVERLANDS-2
LLO40ZFAV0,DORNE-1
LLOL0FALO00,REACH
LZ8L944V,DORNE-3
Z0FAZFALOL0,RIVERLANDS-2
FA04FA488FA,#N/D
V040Z040,STORMLANDS-2
LO0ZZV890,RIVERLANDS-2
LFAZLOL4ZV,NORTH
L90FALVLFA,REACH
LLLFA088FA,STORMLANDS-2
LZM8LO0LOZ,RIVERLANDS-2
LFAV08LOZ8,STORMLANDS-1
ZZV4000L,IRONISLADS
L900LOZLOFA,STORMLANDS-1
8L0009V,HOARE
LZ9Z0LOZFA,IRONISLADS
L8FA0ZFA0LO,CROWNLANDS
L90FALO094,RIVERLANDS-2
L4FA88Z4Z,REACH
L90VLO9V4,DORNE-3
L4FAL0LO0V,HOARE
L4ZFAL8LO4,STORMLANDS-1
LV8LOFAL88,HOARE
L498Z0,DORNE-1
LO09LO49V0,CROWNLANDS
Z0L04VVLO,DORNE-3
LVVVLVFAFA,REACH
LV4ZLOFAFA0,DORNE-3
L8LO448L0,REACH
LZ9LZLOZLO,DORNE-3
ZZ09L8FAL,RIVERLANDS-2
9VZ0LOZZ,DORNE-1
L4LOZ0ZM4,DORNE-3
Z0FA090FA4,#N/D
LLFA4LOFA0LO,DORNE-3
L8LO9LL98,RIVERLANDS-2
LZZZ0Z40,IRONISLADS
FA0L89488,#N/D
LZ4LL00Z,HOARE
LVFA0LVFA0,STARKS
L4LO80V4Z,DORNE-3
Z00FALO04FA,RIVERLANDS-2
L940LZ8L,STORMLANDS-1
800LLO0V4,STARKS
L0000FAZV,RIVERLANDS-1
VFA4LOZFAL,HOARE
FA0ZLOLLO0L,#N/D
L490L8FAFA,STARKS
LLOFA0L9L0,#N/D
ZZVZM008,NORTH
LO0Z9VFA4Z,CROWNLANDS
L9V0FA4L0,RIVERLANDS-1
LZMLO8V0V,REACH
LO0ZLFA840,AEGON
LV4Z0V44,HOARE
Z000VZFAV,RIVERLANDS-2
ZZL8L980,RIVERLANDS-2
LLL0FAV9L,NORTH
L080L400,STORMLANDS-1
L9ZLFA0LO0,STORMLANDS-2
80L49Z,STORMLANDS-1
L8LO4FA008,RIVERLANDS-1
FA0LOVZZVFA,#N/D
L4LLOFAZ00,STARKS
L9L08ZFAL,RIVERLANDS-2
LV400900,IRONISLADS
LFAVL4Z80,HOARE
900V4ZFA,IRONISLADS
Z0LOFAL48V,RIVERLANDS-2
90L48404,#N/D
LZZ0LO8Z4,STORMLANDS-1
Z0VZZ089,DORNE-3
FA0ZLOV90FA,#N/D
L00409Z4,STORMLANDS-1
V0089V9L,RIVERLANDS-2
94ZFA0LO,DORNE-1
FA0FA8FA0VZ,#N/D
L0LFAFAFA4LO,HOARE
LZZFA080FA,STORMLANDS-1
8880844,IRONISLADS
LZMFALO09L,DORNE-1
ZVLOL8LLL,RIVERLANDS-2
FA0LOZ0Z04,#N/D
FA048V9FA0,#N/D
LV0VZM08,IRONISLADS
ZVLO44FAV0,DORNE-1
Z04VLOZFAZ,RIVERLANDS-1
L98Z04L0,REACH
L904ZZL9,NORTH
80L0ZZ04,NULL
9LO00049,DORNE-3
Z00LO4LV0,RIVERLANDS-1
LVLL0840,RIVERLANDS-2
80LZ4FA0LO,NULL
V0LOZL,DORNE-1
L0LOL00V8,STORMLANDS-1
8440FA0V,HOARE
L490FAL40,DORNE-1
900ZLO0LO9,#N/D
LLOZ88FAL9,HOARE
L8ZL0V,#N/D
Z0LZ94LV,RIVERLANDS-2
L8Z48LO9L,DORNE-3
44LO4FA8,IRONISLADS
Z0L080LO9,DORNE-3
L889LV0LO,NORTH
FA0ZLVLL4,#N/D
V0V400LLO,STORMLANDS-2
LFA4VLOL00,STORMLANDS-2
84ZL9Z0,DORNE-1
L908008Z,DORNE-1
ZZZ04L40,NORTH
Z0LO00FAZLO,RIVERLANDS-1
VLOFA9V08,HOARE
ZZ804LVZ,NORTH
V0LZ0V4,HOARE
Z0FAV9Z,RIVERLANDS-1
ZZ80LFA8L,NORTH
LFA0LOLLV4,IRONISLADS
9ZFA44LO9,HOARE
FA084900Z,#N/D
L80ZLFA,STORMLANDS-1
40LOFA08,DORNE-1
8000FAV00,STORMLANDS-1
L98V90LOL,DORNE-1
L890LLO0Z,IRONISLADS
LFA0L9V0,#N/D
Z0888L4L,DORNE-3
LFAFA94L4V,STARKS
L4LLLO89Z,RIVERLANDS-1
LVV40LO48,NORTH
LFA8LO0LL0,IRONISLADS
LO049LOFALO0,CROWNLANDS
L9L04LO4V,CROWNLANDS
800VVZ4V,NULL
LLO88ZVL9,#N/D
LLO8FA4LOZ8,IRONISLADS
8LV4L0Z,HOARE
VLL08LO4,IRONISLADS
LZ9440L4,DORNE-1
L90L0LO88,NORTH
L40FA0L,IRONISLADS
LZ900LO04,IRONISLADS
L0FA008,STORMLANDS-1
LLOLLZ9VL,NORTH
L0L9Z9FAFA,STORMLANDS-1
L40ZZZZ9,RIVERLANDS-1
L94LVV94,DORNE-3
Z0809V4LO,RIVERLANDS-1
L40FAFAZ0Z,NORTH
LLLZZFAVV,HOARE
LLO00LO00L,RIVERLANDS-2
L9VFAZ4V8,DORNE-1
FA00ZFAFA88,IRONISLADS
LO0LFAZMLOZ,NULL
V0LOV4488,REACH
L80ZL9LO0,STORMLANDS-2
LZZLO4448,STORMLANDS-1
FA000LO04Z,#N/D
L408L4V4,STORMLANDS-1
VFA0FAFAZ4,HOARE
L0LOFA900FA,RIVERLANDS-1
LZLOZ80Z9,RIVERLANDS-1
Z08404ZLO,DORNE-3
LO0LO00VLOV,#N/D
800L4LFAL,STORMLANDS-1
L88LLOLZ8,NULL
FA00LOV49L,HOARE
909FA440,DORNE-1
LZZZLO8LO0,NORTH
FA0FAFA9FAZ0,#N/D
90LZ4LZ0,#N/D
L8498FA08,STORMLANDS-2
L90940L0,HOARE
LFALLOFA98LO,NULL
9ZVZLO,#N/D
L9890ZLO8,HOARE
L8098040,STARKS
FA0FA9L48V,#N/D
L840LOLLLO,HOARE
LZ008494,STORMLANDS-1
FA0480V09,#N/D
L8ZMV9,STORMLANDS-1
V9LOFAZ98,HOARE
V809VFAL,HOARE
800VL498,NULL
LZ00LO444,DORNE-1
L8L48ZV0,STARKS
L408LO800,DORNE-1
FA0L00FA8L,#N/D
8V9FA00Z,DORNE-1
84LO00L0,HOARE
V8ZLO9,IRONISLADS
900L4LO00,#N/D
LFA8LO940V,DORNE-3
LZ8V0Z04,STORMLANDS-1
FA0Z90FA89,#N/D
L9L409ZM,RIVERLANDS-1
LZ0ZL49L,REACH
80804ZFA,IRONISLADS
LZLO0498LO,CROWNLANDS
LLOV880V0,IRONISLADS
89Z0VVL,DORNE-1
FA000LV9L,DORNE-1
Z0ZFAV0FAZ,DORNE-3
L80L8V,NORTH
L8FA8LO9LOL,HOARE
L80LLOZFA9,NULL
LZ048V0Z,NORTH
FA0LO94FA4Z,#N/D
LV08V0Z0,IRONISLADS
V0098V09,DORNE- 2
VLOVL904,IRONISLADS
L8V0440Z,STORMLANDS-2
LLLLLOL00,DORNE-3
LO0LO408LO0,AEGON
800FA00LO8,STORMLANDS-1
LFA4FA9LOZFA,STORMLANDS-1
LLZ8Z09FA,STORMLANDS-1
LO0LO40FA0V,DORNE- 2
FA0LO800Z0,#N/D
L800ZM4L,NORTH
L9L8900V,RIVERLANDS-1
ZZ00L0LL,STORMLANDS-2
LZMLOFAVVL,STORMLANDS-1
LFA84Z484,RIVERLANDS-2
LL080FALOZ,NORTH
ZZZ0948V,NORTH
Z0Z94Z0Z,DORNE-3
LLO4ZLO0V4,HOARE
V98Z094,HOARE
L0L8FA0V4,NORTH
V009VZ8,HOARE
LLO0V94FAFA,HOARE
V0LO9LLOV0,STORMLANDS-2
L9FA8ZLV8,REACH
LO0LOV409Z,CROWNLANDS
FA040VLOFA4,#N/D
FA00V4VL9,IRONISLADS
900VV4,#N/D
L9LO9Z00Z,DORNE-1
V00L0V44,RIVERLANDS-2
Z009VV0V,DORNE-3
LLOV4LO880,NULL
Z04V90V0,RIVERLANDS-2
LVZ0FA80L,STORMLANDS-2
L00ZFA00LO,RIVERLANDS-1
ZZLOLFA90FA,CROWNLANDS
80L4L0Z,HOARE
L40LOLVVZ,STORMLANDS-1
LO04809VFA,CROWNLANDS
L0VVFAVZ9,STORMLANDS-1
L94LLOL0FA,NORTH
L80FA90ZM,DORNE-1
8004VVLOFA,NULL
FA009ZZ08,#N/D
Z08V488LO,DORNE-3
FA00LOV0VFA,#N/D
L8ZLO9LOV9,IRONISLADS
8L4FALOFA0,HOARE
LO049004FA,AEGON
LFAFA89LZ0,DORNE-1
L9ZFAV40LO,#N/D
L04FA44V0,IRONISLADS
LV8LVV,DORNE-3
FA0LLO9LOFA9,#N/D
LFAZLO0V,REACH
L9ZV04V0,REACH
800FAVL00,STORMLANDS-1
LLO00LO8FALO,STORMLANDS-1
ZVZ44FALOV,DORNE- 2
LV4FA84,DORNE-1
8FALOFAZFA0,HOARE
LV89FALO89,DORNE-1
FA0V4048Z,#N/D
LZ089ZV0,DORNE-1
L0490LO0FA,IRONISLADS
LZ0LO4V48,RIVERLANDS-1
ZL4V80,IRONISLADS
L4Z0LOLLO0,STORMLANDS-1
FA00LLOFAZ4,#N/D
L9LOFAFAFAZ0,DORNE-1
L4Z48L9Z,IRONISLADS
V09LFALO49,REACH
FA00V9VFAZ,RIVERLANDS-1
LZV084LV,HOARE
LZ0LOLLO9Z,NORTH
L8LO9LVZZ,#N/D
LL0FALO0ZLO,DORNE-1
V04LO0LFALO,STORMLANDS-2
LZLOL4LO00,STORMLANDS-2
LFALOFA8898,DORNE-1
L9Z04008,NORTH
L0FA04ZLOZ,#N/D
L0V0ZZLOZ,IRONISLADS
9L409L8,HOARE
V0LO0840,IRONISLADS
LVZLO0FA,IRONISLADS
L49FAV800,DORNE-3
L9V04FA40,#N/D
FA04FA0LOL0,#N/D
L00ZLO0LOV,RIVERLANDS-1
L00V04V8,IRONISLADS
VFAFALOZ0LO,HOARE
L9VV409FA,STORMLANDS-2
L8V4FALV0,#N/D
89Z00FA9,HOARE
989FAZ40,IRONISLADS
FA04Z000LO,#N/D
LL0004L0,#N/D
80040Z94,NULL
8004089,HOARE
LVZVLO944,#N/D
LVL0L884,#N/D
LFA88098Z,DORNE-3
90FALOZ0V,IRONISLADS
FA004FAVFALO,STARKS
L49FALO4L0,#N/D
FA0ZLO90VFA,#N/D
L0Z9FA980,#N/D
LVL0V9LO0,RIVERLANDS-2
L8000L08,DORNE-1
9L9VFA9L,HOARE
L9V94004,STORMLANDS-2
L84L980Z,REACH
L8VLO049V,STORMLANDS-1
LZ0V9LO0V,NULL
L8VFA0VZL,STORMLANDS-1
900940FA4,#N/D
Z0V98LZLO,RIVERLANDS-2
L0480Z0L,REACH
LVLO0L094,#N/D
L8949FAFALO,#N/D
80L800LO0,STARKS
FA00L4LV4,STORMLANDS-2
9000440LO,#N/D
LZM44V4FA,STORMLANDS-1
L900094Z,#N/D
LL8LOLLOVV,STORMLANDS-1
LFAVLO8VFA0,STORMLANDS-1
LLZZ44L0,REACH
V000Z944,RIVERLANDS-2
LFAFAZLO4FAL,NORTH
LO0LOVLO00FA,#N/D
L8ZV89L9,#N/D
L9000ZFA0,STORMLANDS-1
L4808Z,NULL
FA00FALOZ90,#N/D
80L80LO0FA,#N/D
L9LO9Z9Z0,#N/D
ZZLOV9LOL0,#N/D
LVFAFA8Z00,#N/D
FA0FA8FALO4L,#N/D
LZ9VVFAFA9,NORTH
LFA09FAFAV4,RIVERLANDS-1
V00L09V8,#N/D
Z0LOVL0LL,#N/D
LFALOZ0Z8FA,STORMLANDS-2
V08L8FAFAV,REACH
L0ZLO48,NULL
L0LO8409FA,DORNE-3
9004VV4LO,#N/D
FA0440Z0LO,#N/D
L8VZ800V,STORMLANDS-1
LFA9VZ40LO,IRONISLADS
LL8VVLZLO,CROWNLANDS
LLOFA9LO08V,#N/D
LFAV0LOFA80,DORNE-3
LZMLZ4FA0,STARKS
LV08V004,#N/D
LZMZ9FA8FA,REACH
LL0V0LO4LO,#N/D
LO0ZZZFAVFA,DORNE- 2
L9488900,DORNE-1
FA00VV48V,#N/D
L8409ZFA0,STORMLANDS-1
L98L0LO84,IRONISLADS
L94V4FA0L,NULL
LFA9Z0ZZLO,STORMLANDS-1
LZMLO9049,#N/D
L9ZMZ98LO,REACH
LZ0L89VZ,RIVERLANDS-2
LZMLO4LOLFA,DORNE-3
FA0ZV9ZL8,#N/D
LVFAZ0840,#N/D
L9Z08LFA0,#N/D
V8000Z8,HOARE
LLO4LVVZM,DORNE-3
L9VZ0LFA0,#N/D
90L4L0VFA,#N/D
LLV0FALV4,#N/D
L0Z88FALL,STORMLANDS-1
L40LOFALLOL,REACH
LLOZZL04V,STORMLANDS-1
L8L0Z480,STORMLANDS-1
FA0L49840,#N/D
FA04089FAV,#N/D
LFA88VZ0Z,#N/D
LVLOLZV44,DORNE-1
LLOVL804L,IRONISLADS
LZL,#N/D
FA0LLLO9LO4,#N/D
L90ZFAFA44,NORTH
LVZLO0V9L,STARKS
LVLO0ZLOZ4,DORNE-1
L088LOL,IRONISLADS
90LZLZ00,#N/D
LO0ZV4LO00,#N/D
LZ4LO9444,#N/D
V09LLOFAFAL,REACH
L84Z909L,#N/D
LVZ0LO0LO0,#N/D
FA0V04984,#N/D
V089LOFA4FA,REACH
L9489LO80,RIVERLANDS-1
94FA8809,DORNE-3
LLFA4FA904,STORMLANDS-1
FA0VV,DORNE-1
Z0949ZFA4,#N/D
LLOZ9V4FAV,IRONISLADS
LLOFAZ80V8,RIVERLANDS-1
LLO89ZLOFA8,NORTH
L90FAFALOZ9,#N/D
V0ZZFA08LO,#N/D
L0009LOFA8,IRONISLADS
LVLO88L4Z,STORMLANDS-1
LZLO89LO90,IRONISLADS
L8LO8FAZ88,NULL
Z000VLOZZ,STORMLANDS-2
L8ZZ04ZZ,#N/D
L440V0,#N/D
L9LOLZLO0V,STORMLANDS-2
V008Z009,NULL
LLOV00ZM4,REACH
VLFA809LO,HOARE
ZZLOZ9FA89,HOARE
L494FA04Z,DORNE-1
LVZ8ZLO,STARKS
LO0900V9LO,CROWNLANDS
8LO40FALO0,#N/D
L9LOLZ094,STARKS
LVL8L000,RIVERLANDS-2
LFA009FAL9,CROWNLANDS
LFAFAZM0Z0,#N/D
L9ZFAV0FA0,#N/D
L9FALO089V,RIVERLANDS-2
L04Z0LLO8,#N/D
9498V0V,#N/D
L940L4LO8,IRONISLADS
L89Z4VLOL,#N/D
L08ZMLFA0,#N/D
L8ZZLO4ZL,DORNE-3
L80LLOFAV0,IRONISLADS
LZLO8VLO0L,NORTH
LVZ40V40,NULL
L9LZLZ8FA,#N/D
LO00V08LO8,#N/D
80LLOVFAZLO,STORMLANDS-1
LZ4L00V9,CROWNLANDS
L40ZM4LZ,STORMLANDS-1
L9LOFA9848,#N/D
L0Z0FAVFALO,#N/D
LLOZ900FAL,#N/D
V0Z88V0FA,DORNE-1
L8908Z,#N/D
LLOVLOL4LLO,STORMLANDS-1
Z084FA9FA8,DORNE-3
L8440FALOV,HOARE
V0LO0FA408,HOARE
L9LOLLO0VZ,NORTH
L4LFA98L0,HOARE
LVZ08408,DORNE-3
LZ9ZLOZ9L,STORMLANDS-2
LFA9FA09V8,IRONISLADS
9ZZMFAL4,RIVERLANDS-1
Z0FA0V00V,DORNE-3
L8LOZLO090,#N/D
LV848ZVLO,#N/D
LLOZ8000Z,STORMLANDS-2
LLO90LOFAZM,DORNE-1
L9FA94FA04,REACH
LO0ZMZL9FA,#N/D
L4V4FALZLO,#N/D
L9Z80Z04,DORNE-3
9000FAZ9FA,#N/D
L8FAL0004,#N/D
LVLVFAZ,#N/D
L9LO0LVL0,IRONISLADS
L0VVVL0LO,#N/D
LV88FAVZV,REACH
FA0FAZ0VFA0,#N/D
V0VV0L08,STORMLANDS-2
L4FA0LO090,RIVERLANDS-1
LLOVLZFA0LO,NULL
LLO008LO98,NORTH
FA0FALO00V4,#N/D
L0LOFAZ4,REACH
LVZZ900FA,#N/D
L9V0FALFA0,RIVERLANDS-1
LFAFAVLOFAFAFA,#N/D
LLO0V0044,#N/D
LVV4FAVFAV,#N/D
LLO908LO4V,HOARE
L80FA00FAV,HOARE
800FA0L89,NULL
LVFA4Z9VZ,#N/D
ZZ0LOVV9V,#N/D
90L0FA09FA,#N/D
L88ZFAFA0V,DORNE-1
L8V980LLO,#N/D
Z08LO94VZ,RIVERLANDS-2
LVV400,DORNE-3
L0LO8ZLO04,#N/D
LFA8Z000Z,#N/D
LV0V00FAFA,RIVERLANDS-2
FA0ZLOZZ9V,#N/D
V0LO0LO9FA,#N/D
LLLOV880LO,STARKS
LZVFA98LOFA,#N/D
LV00L9LL,NORTH
LVFA4VFALOL,#N/D
980Z4V4,RIVERLANDS-1
L8VZ98V4,IRONISLADS
L9Z9LOV8Z,DORNE-1
L8VFA09V0,DORNE-1
L08LO8L,DORNE-1
L0L004FAL,STORMLANDS-1
800FALOL08,#N/D
90094L8V,#N/D
9000V0FA4,RIVERLANDS-1
L8LLO8FA8FA,DORNE-3
94Z40ZZ,HOARE
L0LOFA4Z00,RIVERLANDS-1
LVFA0FA9,IRONISLADS
900V9LFAL,#N/D
LZ9VLZ8V,RIVERLANDS-1
ZZLLO9040,NORTH
L8VV0L0L,NORTH
LZ8808V9,HOARE
LLOZFAZL9L,DORNE-1
L9094888,IRONISLADS
L90LO008LO,RIVERLANDS-2
L9VFAVLZ9,#N/D
LV4049,#N/D
L0V44000,NORTH
LFAZFA0Z0L,#N/D
LVZ9FALO0V,#N/D
L4V0LO048,DORNE-3
LL0L90L8,#N/D
L8FALO0ZMFA,REACH
L04LO4988,STORMLANDS-1
Z0LO009FA8,#N/D
L4840V8L,DORNE-3
L8VZM8LO0,IRONISLADS
ZZZZ09LOV,IRONISLADS
L9ZZLOLVFA,HOARE
L8L0884L,STARKS
LFAL84LO9FA,CROWNLANDS
LLO0FAZLO80,NORTH
LLOZ8V90V,STARKS
L8VFA4LO8L,NULL
LL00L8Z0,HOARE
LLOFA04LO,#N/D
FA0FA8ZL00,#N/D
LZV0FAZFAFA,#N/D
LO0ZVL08FA,RIVERLANDS-2
LZ0ZM094,DORNE-1
L840LO90V,STORMLANDS-1
LLO980LO0LO,RIVERLANDS-1
L9LO00090,DORNE-1
LV4Z9FALOFA,STORMLANDS-1
L88LO0FA9L,NULL
L9FA98VV0,#N/D
FA0FAL4LO4L,#N/D
LV9FA0009,IRONISLADS
L90VLOFA4V,#N/D
L400LOVFA4,DORNE-1
LFA09V8FALO,STORMLANDS-1
L8L940L8,DORNE-3
LZ0LLO490,#N/D
900FA4009,#N/D
L804V9ZV,#N/D
LV0LZVL9,STORMLANDS-1
FA0FAZ8L0Z,#N/D
L0V0LO004,IRONISLADS
LL490VZLO,#N/D
900LO8V0,DORNE-1
LVLOFAZ8VL,REACH
V9FA98VFA,HOARE
LFA808900,#N/D
LFA8LOFA0LOL,HOARE
VFALOVFALO9,HOARE
L80009LFA,#N/D
LLO888ZZV,IRONISLADS
80LV04FAFA,STORMLANDS-1
LFALO0V09LO,#N/D
LVZ0ZLOFALO,RIVERLANDS-2
L9LO40408,#N/D
L80LO884LO,NORTH
V9L0V94,HOARE
LZM840V0,STORMLANDS-1
LVZVFA0,#N/D
LVZ408V8,NULL
FA0L40ZVZ,#N/D
L9080LO4L,#N/D
L894VLLO0,#N/D
L9FALOFAVV0,#N/D
V09VV4ZM,STORMLANDS-2
LV0LL000,DORNE-1
LLOFALOVL,IRONISLADS
L9ZLOZ980,IRONISLADS
V080Z8LO8,REACH
ZVLOVFA4Z0,DORNE- 2
LL08FAZ49,#N/D
LVZ0FALLOV,IRONISLADS
L9L00090,CROWNLANDS
9FAZ8V0V,HOARE
Z00LOZ9FAL,#N/D
VFA8FA8VZ,DORNE-1
8ZLFAZML,#N/D
FA0Z98008,#N/D
V0LO80088,HOARE
L9Z88LOZFA,IRONISLADS
LLOVLFALO80,STORMLANDS-1
LV8FA8VZ8,DORNE-1
8V4VZZ0,DORNE-1
LV4LLOLLFA,HOARE
L0ZMLOV04,RIVERLANDS-2
L84VLLO40,#N/D
L440LO0,#N/D
94Z4988,IRONISLADS
LV4Z884LO,#N/D
L84LOLFA44,#N/D
V8Z0LZZ,#N/D
80LVLO9Z0,STARKS
LLO80V08V,IRONISLADS
L040FAFA4LO,NORTH
L8LO80VZ9,NORTH
FA00VZ0VLO,#N/D
LZ9ZLO808,DORNE-3
LO00LLV90,CROWNLANDS
L949LLO8LO,REACH
L8ZZLO004,HOARE
9FA89VLL,#N/D
LVLO489Z9,DORNE-3
FAL8LOVL,HOARE
L908VLFA4,RIVERLANDS-1
FA0084LFALO,DORNE-3
L8ZMFA09FA,#N/D
FA00VZ0VLO,#N/D
L0L4V0L4,STORMLANDS-1
L84LZL8L,DORNE-1
L800L4V4,STORMLANDS-2
LVVFAZML4,DORNE-1
LLO940Z0Z,RIVERLANDS-1
80LFALFAFAV,#N/D
LO0LOVVLLOZ,REACH
800FA8LZ0,STORMLANDS-1
LZLLZMFA8,#N/D
90004L,#N/D
LV9L0ZL0,IRONISLADS
800ZVLFAL,STORMLANDS-1
LZ0ZZ80FA,DORNE-1
LL4900FAL,STARKS
L880L8LL,#N/D
L9LOL09VL,DORNE-3
LV800ZMV,IRONISLADS
L9ZMV04FA,DORNE-3
LV900LOLZ,#N/D
LZLFA9088,IRONISLADS
LV8894LOZ,IRONISLADS
L9VZ00V9,STARKS
L9ZMFA0Z0,REACH
LLO9FALZ0L,#N/D
V0V40LV9,STORMLANDS-2
LZM8LO984,CROWNLANDS
LFAVVFAL48,#N/D
LV0L8FAFA9,DORNE-3
Z0LOZ8Z9FA,RIVERLANDS-2
L9V0L0V9,STORMLANDS-2
L098LO4FA8,#N/D
900VL044,#N/D
LVLLO4V4V,RIVERLANDS-2
L4ZL4009,RIVERLANDS-1
FA008080V,RIVERLANDS-2
LFAZM49VZ,STORMLANDS-1
LLOLLO909Z,CROWNLANDS
L4LZLOZV9,#N/D
L9FA04FA00,#N/D
FA00984V8,#N/D
Z09098LV,DORNE-3
L48LV00V,#N/D
VLOVZV,#N/D
LO0V9FAL98,STARKS
90004LO0Z,#N/D
L94LO0V09,IRONISLADS
L94ZLFA4V,NULL
FA0049LOFA8,DORNE-3
LLO0Z4Z94,DORNE-3
LLOFA0ZLLL,HOARE
L0080VLOZ,DORNE-1
L9FAFA9VZ8,STORMLANDS-1
L9Z408ZFA,#N/D
LV40LLOZV,IRONISLADS
L940LOZZM,#N/D
L8Z0L404,STORMLANDS-1
L8FA4Z90Z,RIVERLANDS-2
FA00400ZFA,RIVERLANDS-1
LZZFAZZMV,#N/D
LFA49FA840,#N/D
LO0LO0LLO09,#N/D
L04Z0ZVLO,DORNE-1
L9VV00Z4,STORMLANDS-1
LVL0FALOZ8,IRONISLADS
LL940VFA9,CROWNLANDS
L98484V8,#N/D
L9ZZ08LO0,RIVERLANDS-1
L8LL8440,RIVERLANDS-1
9000444V,#N/D
L0ZZ4VFAZ,#N/D
FA044FAZFA0,#N/D
L9LO0V440,STARKS
FA0L8L90Z,#N/D
Z0Z0Z9FA0,#N/D
LVLO4ZLZL,NORTH
9008LO09L,#N/D
L0L8LOV,DORNE-3
LVLOFAZ4,STORMLANDS-1
L90844,#N/D
Z00Z9Z0LO,RIVERLANDS-2
L8FAZ0V,RIVERLANDS-2
L4VLVZ0Z,IRONISLADS
L0400909,HOARE
LLOVV0ZLZ,#N/D
LLO89LO449,STORMLANDS-2
L98L9LO4LO,STORMLANDS-1
FA0809VLOV,#N/D
V8894LL,DORNE-1
L0V4LOVLOL,#N/D
FA0LOFAVZ4FA,#N/D
L9L8LOV0LO,#N/D
L8L889L0,HOARE
LLO0LOFA000,#N/D
L40LZL00,DORNE-1
L8898LO88,RIVERLANDS-1
LLFA00VFA9,IRONISLADS
9004ZMV9,#N/D
80LL04VLO,NULL
LLOL9489FA,IRONISLADS
L00944Z4,DORNE-3
404Z00FA,HOARE
LVZ0FA000,DORNE-1
9V8FAV00,STORMLANDS-2
LLOVFA00LFA,DORNE-3
LV8ZM80L,RIVERLANDS-1
V0ZMLZ40,NORTH
LLOLZFA0LO0,RIVERLANDS-1
V0FAFA00,DORNE-1
L4FAFA0Z,NORTH
VLOL00FAL,#N/D
900L4048,#N/D
LLOV40LV0,CROWNLANDS
LV89L40LO,#N/D
FA0LLOV09L,#N/D
L80FA4VL0,IRONISLADS
LV9Z4FA9FA,DORNE-1
LLO9008V0,STARKS
LLO0080VFA,#N/D
LV08VL,#N/D
Z0Z0V40LO,DORNE-3
900VL448,#N/D
LVV49LOVL,STORMLANDS-1
LZLOVLOZFAL,#N/D
LV0LO8V49,DORNE-1
L9FA9Z98Z,DORNE-1
LZMFA8L,STORMLANDS-1
LFA8880VL,#N/D
V000084V,RIVERLANDS-2
LO00Z4804,CROWNLANDS
9008Z8VV,#N/D
LO0LOFA04ZZ,AEGON
L4VZ0FA4Z,HOARE
LZ9L8L8L,DORNE-1
LZFAZZLV0,RIVERLANDS-2
L9FAVZVLFA,REACH
L40FA0090,HOARE
FA0V9Z0,#N/D
L9LVLOZ0Z,IRONISLADS
L8089V0Z,STARKS
800VV408,STORMLANDS-1
L808V0VLO,STORMLANDS-2
L8090Z0L,IRONISLADS
L9LOZLLOFAZ,HOARE
LLVZ4080,DORNE-3
V008VLVFA,#N/D
LL400889,DORNE-3
L8FA8L4Z9,CROWNLANDS
LO0ZZ09LL,DORNE- 2
LFA09V09LO,IRONISLADS
V009V4FAZ,#N/D
L80ZLO08Z,STORMLANDS-1
LFAZV8LO,NULL
LV04LO0VV,DORNE- 2
L4VL80,NULL
LO0LOZ09Z0,#N/D
900V04L,HOARE
8V8L0ZM,#N/D
L09LOVLO4V,IRONISLADS
LO0ZVZ00Z,RIVERLANDS-2
L9L84LOFAZ,REACH
L44LZ988,#N/D
L9V04004,#N/D
L9848LZL,DORNE-1
LV4Z0LO9LO,NULL
80LO9LO40,HOARE
9VV9FA00,RIVERLANDS-1
LVL0L800,NORTH
LVLOZ0840,DORNE-3
9Z4VVFAFA,HOARE
L444L00V,STORMLANDS-2
9ZL0V9Z,DORNE-3
LLV4090Z,#N/D
LO0ZV4LZ9,RIVERLANDS-2
L8LO8V800,NULL
L8LLO08L0,IRONISLADS
L98LLOVVL,DORNE-1
LLO8FA0FA0Z,HOARE
LLZZLLOFALO,#N/D
L4Z49ZMZ,#N/D
L8LLVL4FA,STORMLANDS-1
L8FAFALO9FA8,HOARE
L4Z48Z00,DORNE-3
LLO098040,IRONISLADS
L894FALO,DORNE-1
LO0Z00094,#N/D
80L08ZL9,STARKS
LVZFA9Z0V,#N/D
L408049V,DORNE-1
L84ZM000,CROWNLANDS
Z004VLO80,#N/D
LLOZ0FA00LO,STORMLANDS-2
LVLO08948,DORNE-3
FA0LLZZ88,#N/D
80LV8FAZ0,NULL
LV400L,DORNE-3
FA008800LO,NORTH
80080V,#N/D
LZ8Z09V0,REACH
L808800Z,DORNE-1
LZVLO40VV,NULL
L800V809,STORMLANDS-1
LV9LO9098,#N/D
ZZZ4L44FA,NORTH
90094VFA9,#N/D
L080LV04,IRONISLADS
L44LLFA,#N/D
L9L000ZV,STORMLANDS-2
L04Z9V,STORMLANDS-2
L940FAZ,#N/D
V0880V40,#N/D
89VLO9FAZ,HOARE
900VZM0Z,#N/D
90048LLOL,#N/D
L09LZFA,STORMLANDS-1
L90ZML8L,DORNE-3
L004ZV0V,HOARE
LV9ZZ88LO,STORMLANDS-2
L4VLFALOVV,#N/D
L9ZFA0904,#N/D
L8LOFAVLOV9,IRONISLADS
LV0L4V0LO,#N/D
LLLO44L4L,#N/D
LVLFAVVLZ,STARKS
L89L9LO89,CROWNLANDS
L8FALOFA088,AEGON
L9V0ZM00,HOARE
L84LO0ZLOZ,HOARE
LFA4Z9LO09,#N/D
L8V0VV,#N/D
LV4408Z8,NORTH
L9FA400,RIVERLANDS-2
L4404V8LO,REACH
8008L8LZ,#N/D
V04LV0LFA,STORMLANDS-2
L80LOVZ8FA,#N/D
LLO890Z9FA,RIVERLANDS-2
L4FA0ZM00,STORMLANDS-1
LZ4FA4Z9Z,HOARE
V0400L90,#N/D
ZZFAZLOZLO9,NORTH
V0LO808LOV,#N/D
L9L0V9LO0,HOARE
L0LO4ZLOVV,STORMLANDS-1
V089Z090,#N/D
V00V94ZM,NULL
90049409,#N/D
FA0ZLO8ZZFA,#N/D
VLO48L0V,HOARE
L004LO8,#N/D
V0FA9V94V,STORMLANDS-2
LVZMLOZ8LO,#N/D
ZZL04Z,NULL
L890Z4ZV,STARKS
L94LZ0Z0,#N/D
LZ9LOLLFAL,#N/D
LFA0804,CROWNLANDS
V0VFAL8Z0,#N/D
L8LV89VL,#N/D
ZZFA0LOFAVL,IRONISLADS
LZFAVFA09FA,DORNE-1
ZZZ90809,NORTH
LZMLZLFAL,IRONISLADS
LV9FA0Z0LO,#N/D
8LFA44VLO,HOARE
ZZV4Z484,DORNE-1
V00940LO9,#N/D
L0090Z,NORTH
LLOZVLO800,STORMLANDS-2
L9LOZ808L,STORMLANDS-1
LO04Z80L4,CROWNLANDS
L90V08FALO,AEGON
9004040Z,#N/D
L4V000FA9,STORMLANDS-1
L8FA89FA4Z,RIVERLANDS-2
L800FALLOV,#N/D
L094LOVLFA,#N/D
LVLO0LOVFAL,IRONISLADS
L090V4LO4,STORMLANDS-1
LLLV9Z8FA,IRONISLADS
ZZ0LVV8LO,NORTH
LFAZ0LOFA90,IRONISLADS
L8ZLLO4,#N/D
LO0ZLOV0,RIVERLANDS-2
L9LZ4VL9,HOARE
L0Z9044Z,RIVERLANDS-1
L84V909Z,DORNE-3
L940004Z,RIVERLANDS-2
L94ZV484,RIVERLANDS-2
LO04Z0LOZLO,CROWNLANDS
8009LZ,STARKS
LLV00000,STORMLANDS-1
Z00L88L4,DORNE-3
Z04LO40V4,DORNE-3
LVFAZZLO9L,#N/D
800VVLZL,STARKS
L0LOL00V8,STORMLANDS-1
LVLLO8L0FA,DORNE-1
Z04Z0009,DORNE-3
LFA40L80V,#N/D
L4LOLLZLZ,HOARE
LVVLOZFALOL,HOARE
900VLZ0LO,#N/D
LLLOZLLL4,NORTH
LZ94VFAFA9,#N/D
LFAZLFAFALZ,STORMLANDS-1
L4V09FA08,HOARE
LFA0044LO9,RIVERLANDS-1
LL04V0LOZ,STARKS
LVFAV0L0LO,HOARE
FA0ZM900LO,#N/D
L8L0LZFAFA,DORNE-1
LO0908Z0,#N/D
LO0LO009LZ,#N/D
LLV00ZZ0,STORMLANDS-1
LV908000,DORNE-1
V00440FALO,RIVERLANDS-2
FA0FA0LZ,#N/D
80L9FA004,#N/D
L4VVLOZ90,#N/D
L80Z0L9V,NORTH
LZZ4ZM00,IRONISLADS
L9FALO98ZFA,#N/D
LVZ090LO4,NORTH
LFALOZ4FA4FA,#N/D
V04FA0ZMV,#N/D
LZ980V8LO,RIVERLANDS-2
L988LOFA0Z,STARKS
LLVFAFALOL4,STORMLANDS-1
LV0LO89VZ,DORNE-1
L84FAFA4,DORNE-1
V0L0Z9LO4,RIVERLANDS-2
LFALLZ0,#N/D
L00LV00L,#N/D
L80Z8ZLOZ,#N/D
L0VFAVV4Z,STORMLANDS-1
LL40FAL0L,#N/D
FA0FALOZ09V,#N/D
L9Z0FALOV4,RIVERLANDS-1
LFA0LZ0LO0,HOARE
LL908FA0L,IRONISLADS
9ZLO49VFA,DORNE-1
LFALO4Z880,IRONISLADS
LVL9VZZFA,STORMLANDS-1
L489ZLO40,#N/D
LZZLOV8ZM,HOARE
LV0L4LO0LO,IRONISLADS
LLOVL88V8,NULL
LO0ZLV49Z,DORNE- 2
LZ0V4000,#N/D
L9488FAL9,#N/D
L9ZLOVLO80,NULL
LZ94ZL08,CROWNLANDS
Z0Z09LO90,#N/D
LO0LO0V4,CROWNLANDS
FA04ZML90,#N/D
LO0004Z0V,CROWNLANDS
9LOL00LO4,DORNE-3
L9LOLFALFA9,#N/D
800LO009LO,STORMLANDS-1
L9L8Z8VL,STORMLANDS-1
L4ZL8L89,HOARE
LVVLZ0LV,HOARE
L9ZFAV088,#N/D
L808FA4LO0,#N/D
ZZ0Z4VLO8,#N/D
Z09FAVFA04,#N/D
LV88V844,NULL
LO0FA08LOFA4,NULL
V0VLLO9FAL,STORMLANDS-2
LV090944,HOARE
LO0ZV4LO00,#N/D
L8FA8LOZV4,#N/D
LLV8ZL0Z,STORMLANDS-1
LLOVFA80FA0,#N/D
L8Z8ZLO,NORTH
8000Z89L,NULL
L0LOLL9FALO,NORTH
FA0LZ9898,#N/D
LLO48VFAFA8,DORNE-1
L888ZLOVLO,#N/D
L8FAV,#N/D
L8L0V9VFA,DORNE-3
V00LO0098,RIVERLANDS-2
Z0FA000L8,RIVERLANDS-1
V008Z09V,STARKS
L8FAV8890,IRONISLADS
L0L89V8L,#N/D
LZ000V0V,HOARE
LL889LOFAL,DORNE-3
L9FAV00Z8,HOARE
LV80Z8LOL,NORTH
LV48FA009,HOARE
LL00LLZ4,#N/D
LLO00LVLO0,HOARE
FA0LLOFAL0Z,#N/D
L0LOFA988V,REACH
LFA48FA8FA8,STORMLANDS-2
FA00V04L0,RIVERLANDS-2
LV08LZ0Z,#N/D
V0Z8ZFAL,HOARE
L90FA0ZLOL,#N/D
FA080FA044,#N/D
LLFALO9FALO0,DORNE-1
LVV89ZLO4,NULL
LLOVVFA890,NULL
LFA980Z94,DORNE-3
L8LOFAL900,DORNE-1
ZVZ8V890,NORTH
L9L8FAVLZ,RIVERLANDS-2
LV8VZ0Z9,#N/D
FA00L4Z4Z,DORNE-1
LLO8040Z4,#N/D
LZ0VFAV0L,#N/D
LFA9049LOV,STORMLANDS-2
LO0Z9FAVZFA,DORNE- 2
V00L44LO8,RIVERLANDS-2
L8900LOZ0,STORMLANDS-1
LVVFA404LO,HOARE
L90LO4089,STORMLANDS-2
LZLOLFA00L,REACH
LVFAVFALO,#N/D
L4ZZ940Z,STORMLANDS-1
LO0ZLOV90Z,RIVERLANDS-2
LFA0ZV8LO8,RIVERLANDS-1
900Z89FAFA,#N/D
V00880FAL,#N/D
V0009V00,NORTH
80LLOVV84,#N/D
L9848V98,REACH
LFALVLZFA0,RIVERLANDS-1
L9V4LO94L,CROWNLANDS
L9L44L90,RIVERLANDS-2
LLO9800,IRONISLADS
LFALO48FAZ8,#N/D
L9L009FA0,#N/D
LL098094,#N/D
L8LVFA04LO,RIVERLANDS-2
L4Z00VL8,STORMLANDS-2
LV8FA4FA8Z,STORMLANDS-1
LLOFA0FAZ04,STORMLANDS-2
L9LZ4LOZ4,#N/D
LL00FAZ09,RIVERLANDS-1
FA0LFA440LO,#N/D
8040984,IRONISLADS
8009FAZFA9,#N/D
L94ZZLOL0,#N/D
L9L9L40V,HOARE
L8VVFA98L,#N/D
LVLOFA4Z89,HOARE
900890VL,#N/D
L8LOLL8LO0,REACH
FA0FA0FALLZ,#N/D
V00FAZ9VLO,DORNE-1
LLO9Z0Z0Z,#N/D
L040FA8LO0,RIVERLANDS-2
LLO0V0LO94,#N/D
LL8LOFAZVLO,#N/D
LLOVLLO88L,STORMLANDS-2
88VZZ08,DORNE-1
L8409FA4FA,#N/D
LFA400888,HOARE
LFA000L00,CROWNLANDS
ZZ0LO94LLO,CROWNLANDS
FA00FA90LL,DORNE- 2
LLO40ZVLO8,STORMLANDS-1
L40Z408FA,#N/D
LL040FA80,CROWNLANDS
L90L09LOZ,#N/D
LVFAFALO848,#N/D
LFAZMFAL,#N/D
L90FAVL4L,RIVERLANDS-2
LV800000,DORNE-3
LLZLO0L0V,STORMLANDS-1
LLOVLLO88L,STORMLANDS-2
LZ404FALO9,HOARE
L8LOZL0ZFA,RIVERLANDS-2
L4Z08FA9Z,STARKS
L00VLO0,#N/D
L9LO08FAZ9,#N/D
LFAV0LO9FALO,STORMLANDS-1
LVFA09V94,#N/D
LLO890ZMLO,NULL
ZZLO88LLL,STORMLANDS-2
L480Z8LL,IRONISLADS
L48FAVLO94,IRONISLADS
9FA89VLL,#N/D
FA00FA0V0FA,NULL
8LO8L0LO0,HOARE
L894VV08,IRONISLADS
L0FAV9FA09,CROWNLANDS
Z00FALO404,RIVERLANDS-2
FA04VVFA0V,#N/D
V0L4V04V,#N/D
LV44LO89FA,IRONISLADS
LLOV0Z0VL,#N/D
8V8LO9LO0,IRONISLADS
L09LO49FA4,STORMLANDS-1
L94VZV8Z,NULL
VLFA0ZL0,IRONISLADS
L8LO088LLO,NULL
V4ZZZFA8,HOARE
9V08V0L,HOARE
L08ZLFA0V,HOARE
LV800Z00,CROWNLANDS
LVFA8LVFAL,NORTH
L9LOZ89V0,DORNE-3
L8094000,#N/D
L8FAVZFAZ0,RIVERLANDS-1
LO08Z00ZFA,CROWNLANDS
LVZLOVFALZ,#N/D
90044FA9Z,#N/D
L09LOFA0ZL,IRONISLADS
FA0V44L,#N/D
LVZ889,REACH
LFALO0LZ0Z,STORMLANDS-1
Z00VZ84FA,#N/D
LZZ88Z88,STORMLANDS-2
L9ZVL0,#N/D
L8ZLO8LZ8,NORTH
9L4VLLOZ,HOARE
L0Z800VL,DORNE-3
L00LOLFAZM,STORMLANDS-1
LVZL0FA,STORMLANDS-1
LLO440ZZM,NORTH
LFALOV88FAL,NORTH
9FA40VV9,#N/D
LVFALO8FAVFA,IRONISLADS
L9L08FALOFA,DORNE-3
8009LLOZLO,STARKS
FA0VLOFA0LZ,#N/D
L9L0LO844,DORNE-1
LLO9Z9004,#N/D
Z0FA0FA0Z8,#N/D
LL84FALOFAL,REACH
L880VLO4Z,#N/D
LZLL8944,RIVERLANDS-2
9000LV8Z,#N/D
Z084VVZ8,RIVERLANDS-1
L00900L9,NORTH
L9Z9ZZ4V,RIVERLANDS-1
LLO0LV90FA,STORMLANDS-2
V00LOVFAFA4,STARKS
VFA08LVV,IRONISLADS
L908L8LO8,HOARE
L9ZV0Z94,RIVERLANDS-2
LZV4Z04Z,HOARE
L0LO048VZ,RIVERLANDS-1
LLOFAL0LO04,STORMLANDS-2
V0L8FAV00,#N/D
L0V040,STORMLANDS-1
L8L44Z84,#N/D
L8094FA44,DORNE-1
LL09Z94L,#N/D
FA0FA48Z0LO,#N/D
L9FAFAV089,#N/D
L848LLO80,#N/D
LFA809L4LO,#N/D
LVLO4VFAL8,#N/D
LLO9800,IRONISLADS
L80V984Z,NULL
L8LO4LOVV0,STARKS
LVFAL004Z,#N/D
VLO0FA9FAL,HOARE
L48LOVLFAFA,STORMLANDS-1
LVLO009FA4,DORNE- 2
L880LFA40,NULL
L9480LO44,RIVERLANDS-2
L8VL0FA04,STORMLANDS-1
L98FA84,#N/D
ZZLO04VFA8,#N/D
ZVLO080LO0,RIVERLANDS-2
LZ4FALZ90,REACH
LZMLOFA9LO9,DORNE-1
LL4LLO004,STORMLANDS-1
LVFAL00,REACH
80LL0V0FA,NULL
LLOVZ940LO,DORNE-1
LVZ0ZV0Z,STORMLANDS-1
V0LFA8LOFAZ,RIVERLANDS-2
L8VLO049LO,RIVERLANDS-1
LL09LLO0FA,#N/D
LZ4Z0FAZFA,HOARE
FA00ZL009,CROWNLANDS
LFALO0FA0LLO,#N/D
LV9094FALO,#N/D
L0LO4LO0,#N/D
L9L0LO049,RIVERLANDS-1
FAZFA4V00,HOARE
80FALO040,IRONISLADS
900FA00LL,#N/D
98ZM4FA0,#N/D
L40LO84V8,NORTH
FA004ZLLFA,IRONISLADS
LV0LO0VV9,#N/D
9FA0FALLV,DORNE-1
FA04VV9V0,#N/D
LLO4LLO0LLO,STORMLANDS-1
900L0ZZ,IRONISLADS
L8000FAV0,#N/D
L9LO40LZLO,STARKS
LVVLLL4FA,#N/D
FA0V000FALO,#N/D
LLO8LO0FAFAFA,DORNE-1
FA0LLZ4Z8,#N/D
L8LLOZFA0L,#N/D
FA0LOL0VLO4,#N/D
L0FA0LO490,#N/D
V9FA009L,HOARE
LZLOVL440,STORMLANDS-1
L9LO0L48L,#N/D
LV804VZ0,STORMLANDS-1
L048FA88Z,#N/D
LO04L48VLO,#N/D
L980LOLL0,RIVERLANDS-2
Z0VLOV9Z0,STORMLANDS-2
L84ZMZ0V,#N/D
LFA00VL0Z,#N/D
LLO0LO9LO44,CROWNLANDS
L9FA0LFAZZ,CROWNLANDS
VZMFALFA8,IRONISLADS
L9Z0LO9LOV,#N/D
V08L9L94,REACH
FA0FA44Z04,#N/D
900FALOZ00,#N/D
900V4LOFA4,#N/D
L40ZLOV0FA,#N/D
LLO9LO0FAFAFA,HOARE
L0Z0FA04V,#N/D
L9ZMV0,DORNE-3
LFAZMLO894,#N/D
LVFALOV0V0,STORMLANDS-2
LVVLO9898,DORNE- 2
L9L04VLO4,#N/D
LO4V4LFA4,#N/D
LZLO8VZMFA,#N/D
L8FA4FA040,IRONISLADS
L8FALZ4,REACH
L9Z09Z00,#N/D
LLOV0Z9LO9,RIVERLANDS-2
L0ZMLFA9Z,STORMLANDS-1
L80FA08LO0,#N/D
FA0L0Z89Z,RIVERLANDS-1
ZLOFA40009,IRONISLADS
L88FA9LO0V,STORMLANDS-1
V00FAZLO0V,DORNE- 2
LZ00LZFA4,#N/D
ZZ48V8VLO,STORMLANDS-2
LZ0FA08FA0,DORNE-1
LZ0L000Z,IRONISLADS
V0LFALO090,DORNE-1
LFA4V89Z4,#N/D
900V4LZ0,#N/D
L9FA9Z98Z,DORNE-1
LL4V4ZFAZ,#N/D
V008Z0ZZ,NULL
LO0ZM098V,AEGON
80040V90,#N/D
804ZFAZ0,HOARE
LV00ZFAVFA,CROWNLANDS
9000FALLLO,RIVERLANDS-1
LFA4Z9L,STARKS
L90FALLOFAL,DORNE-3
L8L80LO0FA,CROWNLANDS
L048LO98LO,IRONISLADS
900840ZZ,#N/D
L80FALO000,NORTH
L00LO,NORTH
FA0ZMLO9L8,#N/D
L8000LO00,#N/D
L9L0VZM0,STARKS
FA04LLO4V0,#N/D
L8ZLV0LO8,#N/D
L4L0VL49,RIVERLANDS-1
LVZFALO9LO9,CROWNLANDS
FA04LOZ0ZL,#N/D
FA0FAVZVFA9,#N/D
LZM00LOLV,RIVERLANDS-1
L09LO8LO4L,STORMLANDS-2
FA0VL9448,#N/D
FA0LO0Z4VLO,#N/D
ZZLLOZ90L,NORTH
LZ00FALLO0,HOARE
L0948Z88,DORNE-3
90080FA0,IRONISLADS
ZZ0FA8VZ4,DORNE- 2
LFAFALO0L8Z,DORNE-3
LLFAZMZFA8,RIVERLANDS-1
L49V8000,STARKS
L0009LFAV,STORMLANDS-1
ZZVLOFALO9LO,#N/D
L4FAFAFA088,IRONISLADS
LLO00VFA00,#N/D
L00Z9L0V,HOARE
LV900FAZ0,#N/D
LO0ZFAV9L4,REACH
L494FA40FA,DORNE-1
V00VFA94FA,#N/D
V8840LZ,HOARE
FA0FAFA00VZ,#N/D
L00LLO8FAV,IRONISLADS
980LOL49,#N/D
LZZ8FALOL4,HOARE
L8VZL0L9,RIVERLANDS-1
L08ZFA0LO0,NORTH
L94Z088L,STARKS
LFA9ZLVZ0,DORNE-1
V080ZM8V,REACH
L8000LOZV,#N/D
LZMLOVFAZ8,STORMLANDS-2
LVLOZ8Z4V,DORNE-1
FA0ZFA9884,#N/D
900LOFA0LL,#N/D
Z00LZLZLO,DORNE-3
L88VLL48,STARKS
L9LO0V009,RIVERLANDS-2
LLO0FAVFALO4,#N/D
LZ8008,HOARE
LFAFA9L8,#N/D
LVL4Z0VL,#N/D
L0080V44,NORTH
LFAFAZVZ80,#N/D
LLO889ZZZ,CROWNLANDS
L8090094,STORMLANDS-1
900FA0000,#N/D
8LOVLO00V,#N/D
ZVLOFA0FA0LO,HOARE
VFA80ZVLO,#N/D
L409FALLO4,#N/D
8004VZL4,STORMLANDS-1
LLO4V4FAL8,#N/D
L4900LV0,STORMLANDS-1
LL480LOV0,#N/D
FA048L4,#N/D
L9400848,DORNE-1
L8ZLOFAFA4LO,STORMLANDS-2
LFA908LOV0,#N/D
L009LFA,IRONISLADS
FA0L9L4L9,#N/D
ZZVZ0Z98,DORNE-1
90LZZM0LO,#N/D
L00ZLO0V0,STORMLANDS-1
L0V0LLOVZ,IRONISLADS
LV04ZLZFA,#N/D
L9FAFAFA9Z0,#N/D
LVZM4980,#N/D
LLO00FAFAFALO,#N/D
LZZ9FA04V,#N/D
FA00FA8V44,NORTH
LZZ48Z40,DORNE-1
LLLO00LO80,DORNE-1
Z09LV8LFA,#N/D
989FAV9,IRONISLADS
L84880ZFA,DORNE-3
L8FALOV080,DORNE-1
L9ZL98L4,#N/D
LLO0984Z0,STARKS
LLLZ8ZLZ,#N/D
V09FA4FA4FA,#N/D
FA0LLLO440,#N/D
8Z4ZZM8,IRONISLADS
L9V4909V,HOARE
L80LO9ZL4,STORMLANDS-1
L9ZMZ04FA,STORMLANDS-2
LV94LL90,#N/D
LVFA9LO8LOL,STORMLANDS-1
LZ9LOFA4,RIVERLANDS-1
8LZ0ZFA0,HOARE
L90V804LO,DORNE-1
LVL4V0,STORMLANDS-2
L40LOZLVV,DORNE-3
FA0LLOFAV9Z,#N/D
LZLOVVLOFAV,NORTH
L90LZVLV,DORNE-3
FA984LO,HOARE
L8V90Z9L,#N/D
LZFA80489,REACH
LV08Z808,#N/D
L4FAV4V08,STORMLANDS-2
L4988Z,#N/D
940LZ84,#N/D
LV0V0088,#N/D
LV0LOVZFAFA,#N/D
L840ZFA4FA,DORNE- 2
Z00ZVFAL0,RIVERLANDS-1
Z0FA4LOFA88,RIVERLANDS-1
LLO9L0V88,NULL
L890L880,#N/D
L9LLOLZ80,DORNE- 2
LL90LOV0L,STORMLANDS-1
L900Z94V,NORTH
LLO98FA4V4,HOARE
LZLOFA0880,RIVERLANDS-2
L8VLZ80V,IRONISLADS
L9LOVV0L8,DORNE-3
L400LO9V0,#N/D
L8804FA0FA,#N/D
900VLO8FAL,#N/D
LLOVV0494,DORNE-1
FA000FALOL4,RIVERLANDS-1
LLOV84989,DORNE-1
L4V0Z80Z,REACH
L9LO808FA8,NORTH
L98L098L,STARKS
880FA0L9,#N/D
L44ZZ0LO9,#N/D
V0ZZ4L,HOARE
L9FAVZLVV,DORNE- 2
LL8LZM4Z,#N/D
LV48L890,#N/D
L8L409Z9,#N/D
LLOV08ZZM,REACH
LL4ZZ0Z8,#N/D
L0FAZZ80Z,DORNE-1
LVV9ZL0LO,#N/D
ZZ4Z8LO80,NORTH
LZ8890ZV,NORTH
FA0008044,STARKS
L9L00V0FA,STARKS
LVZFALO008,STORMLANDS-1
900890LOFA,#N/D
FA048FA088,#N/D
LLOFA8Z80FA,REACH
LZFALLOFALO4,STORMLANDS-1
L4LLV9VZ,STORMLANDS-2
LV009LOFAFA,NORTH
LFAVL00LOL,STORMLANDS-1
9LO09L4L,#N/D
LLO4FA4Z94,#N/D
L800ZMFAFA,IRONISLADS
L9FAV0Z9Z,NORTH
L44L8ZZZ,#N/D
Z0LZFA0LOV,DORNE-3
Z04VLOZZLO,RIVERLANDS-1
ZVLOZ90L0,#N/D
LZML4009,CROWNLANDS
9000FAZ9FA,#N/D
LZ404V0L,IRONISLADS
LL0FA08,RIVERLANDS-1
L90LO84FAL,RIVERLANDS-2
L4Z4FA900,#N/D
L80LFAZFAFA,#N/D
L0FA44LOZ9,DORNE-1
LFA00VLOZ4,#N/D
LLZZM0,RIVERLANDS-2
L4Z098V0,#N/D
LVVLOLZ40,CROWNLANDS
LV4Z0FAV0,#N/D
LZLOZL40Z,REACH
L88FAV04V,STARKS
8LFA9L4Z,#N/D
V0ZL098Z,REACH
ZVZLZVZ0,DORNE-1
LZ89LOLFAZ,STORMLANDS-1
LO008LO04V,CROWNLANDS
LLOFAFAFAFALO8,CROWNLANDS
L400LO00LO,#N/D
L88VL0LOV,NORTH
LL4L9VFA0,#N/D
LLOVLLOL0V,CROWNLANDS
LLFA80L4Z,#N/D
LZ00FA88FA,NORTH
L8FA94L09,#N/D
L9ZFA9LOZZ,RIVERLANDS-2
LO0Z9FAFALOFA,#N/D
L8L4FA4LOV,STORMLANDS-1
FA0Z4049L,#N/D
LFALFALO90V,#N/D
LZ9LV400,#N/D
L4V00ZLV,NORTH
LO04FALOLZL,#N/D
V04098ZLO,#N/D
LO00VLVFAFA,NULL
LFAFA49FA94,#N/D
LZ9FAFA0LO9,#N/D
LV4FAFAZ04,NULL
L4LO84988,#N/D
LLFA08L0LO,DORNE-3
L4FA0Z0LZ,DORNE-1
LFA809LLV,CROWNLANDS
LV8400Z4,#N/D
LLLVLO0VFA,DORNE-3
LFA9009FAFA,CROWNLANDS
L898LOFA9FA,#N/D
LFA9FAZLO0LO,STARKS
L808LO444,#N/D
LV0VVLLO8,STORMLANDS-1
LVFA90VZFA,#N/D
L08ZZ0FA0,CROWNLANDS
ZV948L,#N/D
LL088809,#N/D
LO0LO49084,#N/D
Z04LOL48Z,#N/D
Z0L0L400,RIVERLANDS-2
L404ZVLO0,HOARE
LLLO90Z8V,STORMLANDS-1
LFALO9LO80LO,DORNE-1
LO0Z4LVFA4,AEGON
LLO4Z0L04,#N/D
L4FA084FA4,STARKS
LVZ49V00,#N/D
VLFALOLL4,HOARE
LLO00ZFA89,#N/D
LO0Z4Z800,#N/D
LLOV09L,#N/D
L80Z9VLO4,#N/D
L940FAFA40,RIVERLANDS-1
Z0FAFA8LOL9,DORNE-3
V0V00L8LO,#N/D
L4LL0FAFA9,DORNE-1
ZZL49L0LO,#N/D
LZ0VZZFAZ,IRONISLADS
Z044FAL98,DORNE-3
L9ZV00Z9,DORNE-3
90LLLOFAFALO,#N/D
LZLLO0ZM4,DORNE-1
LO04LZ0LO8,DORNE- 2
LLOL9000V,HOARE
4840LLV,IRONISLADS
V0ZFA0LVL,REACH
LV4000,STORMLANDS-1
ZLOFALO40LV,HOARE
L80088VLO,DORNE-3
LFA0ZLL04,#N/D
LFAZLO98FAV,STORMLANDS-1
L8ZZ0FA0Z,DORNE- 2
LVZFAV4LL,#N/D
L80LOZ0LV,HOARE
LVL0FA04L,#N/D
90080880,#N/D
LZ880LLO4,#N/D
FA040V8V8,#N/D
ZZ48LOFA4Z,DORNE- 2
V0LFAFA4V,DORNE-1
LLO80LFA0L,DORNE-3
L4L04098,#N/D
LVZFA0LOZ0,STORMLANDS-1
FA0LLO90LL,#N/D
L98ZFAZLOL,DORNE-1
L949V488,#N/D
L9ZZ04L4,IRONISLADS
L89Z809L,DORNE-1
LVFA8VV,DORNE-1
L8L0L80LO,#N/D
L889L0FA0,#N/D
8009LO09L,NULL
L9898LO88,DORNE-1
90L4LO4,#N/D
ZZ000FA8LO,RIVERLANDS-2
V0VLZ4LOFA,STORMLANDS-2
LLL0Z0LOV,DORNE-3
9000ZFAV9,#N/D
LZ9LO0L98,#N/D
L8VLO40LO0,STORMLANDS-2
LFAFALO0L8Z,DORNE-3
LLOFAFAZ0V0,#N/D
L8Z90L80,RIVERLANDS-2
V0ZM84L0,NORTH
Z089ZZ00,RIVERLANDS-2
FA000980V,CROWNLANDS
L9LO00L8FA,NORTH
LZ0ZLO088,IRONISLADS
LV0FA00FAFA,NORTH
LL9Z9VFA0,IRONISLADS
LZVL48Z0,IRONISLADS
LVL90LOZL,HOARE
LL04V8,#N/D
L8ZZ8090,NULL
LO0LO0FA949,CROWNLANDS
L0ZLZZ94,#N/D
LLFA00000,STORMLANDS-1
8ZL00FA0,IRONISLADS
LO0ZLZLO80,DORNE- 2
L9LLO8VZ0,DORNE-1
L8LO498L9,STORMLANDS-1
ZZLLZLVLO,NORTH
L80LL800,CROWNLANDS
LVLOZV900,#N/D
FA00040LL,RIVERLANDS-2
L8LFAZLZ4,RIVERLANDS-2
FA0LV0094,#N/D
L8LL4FAFAL,NULL
V0LV0LV0,DORNE- 2
L9FAZM49LO,RIVERLANDS-2
LV09049Z,#N/D
LVFALO0LO,STORMLANDS-1
LLO0LO0LO49,RIVERLANDS-2
LLO409880,STORMLANDS-1
LLOZVZFA89,DORNE-3
L9V00Z8Z,STORMLANDS-1
8ZMLO4ZZ,HOARE
Z0V0FAFA80,DORNE-3
8FA9FAL9LO,HOARE
LLOVLO80FA9,STORMLANDS-1
V0Z0ZLFA,IRONISLADS
800ZM0FAV,STORMLANDS-1
L049Z084,#N/D
LLO04ZZFA8,REACH
FA00LOFAL4Z,DORNE-3
L4V0LLOVV,NULL
LLZ04VLOL,NORTH
L9LVLZZ9,RIVERLANDS-1
L800V80LO,STORMLANDS-1
L4ZFALOV4LO,STORMLANDS-1
VV0LV0LO,HOARE
FA0909LOV4,#N/D
LFA4VFAFAV4,HOARE
LV08LOLV4,#N/D
800Z9040,STORMLANDS-1
LLO0L0FAZ0,#N/D
900ZVLOVLO,#N/D
L9LO0V909,NORTH
LO0Z8FAZ0FA,DORNE- 2
LLO88ZVL9,#N/D
LLOFALO0ZLO4,STORMLANDS-1
L8L0VL0LO,DORNE-1
V000ZFAZM,RIVERLANDS-2
LLOVL88V8,NULL
FA0L000VL,#N/D
LLO4448V8,RIVERLANDS-1
LLOV9FAFAFA9,DORNE-3
LLOVV0L44,#N/D
L8FA4LOV9L,DORNE-3
900V4880,#N/D
L909LOFAL4,DORNE-1
L9V940ZM,NORTH
L8ZLOFA049,#N/D
LFAFA800ZLO,CROWNLANDS
V09LOV40Z,#N/D
Z0ZM0440,RIVERLANDS-1
V089LOL09,REACH
LL8ZZ9V9,STORMLANDS-1
L9LZ0LO0LO,#N/D
L0LO48LOZ4,RIVERLANDS-1
L494LO0FA9,STARKS
LFA0LO8FA0V,DORNE-1
LLO88L4,NORTH
L00VL880,HOARE
L4V4L4LO0,CROWNLANDS
LZLZLLOZ0,#N/D
L809L480,REACH
ZVLOZ90L0,#N/D
LV4FALFA8FA,DORNE-1
LLZLOFAV0Z,STARKS
8L88VFAL,HOARE
LL90Z4FA0,HOARE
LLOFA40FA40,RIVERLANDS-2
LFA9FAL0,STORMLANDS-1
LV9FALOFA0L,STORMLANDS-1
L4L9LOZ0LO,STORMLANDS-1
LFAV04ZVZ,IRONISLADS
V0LFA0Z90,DORNE- 2
LLO0VV84L,#N/D
LLO00V8FA9,STORMLANDS-1
LLOVL40L4,REACH
L8809VZ9,DORNE-1
L980VZFA8,RIVERLANDS-1
LVLO4089L,#N/D
L8Z0Z8Z9,STORMLANDS-1
LLOZZLO9VFA,#N/D
LV0VLO00LO,#N/D
LZML4009,CROWNLANDS
L8049800,STARKS
L9LLO00V9,IRONISLADS
FA009LZZZ,DORNE-3
94LZ000,#N/D
Z08LOZVV9,RIVERLANDS-2
L0L0LFA08,DORNE-3
LVFALOZFALO8,DORNE-1
LZLVLOLLOZ,#N/D
LV8L49Z0,#N/D
L9V8L049,#N/D
V9ZZZZV,#N/D
L8880L,#N/D
LV98LO9FA8,STORMLANDS-1
LVL0V4FALO,#N/D
L9VFAL9FA0,STORMLANDS-1
L8884980,DORNE-3
L0LZM9LO8,DORNE-1
FA0L8V0Z8,#N/D
L8FA88LOFA4,STORMLANDS-1
L4ZFA8VFAFA,STORMLANDS-1
LZMZFA840,RIVERLANDS-1
L84L008Z,STORMLANDS-1
FA0FAL00,#N/D
LVLO4L0L9,RIVERLANDS-2
LFAZZ0098,#N/D
LV909VV4,RIVERLANDS-2
LLOZLOLLOZ9,#N/D
LVVFAVFA8Z,#N/D
L4Z90L8LO,CROWNLANDS
L4V98LO8L,CROWNLANDS
L08LO94,STORMLANDS-1
LVLO8LLO8FA,#N/D
V0V8400Z,DORNE-1
FA0FAV04Z4,#N/D
L8FALLO8V0,HOARE
ZVZ0VV09,IRONISLADS
L8LOZLL0FA,NULL
L900LFAZ8,#N/D
L9FA4LO0L4,#N/D
FA08Z0FAVL,#N/D
LFA8VLO8L0,#N/D
FA04VFALO80,#N/D
LV9ZZ8V9,DORNE-3
L8ZVLOFAZZ,DORNE-1
L80FA0VFA9,STARKS
LL84FA40FA,#N/D
FA0LLLO440,#N/D
V0V90809,REACH
90LO08VLO,IRONISLADS
L0ZLL0Z9,STORMLANDS-1
L90L0ZL9,HOARE
L9LOVFA04LO,STORMLANDS-2
LV09FA984,REACH
LV8LO490LO,#N/D
LLO08404V,HOARE
L8L08ZV4,CROWNLANDS
V0Z0ZFALOV,REACH
LLO49440Z,IRONISLADS
ZZLOLFAZ08,NORTH
L944Z0LLO,RIVERLANDS-2
LZ9ZZ0L0,HOARE
LV9LZLZZ,#N/D
FA0ZFAFA90V,#N/D
LV9LO0FA4LO,STORMLANDS-2
FA0LZ0804,#N/D
L0LO0ZM09,HOARE
L98FA0V,STORMLANDS-1
L8L0LLOVL,STARKS
LV89Z8Z4,STARKS
LLO9089VL,#N/D
VL00V84,#N/D
L8ZV0FA9V,#N/D
L8LOZZ8L9,DORNE-3
LFAFAFA4LO,STORMLANDS-2
L8LO09V90,DORNE-3
LL49Z8Z8,IRONISLADS
L944LO84V,IRONISLADS
L84LO904LO,NULL
LV90FA40V,RIVERLANDS-1
LFA848090,STORMLANDS-1
900FAV0V8,#N/D
L8LO9L909,RIVERLANDS-1
L8VLZ80V,IRONISLADS
FA00ZLZZ9,STORMLANDS-1
LVFAFAZZLO0,REACH
L80LZVVV,#N/D
L4V44LV8,STORMLANDS-2
L8LO400Z9,STORMLANDS-1
FA00FA8FALOL,HOARE
L0LLOLFAZ8,RIVERLANDS-1
L0FAL04Z8,STORMLANDS-1
900Z89LOV,#N/D
L9LO89LO44,RIVERLANDS-1
L8VFA8VL0,STORMLANDS-2
LV9FAVLOVLO,AEGON
LLV44Z0Z,#N/D
L9FAVFA000,STARKS
LZ944Z0L,DORNE-1
LFAL0944LO,#N/D
L8FALOZ0ZM,HOARE
L00V0V4V,#N/D
LV000LO,RIVERLANDS-2
ZZ0FA00ZFA,IRONISLADS
L9L0LO844,DORNE-1
LZFAZFAZZ8,DORNE-3
L9FALOLLOLFA,RIVERLANDS-1
L4404V0L,CROWNLANDS
LO0894LO80,CROWNLANDS
LV08LOLV4,#N/D
ZVLO0ZL04,HOARE
Z004FA4LFA,RIVERLANDS-2
9LO084L,HOARE
L9L00ZVLO,#N/D
V00V0LO04,STARKS
L8Z8ZZM8,DORNE-3
ZVZL9V04,NORTH
V,DORNE-1
LV89VVV4,NULL
L9LZ8LLOV,IRONISLADS
L0Z88L9LO,HOARE
844LOZ00,HOARE
LL089044,STORMLANDS-2
LL4L90,IRONISLADS
L9L8L88LO,DORNE-1
80084LO9,IRONISLADS
ZZV48908,NULL
Z44FA0FA,IRONISLADS
ZZFAZVZ0L,#N/D
900800V0,#N/D
VL9V888,HOARE
L04FALOVVV,REACH
L9VZVLV0,HOARE
V00Z900V,RIVERLANDS-2
Z04FA8LZL,RIVERLANDS-1
LZ0LOFAZFAV,#N/D
L84LZL8L,DORNE-1
L48V04V8,STARKS
FA0LFA440LO,#N/D
ZZL04Z,NULL
L8894VLO9,CROWNLANDS
L0V8V80LO,HOARE
8L89480,IRONISLADS
L9LLOLZ80,DORNE- 2
L9LO0LVL0,IRONISLADS
FA0ZLOZZ9V,#N/D
ZVLOVFA4Z0,DORNE- 2
80L49FAVFA,NULL
LV8800FAZ,DORNE-3
LFAVFA4LV4,IRONISLADS
L800L804,CROWNLANDS
Z0Z8L9LO8,DORNE-3
LV9ZZ88LO,STORMLANDS-2
V0L049V0,RIVERLANDS-2
V000Z944,RIVERLANDS-2
LVLO000LO8,STORMLANDS-1
LLOL40FA,#N/D
LZLFA9088,IRONISLADS
Z04L94Z4,RIVERLANDS-2
LLO0VVZVZ,STORMLANDS-1
LO04Z44LO4,CROWNLANDS
LZFALVLZV,DORNE-3
V900FAL4,IRONISLADS
FA0L0V0LLO,#N/D
LVZFA4ZV0,NORTH
L8FAVLO0LFA,DORNE-1
LV8Z008FA,DORNE-3
Z0FA80VLZ,RIVERLANDS-2
V00ZFA0L0,RIVERLANDS-2
LFA4ZMVFA4,DORNE-1
L8LV098Z,STORMLANDS-1
98809Z8,IRONISLADS
L44VLO0VFA,HOARE
L09L0LO94,DORNE-1
80LV8LOZ0,NULL
VZZM0VL,HOARE
888L4LOZ,IRONISLADS
LLO484ZM9,STORMLANDS-1
8Z4Z9L,IRONISLADS
ZZVVFAFAV8,NORTH
LVFALO8ZLOZ,STORMLANDS-1
LFA0400ZL,IRONISLADS
LFAV0ZVLOV,STORMLANDS-1
Z00V09VFA,DORNE-3
LV0FALLOLL,HOARE
V04V0LOFA8,REACH
LO0ZFA9LO89,AEGON
V08Z400,HOARE
L04LLLZV,STORMLANDS-1
LO00094L8,CROWNLANDS
LFA94988Z,STORMLANDS-1
LLOL0VVLLO,REACH
L04LOZ098,STORMLANDS-2
Z04800V0,RIVERLANDS-2
L4808ZZ8,IRONISLADS
LLOFA9FA49FA,NULL
L808980Z,DORNE-3
L9L00FA08,DORNE-1
LZLOZ894FA,#N/D
VFA484Z9,HOARE
FALOZL90,HOARE
ZZFA9LO0FALO,NORTH
FA098FA909,#N/D
L94Z9LO00,STORMLANDS-1
LLV00ZL0,STORMLANDS-1
80090LOLZ,NULL
89V0V84,HOARE
L9408448,DORNE-3
L00LO4Z0LO,STORMLANDS-1
L88ZZ0VV,IRONISLADS
LLZLO8LO4L,HOARE
L4FAFAZMLZ,NORTH
L409V80LO,RIVERLANDS-2
L49LOL9VV,REACH
LZMLOL80LO,RIVERLANDS-1
L9Z8LL44,IRONISLADS
L4FAZLO94L,STORMLANDS-2
L8L0L004,HOARE
LLO9498LOL,RIVERLANDS-2
L9FAZML9Z,NORTH
VLZMFA09,IRONISLADS
VLO4LOV09,IRONISLADS
L800LOV09,DORNE-1
LO000VLV8,CROWNLANDS
L440,IRONISLADS
VV9890L,IRONISLADS
84L90LO8,HOARE
LFAL0LO8LZ,NORTH
90084LOL0,#N/D
Z0FA8L00V,RIVERLANDS-2
LZLO9Z89FA,HOARE
V090LFA00,REACH
L880ZLO09,RIVERLANDS-1
LV8LOZ4LLO,STORMLANDS-1
808,IRONISLADS
9004ZL90,#N/D
9FA4L808,IRONISLADS
90L09840,#N/D
VLOVZLLOV,DORNE-1
V00ZLZ8LO,RIVERLANDS-2
LZFAVZZZL,STORMLANDS-1
V0LO44FA84,NORTH
L9FA0884L,DORNE-1
FA0FA489Z0,#N/D
LVLLO8LZ9,RIVERLANDS-2
LZLO40Z80,REACH
FA00LOL09Z,DORNE- 2
L8Z4FAZ4Z,DORNE- 2
LLOLFAZM94,NULL
V88VLOZ8,DORNE-1
L4LOZ88LFA,DORNE-3
L9FA8ZV49,HOARE
Z000LZ0FA,RIVERLANDS-2
L98V9ZV0,RIVERLANDS-2
L89004LOZ,RIVERLANDS-2
LV0Z4FAFA4,RIVERLANDS-1
ZZ4L000L,NULL
Z0VZL4FA8,RIVERLANDS-2
L8FAFAFAFA98,NULL
L9LOV0L08,REACH
9ZVLOLL8,RIVERLANDS-1
L84Z0LLFA,IRONISLADS
LLZ8049V,NORTH
FA0FA8V0FAV,#N/D
L4FA09VFA0,STORMLANDS-1
LV00VZ,IRONISLADS
L0ZLOLFALO0,RIVERLANDS-2
LFA9049LOV,STORMLANDS-2
LZ98LLO0L,DORNE-1
L94L0FAFAL,NORTH
800Z4489,STARKS
LLVLOV0Z0,STORMLANDS-2
VZ0ZM8Z,DORNE-1
V9409FA8,IRONISLADS
LLO000ZVZ,STORMLANDS-1
L9040V00,STORMLANDS-1
LZ4FAV904,HOARE
L4LFAV40FA,STORMLANDS-1
L904LO00Z,RIVERLANDS-1
FA00VFAV0LO,#N/D
LV4LLOV80,STARKS
L90FAFAZ0LO,REACH
L89VLOL40,HOARE
LLO9LZLOZ0,#N/D
80L90004,STARKS
FA0004VZZ,DORNE-1
LV944LL0,HOARE
L0LO4LZ98,STORMLANDS-1
L449V0Z0,DORNE-1
FA0V4LOVFAV,#N/D
FALLOFA4,DORNE-3
FA0LFAV8L9,#N/D
LZVVFA0LLO,DORNE-1
LZLLO0ZM4,DORNE-1
L8040044,STORMLANDS-1
Z0FAZ09VL,DORNE-3
L0FAFA04ZFA,CROWNLANDS
L80VLOZFAZ,DORNE-1
LVZV9040,RIVERLANDS-2
FA09ZZVL8,#N/D
L8ZFAZ40V,REACH
LVFA0FAL8LO,RIVERLANDS-1
LZ0L0LLO4,STORMLANDS-1
FA0VZLO480,#N/D
FA09LVVFA0,#N/D
V04VFAZZ,HOARE
L4FALL4ZFA,NORTH
988V49LO,RIVERLANDS-1
LO0FAFA8LVFA,CROWNLANDS
Z04FALO0LO9,RIVERLANDS-1
LLLO0FAL40,RIVERLANDS-2
LO00LO9L8L,CROWNLANDS
L8LOZVLO9LO,NULL
LFAFA00V49,DORNE-1
V04ZZFA8L,STORMLANDS-2
L94FA9FA08,DORNE-1
LV009FAZ0,NULL
LO0LOFA0V0V,AEGON
V08V494,HOARE
LO00004LV,#N/D
L9FAFAVVFA,DORNE-1
LFALOFAZVVV,RIVERLANDS-2
V8Z0FAZ0,DORNE-1
LVLO0FA8V4,RIVERLANDS-1
LLOFAVLOZ84,DORNE-3
L9Z984FAV,IRONISLADS
L908V4LO4,RIVERLANDS-2
Z0Z000FAZ,RIVERLANDS-2
80FA004V0,STARKS
498L4VLO,IRONISLADS
L8FAZZLO00,DORNE-1
L8FALVZ84,NORTH
LFALOVZL90,HOARE
L9V9490L,STORMLANDS-1
LLFA8VFA89,IRONISLADS
LFALOVL9Z0,DORNE-3
8ZFAFA9LO0,IRONISLADS
L88VLOVFA9,STORMLANDS-1
L0Z0FALO4L,HOARE
LLO0400V0,STORMLANDS-1
L9Z0L8ZFA,IRONISLADS
Z0V800LO8,RIVERLANDS-2
L9V4LOFAZLO,CROWNLANDS
4LLOVLFA0,DORNE-1
LLO00FAL89,STORMLANDS-2
LZ8Z900V,DORNE-3
L088FALOZZ,STORMLANDS-1
900ZLO0FAL,#N/D
LLO00FA0LL,IRONISLADS
LLL000ZL,HOARE
LZ0VFAV04,HOARE
L9084V0LO,STORMLANDS-2
L8009404,RIVERLANDS-2
LO0Z9FAFALZ,REACH
L88Z80,DORNE-1
8000LO448,NULL
LZ490LO8LO,RIVERLANDS-2
L9LO4FA4L4,HOARE
L98Z90ZV,NORTH
LO0ZMFA904,AEGON
L88V8VLLO,STORMLANDS-1
L0ZLO9ZZ4,HOARE
Z00VFA0,RIVERLANDS-1
L0LO9ZLO0Z,STORMLANDS-1
L8Z4LZ,NULL
LO0ZLOV90Z,RIVERLANDS-2
FA0LLOZLOL0,#N/D
L4ZVLO9LO9,DORNE-3
L4LO90LLL,HOARE
9008V000,#N/D
L0LO0LOL0LO,STORMLANDS-1
LO08LLLOFA0,CROWNLANDS
LZ0VFA4FAV,CROWNLANDS
LZ8FA9L,RIVERLANDS-1
L80Z80VL,RIVERLANDS-2
LZ80400V,HOARE
L9LLO098L,CROWNLANDS
LFALLFALV0,DORNE-1
ZLOFALO40LV,HOARE
LLOV490Z8,NULL
LL08Z040,IRONISLADS
L9ZLOZ49L,STORMLANDS-1
LLOZ4ZMLO9,DORNE-1
L0V00V00,DORNE-1
FA04Z9LFAL,#N/D
ZZV84FAZ8,HOARE
LFALL90VV,RIVERLANDS-1
FA04ZZ9FA4,#N/D
LLLO9VVZL,HOARE
LVL490LLO,DORNE-1
80L0L0VLO,NULL
L440LOFA00,CROWNLANDS
L8048Z84,IRONISLADS
FA00VLOZZM,STORMLANDS-2
FA0LLOZLFA8,#N/D
LV09FA084,NORTH
L8LO0VL94,DORNE-3
L080VZM8,RIVERLANDS-2
ZZV0V0,NORTH
V0LOZFALO0FA,NORTH
ZZ00FA80LO,NORTH
FA0LVZLL0,#N/D
8009Z000,STARKS
ZFA80L,HOARE
LL9ZZL8L,RIVERLANDS-2
LFAFAVFAZ00,DORNE-1
V080LOZ4,IRONISLADS
V0LLV000,RIVERLANDS-2
L40VV0FA0,DORNE-1
LFAZVLOVLO0,IRONISLADS
V08LOVL9FA,REACH
V848VLL,HOARE
80ZVLO48,IRONISLADS
FA0LZM9LZ,#N/D
LV8LLLZM,RIVERLANDS-1
V0LO8V989,STORMLANDS-2
L0ZZVFA8L,IRONISLADS
LLO040FA08,STORMLANDS-1
L90Z980L,STORMLANDS-1
V4V000LO,IRONISLADS
L480FA00V,NULL
L8FA404,RIVERLANDS-2
FA0ZLOFAFA94,#N/D
VLOV0090,HOARE
LOV0V4V,IRONISLADS
LLOLLFAZ88,HOARE
L94FALFAVL,RIVERLANDS-1
LFA084FA4LO,DORNE-3
LO04V848Z,AEGON
L0880L4Z,STORMLANDS-1
LV00VZLOFA,#N/D
L4FAV4LO9FA,CROWNLANDS
FA000L408,DORNE-3
L9Z8FA8ZLO,STORMLANDS-1
ZZZ44VZFA,STORMLANDS-2
LLO844V4V,DORNE-1
L90LO4089,STORMLANDS-2
Z0490Z8L,RIVERLANDS-1
LVV890LL,CROWNLANDS
LVVVFAVZLO,STORMLANDS-1
90098LO0Z,#N/D
L90FAV90L,DORNE-3
L900L0ZZ,DORNE-1
LV8VLOFALO0,CROWNLANDS
L08Z8LVV,NORTH
L8909LO0V,CROWNLANDS
V0FA0L0FAV,DORNE-1
L9LLOFA049,HOARE
Z0VLVL88,DORNE-3
L8940LOLL,RIVERLANDS-2
L80949Z8,REACH
ZZVVZ000,CROWNLANDS
L9Z84ZLLO,STARKS
LZM4ZVV8,IRONISLADS
Z0L09V09,STORMLANDS-2
LO04LVFA89,DORNE- 2
ZZLO8FA8FA4,DORNE-1
V4VV0LO4,DORNE-1
L8LLOZLO09,DORNE-3
L98LLO8,HOARE
L84VZLO,IRONISLADS
LZLO80VFA0,STORMLANDS-1
800V0L0Z,STORMLANDS-1
LVZM0000,NULL
L98FAFA9Z8,HOARE
LO0Z9FAVZFA,DORNE- 2
LLVFAL0ZFA,NULL
LZFAZL98L,STORMLANDS-2
LFA8LLVLLO,NORTH
LVLLO8LZ9,RIVERLANDS-2
LVLFAFAZM9,STORMLANDS-2
V0VZFALO98,STORMLANDS-2
L0L0FAFA09,STORMLANDS-1
FA040LOLFA4,#N/D
9LO90ZV8,HOARE
LLZ904,STORMLANDS-1
L89LLOZL8,DORNE-1
LLO900LO0LO,DORNE-3
L4FALO8VZ9,HOARE
FA0LZZLV0,#N/D
L84FAZFAL4,DORNE-1
VVV4LOL0,HOARE
V0049L4FA,RIVERLANDS-2
LV09FALFAZ,STARKS
V09LV84L,REACH
ZZLO4FAFA8V,STORMLANDS-2
VZLO90ZZ,HOARE
LFA9Z9LO98,IRONISLADS
FA0048LO,#N/D
LVLZFA4LZ,NULL
Z0L09V00,DORNE-3
L8Z4V800,STORMLANDS-1
L44Z80Z4,RIVERLANDS-1
LO0Z0LOFA04,AEGON
V0LLFAZZL,RIVERLANDS-2
80L9404L,STARKS
LO0LO4LLZ4,AEGON
Z0FAFA8LOL9,DORNE-3
L9FA40ZL0,IRONISLADS
FA04000VLO,#N/D
Z0L090,DORNE-3
LV0FA444L,NULL
Z0FA40FALOL,RIVERLANDS-1
LZV9LO900,HOARE
L90VZ8LLO,DORNE-1
LLO44040FA,REACH
LO04L89V4,CROWNLANDS
8ZFAFA90L,DORNE-1
LZLLFAVZL,NORTH
Z0VZ004LO,RIVERLANDS-1
9FAV0LOFA0,HOARE
Z00FA0LO98,RIVERLANDS-2
LZMV00VV,RIVERLANDS-2
LLVFA8LOZ4,RIVERLANDS-2
VLO90ZZM,HOARE
FA00LL000,HOARE
9080409,DORNE-1
FA0Z0VLO90,#N/D
L00FALO8FA4,DORNE-3
LO0Z9ZM08,CROWNLANDS
LZ8L04LV,NORTH
LZ40FA9ZL,CROWNLANDS
V00Z9VVLO,STORMLANDS-2
L88LO08FAZ,DORNE-1
LLOVZV80L,RIVERLANDS-2
FA08000LO9,#N/D
L949Z4,RIVERLANDS-2
L0L848FA9,RIVERLANDS-2
L4ZZ940Z,STORMLANDS-1
FA00FAFAFA,#N/D
L0LOVL9LL,DORNE-1
FA00VFAFALOL,HOARE
FA00ZLFAV8,#N/D
LO0LFA08VZ,CROWNLANDS
FA00LV0ZV,#N/D
FA0FA090V9,#N/D
LLV008V8,NULL
L0000L,RIVERLANDS-1
84009LO9,DORNE-1
FAL89LO4LO,IRONISLADS
LLLO9L004,CROWNLANDS
FA000FA0LOV,#N/D
L9VLLOZVV,DORNE-1
LO0LLFA4FA4,CROWNLANDS
FA0FALO0V04,#N/D
L9FAZLZ40,RIVERLANDS-2
8004LO8L4,NULL
800LO400LO,STORMLANDS-1
FA00V8VLOZ,HOARE
FA0449V89,#N/D
FA0L9Z9FAZ,#N/D
FA0Z4VFA,#N/D
LZ4LZLO8L,REACH
LO08VFA0LO0,CROWNLANDS
FA09ZZ09LO,#N/D
FA0Z0LOLLOZ,#N/D
800FA4888,NULL
L944LZLOFA,NULL
L0444V8FA,DORNE-3
L9LOFAFALOZL,REACH
LVFA98FA4FA,DORNE-3
80LZM9ZLO,STORMLANDS-1
LO0LZ008Z,NULL
FA0VZVFAFAFA,#N/D
LVZ98FAFALO,STORMLANDS-2
L8FA9LO004,DORNE- 2
L0800LVFA,RIVERLANDS-2
L84LOLFAZFA,REACH
Z00VZ9LL,RIVERLANDS-2
FA0Z09LO4,HOARE
LL0000LFA,DORNE-3
L9ZVV4Z0,IRONISLADS
L4980LO90,STORMLANDS-1
900LOFA8LFA,#N/D
FA088L489,#N/D
FA0VZFA0Z0,#N/D
FA0LVVFA8Z,#N/D
V8ZLVLOZ,IRONISLADS
LFA0ZV8LO8,RIVERLANDS-1
ZZ0V4090,NORTH
L009Z08V,STORMLANDS-1
FA0LOVVFA40,#N/D
V0LOFALO4LO,IRONISLADS
VL0V88FA,IRONISLADS
L0004FAL9,STORMLANDS-1
L0ZM0,HOARE
VLZFA00LO,IRONISLADS
LVLV9Z84,CROWNLANDS
L9LV9LO0LO,STORMLANDS-2
L0Z890LOL,HOARE
L9ZFA0800,NULL
Z0LOLLOZFA4,DORNE-3
LV9L4LL4,DORNE-1
LZ0LO980L,STORMLANDS-1
V0LLO9VLFA,DORNE-1
LZFA4FA400,HOARE
L4FAFALOFA8LO,NULL
FA0Z9ZFAZLO,#N/D
L00FA9L0Z,RIVERLANDS-2
8ZMV4,#N/D
VZ0FA80FA,DORNE-1
LFAVVL490,DORNE-1
LO0ZFAFA4ZV,REACH
L08FAVL44,DORNE-3
FA04FALO0VLO,#N/D
V00LOZ944,STARKS
L8090LO09,STORMLANDS-1
LFAZLOZ09Z,STORMLANDS-1
809FAL8,IRONISLADS
V04FA04LO8,STORMLANDS-2
Z00V0440,RIVERLANDS-2
LV90VV0V,DORNE-1
LFA098844,HOARE
FA000844LO,#N/D
LO0VFA90FA0,STARKS
L900FALO89,DORNE-3
9000V9ZM,#N/D
LFAL4890Z,DORNE-1
80L00VFA9,NULL
L8LZ48FAFA,STORMLANDS-1
ZLO4ZM40FA,CROWNLANDS
LLOVZVLOLLO,STORMLANDS-1
ZZ0009L4,IRONISLADS
L8FAZ8LVZ,HOARE
LLO0Z80L0,STORMLANDS-1
LZMFAVVFA0,REACH
94FAFAV,DORNE-3
L0ZFA4LZM,STORMLANDS-1
Z00V8L8LO,DORNE-3
Z0L4VFA88,DORNE-3
LLOZV448FA,RIVERLANDS-2
Z000FA888,DORNE-3
V0LO9Z0FA4,NORTH
LV80800L,RIVERLANDS-2
LLO004VLOFA,REACH
904V90Z,HOARE
L89LOFAZFAV,STORMLANDS-2
L0V880,STORMLANDS-2
LV4LO4FA44,STORMLANDS-1
LLLFA44ZV,STORMLANDS-1
LLO4ZLO08FA,DORNE-3
V0880000,REACH
90ZLZV9,IRONISLADS
L8098ZZ9,NORTH
900FAFAL0V,#N/D
L9L09LLV,NULL
Z0FA0FALO09,DORNE-3
FA008LO0LZ,AEGON
LLVZ4LO00,NORTH
LVLL0ZFA9,IRONISLADS
L0V9FA808,NORTH
LO0L8V8VLO,NULL
LZVV48FA0,STORMLANDS-1
V0L0V0Z0,RIVERLANDS-2
LVZZZV9V,STORMLANDS-2
FA00ZV009,RIVERLANDS-1
L0LO08LOLZ,IRONISLADS
LVVZ98VL,IRONISLADS
800LLO4V9,STORMLANDS-1
FA00Z8V04,#N/D
LO0FA0Z8Z9,CROWNLANDS
V000L049,#N/D
FA0LVFALO80,#N/D
LLOZ089,RIVERLANDS-2
L94LZ4Z4,STORMLANDS-2
9ZZZVLZ,DORNE-3
LV0LO0L9V,RIVERLANDS-2
LV04LO9LO9,REACH
90L0448FA,#N/D
804VVLO0,IRONISLADS
L4LO09LV9,RIVERLANDS-1
LFALO94LO90,STORMLANDS-1
L049LOZ,DORNE-3
L4L90049,CROWNLANDS
L449ZFA44,DORNE-1
Z0FAZV00L,DORNE-3
FA0VLO4LOL0,#N/D
L4ZFAL0V8,STARKS
L9ZZ00VZ,RIVERLANDS-1
8080FAZ4,DORNE-1
L9LZL890,DORNE-3
FA0LO08FAZ4,#N/D
L4000884,RIVERLANDS-1
LL0LLOL9Z,STORMLANDS-2
L84L4LO04,HOARE
L8L4V90FA,NORTH
LVLVLFA9FA,DORNE-1
ZZV00094,RIVERLANDS-2
8LO89FAV9,DORNE-1
L84ZVL00,IRONISLADS
LVZ00ZLOV,REACH
FA0FAFA900V,#N/D
L0009VLOV,IRONISLADS
L00FAZ90Z,STORMLANDS-2
L98ZLLO90,IRONISLADS
FA004L4LOZ,CROWNLANDS
LVZ9FA8LO0,IRONISLADS
Z0FALOFA4FA4,DORNE-3
900V84FA8,#N/D
LZLO0900V,HOARE
L0ZL0FA90,DORNE-1
V009FAFAZ4,RIVERLANDS-2
LZLLFAFA00,REACH
LZFA08LZ8,STARKS
900988V4,#N/D
L9400LO0FA,IRONISLADS
L9004848,STORMLANDS-2
L400ZLLFA,REACH
LLLOFAZFA08,STORMLANDS-2
LLOVVFA890,NULL
FA04FA0VLO0,#N/D
LFA40LOFAFALO,IRONISLADS
FA0Z0004FA,#N/D
L94004,#N/D
L9848V98,REACH
FA00FA09LO4,STORMLANDS-2
LVVL9049,STORMLANDS-1
LZ08LO0,DORNE-1
L80LOVFA0Z,IRONISLADS
V0FAVVFALO8,IRONISLADS
LZ08908V,HOARE
800L0ZLO4,STORMLANDS-1
LV040LOVV,CROWNLANDS
L90040,STARKS
LV409V,CROWNLANDS
9009LO9,#N/D
FA0040LOVL,#N/D
Z0FA94FAZM,DORNE-3
FA08LZZ4FA,#N/D
L94089FA0,RIVERLANDS-2
LO0LV0908,CROWNLANDS
LV89FA8FA0,STORMLANDS-1
L4040FA88,IRONISLADS
80FA0FAFA40,NULL
Z04LOZVL8,RIVERLANDS-1
LFA9FAL09V,STORMLANDS-1
V0008Z,RIVERLANDS-2
L8009VZV,STORMLANDS-1
VL4ZVZ0,DORNE-1
VLZLVZ0,IRONISLADS
LO0LOZZ89Z,#N/D
Z009FA400,RIVERLANDS-1
L084V00Z,STORMLANDS-1
LFAZLOZ0,REACH
LFA08LO8FAZ,CROWNLANDS
L4988LVLO,IRONISLADS
L88004FA8,DORNE-1
VL4ZFALL,DORNE-1
ZZ0ZV00L,IRONISLADS
V008LO0LO9,RIVERLANDS-2
LO0ZLOVV08,RIVERLANDS-2
FA0VZ0VV9,#N/D
L0FALOL8ZFA,STORMLANDS-1
LO0Z0LZFAZ,AEGON
FA00Z40LL,#N/D
FA008VV8Z,DORNE-1
L8900LOZ0,STORMLANDS-1
LVZ0VLO,DORNE-1
LZZFA0VLO8,IRONISLADS
V4LOVV88,IRONISLADS
80040L00,STORMLANDS-1
FA04LO9ZMFA,#N/D
FA0L0LOZZ9,#N/D
L8L0FAZZ8,RIVERLANDS-1
L8ZLOZLO,STARKS
900FA8LOL8,#N/D
V00Z04VV,NULL
L90988VV,STORMLANDS-2
Z0Z0V800,DORNE-3
V0L8FA988,RIVERLANDS-2
LO0ZV8ZLOZ,NULL
LLOFAZLV,STORMLANDS-1
FA0LOZ90Z8,#N/D
LZLO80VLO0,#N/D
L480LLZ0,DORNE-1
L9LO08LOVFA,STORMLANDS-1
LLOL9000V,HOARE
L9LO09VFA8,RIVERLANDS-1
849V98Z,IRONISLADS
LLOL80LO9L,IRONISLADS
LFA08V880,STORMLANDS-1
LVZ488Z0,IRONISLADS
L9L04Z0L,STORMLANDS-2
LV4Z80L0,RIVERLANDS-2
LZLO09FAFA9,RIVERLANDS-1
ZLOFA9VFAZ0,IRONISLADS
V488LZL,DORNE-1
FA0098L04,NORTH
FALO849LFA,HOARE
ZZZZ9LO4FA,NORTH
84VLOVV9,#N/D
LLOLFA8FAVL,RIVERLANDS-2
Z00LOVZFA0,RIVERLANDS-1
L0Z9V0VZ,DORNE-1
988L80,IRONISLADS
L80088VLO,DORNE-3
L9LOZ9FAZ4,CROWNLANDS
L8LO90LO40,RIVERLANDS-1
LV9V9L9V,STARKS
LV0LVLLO8,REACH
V0LO9VFAFAL,STORMLANDS-2
L4ZVL944,NULL
V404ZZV,IRONISLADS
LLO9LOZ8L0,STORMLANDS-2
9FAFAFALO0V,DORNE-1
Z00LV4,RIVERLANDS-1
LZ80LLOZZ,STARKS
FA09FAFALO08,#N/D
90VLOL8FA,IRONISLADS
L0LO90LOFAL,STORMLANDS-1
L940L4LO8,IRONISLADS
LL40Z800,STORMLANDS-1
800VZLL0,STORMLANDS-1
L8LO09FA,RIVERLANDS-1
L4800Z90,CROWNLANDS
L0V00Z0Z,IRONISLADS
V0LOFA00FA9,NORTH
FA0FA904,#N/D
LLO0LO0Z89,STORMLANDS-1
L4FA8408L,STORMLANDS-2
L9FA0LOV94,RIVERLANDS-2
LO00LLOFA90,CROWNLANDS
90L09L8L,RIVERLANDS-1
LO9000L0,HOARE
L8FA80LO9FA,NORTH
L0FALOLLOL0,NORTH
L8Z084FALO,DORNE-1
LLOZZL0FAZ,NULL
L8ZZV0VZ,RIVERLANDS-2
4ZMZMFA8,HOARE
Z00V9ZFALO,RIVERLANDS-2
FA00LFA9ZV,#N/D
LZM4VLFA4,STORMLANDS-1
LLO04FA9FALO,NULL
LLO8LLOV0LO,DORNE-3
LL9VL9LO4,STORMLANDS-1
80LFA00FA8,STARKS
LLOZFA00FA9,NULL
LLOZFA8LOZZ,HOARE
LFAVFAZ9V0,STORMLANDS-1
L9VLO94ZLO,NULL
L9FA8FA808,#N/D
8L04904,IRONISLADS
L9V0LLVL,RIVERLANDS-1
L94LV9FA9,STARKS
VZ8LZ90,IRONISLADS
9000008,HOARE
LZM00L89,STORMLANDS-1
ZZZV00ZL,NORTH
L880L8Z0,STARKS
L98VV0V0,NULL
L00V88V4,DORNE-3
LV9LZLFAL,STARKS
V00V9ZLL,STARKS
8004FAZ9V,NULL
L00LOFAZ80,RIVERLANDS-2
L0FA80VLLO,IRONISLADS
89Z094LO,HOARE
FA008LO08V,NORTH
Z0FA9Z000,RIVERLANDS-1
FAFA94VLO4,IRONISLADS
ZZZZLO04Z,NORTH
VL44840,HOARE
90LL40V8,#N/D
VL44LFA0,DORNE-1
LZML9L4LO,NULL
LLO00FAL04,RIVERLANDS-2
LV0LFALO8V,STORMLANDS-2
V984080,HOARE
LV049FA49,DORNE-3
V00Z4FAL8,RIVERLANDS-2
LFAL4L804,CROWNLANDS
LFA00ZMLL,HOARE
L09V09,HOARE
L48LFAV80,HOARE
ZZ09FAFAFALO,#N/D
LLOLZZ0FA4,IRONISLADS
LLO80L8FAV,DORNE-3
LO04FA098L,#N/D
LO0FALLOLV8,NULL
L8L9ZL,DORNE-3
L9LOV0ZL4,STORMLANDS-1
L8LLOZL,RIVERLANDS-1
LLOZ4Z00LO,STARKS
Z0FALO0FA0V,DORNE-3
L890Z0,DORNE-1
Z0LO4VFAL8,RIVERLANDS-1
9890VV8,DORNE-3
LV4ZMV0FA,DORNE-3
L8LL4LOLZ,DORNE-1
L984L840,NORTH
90L04ZZ0,#N/D
LZ40FA8V4,DORNE-3
L0L049,STORMLANDS-1
V04ZFALV0,STORMLANDS-2
LO0ZFAV9LL,REACH
ZZLO00V00,NORTH
900FA9ZZFA,#N/D
LV4Z0Z90,REACH
FA0484L0FA,#N/D
LV904009,NULL
LO0LO00LOFALO,CROWNLANDS
LL8LO9VLZ,STORMLANDS-2
LZ90FA0LV,REACH
LZLO0FAL4L,STORMLANDS-2
FA09VFA9V4,#N/D
Z0408L40,DORNE-3
LLOLFA80,RIVERLANDS-1
8000V9VL,NULL
800V00LO,IRONISLADS
LV840Z49,STORMLANDS-1
L0Z9L8,RIVERLANDS-1
V0FAV040,DORNE-1
L9LL84L4,DORNE-3
LV0FAVZFA9,NORTH
LLOFALOFA8LV,RIVERLANDS-2
L8FAFA8LLOZ,NORTH
LVL000Z0,CROWNLANDS
FA00L9FA09,HOARE
LZLVFALO90,REACH
L8L80L80,STORMLANDS-1
L4FA0FAZFA4,STORMLANDS-2
L9VLVV00,DORNE-1
L8LO8V4FA0,DORNE-1
L0004Z09,RIVERLANDS-2
LFAL9ZZLV,STORMLANDS-1
Z009ZZVL,RIVERLANDS-1
V0FAV98FAL,STORMLANDS-2
LV9FA9408,DORNE-1
VFAVLO0LOFA,DORNE-1
LZLLV90FA,STORMLANDS-1
FA4ZFA404,IRONISLADS
LL9LLO8LLO,STORMLANDS-1
9FA8ZVZ9,IRONISLADS
L0V0FAZLFA,DORNE-3
8000LVLZ,STORMLANDS-1
L0904FA,STORMLANDS-1
FA0V0088L,#N/D
L44ZM049,CROWNLANDS
LLLOL94FA0,NORTH
LZ0FALLOZZ,IRONISLADS
FA0FAV944Z,#N/D
LZVV8ZVZ,STORMLANDS-1
FA048LO49V,#N/D
LFAFA4ZVFA0,DORNE-1
8ZMLO4ZZ,HOARE
Z089ZZ00,RIVERLANDS-2
80LZZ09L,NULL
L9FAV0LZM,HOARE
FA0084FAFA0,#N/D
LZ9LO0ZL9,IRONISLADS
L88FALO0ZL,HOARE
L80Z0FAL9,RIVERLANDS-2
V009Z8VL,DORNE- 2
LZ9FAVLFAZ,HOARE
L9VZ8L90,STORMLANDS-2
LLOV9L4LLO,IRONISLADS
FA0008L4V,STORMLANDS-1
8LFA4VFA0,IRONISLADS
L049VL0FA,#N/D
LL9FA940FA,DORNE-3
L9LO0FA884,#N/D
L9LOVLLOLV,DORNE-1
LV449008,STARKS
V0LFA944LO,RIVERLANDS-2
L8088ZML,CROWNLANDS
LZM00LOLV,RIVERLANDS-1
L90FA0LO0V,#N/D
V000FA0LO0,RIVERLANDS-2
LV4V08Z4,HOARE
LZZ00VVL,HOARE
L00VFA9FAFA,DORNE-3
L8FAFA8V9LO,DORNE-1
LOZ8LO89,IRONISLADS
L900880LO,STORMLANDS-1
L4V44V9FA,RIVERLANDS-1
LLOFA4FA490,HOARE
L9Z088LV,DORNE-3
L00L80LZ,HOARE
900480FA4,#N/D
ZZFA48Z00,NULL
FA00040LL,RIVERLANDS-2
LOZLLO098,IRONISLADS
V0LOZZZZ,HOARE
VFA4Z4,IRONISLADS
LFAFA8VLVL,IRONISLADS
FA0LOLV8Z0,#N/D
LV8VLO004,STORMLANDS-2
80L49800,STORMLANDS-1
L9Z9FA009,STORMLANDS-1
LZ9V90LO0,#N/D
VV4L890,IRONISLADS
FA0L9FA804,#N/D
V00LOFA944,STARKS
V00L8LFA0,RIVERLANDS-2
LZ0L0ZV9,STORMLANDS-1
FA0004LFAL,#N/D
ZZ4LO8004,NORTH
LZLL88LOV,HOARE
900980Z4,#N/D
V00L44LLO,CROWNLANDS
LL0LZZLZ,RIVERLANDS-1
V00FALO90FA,DORNE- 2
L44488V8,DORNE-1
8ZMFA0LO4,IRONISLADS
LO0L4FA0FA8,NULL
90LZ80FA4,#N/D
L9LZ90,STORMLANDS-2
V00LL9Z8,NORTH
LO00L9LOFAV,CROWNLANDS
LVLO98LO,#N/D
L80V0LO0Z,HOARE
LO0LFA0L48,NULL
8LLL094,IRONISLADS
LFA0049VLO,HOARE
L90V09L9,NULL
800008LO0,STARKS
LO0ZFAFAZLV,DORNE- 2
FA0408LZV,#N/D
L94V8LO04,NORTH
V0LZ4ZZL,DORNE-1
V0LLO8949,RIVERLANDS-2
V0LZV90LO,RIVERLANDS-2
80L4880FA,STORMLANDS-1
V0V0LO088,STORMLANDS-2
80LFAV80LO,NULL
L94Z00FAV,RIVERLANDS-2
LZM4LV,NULL
V080900V,REACH
L00FAZMZ8,DORNE-1
LVLZFA8LO9,REACH
LL0LO4V89,STORMLANDS-1
L9FAFA0FAFAV,DORNE-1
LLO9LO8FA00,DORNE-3
LO04LO8LO90,CROWNLANDS
L8LZZVZ8,NULL
L88VL488,STORMLANDS-2
LFAL90FA8FA,DORNE-1
V08ZZ848,REACH
L9400Z0FA,STORMLANDS-1
LO04FALLOL0,DORNE- 2
L00LOVL8L,STORMLANDS-1
FA0FAV9ZZLO,#N/D
80094ZLOV,NULL
L89FA9LO00,REACH
V0V0ZLO4V,STORMLANDS-2
ZZFALOL000,RIVERLANDS-2
LLV980VZ,STORMLANDS-1
LFAFAL0L8L,NULL
FA04LOL40Z,#N/D
L9Z09LO40,RIVERLANDS-1
L8004988,STARKS
LFALOFAZM84,NORTH
V0890Z8V,NORTH
L0FA9L40LO,DORNE-1
LLZ00Z0V,DORNE-3
L8009800,DORNE-1
LLOV00FA,RIVERLANDS-2
LVFAZ8Z00,DORNE- 2
LZ88LO0,HOARE
Z0L94L09,RIVERLANDS-1
L08LO0Z,STORMLANDS-2
LLOFAVV980,CROWNLANDS
LZZL0490,DORNE-1
V089L4LZ,REACH
L404FA0FAV,HOARE
9ZLZ9LFA,HOARE
FA000Z004,NORTH
LO04Z040LO,CROWNLANDS
L94L890LO,IRONISLADS
LVLV4Z8L,REACH
FALZ0VZV,DORNE-1
ZZ00ZZ0L,NORTH
LV8FA80LZ,STORMLANDS-1
L0FA0ZV48,NULL
VLO0V888,HOARE
L8ZL0FAVZ,IRONISLADS
LZ48L8LO0,STORMLANDS-1
VZ0LLZ0,IRONISLADS
L484LO4LLO,CROWNLANDS
LO0LO48V4Z,#N/D
4090FA0FA,DORNE-1
Z00ZM9L4,DORNE-3
LO0L8LLO04,NULL
LZLOFA94,DORNE-3
9L0LO0V0,HOARE
LV4Z04LFA,HOARE
LO0ZVLOL0Z,RIVERLANDS-2
L8849FA8L,DORNE-1
LLLOL88LFA,NULL
LL0V4VFAL,DORNE-3
LLOV909L4,HOARE
Z0FAZ9VL4,#N/D
LFA0LOZFAZL,STORMLANDS-1
L004800Z,DORNE-3
L0Z9LLOV8,HOARE
V0LO0LZFA9,NORTH
ZZ00FA449,STORMLANDS-2
L8V40840,IRONISLADS
V0ZLOFAZ00,DORNE-1
9L08000,IRONISLADS
LO0Z9FAVZ0,REACH
LLO04Z0L0,NORTH
L8LFA84V0,CROWNLANDS
LFA8FAVLO4V,CROWNLANDS
Z08VFAFALFA,DORNE-3
80FA0400LO,NULL
9FA8LOLLOV,DORNE-3
LVVLO8V80,RIVERLANDS-2
ZZVFAV9FALO,NORTH
LO0LO4VLOFA8,AEGON
8L008ZFA,IRONISLADS
LLO8L9VZV,STARKS
Z0FA4FAZL4,RIVERLANDS-1
LO0L00LZ0,NULL
80008ZV0,NULL
L890VVLO0,IRONISLADS
80V4LLO9,IRONISLADS
FA0LO8000Z,#N/D
V0804LOLV,REACH
L8ZV89LOV,HOARE
Z0ZFA8V0L,DORNE-3
9LO4Z9LOV,IRONISLADS
Z00FALV0FA,RIVERLANDS-1
FA009VLL4,#N/D
L00Z80LOZ,STORMLANDS-1
L848404Z,CROWNLANDS
LLO4LOVLFAV,RIVERLANDS-2
L0VLLOFAV0,STORMLANDS-2
9V4LFAFA0,IRONISLADS
LLOZLV8LO9,IRONISLADS
L0ZFA0L8LO,DORNE-1
LO009404FA,CROWNLANDS
LLLLO40VZ,STORMLANDS-1
LVFA448,RIVERLANDS-1
L9VZ00VL,DORNE- 2
LVFA00FA80,STORMLANDS-2
LV9LOLLLL,#N/D
LO04LOVZ0V,CROWNLANDS
VLV0VFA0,#N/D
ZZVZ80Z4,IRONISLADS
L0VZL0LO9,NORTH
LLLOVV0LO4,HOARE
Z0LVZ9L4,RIVERLANDS-2
LO04LO4L9V,CROWNLANDS
LFA8FA988LO,DORNE-1
LFAFA9800V,DORNE-1
FA008FA08LO,#N/D
FA0V0908LO,#N/D
L9LO44044,HOARE
Z0VZM04L,DORNE-3
LZ0LO0ZFAL,STORMLANDS-1
9VV4FAZLO,RIVERLANDS-1
L4LFAFA089,DORNE-3
LZ0ZLO088,IRONISLADS
90884LOV,HOARE
LZLO0Z0,RIVERLANDS-1
LO0ZV8448,NULL
L0FAVLVLO9,STORMLANDS-1
L9FAV0ZFA4,DORNE-1
LO044LO098,AEGON
Z040ZV8L,RIVERLANDS-2
LO009L8LFA,CROWNLANDS
V004FAFA00,RIVERLANDS-2
ZZVLO49LO0,NORTH
V0LO8VZZ,HOARE
LLO09Z9LO8,STORMLANDS-1
9FA8FAFA08,DORNE-1
LO040V0FA0,CROWNLANDS
L4V00FA0FA,STORMLANDS-1
ZZFAZ490FA,NULL
ZZL08LLFA,RIVERLANDS-2
8889ZFA0,DORNE-1
Z0008FAFAFA,RIVERLANDS-2
L8L80LO0FA,CROWNLANDS
L0LFALFALV,RIVERLANDS-2
LLO4LFALO4FA,DORNE-1
ZZLLLLO9V,NORTH
LV8Z9LLO4,STORMLANDS-1
LV0L0Z8Z,STARKS
LLO8948V9,DORNE-3
LFALO440FA9,STORMLANDS-2
V00V98L0,STARKS
L44L94VV,NORTH
L09LO8LO4L,DORNE-1
LFA4FA0FAVZ,STORMLANDS-1
FA0Z0VL40,#N/D
LO0ZM098V,AEGON
8FA00LZFA,IRONISLADS
FA0Z9Z04FA,#N/D
FA048984L,#N/D
L4LVL0Z0,DORNE-1
80LL0VV,DORNE-1
LO0FAFA9880,CROWNLANDS
LO0Z8LFA,DORNE- 2
90LO89VL,IRONISLADS
LV4ZMFA00,HOARE
LV00009Z,STORMLANDS-2
FA00Z8LV0,CROWNLANDS
80L44L08,NULL
LVZLOL04Z,CROWNLANDS
FA0VFA4LZLO,#N/D
V008L084,STARKS
FA0LLFA000,#N/D
L048940LO,STORMLANDS-1
LFAFAFA9LV0,IRONISLADS
L8LO0VLV4,DORNE-1
ZZLVZM40,IRONISLADS
8LLOL8ZL,HOARE
L0FA0L000,IRONISLADS
LLZL0LOZ9,STORMLANDS-1
LZ49V80V,STORMLANDS-2
L9LOVL88V,DORNE-1
LLOZ9L00V,RIVERLANDS-1
LZLO08409,NORTH
V0Z88Z40,DORNE-1
LZL4LO0,REACH
LO0LOV0FA4Z,AEGON
L909FAV0V,NORTH
LVLOLVZZV,RIVERLANDS-2
L80ZVZ0Z,NULL
900VVLOLV,#N/D
L4LLLZ80,DORNE-1
L49FA4LO48,REACH
LZV9LOFA8LO,NULL
FA00FA0FAVFA,STORMLANDS-1
L9FA00040,#N/D
LLOZV4000,#N/D
LO0ZZFA8V0,REACH
90Z0408,DORNE-1
V408FALOL,IRONISLADS
8004VVVLO,NULL
L0VFALL80,DORNE-1
L8FA09L4FA,CROWNLANDS
L48ZZFALOZ,HOARE
LZFA9LZL0,STORMLANDS-1
L8LL4LVZ,RIVERLANDS-1
LVV0049Z,DORNE-3
LO09FA8LOL0,CROWNLANDS
LFALOLLO940,RIVERLANDS-2
L8ZZ8090,NULL
L89FALOLFA8,NORTH
LFAZV0049,DORNE-1
L09LO0FALV,STORMLANDS-1
LO00FAVLVV,CROWNLANDS
FA0LOZ0FALL,#N/D
L49L90FAZ,IRONISLADS
LLOZ90L4FA,REACH
LV8FA90L8,DORNE- 2
Z0ZV0L0LO,DORNE-3
L898V0FALO,STORMLANDS-1
LO0L0L0LL,CROWNLANDS
L9LO880V9,IRONISLADS
L49LO90LO4,DORNE-3
FA0488Z8Z,#N/D
LLOZ88900,#N/D
L0FA09Z,NORTH
L9L8LOVZM,HOARE
Z009ZLO04,RIVERLANDS-1
FA0040FALO8,DORNE-3
V08LOZ0VV,REACH
ZZVFAFAFA8FA,IRONISLADS
L80FA4900,IRONISLADS
L8FA9L4,STORMLANDS-2
LVL90LOZL,HOARE
V0FAZ8V04,DORNE-1
LZL04V4FA,STORMLANDS-1
LLOL9LOL0L,STORMLANDS-1
LO0Z40LOL4,AEGON
L4FAVV008,#N/D
LLO9FAL4LLO,STORMLANDS-2
FA0ZZ9L48,#N/D
FA0089VZ0,IRONISLADS
LVZ0V0ZLO,HOARE
L0V000ZZ,DORNE-3
V8ZZZ40,IRONISLADS
FA040ZVZL,#N/D
L4FALVZ00,DORNE-1
ZVZMFAFA,NULL
LVZ909V0,DORNE-1
LLZMLO0V9,STORMLANDS-1
L84FALLOFAFA,HOARE
V049VFA80,REACH
L8LLO0LFA0,IRONISLADS
L90V8V00,IRONISLADS
L0V88L0LO,DORNE-1
L0LO0V00FA,CROWNLANDS
L4ZLLOZLZ,STORMLANDS-1
VZL40LO0,HOARE
L8L4VLOL0,HOARE
LLOFA9L0ZV,DORNE-3
L40000Z4,STORMLANDS-1
90LV9LOL8,#N/D
LFAL04V00,NULL
80FAL000,HOARE
LVZV090LO,RIVERLANDS-2
9FAFA408L,HOARE
LO04FAL888,DORNE- 2
FA0LOV0409,#N/D
ZZFA0ZL8FA,NORTH
L4L0VL49,RIVERLANDS-1
ZZ4FA0FA44,NORTH
900V0004,#N/D
L00LO8940,IRONISLADS
80L4Z9LO0,STARKS
L00VZVLO0,DORNE-3
FA0FAL9L80,#N/D
LV8VVFAFAZ,#N/D
LV0FA00FAFA,NORTH
8ZL00,IRONISLADS
LFA0LLLO48,HOARE
LV9ZFAL48,DORNE-1
L0FA9ZVZ8,RIVERLANDS-2
LLOZ008LOL,DORNE-3
L0FA8Z9Z4,RIVERLANDS-1
900400FAZ,#N/D
LO0Z804V9,REACH
V8LZ904,HOARE
LZ90489LO,STORMLANDS-1
LZ00409FA,#N/D
840Z94L,IRONISLADS
L40Z0084,STORMLANDS-1
L409LOV9V,REACH
LLL8048Z,IRONISLADS
L09LO80L0,IRONISLADS
LO0LOL4LO0Z,#N/D
FA0V04V00,#N/D
Z04LO09FAL,DORNE-3
LLOFALOFA9FALO,NORTH
L490VFA00,HOARE
V0V0ZV9FA,STORMLANDS-2
9FALOFALOLL,IRONISLADS
L8LO0404LO,HOARE
V0ZVFA8VFA,HOARE
LFALOLZZ0LO,NORTH
LO040Z8V4,CROWNLANDS
FA0908V09,#N/D
LVFA9FA0LOL,STORMLANDS-1
L9800VV0,NORTH
L009004V,DORNE-1
LO48Z409,IRONISLADS
LVLL00FA4,IRONISLADS
LFA0LLO00FA,RIVERLANDS-1
L908LOFALOZ,NULL
L40ZVLO,RIVERLANDS-1
L408ZM04,NORTH
80L49LO0Z,STARKS
LO0LOFAZZV8,#N/D
LO00FA0LO09,CROWNLANDS
Z0Z0094V,RIVERLANDS-2
L4ZZVL,REACH
LV4Z09Z0,STARKS
8000080LO,STARKS
FA00004LZ,REACH
FA0LZ88LO9,#N/D
LZL8409V,STORMLANDS-1
L900V0ZV,REACH
900FAFA0FAV,#N/D
L44LZ08V,IRONISLADS
L9FAVFALL0,STORMLANDS-2
L88LOLFA89,DORNE-1
LLOLFA000FA,NULL
LZLZL0FAFA,HOARE
FA04Z8L80,#N/D
L4LLOFA090,STORMLANDS-1
9ZL480FA,DORNE-3
L8800VL4,HOARE
FA0004L00,DORNE-1
FA0L8ZV0L,#N/D
LFAZFA8LOLZ,STORMLANDS-1
FA0FALO9490,#N/D
Z0LO9000FA,DORNE-3
FA0VVFALO8Z,#N/D
L0ZM9L4FA,DORNE-1
LLO00FAFA09,RIVERLANDS-2
L840LO90L,DORNE-1
LFAFAV88LL,DORNE-1
Z0VLLO0Z0,RIVERLANDS-2
LLO9VL00FA,CROWNLANDS
L84LO88LO8,DORNE-1
L94VL09V,STARKS
900LO0FA4LO,#N/D
L9L0VV4FA,IRONISLADS
L4ZZMZ40,IRONISLADS
ZZL0Z0LO4,NORTH
800LOLLOLL,NULL
LV0LZ0FAFA,STORMLANDS-1
LLO0L94L9,HOARE
L84Z0484,STORMLANDS-1
9L94Z08,HOARE
L0LO0LFA0V,DORNE-1
L80Z0004,RIVERLANDS-1
LVLO9L0ZM,DORNE- 2
LLO4ZVLV8,#N/D
L00L490Z,RIVERLANDS-1
FA0409040,#N/D
L90FA408L,DORNE-1
ZVLO040ZFA,RIVERLANDS-2
LLL0LZ0L,STORMLANDS-1
L848LOVZ0,IRONISLADS
LO040LZ0V,CROWNLANDS
Z0ZLO08VFA,RIVERLANDS-2
L9LLOLZFA8,STORMLANDS-2
V00LFA00FA,RIVERLANDS-2
LFAV40VFAV,DORNE-1
LZV49VVLO,HOARE
80LFA9Z98,#N/D
Z0098LZL,RIVERLANDS-1
L80V0LOFA8,IRONISLADS
L09LOL9Z0,DORNE-1
LLO4FA09VLO,REACH
L4FALO0L9FA,HOARE
L9FAFAFA909,DORNE-1
LLO90L04L,RIVERLANDS-2
FA04LLO4V0,#N/D
900FAZVV8,#N/D
Z0L040V0,DORNE-3
V0488888,REACH
LZFA8089LO,DORNE-1
V08V8LO04,REACH
L84VL008,STORMLANDS-1
Z0L0Z44Z,RIVERLANDS-2
L988LOL0LO,STORMLANDS-1
LFALOLLO89L,IRONISLADS
FA0LVFAVLOFA,#N/D
L9VVV08FA,REACH
LLO0FA44VFA,STORMLANDS-2
Z044L0FAL,RIVERLANDS-2
LLOL098LOL,STORMLANDS-2
LZV8VLOFAV,STORMLANDS-1
L4V4L84LO,STORMLANDS-2
V4LVV4Z,IRONISLADS
849L0VV,HOARE
L04LOVZLO4,IRONISLADS
ZZVLOFA480,NORTH
L0ZLVLZM,DORNE-1
90L48LOZ0,#N/D
V0V4LO80V,STORMLANDS-2
L89VLV0V,HOARE
LZFA8VZ9Z,STORMLANDS-2
FA00LVLOFAL,#N/D
L8LO8V4LOL,RIVERLANDS-2
L0080FA9L,DORNE-3
VZ0Z044,HOARE
LLO009VLZ,NULL
LZMLO0VZLO,NORTH
LV804LO4Z,HOARE
L80V0L9Z,IRONISLADS
FA0VFAZ809,#N/D
V9LOL8V8,HOARE
LFAFA8LO4LFA,CROWNLANDS
LZMZ4090,REACH
LZ409V0FA,RIVERLANDS-2
804488FA,IRONISLADS
LVVLO0FA80,STORMLANDS-1
LVZLLV9V,RIVERLANDS-2
V088FA9Z,IRONISLADS
V0088LL0,STORMLANDS-2
V00Z9FA0,IRONISLADS
LLLOFAZML9,DORNE-1
LLO44VZLOV,RIVERLANDS-2
ZZLFA04,NULL
FA0LV00Z0,#N/D
ZZ0LOLFA4Z,NORTH
V080400Z,REACH
904004LO,IRONISLADS
FA00FA9894,NORTH
90LO0FALOZ,DORNE-1
Z0VVL4LOV,DORNE-3
FA00000ZL,RIVERLANDS-2
V08FA9LO4FA,REACH
LO0LOZ0LLOFA,AEGON
LV49LZVV,IRONISLADS
LLOFA0LO094,NULL
L0490LOL8,#N/D
800LO4ZVLO,STORMLANDS-1
LO0LO4904L,AEGON
LL9808LO4,DORNE-3
LVLOZLOZVL,#N/D
L0FA4ZV00,DORNE-1
VLO40ZL8,IRONISLADS
L8LVLO944,STORMLANDS-2
LLOL0LO00L,CROWNLANDS
LVZM88VZ,DORNE-1
89Z9V9Z,HOARE
L880VLOFAV,DORNE-3
9LO8849FA,DORNE-3
LFAV4LO80LO,DORNE-1
LV8088LO4,HOARE
Z008VZFA0,RIVERLANDS-2
L80400LL,DORNE-1
L4V4VZ98,DORNE-1
FA00LO00,NULL
L4VZ8909,DORNE-3
LLOFAFA0ZFAV,STORMLANDS-1
L9Z49890,HOARE
LLLO0LOFA00,STORMLANDS-1
Z0L8LLOVZ,RIVERLANDS-1
L4LOZ9VLO0,STORMLANDS-1
90080FA0,IRONISLADS
L940LOLFAZ,HOARE
FA0ZL00,#N/D
LVFAFAFALV8,RIVERLANDS-1
Z04040V4,RIVERLANDS-1
FA00VL489,#N/D
L080L08V,CROWNLANDS
L484FA,HOARE
V0FA9LOV9,IRONISLADS
ZZLO09VV8,STORMLANDS-2
L00FA880Z,IRONISLADS
ZZLLFAZFAL,STORMLANDS-2
L84000LOL,STORMLANDS-2
L90LOVL90,DORNE-1
LO0L9FA8L4,CROWNLANDS
L848ZM,STORMLANDS-2
LVLO0Z490,DORNE-3
L9Z4LLLO4,NULL
V004ZM49,RIVERLANDS-2
V00L0L40,NORTH
L80FALLOV9,STORMLANDS-1
90ZLL08,HOARE
LLOV8ZZ00,DORNE-1
LVV8V08LO,STORMLANDS-1
FA048ZM80,#N/D
L094449Z,STORMLANDS-1
Z00V9FA,DORNE-3
L0ZL9LZLO,IRONISLADS
LLFAZ9080,STORMLANDS-1
L4LOZVL40,STORMLANDS-1
L8FAZ4ZVL,RIVERLANDS-1
LLO98049LO,DORNE-1
FA0LOZFAV9Z,#N/D
LV48LZ8LO,IRONISLADS
L4L0FAVZ0,HOARE
FA048090V,#N/D
LO08ZL080,CROWNLANDS
V8908VFA,IRONISLADS
VFA0L9LFA,HOARE
LLV00900,RIVERLANDS-1
LZM0904FA,IRONISLADS
9009FA04L,#N/D
L9V0Z8LO4,REACH
900L4ZLO9,#N/D
L89FA8FALO4,CROWNLANDS
LZ0LO08FA9,NORTH
L0L8LZ40,STORMLANDS-1
L80FA49V8,DORNE-3
LFAZLOV4L0,REACH
LLO9FA0LO9V,HOARE
LZ800000,CROWNLANDS
FA0LOFA09,#N/D
L84LO0800,AEGON
L88ZLO8LOV,STORMLANDS-1
LV9LZ944,STORMLANDS-1
L0L9ZMVZ,IRONISLADS
FA000800LO,NULL
L894VV08,IRONISLADS
L4090V4FA,DORNE-3
LO0ZMFA49LO,REACH
L90VZ00FA,CROWNLANDS
L0V84LLO4,DORNE-1
800V9ZV4,STORMLANDS-1
L9LOLLO84FA,NULL
L40LOV8VV,DORNE-3
L404FA040,STORMLANDS-2
FA0FA0LFA8L,#N/D
9000L8FA,HOARE
L9LO804LFA,DORNE-1
L0LOL40L0,RIVERLANDS-1
L90ZV40LO,RIVERLANDS-2
L9LLOFAVV8,NORTH
Z04L8048,DORNE-3
LO0FALO0988,NULL
9LO44VVL,RIVERLANDS-2
FA004LO0LOZ,RIVERLANDS-1
8FAZZ8LO4,DORNE-1
LZM09V4L,STORMLANDS-1
8000FALO0,IRONISLADS
LVFAZ8FA4L,NULL
LO0ZLO0ZLO4,RIVERLANDS-2
LFAVFA8VV9,RIVERLANDS-1
L444FAFA80,RIVERLANDS-1
LO0FA40Z90,CROWNLANDS
LLOLZVFAFAFA,RIVERLANDS-2
FA0FA4V9Z4,#N/D
LFA80Z0,DORNE-1
Z00LOFALLOZ,RIVERLANDS-1
LO0LOFA0ZML,AEGON
LZ8LZLOZ4,STORMLANDS-1
L944V0Z0,DORNE-3
9000V04FA,#N/D
VLV890Z,HOARE
L844ZZ,STORMLANDS-1
L4084VV4,DORNE-1
L908FALO0V,IRONISLADS
ZVLO0LVLLO,IRONISLADS
Z0888L09,DORNE-3
ZZ0FA4Z0V,NULL
LO0LVZMZZ,NULL
L9FAFA0ZL0,STORMLANDS-1
LZZMV9FA0,CROWNLANDS
LVLVFAL80,DORNE-1
LZFA8LZV4,REACH
800FAVFAFALO,STORMLANDS-1
L90Z9LO0LO,RIVERLANDS-1
L8L0LZL0,HOARE
LFAFAVV89FA,HOARE
L9FAZ090FA,NORTH
V00LOFAZ0LO,STARKS
90LLZFA4Z,#N/D
LVFA0FAZ0L,DORNE-1
L9444VFA0,HOARE
LLOFAVV44L,STORMLANDS-1
LO000Z0VL,CROWNLANDS
L94LL0LO0,DORNE-1
LZM9Z0LO0,STORMLANDS-1
L88LO00LFA,RIVERLANDS-1
FA0LZ4LO90,#N/D
LZL4Z08LO,HOARE
9V0FALO0V,RIVERLANDS-1
LZLVFAVVL,RIVERLANDS-1
LV0FAFA4VFA,REACH
LZ0LO09LOV,NORTH
L98Z09Z0,DORNE- 2
LVLL940FA,NORTH
Z0888L00,DORNE-3
9FA08LO4LO,IRONISLADS
LZZVZV90,REACH
L090VLO00,STORMLANDS-1
L9Z0LOLZL,DORNE-3
LVV9LOVV9,REACH
ZZ0LZ0ZLO,NORTH
LLO4FA4909,NULL
L90LO9Z04,NULL
L884ZFAFAFA,NULL
LFA0FALO4FALO,NORTH
L9L8VZL4,REACH
Z0FALO09Z0,DORNE-3
L840LO40FA,IRONISLADS
80L0LFA80,STORMLANDS-1
900FAFA90L,#N/D
ZZZ000VZ,IRONISLADS
FA000L489,RIVERLANDS-2
V0LZ9LFA9,RIVERLANDS-2
LLO0FA4VLO9,HOARE
LV80FALO,NULL
LLFAZMZFA8,RIVERLANDS-1
9009L0LO,HOARE
LL8Z4FAFA0,IRONISLADS
ZZL404VV,RIVERLANDS-2
LO0FA8Z490,CROWNLANDS
Z0FAFAFAV0LO,RIVERLANDS-1
800000LO9,NULL
ZZZ9LO004,CROWNLANDS
V0848LLO9,REACH
884L4ZL,HOARE
LFA49ZM00,DORNE-3
V04V0V44,REACH
L8948FA08,NULL
LLO0ZZ8Z8,HOARE
V00FA44LL,RIVERLANDS-2
LVLVZFALO9,STORMLANDS-1
LZ0FA4V49,NULL
LVVZ44LLO,CROWNLANDS
FA08LLOL09,#N/D
L49ZV0Z0,STORMLANDS-2
L8L8VV,HOARE
LZ0FAFAV9LO,CROWNLANDS
V0LO0ZFA89,STORMLANDS-2
V04LLOL8Z,STORMLANDS-2
FA00V9804,DORNE-1
LZ9LO9LOFA4,RIVERLANDS-2
900808,#N/D
800L8FA8,IRONISLADS
LVLFAZ40L,AEGON
V090Z9,REACH
LO0ZFAL00FA,DORNE- 2
L9898Z4Z,HOARE
ZZ80L404,STORMLANDS-2
LZZV989L,IRONISLADS
ZZL8L44L,NORTH
LZ08040FA,RIVERLANDS-1
LVLO8L400,DORNE-1
LVLZV4Z0,DORNE-1
8000L0VLO,STORMLANDS-1
9ZM4FA00,RIVERLANDS-2
LO00VL8L9,CROWNLANDS
LLO0V89,#N/D
V08FA4LO00,REACH
9Z0Z0Z0,IRONISLADS
LV04ZZ9FA,IRONISLADS
LFA0LO8FA44,IRONISLADS
L00FA9FAZV,STORMLANDS-1
LLO0ZZ8Z8,HOARE
V0LOVL9LO9,NORTH
LZ4ZL800,NULL
L0ZV9V0LO,NORTH
LZLLOZ89V,HOARE
LFA4LO0VLLO,DORNE-1
L4LO8LO48LO,HOARE
Z0FAZFAFA00,RIVERLANDS-2
LV0844Z0,STARKS
L9L0V0L0,NORTH
L40Z08Z8,NORTH
900FALL09,#N/D
L48ZL90V,NULL
V08ZLOZFA0,REACH
V000LO84L,CROWNLANDS
8LO48,HOARE
Z0ZMLO0L0,RIVERLANDS-1
LLO00LO0ZFA,DORNE-1
LFAFA90080,IRONISLADS
LV98VLO80,HOARE
9090FAVZ,IRONISLADS
L8V0LO09L,STORMLANDS-1
LL4VZZ0FA,IRONISLADS
Z0LO0LZLFA,RIVERLANDS-1
LO0VLOVZVLO,STARKS
LZZMZZ84,IRONISLADS
900Z0LO0FA,#N/D
L900L4FA4,RIVERLANDS-2
LO00LVFA90,CROWNLANDS
LVLO0FA004,AEGON
8FAZ88FAZ,IRONISLADS
L80L0890,NULL
L8FA4LO88V,STORMLANDS-1
4098LFA4,DORNE-1
L8080080,HOARE
L4ZZ0Z4L,STORMLANDS-2
4VV0ZM8,HOARE
V80L008,HOARE
L90Z40LZ,NORTH
LO0LO9ZZ8V,REACH
L8ZZ0FALLO,STARKS
V00LO4VZFA,STORMLANDS-2
V08FAVFALO8,REACH
V080ZM8V,REACH
80LLLFAZ9,STORMLANDS-1
V0LOFAL0FAFA,NORTH
V09V49ZV,STORMLANDS-2
V0LLLFALOFA,DORNE- 2
FA00FA0ZFAZ,#N/D
L89LOVLO9LO,HOARE
V0LOZFA904,NORTH
L94940LFA,HOARE
V0LVZFA8L,RIVERLANDS-2
LLOL0VZ4Z,IRONISLADS
L90ZLO40Z,IRONISLADS
ZZ400FA8L,NORTH
LVFAFALO040,IRONISLADS
LLL0V400,DORNE-1
LLZ0VLO0Z,IRONISLADS
LO0LLO0FA00,CROWNLANDS
LV000LO,RIVERLANDS-2
L0VLO0L9FA,IRONISLADS
L0400VZM,CROWNLANDS
80Z0000,HOARE
FA00LOFAL4Z,DORNE-3
LLO0Z900V,DORNE-3
Z09ZL0LO0,DORNE-3
L000ZFA08,DORNE-1
LLO04LZ,STORMLANDS-1
V4000ZM,HOARE
Z0FAVVLFA0,RIVERLANDS-2
FA0490884,#N/D
L0VL8LO00,DORNE-3
Z04049FALO,RIVERLANDS-2
FA0080FAFA0,#N/D
LVZLZLO40,REACH
L880Z9FA9,DORNE-3
9L08LO8FA,IRONISLADS
LL8FALZ0V,NULL
LLZ9FAVV8,NORTH
LL8LLOZVFA,NORTH
Z0VLOFALLO9,DORNE-3
ZZL40VLOZ,NORTH
94800LO0,DORNE-1
V0FAVLZZV,DORNE-1
L9409V08,RIVERLANDS-1
LLOZ40ZL9,REACH
L0VZ0Z8Z,RIVERLANDS-2
804ZML0,IRONISLADS
L080V000,STORMLANDS-1
V084LO00V,REACH
80094Z4Z,STORMLANDS-1
L4Z49L90,IRONISLADS
800V4LL0,STORMLANDS-1
LLO0L0VZFA,STORMLANDS-1
LZFAL40FA9,STORMLANDS-1
L80LO80FA0,STORMLANDS-2
L8L09Z00,#N/D
LV0FAVLLO0,STORMLANDS-1
Z08FA8LOVZ,RIVERLANDS-2
V00LL9VZ,RIVERLANDS-2
Z04LOL849,DORNE-3
LLLLOZFA0Z,RIVERLANDS-1
L90L8L00,STORMLANDS-2
LFAZ08904,HOARE
LO0LO0ZZFA0,CROWNLANDS
LV404Z0L,STORMLANDS-2
FA00ZFA08L,DORNE-3
L00FALLOZV,STORMLANDS-1
L840ZV90,HOARE
LLOL0FA4LL,REACH
L4V4FA009,RIVERLANDS-2
FA0ZLO0LOL4,#N/D
L8FAFAL0FA9,STARKS
9LOV8FA,RIVERLANDS-1
L909FA04FA,STORMLANDS-1
L0FAZVV9,IRONISLADS
L8Z98Z9LO,RIVERLANDS-1
LLO44ZFA40,DORNE-3
L94FA80LOFA,NULL
Z04ZLO9ZM,RIVERLANDS-1
FA09LZVZZ,#N/D
L0FA0FALO,NORTH
800LFA0V0,STORMLANDS-1
LO0LZVLO98,CROWNLANDS
LV8VLOL00,NULL
LO0ZLO88FA4,RIVERLANDS-2
LZ9LLLFA0,#N/D
LFAL0880LO,DORNE-1
LFA4084V9,STORMLANDS-2
LZVLOZVV8,STORMLANDS-1
FA00Z0494,#N/D
LO00FALLO8L,CROWNLANDS
ZVLOV9LLZ,RIVERLANDS-2
LFA98LFA,NORTH
L8V0088Z,#N/D
L80LO4849,DORNE-1
LVFA0L0Z9,STARKS
LZLO04090,IRONISLADS
LLL98Z04,STARKS
LZ08040FA,RIVERLANDS-1
LO0490800,AEGON
LFAV4VFAV0,HOARE
FA0FAV4L8V,#N/D
L80849FAFA,NULL
LLOFAFA4V00,DORNE-3
L0LOV0LL9,DORNE-1
80084000,STORMLANDS-1
L908FA0LOV,NORTH
V0008ZFA0,RIVERLANDS-2
L009048FA,HOARE
L4FALO88FAL,HOARE
980LO80FA,NORTH
L8LO048FAFA,IRONISLADS
Z00LO8898,RIVERLANDS-2
L408FAFA9Z,IRONISLADS
Z089048V,DORNE-3
L9LOFAVL04,STARKS
V0L4LO4LO0,RIVERLANDS-2
L09800LV,STORMLANDS-1
ZZ4L8LLO4,NORTH
L4LOLL0,IRONISLADS
LZZ4LOFALFA,DORNE-1
LO9LO8940,HOARE
LFA000Z,NULL
FA0LV944V,#N/D
L0L0FAV,DORNE-1
900V0Z44,#N/D
L88L00LFA,HOARE
LLO4FA844L,IRONISLADS
LLOZ9008FA,IRONISLADS
L94L9L88,HOARE
L898FA8V4,STORMLANDS-2
V0400080,STORMLANDS-2
FA09FA0840,#N/D
ZZ4FA0ZL8,IRONISLADS
Z00V4V9V,RIVERLANDS-1
LV08L4ZM,STORMLANDS-1
L98FA8LO9FA,IRONISLADS
L94LFAV09,DORNE-3
L8FA90FA49,STORMLANDS-2
ZZZFA4L4V,NULL
L0Z0Z00V,CROWNLANDS
LVZ0FALO0L,STARKS
LO0ZLVLLV,DORNE- 2
FA0LO84VFAV,#N/D
LL04Z0FALO,STORMLANDS-1
L90LO9FAVFA,STORMLANDS-1
FALOZ8444,HOARE
V0L0LO84L,RIVERLANDS-2
8ZFAZ8,STORMLANDS-1
LVV8ZLLOV,HOARE
L0LV000Z,#N/D
L90ZMV4Z,HOARE
LFA40V49L,IRONISLADS
L8ZZFAFA9L,DORNE-1
LFA4449VV,IRONISLADS
LO00044FAV,CROWNLANDS
V0ZV9090,DORNE-1
FA00FA04V0,RIVERLANDS-2
Z0VV9009,DORNE-3
V8L8FA90,HOARE
FA04VLLO0FA,#N/D
L000FAZM8,HOARE
LOFA0FAV9,HOARE
V00LOLFAZ0,STARKS
894L00L,DORNE-1
Z0LO0FAVFA8,DORNE-3
L4LO04LO0V,IRONISLADS
LLOZ8LFAVZ,HOARE
FALOFAVFA4L,DORNE-1
L90LO0L90,DORNE-1
L90ZLLFALO,DORNE-1
V00FAV4LO8,DORNE- 2
900L0ZFALO,#N/D
LO0V949LFA,STARKS
84LO4VFA8,IRONISLADS
8ZV8Z80,HOARE
L4404V0L,CROWNLANDS
LV90V490,IRONISLADS
L40FALO080,CROWNLANDS
LL0000VZ,DORNE-1
L8LOV80V0,STORMLANDS-2
ZZ0ZM94FA,STORMLANDS-2
LO00Z4LOZ4,CROWNLANDS
ZZ0FA00ZFA,IRONISLADS
L80ZLO0FAFA,#N/D
LO0000Z04,CROWNLANDS
800LLOZL8,NULL
L8V89440,IRONISLADS
L40FAV9Z9,DORNE-3
LLO4L4FA49,STORMLANDS-2
V04FA940Z,STORMLANDS-2
L4FAZ8LFA9,RIVERLANDS-2
8V0FA8LO4,IRONISLADS
FA00LLL0FA,#N/D
VLOFAVL,HOARE
800VLZLO0,NULL
LLLO4LOZL0,RIVERLANDS-1
L8VFAZ980,CROWNLANDS
90L80L00,#N/D
LFAL4L4FAZ,STORMLANDS-2
V00Z9L0Z,STORMLANDS-2
LZLV9ZLLO,HOARE
LVFA9LOV44,STORMLANDS-1
LLOVL8LOZ4,REACH
L00V90LV,RIVERLANDS-1
LL0LVLZLO,DORNE-1
L94Z04,DORNE-1
LVLVFA80Z,DORNE-1
LVFA8LV04,STORMLANDS-2
L0VV0440,IRONISLADS
L00FA804V,NORTH
L840LL90,DORNE-3
FA0FA98LO08,#N/D
LZLOLLO4FA0,STORMLANDS-1
L4ZLOVLOLFA,RIVERLANDS-2
L009FA0VLO,IRONISLADS
LVLVVV09,NULL
8FAFA9V9Z,IRONISLADS
V00LOFAL8Z,STARKS
LV80LZV4,RIVERLANDS-2
V0V0LZ98,NORTH
L9ZMV4L4,DORNE-3
LVLO4V880,#N/D
L80LOV0FA4,CROWNLANDS
LLOFALOZVZM,NULL
L8LOZ08LOL,RIVERLANDS-1
L4L0FAFA0L,HOARE
L804LLO8Z,HOARE
L9ZZLV4L,#N/D
LO8LL0ZZ,HOARE
LZVLFA9L8,HOARE
900LO0LO4Z,RIVERLANDS-1
V000FAFA00,NORTH
L8FALO90LO0,STORMLANDS-1
VFAFA0980,HOARE
LO88VV,DORNE-3
L488V80FA,HOARE
L8884ZL0,DORNE-1
Z080LOVFALO,RIVERLANDS-1
LFALZ988V,RIVERLANDS-1
LO0ZMFA00LO,AEGON
8LO0LO0,HOARE
LLO4VV0L4,STORMLANDS-1
L0044FAZ9,#N/D
80L48400,NULL
L80LO0L,HOARE
L4LO9L800,NORTH
ZZ009VV0,STORMLANDS-2
LVL9LLOL0,STORMLANDS-1
V00LLOZZLO,NORTH
V08Z0Z0L,REACH
LLVFA808FA,STORMLANDS-1
L40V9809,REACH
L4ZZ90FAFA,#N/D
ZZLLOLLOZ0,IRONISLADS
LLO84FA00Z,DORNE-3
FA0LZLOLFA0,#N/D
LLLO0ZFAL0,STORMLANDS-1
848LLOLZ,HOARE
L0ZFA0FA8Z,IRONISLADS
LV0ZMVLOV,STORMLANDS-2
V889LOFAFA,DORNE-1
LLOVV40,STORMLANDS-1
L084LO809,IRONISLADS
LZLVL0LOZ,DORNE-1
V940VLO4,HOARE
LZ804LOFAFA,DORNE-1
ZZFA0ZLO80,NULL
LFA844FA00,DORNE-1
L909Z0,REACH
L88LL4Z9,DORNE-1
L80498LL,STORMLANDS-2
L0FA0LOZV0,CROWNLANDS
Z0LO0VFAZ9,RIVERLANDS-2
FA0ZZ84FAL,#N/D
FA0ZFA9884,#N/D
LFALLLO0FA0,DORNE-1
800480VLO,STORMLANDS-1
V0084V9L,NULL
LLO949LO94,DORNE-3
LZZ4ZFAZM,REACH
FA0LO0LFA0FA,#N/D
FA00FAZLO90,#N/D
FA0VV0LOZL,#N/D
LL0840ZZ,CROWNLANDS
LLOV4FAL4LO,RIVERLANDS-1
L9V40904,REACH
LOVFAFA04,HOARE
L89090V8,HOARE
L0LOLZZFAL,STORMLANDS-1
LZZZZLOL0,NULL
L9409V9L,DORNE-1
V0094LO9FA,RIVERLANDS-2
Z0Z00L00,RIVERLANDS-2
ZZVFA09ZL,NORTH
LLL80ZFAZ,DORNE-1
LO0Z0FAL4V,AEGON
L090404L,NORTH
Z0Z4V4,STORMLANDS-2
Z09FA4LO00,DORNE-3
LL409ZM4,NORTH
LV9LO0V,HOARE
LVLO9ZL48,HOARE
V0ZLV4V0,REACH
L0FALOZVFAFA,NORTH
L9V0FAFAZV,NULL
LZ404900,IRONISLADS
V0ZZ8LL0,DORNE-1
ZZZFAL880,RIVERLANDS-2
L9FALOLLOLFA,RIVERLANDS-1
L9VV88FAL,STORMLANDS-1
FA00ZFA80LO,#N/D
ZZ08FAFAFAL,DORNE- 2
LFA00VFALO8,DORNE-1
L90FA088L,DORNE-1
LFAZ4LOL4V,STORMLANDS-2
LLO00909V,DORNE-3
L400Z080,STORMLANDS-1
894LL8L,IRONISLADS
L989LO9FA9,STORMLANDS-1
FA0ZZ90ZFA,#N/D
LLFAV9480,STORMLANDS-1
LZ4LO9008,NORTH
LZ9489ZFA,RIVERLANDS-2
ZZLZ0V80,IRONISLADS
LLOV048FA9,RIVERLANDS-1
900LLVLO9,#N/D
ZFAZ49LV,HOARE
LO04Z0LFA4,CROWNLANDS
LFAFA9FA0VL,IRONISLADS
Z089L090,DORNE-3
FA00V000V,IRONISLADS
9Z4LLO4L,IRONISLADS
ZZ0ZV044,NORTH
L40FA8ZFA0,NULL
FA0Z49Z0L,#N/D
8004Z9LZ,STORMLANDS-1
L9LO00LOZ,DORNE-1
L4ZFALOV4LO,STORMLANDS-1
L9LO0V009,RIVERLANDS-2
LLZLO0V48,RIVERLANDS-1
LO0L9ZFA09,NULL
FA00L4FAV0,REACH
L8VFAV4,NORTH
L0LOLZM9L,HOARE
ZZZ9VFAZ8,IRONISLADS
L94Z08LO4,DORNE-3
LZL009L8,STORMLANDS-1
LZ0LO84ZFA,NORTH
L9FALO00LO0,STORMLANDS-2
ZVLOFAL9VZ,RIVERLANDS-2
LLO0V049V,IRONISLADS
L90L04ZV,STARKS
FA0ZL48LFA,#N/D
LVVVZMZZ,NULL
V0LOL0FA0L,NORTH
FA0LZ0FA8LO,#N/D
V8840LZ,HOARE
L9LO988FA0,DORNE-1
FA0FAFAL040,#N/D
V0LL0L98,RIVERLANDS-2
9Z0LO,IRONISLADS
L08LFA0LO8,RIVERLANDS-2
LZZLO0ZM4,HOARE
LV9V00LLO,DORNE-1
LFA0LL4LOZ,RIVERLANDS-2
L4984FA04,HOARE
L49LOZ8V0,CROWNLANDS
L0VV0FALO9,#N/D
L940VLO08,HOARE
L404008LO,NULL
LV8L0LO00,DORNE-1
FA0LL8FA84,#N/D
ZZ4LFALO0FA,STORMLANDS-2
ZLOFAZ809LO,DORNE-1
LZZV084V,NORTH
9LOZ0490,HOARE
900L9LO8V,#N/D
Z0ZML9FAL,RIVERLANDS-2
LO0FA0VFAL8,NULL
FA08FALZ9LO,#N/D
L98ZFALZ4,STARKS
Z0ZZL0FA9,RIVERLANDS-2
LFA8LOZ0FAL,STORMLANDS-1
VLOL8L90,DORNE-1
800FA000FA,NULL
L0Z9LLO8LO,RIVERLANDS-1
LFA9FA040V,RIVERLANDS-1
800Z04LO0,NULL
Z0VL8ZLZ,DORNE-3
LO0L800FA0,NULL
L0FA9848FA,NORTH
LZ4LLZ94,STORMLANDS-2
L09ZML,DORNE-1
LVLOZ8FA4L,IRONISLADS
L4ZZ0VLO0,STORMLANDS-1
L89FA0LLO0,RIVERLANDS-1
LO0Z04Z9FA,AEGON
LLZZVL09,DORNE-3
L89ZVLV8,DORNE-1
90L80989,#N/D
L9VFAZ8FAZ,STORMLANDS-1
L8LLOV0VZ,RIVERLANDS-2
8ZL8Z9V,HOARE
L9LOV49Z9,RIVERLANDS-2
8LO9FA888,IRONISLADS
9VFA80ZV,DORNE-3
LO0LLFAFA88,NULL
V08FAZ00LO,REACH
LVLOL0VZLO,AEGON
FA0LL80L0,#N/D
80LOLL8L,IRONISLADS
9LO8800FA,DORNE-3
ZZ48008Z,NORTH
8LLV009,IRONISLADS
LO0Z80LOFAL,DORNE- 2
Z0VZ80Z9,DORNE-3
L90FAZMFALO,HOARE
V49FA90Z,DORNE-1
4L4L4,#N/D
L904VL0L,RIVERLANDS-2
L8VLOFAFA0L,STARKS
LZZLFALFA0,HOARE
LZZ00FA4L,DORNE-1
LLL8ZL9V,STORMLANDS-1
800ZV00,IRONISLADS
L88ZFA988,DORNE-1
L8Z0900L,DORNE-1
LO00FA9FAVZ,CROWNLANDS
Z009L00Z,RIVERLANDS-2
LV4ZV0Z0,NORTH
LZ8ZLVZ9,NULL
LO000FAVLOFA,CROWNLANDS
LLOVFA0VZFA,NORTH
L4LO4FA8FAZ,IRONISLADS
LLO49V44LO,STARKS
L0FA00LV8,HOARE
L9LO040FAZ,RIVERLANDS-2
LO0L04Z8V,NULL
ZZL4VZM0,STORMLANDS-2
Z0ZLO0FAZL,STORMLANDS-2
LFALO0VZ94,DORNE-1
ZZVFA9ZFA9,NULL
LOVLO00,STORMLANDS-1
L9LOFAVLO09,DORNE-3
LFA900904,STORMLANDS-1
FA00FA0LZ0,#N/D
LVV0V08Z,NULL
L9V4L940,NULL
LLOZZL90FA,IRONISLADS
V0FA80ZFALO,STORMLANDS-2
L898ZVFA4,HOARE
LLOV0880V,DORNE-1
V0ZLZLZ4,REACH
80004FA0L,STORMLANDS-1
900ZZMLLO,#N/D
LVLFA8FAFA0,IRONISLADS
VFALO0049,IRONISLADS
V08ZZL9Z,REACH
V08L90L9,REACH
LO0LVV000,CROWNLANDS
L000FALO80,IRONISLADS
900V09VL,#N/D
LO0V0L40LO,REACH
FA0ZFA8VVV,#N/D
L0FALOV0LFA,IRONISLADS
V0LLO89LO0,RIVERLANDS-2
LZ4Z0ZZLO,STARKS
8000LFA09,STORMLANDS-1
LFAFA8LFAV8,HOARE
LL80ZMV9,#N/D
L88VLOZ0L,#N/D
FA000FA0LOL,DORNE-1
LO0LOV9LOL4,REACH
LVFA98LO40,REACH
L980LO0FA0,STORMLANDS-1
L00FA9048,HOARE
9008LOVZZ,#N/D
L4LZ4988,STORMLANDS-2
8VL98V4,IRONISLADS
L0LZ0VVV,RIVERLANDS-2
LZ48LO898,REACH
L9LZV090,NORTH
L0LL9LO,HOARE
VL80Z80,HOARE
LZ0840Z0,RIVERLANDS-1
Z000VFALOFA,RIVERLANDS-2
FA088LO8FA9,#N/D
L400048LO,STORMLANDS-1
L4L4L40V,CROWNLANDS
L8448FA44,DORNE-1
L0VLL09FA,IRONISLADS
LFALO4LO4V4,STORMLANDS-1
L4LO0LFA9V,DORNE-3
LZFA9LOL08,CROWNLANDS
LLOFA008FAL,STORMLANDS-2
LZMLOFAL8Z,NORTH
FA0080Z8V,DORNE-3
Z0LFA8Z80,RIVERLANDS-1
V08FAV8Z4,REACH
FA04LO94L9,#N/D
L9094LO0LO,HOARE
FA00V4LZL,DORNE-3
9000FAVFAZ,#N/D
900LOL9V,HOARE
800Z9040,STORMLANDS-1
L8909094,DORNE-1
Z00FA84VFA,RIVERLANDS-1
LV0ZV9V9,CROWNLANDS
Z00LZVLZ,RIVERLANDS-2
L8FA8FA4VL,REACH
9LOFALVFA4,RIVERLANDS-1
FA0FA8VL0,HOARE
LLO00LV9L,RIVERLANDS-2
V08L8LLO9,REACH
L90LO0FA98,DORNE-1
LLFALOZ90L,STORMLANDS-1
L0L0L4LV,RIVERLANDS-1
L04ZMFA00,STORMLANDS-1
LZFAZ90LZ,DORNE-1
9VVLO4V9,RIVERLANDS-2
ZZZ8L080,STORMLANDS-2
V00FA4FALO4,RIVERLANDS-2
LFAZZ8VLL,STARKS
L90LV0Z0,STORMLANDS-2
LVLO0V4FALO,STORMLANDS-1
LV8V80VFA,DORNE- 2
ZZV08004,STORMLANDS-2
4FA4LFA,RIVERLANDS-2
L40FA9090,CROWNLANDS
Z0FA0040V,DORNE-3
LV8FA4400,NULL
LFA0LO4LO8L,REACH
8804404,DORNE-1
LO00LOFAL04,CROWNLANDS
L0LO0049Z,HOARE
VL0VL0V,HOARE
LO00VL0FA0,CROWNLANDS
L9ZMLO04FA,DORNE-1
LLZL00L4,RIVERLANDS-2
LZFAZFAZZ8,DORNE-3
L8FAZ800V,IRONISLADS
FA0V00090,#N/D
ZZ4FA4ZLOFA,DORNE- 2
L0V908LOFA,IRONISLADS
LLOZZV8Z4,IRONISLADS
LVFA900Z9,NULL
V09FA0V94,REACH
ZZVV0LFAV,NORTH
FA0ZZFA0ZFA,#N/D
L9V9ZM40,STARKS
L80LOV4L0,STARKS
L440LVFA0,STORMLANDS-2
ZZ4840FAV,NULL
Z00FALOLFAZ,RIVERLANDS-1
L8LOL9LOZ8,IRONISLADS
LZL40L,RIVERLANDS-1
L88909LO0,REACH
LO0LO0VZ08,CROWNLANDS
V0VLO0904,STORMLANDS-2
Z09400V0,RIVERLANDS-2
LL40Z00LO,STORMLANDS-1
LFA0Z4ZFAZ,STORMLANDS-2
80LZMFAFAFA,STORMLANDS-1
LZ08Z04L,STORMLANDS-2
80LFALO000,NULL
LO0FAFAZ4LO9,NULL
L8484804,DORNE-3
L9LFALOZ9FA,RIVERLANDS-2
V90LFAZ0,HOARE
FA084L4Z9,#N/D
LO0LO4L49Z,REACH
800LZ0Z9,STORMLANDS-1
L494FA40FA,DORNE-1
ZZFALO000V,#N/D
V0009ZZLO,CROWNLANDS
LLZML084,DORNE-1
L89LO8FAFA4,NORTH
LZZL9V9FA,STORMLANDS-1
V49FA0,DORNE-3
V0Z9LLO8LO,DORNE-1
L9LOLLOL8FA,RIVERLANDS-2
L88L0LO0LO,STORMLANDS-2
800090ZL,NULL
LO0ZFA888Z,AEGON
LVVLOFAFALOL,DORNE-3
L9VFA9LFA8,DORNE-3
FA0L08FAVL,#N/D
L9FA0ZZM0,HOARE
LLOV48848,IRONISLADS
Z0FAL0L8V,RIVERLANDS-1
LO0LOZLZLOV,AEGON
ZLOFA44VV0,IRONISLADS
L40FAZ0FAL,REACH
LV8FAZZV0,STORMLANDS-1
L49Z9LO0V,STARKS
LO040ZZV0,NULL
V90LO8VV,IRONISLADS
FA00ZM0VZ,#N/D
L980Z8LO4,RIVERLANDS-2
LFAL89Z94,RIVERLANDS-1
V090LOFA00,REACH
Z0089ZZ8,RIVERLANDS-1
LFALLO0LZLO,HOARE
L0ZFA00VFA,HOARE
LFA8980FA0,HOARE
LVZ0FA8VLO,RIVERLANDS-2
LVFA4Z4FA8,#N/D
L900FA0FAFA,NULL
80LZFAZ8V,STARKS
LV0LL040,DORNE-1
L9FAZLLLFA,RIVERLANDS-2
L8LZ44Z8,STORMLANDS-1
L9FA8Z8Z0,DORNE-1
90LFALOZV0,#N/D
L449ZV4V,CROWNLANDS
L4LZ9898,STARKS
LLO4L8FA89,DORNE-3
Z0404049,RIVERLANDS-1
Z0ZL0LO0V,RIVERLANDS-2
LL4FAV9FAV,STORMLANDS-2
V0LFAZLO8L,DORNE-1
LVFALVLZLO,NORTH
FA0FA8L8L8,#N/D
V9VLO09FA,HOARE
8FA909LO0,HOARE
FA0LZ4FA0V,#N/D
L44L0404,STORMLANDS-1
80LFALO80V,STARKS
8000FALO,NULL
8404FA4L,IRONISLADS
L0LLV8FA0,RIVERLANDS-1
LV80LLO90,RIVERLANDS-2
L00Z9L0V,HOARE
L9LVZMLZ,IRONISLADS
L0LOFA84,STORMLANDS-1
Z0804049,#N/D
L0408080,RIVERLANDS-2
LZ00VLOLV,HOARE
LFAL00L00,HOARE
L004FAFA9LO,STORMLANDS-1
L88FALOFALFA,DORNE-3
L000ZFA08,DORNE-1
L9ZFAZ0L0,HOARE
LO0490LO0L,AEGON
FA0094LO40,REACH
FA0LFA4V0L,#N/D
L00LO8FA,STORMLANDS-1
LLO4LZL,IRONISLADS
ZZV84L89,NORTH
L8Z9VVZFA,DORNE-3
FA0FAV8LOFA4,#N/D
L00LO0VFA9,STORMLANDS-1
8004V080,STORMLANDS-1
FA9LO8VFAFA,DORNE-1
L9008LZV,NULL
L4Z0LO0FALO,NULL
L9Z0FALO,IRONISLADS
L94Z9890,DORNE-1
ZZFA8ZM84,RIVERLANDS-2
Z09L88LO9,RIVERLANDS-2
LLFAZ8L0Z,NULL
Z09Z0L8V,DORNE-3
L400ZFA00,RIVERLANDS-1
LO0ZVLFA4L,RIVERLANDS-2
LZZ804LOL,DORNE-3
LLO0FA00ZLO,DORNE-1
ZVZLZ89V,DORNE- 2
L9V8890Z,RIVERLANDS-2
Z0Z4L8Z9,DORNE-3
ZZ80940Z,NORTH
LLO08VLOVL,DORNE-1
LVFA000FAFA,NORTH
LVFA0FAZ9FA,DORNE-3
ZZ4VLLO,IRONISLADS
890V0FAFA,DORNE-1
L9V40LOLZ,DORNE-1
80FA4L80,HOARE
LO0LOLLOZZ0,#N/D
V00L0V80,CROWNLANDS
L48LO0LLO0,DORNE-1
ZZ0V0ZFA0,NORTH
LV04VL40,STORMLANDS-1
Z040Z80Z,RIVERLANDS-1
LFA9LOVZVV,REACH
L44498FAV,STORMLANDS-1
L4FA900LO8,RIVERLANDS-1
Z009VLO0FA,DORNE-3
LFA089FAV0,STORMLANDS-1
L9LOZ8VZ0,CROWNLANDS
LV9V0LZ4,#N/D
V0VZ0LVZ,STORMLANDS-2
L9FAZ8V0LO,#N/D
LLO48Z8V8,STARKS
LFA940Z0V,RIVERLANDS-1
L090L00V,RIVERLANDS-2
V849V00,HOARE
Z0Z8V488,DORNE-3
FA00LO809L,#N/D
900LO0080,#N/D
VL4ZL00,IRONISLADS
L9LLLO00Z,STORMLANDS-1
80LLVL9Z,STORMLANDS-1
L9000Z0V,#N/D
8L8V4,HOARE
LO08080VL,STARKS
LLO9FA9LO80,CROWNLANDS
L9LOVV48L,RIVERLANDS-1
LL44000LO,IRONISLADS
LO0ZLO40ZFA,RIVERLANDS-2
LZMLOZ00L,CROWNLANDS
FA0L0LO8L9,#N/D
Z08FA8V00,RIVERLANDS-1
80048V00,STORMLANDS-1
L8LZFA00FA,CROWNLANDS
ZZLOZFALOLFA,NORTH
L4L0Z49V,STORMLANDS-2
VV0LV0LO,HOARE
L0V0V4V0,STORMLANDS-2
L9V4LL09,HOARE
L0VFA4900,STORMLANDS-1
ZZLO0LOL80,CROWNLANDS
V0V0VLL9,STORMLANDS-2
L490,RIVERLANDS-1
L8FAFA4000,DORNE-1
V00FAVZLO9,DORNE- 2
900V4LOVL,#N/D
L0L908V0,RIVERLANDS-1
LFA98090LO,DORNE-1
V004VZFAV,RIVERLANDS-2
LVFALO4940,AEGON
LFA4L0ZVFA,NORTH
LZZ90LOZL,HOARE
ZZ4LOLFA8L,NORTH
VVLOL000,HOARE
90LZ04V0,#N/D
V08400FAV,REACH
LV049ZL9,STORMLANDS-1
L80LO0LLV,HOARE
9LLV8,IRONISLADS
LLLO984LOV,STORMLANDS-1
V04400Z9,STORMLANDS-2
LLOL000LO4,RIVERLANDS-1
V0LV0LOFA9,RIVERLANDS-2
L090FA000,HOARE
L89LO0FAFAL,NULL
LL80L00LO,RIVERLANDS-2
9FA9LV00,DORNE-1
L9V049LFA,CROWNLANDS
LVZ4LOZZL,IRONISLADS
LV00L09L,DORNE-1
LFALOFA04ZL,STARKS
L8LFA9V0V,RIVERLANDS-2
LZL488,NULL
L9VZ9Z80,IRONISLADS
L080L0FAL,DORNE-3
V00LZZ89,CROWNLANDS
FA0LZ0989,#N/D
L9ZZ8LO4FA,RIVERLANDS-2
88LO4VV9,HOARE
FA048ZZ0Z,#N/D
L48V48LV,STORMLANDS-1
890LV,HOARE
9ZFA09ZFA,DORNE-1
L889LLV9,HOARE
L4008FA90,NORTH
ZZ4ZLOVL4,NORTH
LFA8LO0L84,HOARE
FA0LO4LOFAV,DORNE-1
L4FA04FA4V,RIVERLANDS-2
LVZFAFALL9,HOARE
L4088FA9LO,DORNE-1
L0FA8LOV,NORTH
8LFA9,DORNE-3
L8L9VLVZ,NULL
LL0LZ9FA0,CROWNLANDS
L9LLO890L,DORNE-3
FA0FAL0000,#N/D
LV84VZ89,DORNE-1
L9V8L4VZ,DORNE-3
V00FA00LOZ,NORTH
L80LOV009,DORNE-1
Z0LOL4LZ4,DORNE-3
LFALOV084FA,RIVERLANDS-1
FAZ08LOFAL,#N/D
V0949L00,STORMLANDS-2
ZZ4VLZVZ,NORTH
V00V008V,STORMLANDS-2
Z04L8LOFA0,DORNE-3
L08FALO8ZLO,CROWNLANDS
LVLFA4L0Z,RIVERLANDS-1
ZZFAL90LO0,RIVERLANDS-2
Z0Z9Z4VL,DORNE-3
FA0Z40Z8V,#N/D
Z0ZFAV0Z8,DORNE-3
FA0FAZ8VZ9,#N/D
L9ZZZZZ4,STORMLANDS-1
L8V4V8VV,STORMLANDS-2
84VLOV8Z,#N/D
LO0ZVLZMFA,RIVERLANDS-2
Z009L8LOZ,RIVERLANDS-2
LZMLZMLV,RIVERLANDS-1
L08LVZ0FA,DORNE-3
LZLOVLO9VFA,STORMLANDS-1
LFAVZZLL9,STORMLANDS-1
ZZZMFAFAFA0,IRONISLADS
LLOFA0L98LO,RIVERLANDS-1
Z0LOL0LFA8,RIVERLANDS-1
L0LOVVL00,IRONISLADS
LO0LLV0LO0,NULL
L8FALOVLO09,IRONISLADS
L8LO8LVVL,DORNE-1
LVLVZ840,DORNE-3
LFALVV0FAFA,#N/D
LLLLO8L04,DORNE-1
LFALOV48FAL,STARKS
LZ84V8LOL,NULL
9LO0900Z,DORNE-3
9V8LO9,IRONISLADS
LFA000VFA8,STARKS
V09VV9LZ,STORMLANDS-2
L90V9Z9V,CROWNLANDS
L9LV0Z4Z,NORTH
900V89VFA,#N/D
VLO0FA8L0,HOARE
LV9FAVZV9,REACH
LZFAV48LO9,DORNE-3
V0V4Z0FAV,STORMLANDS-2
Z0948L0Z,DORNE-3
LV9L094L,DORNE-3
LVFA84VL8,DORNE-3
LLO8Z0L0LO,IRONISLADS
L00FA9LOFAL,RIVERLANDS-2
L9V8ZVFAFA,RIVERLANDS-1
LO04LO0ZLFA,CROWNLANDS
LLOV0L000,DORNE-1
L8804LO4L,IRONISLADS
LZ0489ZM,RIVERLANDS-1
LO0ZL88Z0,DORNE- 2
LZVFA0LO0FA,#N/D
LO0894LO80,CROWNLANDS
LL0VLL,STARKS
Z000FA9LO0,STORMLANDS-2
VFA00ZV9,HOARE
LV9FALO4L0,DORNE-1
LV4FAFAV,CROWNLANDS
LLOZ89Z08,DORNE-1
LLVZLO0VZ,STORMLANDS-2
V08Z98FALO,REACH
LV084FAZ9,#N/D
LLOZL4VZV,STORMLANDS-1
LZVV0LO94,DORNE-3
L80LOVFA,#N/D
LVVLFAL0LO,STORMLANDS-2
L80VZVLO9,HOARE
LZLO04FA90,IRONISLADS
LLOVVFA8,STORMLANDS-1
FA00Z08LOFA,#N/D
LLVVFAZM8,DORNE-1
LLOV0V48Z,REACH
LLOFA80048,NULL
LO0948FA84,CROWNLANDS
FA0VLOZL0Z,#N/D
L4L0ZLL0,CROWNLANDS
ZZL98400,HOARE
L98LOL9,DORNE-1
LLO0094ZLO,REACH
V0ZLFAZ,REACH
L9ZLZZL0,RIVERLANDS-2
LFAFA98LOLLO,CROWNLANDS
Z00ZM004,RIVERLANDS-1
LV8ZV008,STORMLANDS-1
V0ZZZFA,NORTH
L90V00LOFA,HOARE
L8FA89Z48,RIVERLANDS-2
L9VLLO94V,DORNE-1
V0040LO44,RIVERLANDS-2
L984L88L,IRONISLADS
8000904LO,STORMLANDS-1
V000LV90,#N/D
L08L0080,RIVERLANDS-1
L88FA00LZ,NORTH
L90L9Z0Z,IRONISLADS
L89LOV004,DORNE-3
LLFA0Z4LLO,RIVERLANDS-1
V0LLO4098,RIVERLANDS-2
V00FA9LOVL,NORTH
L9FA00FA4L,NULL
LO0ZLOZ9L9,RIVERLANDS-2
L80LZ0Z0,NULL
L94L4FALO8,REACH
LVVZ44LV,NORTH
4FALO94Z0,HOARE
LZLOZLFA88,NULL
LFALO0089LO,#N/D
V08FALFA9LO,REACH
V0LFA0LL9,#N/D
V08Z0088,REACH
LV8VL0LO8,NULL
LVVFALO90Z,NULL
V09LOV888,STORMLANDS-2
LZ9VFAFAFALO,#N/D
8Z9LL90,HOARE
LVVLO04Z8,IRONISLADS
FA0040FA8FA,#N/D
LFA0404Z0,STORMLANDS-2
L8440VLV,DORNE-3
LLOL0LO0L4,DORNE-1
L09FA804FA,HOARE
L9FAL0L04,STORMLANDS-2
LV984L48,NORTH
94LO8VL4,DORNE-3
LV00L984,RIVERLANDS-2
FA0004V49,#N/D
L8Z0V4FAFA,STORMLANDS-1
ZZL0LO8LO0,NORTH
9L9L4,HOARE
LZ0L404FA,IRONISLADS
L9FAZM4ZL,IRONISLADS
V894809,IRONISLADS
L84L0440,RIVERLANDS-2
L8Z090,STARKS
LLOFA0L0LLO,STORMLANDS-2
FA0V0FAZ8V,#N/D
LV909V4LO,CROWNLANDS
LFAZZLO4LLO,IRONISLADS
8ZFA844V,IRONISLADS
LV0ZFA9LOV,DORNE-3
LO0Z088V0,AEGON
LFALO040Z9,DORNE-3
LFAVV0FA40,STORMLANDS-2
LLO440VVFA,NORTH
LVLO9FAV,IRONISLADS
LLO04LO08LO,STORMLANDS-1
LV04LZML,STORMLANDS-2
Z0Z944VZ,DORNE-3
FA00LOFA000,NORTH
FA008VZ0FA,#N/D
LFA44FA4LO0,REACH
Z0FALOV4ZFA,STORMLANDS-2
LZZ8FA480,DORNE-1
800L4L8FA,NULL
FA0LOV00LLO,#N/D
FA00LOFA9V0,RIVERLANDS-1
VVFA0FALOL,HOARE
L0009ZLL,STORMLANDS-1
L0L8ZZ84,DORNE-3
L8V0LOV9FA,HOARE
Z00L9098,RIVERLANDS-2
LO0LOVLOL98,AEGON
FA0VV849V,#N/D
8LOL4409,IRONISLADS
LVFA8FAVZ9,RIVERLANDS-1
8000V80L,NULL
L08ZZ0FA9,DORNE-1
909FALOVLO,HOARE
L00008FAFA,RIVERLANDS-1
V0LOZFA000,NORTH
L4VLO9090,IRONISLADS
98FA0Z40,DORNE-1
LLO0LO8404,RIVERLANDS-2
L40ZMFA9V,STORMLANDS-1
Z0L9ZLO8FA,RIVERLANDS-2
LVFA0LZLOV,NORTH
V0LO08L09,HOARE
LO0ZFAV080,AEGON
900LZ948,#N/D
V08Z0Z8Z,REACH
FA0LZL9LO0,#N/D
LLOZ4ZLOFA4,DORNE-1
9LOFAL9LLO,DORNE-3
L8Z09ZZ8,NULL
L8888LOZLO,DORNE-3
ZZ40V0LOL,NORTH
LO0Z4889FA,DORNE- 2
LV44FALO9V,RIVERLANDS-2
LLOFALOFALLLO,CROWNLANDS
V00L09FAL,RIVERLANDS-2
LL0V0VLO0,STORMLANDS-1
80L0ZZ04,STORMLANDS-1
9LO084L,HOARE
LZ89ZMVV,IRONISLADS
LVV08VLO9,STARKS
L480Z9FA0,HOARE
LFALO9LO80L,DORNE-1
LLO4ZZ48L,NORTH
LVL8V9FALO,NULL
LV89LOZ88,RIVERLANDS-2
LZ4098L0,IRONISLADS
FA0FAFA80LO8,#N/D
LVLV9Z89,IRONISLADS
L8Z0ZFA8V,STORMLANDS-2
L0VV8LO40,HOARE
8Z4L8VLO,IRONISLADS
L48LO9FA0Z,HOARE
FA04Z4VLOFA,#N/D
V00LO9LZZ,STARKS
LV80ZLL9,DORNE-1
LO04FAZV4LO,AEGON
LV9Z90LOV,STORMLANDS-1
L4V0L0LOFA,IRONISLADS
LLO940090,HOARE
LO04FA8V0Z,AEGON
ZZ448LO44,HOARE
FA0L8FALO8FA,#N/D
LVZZMZMFA,IRONISLADS
90LLLLOFAL,#N/D
LVZM4LOVL,HOARE
LFALV0Z00,DORNE-3
Z0LO000LO0,DORNE-3
FA080ZLL4,#N/D
LLOL80V0V,IRONISLADS
LLOZ90Z9FA,STORMLANDS-1
L94FAV809,HOARE
LV0LO88LLO,DORNE-3
LLVVLOLLOL,NORTH
8L89480,IRONISLADS
L80FA9008,IRONISLADS
LZMVL0Z9,NORTH
Z0ZMZ0FAFA,RIVERLANDS-2
LV4VL9LL,HOARE
LO0Z00LLO9,AEGON
FA0FA0LOLFA4,#N/D
9FALO00,IRONISLADS
LV9ZVV4FA,REACH
LZ9LOV00L,NULL
90Z44Z0,IRONISLADS
LFAV4V0LO4,STORMLANDS-1
L8VV9L4Z,#N/D
Z0V4V04Z,DORNE-3
L8VLOL0Z4,IRONISLADS
L0LLO9FA90,IRONISLADS
LLO08L4FAFA,STARKS
L908LO0L4,CROWNLANDS
LFA000094,DORNE-1
LV9FA40FAV,DORNE-3
LVFA4LLO,HOARE
Z0Z88Z,DORNE-3
L8ZVZ8ZLO,STORMLANDS-1
ZLO4LO49ZL,IRONISLADS
LV8800FAZ,DORNE-3
L988ZLO8LO,STORMLANDS-2
ZZ00ZZ8L,DORNE- 2
ZZZL0LOVV,NORTH
Z0L04809,DORNE-3
Z00LLLLOV,DORNE-3
90FAV090,HOARE
L8FA0V8LOZ,#N/D
LZLO9LV0Z,HOARE
ZVZMLO8LZ,NULL
9004ZZMZ,#N/D
800FAL8LO0,STORMLANDS-1
LLO0L0L40,DORNE-1
L40ZLOV8V,RIVERLANDS-1
FA009Z498,DORNE-3
LZ490ZM0,IRONISLADS
FA004L908,#N/D
LLO408ZM9,IRONISLADS
LZ49FAFA08,REACH
L0LFA9Z49,RIVERLANDS-2
9LO89ZMFA,RIVERLANDS-1
L9Z0VLO08,AEGON
LL8FA0L09,NULL
ZZ0LLO8L0,DORNE- 2
LFAZZFAZZM,STORMLANDS-1
Z009FAL08,STORMLANDS-2
LVLV0Z08,STORMLANDS-2
FA08VFA9ZM,#N/D
LLO0FA8Z40,HOARE
L0LLO9FA90,IRONISLADS
9000VV0,DORNE-1
LO04L88LO0,DORNE- 2
LZV84ZLOV,STORMLANDS-1
LV0000FA9,STORMLANDS-1
LLOVLO0LLO0,NULL
L0LOL4FAZV,RIVERLANDS-1
FA000LFA0V,STARKS
L8LO9FA448,HOARE
Z009VFAL9,DORNE-3
V09FAFAL0FA,REACH
LZ0VFA9FA4,IRONISLADS
FA0FAVZ08FA,#N/D
LFA4ZM0ZZ,IRONISLADS
Z0FAVL90Z,DORNE-3
V0FA9Z040,STORMLANDS-2
LL08LZFALO,STORMLANDS-1
LV80FAL8V,CROWNLANDS
V090L0LOV,REACH
L800L804,CROWNLANDS
LO0ZLZFAFA4,DORNE- 2
FA0V8ZM00,#N/D
FA4FA80,HOARE
LO0L4949L,NULL
8V4VZZ0,DORNE-1
L8LOLV9Z0,STORMLANDS-2
VL8Z80L,IRONISLADS
8LL08FAFA,HOARE
VLOL0488,HOARE
L8Z9VV88,RIVERLANDS-1
L40Z4LO0L,CROWNLANDS
LZL80LO00,DORNE-1
L98LOVFAZ0,IRONISLADS
LO0LLO8909,NULL
ZVZ9LO8VLO,NULL
LFAVFA4LV4,IRONISLADS
LLOFAFALO,DORNE-1
LL04L840,IRONISLADS
FA0L498LOL,#N/D
LFAFAV890LO,IRONISLADS
V0FA449FA,HOARE
LZM0FAFA9FA,#N/D
L80Z90LO8,DORNE-3
V009Z989,RIVERLANDS-2
LLLOLFAFALO0,STORMLANDS-2
L0V8V80LO,HOARE
LLLOVZ0LO0,HOARE
L8LOFA44Z9,DORNE-1
904VFA44,HOARE
ZZLV8LZ0,STORMLANDS-2
8V8LL84,IRONISLADS
4ZMLO08LO,IRONISLADS
LO00LO980Z,CROWNLANDS
8LOFA8LO88,HOARE
ZZFA44LO48,NORTH
LVFAFA090LO,IRONISLADS
ZZ08LLO0V,NORTH
LFALO0FAZ44,IRONISLADS
900FALO8LLO,#N/D
LZLOVL44FA,HOARE
L0LFAV8FAV,HOARE
L0L490LO0,RIVERLANDS-2
Z0ZM9ZFAFA,RIVERLANDS-2
LZ0LO9L9L,DORNE-1
FA00Z9049,NULL
900LOVZVL,#N/D
LLLFA00LL,RIVERLANDS-2
L9LVZFAZ4,#N/D
L4LO0400Z,HOARE
LLO80LOL80,NULL
LLV49ZZ9,HOARE
ZZFA8Z0VFA,DORNE- 2
FA048084Z,#N/D
LV4840VZ,DORNE-3
LVV8LV4V,DORNE- 2
LVLFA80LO4,STORMLANDS-1
L0L8FAL8V,DORNE-1
L0094LFAZ,IRONISLADS
LFAZ09L00,DORNE-3
L9498FA84,STORMLANDS-1
L4V90VVLO,DORNE-1
LFALOFALFAVLO,HOARE
FAFAV4LO,STORMLANDS-1
LFAFAZ0080,RIVERLANDS-2
VFA90ZMFA,HOARE
LO00LFA0LLO,CROWNLANDS
LVV0FALOV9,HOARE
LLO98LFALOFA,DORNE-1
LL8FAVV8FA,CROWNLANDS
LZVV4408,NORTH
LZ8LOV094,HOARE
Z0V09LOFA4,DORNE-3
L9FAFAZ9Z9,REACH
L00Z00Z4,IRONISLADS
LFAVZ0V8FA,DORNE-3
LFALV9V9LO,HOARE
LZ8FAV0V4,IRONISLADS
L9LOV449Z,CROWNLANDS
L8Z404VV,DORNE-1
L4Z840LO8,IRONISLADS
LFA890VZ0,STORMLANDS-2
8ZFA0Z80,IRONISLADS
LFAFAVVFA49,CROWNLANDS
9VLOLLO0Z,RIVERLANDS-1
LO0LOLV400,AEGON
FA0ZL444Z,#N/D
FA0FALOV948,#N/D
Z04FALO448,DORNE-3
LL0FAZ9LL,NULL
LVZ9L808,RIVERLANDS-2
LLOV9ZFAFAV,DORNE-3
L9VV0V8V,STORMLANDS-2
LV000V00,STARKS
V00ZVZLO0,STORMLANDS-2
LZV8LOL00,IRONISLADS
L8VZLFAV4,DORNE-1
Z00FAVLO89,DORNE-3
V00Z0484,RIVERLANDS-2
LFAV0ZLLOV,STORMLANDS-1
L00ZZ0Z0,STORMLANDS-2
LVZFAVFAFALO,STORMLANDS-1
L9L40840,REACH
LO0ZLOV0VZ,RIVERLANDS-2
LZ08LL09,STORMLANDS-1
LO044LO0LLO,AEGON
FA0080889,HOARE
L8LOFA9L9FA,DORNE-3
L90FA0809,RIVERLANDS-2
LZ4ZZ889,HOARE
V0Z8FAVFAL,HOARE
8ZFAV400,IRONISLADS
L8V4Z4LOV,RIVERLANDS-1
889LO004,IRONISLADS
LV88488L,CROWNLANDS
V0900LO4,DORNE-1
LLOZ40004,REACH
FA0LFA08LLO,#N/D
Z0LO80LOZ0,DORNE-3
LVLOZLO800,STORMLANDS-1
8LOLFA9LV,IRONISLADS
V00LOZFAFAL,STORMLANDS-2
L449FAZZFA,STORMLANDS-2
L880FALV4,HOARE
L0L40LOLFA,IRONISLADS
80L49FAVFA,NULL
V00L9Z4FA,RIVERLANDS-2
FA000LVZ0,IRONISLADS
L8LLOFA0,STORMLANDS-1
LLO0LO9Z04,NULL
L9LO40L48,#N/D
V080LO488,REACH
VV0LZM0,HOARE
FA00LZ00V,RIVERLANDS-1
LZ484ZVLO,STORMLANDS-1
FA008009V,NULL
FA009LZV0,STORMLANDS-1
FA0Z0LL4Z,#N/D
L4FA0L094,STORMLANDS-1
LO0ZM0804,#N/D
FA09LO0FAFAFA,#N/D
8V9LO049,DORNE-1
L00400FA0,STORMLANDS-1
LLO900LOV0,REACH
V0LZV8VL,RIVERLANDS-2
LV0FAVFAZFA,DORNE-3
Z004FA4LFA,RIVERLANDS-2
8LO44,IRONISLADS
Z0LFA8800,RIVERLANDS-2
LLOVV90LV,STORMLANDS-1
FA0FA09LLO8,#N/D
LFA88FAV9LO,IRONISLADS
LVFAZ44,#N/D
900VFA,DORNE-1
LLO8Z000Z,STORMLANDS-2
LZLVLOL44,STORMLANDS-1
Z0Z8L9LO8,DORNE-3
ZZ444004,RIVERLANDS-2
FA004V8,#N/D
L40LZML8,RIVERLANDS-1
LZMLOV9L0,DORNE-3
VLFA0VFA0,DORNE-1
L9Z90VFALO,IRONISLADS
L8LZ9Z09,HOARE
LLOZ0FALO0LO,RIVERLANDS-1
LO0Z90FA9LO,DORNE- 2
LFAV908ZLO,IRONISLADS
L844FA8FALO,DORNE-1
LO04FA900L,AEGON
V0008L80,NORTH
FALOV9LZL,IRONISLADS
849LL0FA,HOARE
LV900800,DORNE-3
LFAFALO4VFA9,STORMLANDS-1
ZZZ00FA0FA,NORTH
L9LFA988Z,HOARE
90L48VFA8,#N/D
ZZ44V088,NORTH
LL494FALLO,STARKS
L8FA84ZLOFA,STORMLANDS-2
LZ8LO08LV,DORNE-1
FA0L9FA8L9,#N/D
LL8FA00VV,NORTH
LLV98FA8V,STORMLANDS-1
LLO4VV9FA8,STORMLANDS-1
FA0LLO0ZM9,#N/D
L9FA0LLLO9,STORMLANDS-1
V09ZZ9FAFA,STORMLANDS-2
L900LO08L,DORNE-1
Z0L8FAZV8,RIVERLANDS-1
LZ04L988,DORNE-3
LL0090,STORMLANDS-1
L90LOLV0V,NULL
L4008FA0V,DORNE-1
L94V40LO0,DORNE-3
LZLOFALOZ0FA,STORMLANDS-2
ZZ000Z0V,STORMLANDS-2
LZFA0ZVLL,IRONISLADS
LLO04LOL8FA,NORTH
LFA4L0FA80,#N/D
FA009ZFA4LO,RIVERLANDS-1
L009FALOV0,RIVERLANDS-1
LLOZ0FA9ZV,DORNE-1
LO0ZFA0LOVV,#N/D
LFA08FAZ4Z,RIVERLANDS-1
FA000Z0V0,IRONISLADS
LLO08ZZZZ,HOARE
LZ80LOZZ8,HOARE
LZ9L49ZV,HOARE
L0FA0989V,IRONISLADS
L809484Z,STORMLANDS-1
FA0L00LL8,#N/D
L8LOV800LO,RIVERLANDS-2
LO0LOLZFALOL,#N/D
L8894VLO9,CROWNLANDS
LZ80LLO4FA,HOARE
LLOVFAFA08FA,DORNE-1
L98Z4LLO9,NULL
LL48L0L4,STORMLANDS-1
L9FA90Z90,DORNE- 2
L0V0V0LV,DORNE-1
FA0004LO4FA,STARKS
L0FAZ80ZFA,STORMLANDS-1
L00LO09LV,IRONISLADS
88LOZVFA9,HOARE
8V8LLOL4,IRONISLADS
V09LO9LZFA,STORMLANDS-2
LO0ZMZ800,#N/D
L8848LOZZ,HOARE
FA0LO0ZVVLO,#N/D
LZVVLOV00,IRONISLADS
VZFAVZMV,HOARE
LFAFA4ZV49,STORMLANDS-2
Z00448FA0,RIVERLANDS-2
LZ9FAVFA,NORTH
LVL8L8VFA,STORMLANDS-2
L9LVL90LO,RIVERLANDS-1
V0LOFAL8,NORTH
LO08VFA9,CROWNLANDS
L09V489FA,DORNE-1
LLV9LOLZM,NORTH
V0FALO00LZ,DORNE-1
LZFA9FA9,STORMLANDS-2
900FA0LV4,RIVERLANDS-1
Z04ZLL89,DORNE-3
L9LO80LO0LO,IRONISLADS
LLZLO4909,IRONISLADS
L44V948FA,REACH
L8LOFA0FA00,NULL
L9ZZ44LOZ,HOARE
L8ZLV0VL,STORMLANDS-2
Z0LO44Z40,DORNE-3
LVVLOZVLOZ,CROWNLANDS
LO04LOZLO09,CROWNLANDS
LLOFALVVVLO,IRONISLADS
Z080L0V4,RIVERLANDS-1
800FA9FA4V,STORMLANDS-1
800LO980V,STORMLANDS-1
LL9LO4LOL4,STORMLANDS-1
LV94FAZLV,CROWNLANDS
L0LO4Z900,STORMLANDS-2
V0884080,REACH
LLZVL404,RIVERLANDS-2
Z0V00Z0V,DORNE-3
LLO09VVFALO,HOARE
FA0LVZ00Z,#N/D
948ZVLZ,DORNE-3
Z00L440FA,RIVERLANDS-1
L8ZV00VFA,HOARE
8000Z80,DORNE-1
LFA0FAVVLO8,IRONISLADS
LFA0V8FA09,DORNE-1
L9LOVZZ8FA,IRONISLADS
LZZ844V0,STORMLANDS-1
8FA4FAV0Z,DORNE-1
L9404LO8FA,STORMLANDS-1
L4L4FAZ88,STORMLANDS-1
ZZ0Z00V0,IRONISLADS
L9ZZ0Z09,STORMLANDS-1
LVFA80908,NULL
LFAV8FA0ZLO,DORNE-3
V00V0LO04,STARKS
LO0Z80L4Z,DORNE- 2
8L0ZL00,IRONISLADS
FALVZ94LO,HOARE
L80Z8LL0,NULL
L00VZZMLO,IRONISLADS
FA0VFA8FA4Z,#N/D
LFAVZZ048,DORNE-1
LZ80VL8FA,REACH
LVZVLOVLV,STORMLANDS-2
L48Z0808,STORMLANDS-1
LO0Z9FAFAFA8,DORNE- 2
L48FA9LOL8,HOARE
LLOZLOZ8ZFA,IRONISLADS
L900FA4LOFA,STORMLANDS-1
V098LOFA,CROWNLANDS
9000FAZ8FA,#N/D
L8V0FALFAL,NORTH
V098L4ZZ,STORMLANDS-2
LFA940ZVFA,STORMLANDS-1
9404VV8,IRONISLADS
V008VL,DORNE- 2
LO0LO44ZLO0,AEGON
L9L090Z0,HOARE
Z008000Z,DORNE-3
V0LVLL80,DORNE- 2
L0LO0ZZ,STORMLANDS-1
LZMLO4098,REACH
FA0VFAZ0L0,#N/D
94LO9090,HOARE
LFA0FALFA80,DORNE-3
LVFA0Z89LO,CROWNLANDS
V00LVZM,IRONISLADS
LLOL04FAV0,RIVERLANDS-1
LV400FAL4,RIVERLANDS-2
L9V00404,DORNE-1
LZ9V0LO8L,NULL
L9ZV8V8LO,DORNE-1
LVLFAVFAVFA,HOARE
L90L48LL,CROWNLANDS
9V8FAVLFA,HOARE
V0LOFALVFAZ,NORTH
LZ0FAFA8ZZ,IRONISLADS
FA00V0LO04,DORNE-1
Z0FA0V8FA0,RIVERLANDS-2
L40ZVLO9Z,CROWNLANDS
V448L00,DORNE-1
LLO8FALOFA0,IRONISLADS
LFA9VL98LO,STORMLANDS-1
L4009ZM0,STORMLANDS-1
LO0LOFA40FAFA,#N/D
V0LVFAL44,DORNE- 2
LL8L4L84,RIVERLANDS-1
L9ZMZ8V0,#N/D
VL9VFA00,IRONISLADS
L8L09FA8V,NULL
9009090Z,#N/D
L98FA4FA0FA,DORNE-1
L4LO80ZZV,RIVERLANDS-2
FA0LFA8VLO0,#N/D
904LO0L4,HOARE
Z040409LO,RIVERLANDS-1
800900LZ,STORMLANDS-1
LLLO8FALO0V,STORMLANDS-2
L8Z8ZZM8,DORNE-3
LVVVZ9LFA,DORNE-1
V0L09ZLO4,RIVERLANDS-2
L000V0FAL,NORTH
L0L8LO8LOL,STORMLANDS-1
LV4VZ808,STORMLANDS-2
L4FALZ48L,#N/D
900VZ890,#N/D
L0800LZ9,STORMLANDS-2
LVZM04Z9,STORMLANDS-1
L49FA08V0,HOARE
L9LOLZ49FA,STORMLANDS-1
FA0LO0ZL4Z,#N/D
V00ZV9LZ,RIVERLANDS-2
LZ844080,STORMLANDS-1
LFA0L0FALOFA,HOARE
LZ08FAFA44,NORTH
LLO9LOVLO9Z,HOARE
L08LOZ8FA9,IRONISLADS
LFAFALL90FA,DORNE-1
LLO4FAZ04Z,RIVERLANDS-2
FA0FAVL044,#N/D
FA0LOL9LO9FA,#N/D
L90LO4V40,HOARE
LLO8098,IRONISLADS
LLO89FAZLL,DORNE-3
Z0VFAFA848,RIVERLANDS-1
LL49L40L,#N/D
900LZ4FA4,#N/D
L84L98FA4,HOARE
VV4VV80,IRONISLADS
LLOFAZ4LZ9,REACH
Z0FAL88L0,RIVERLANDS-2
LV00L0,IRONISLADS
Z0FA00Z0FA,RIVERLANDS-1
L9FA908ZZ,NULL
V989409,HOARE
L0Z08LZZ,STORMLANDS-1
4400940,IRONISLADS
L48FALO80Z,RIVERLANDS-2
LVV909FA0,STORMLANDS-1
LO0LOV0FAV8,AEGON
L0ZZMLZV,STORMLANDS-1
LLFALO4ZLV,#N/D
4V40ZVZ,HOARE
LV0080LL,NULL
LV0Z0LO,STORMLANDS-1
L04009L0,DORNE-1
L0ZFAV,DORNE-1
V0V9VLZM,NORTH
L00Z0LO44,DORNE-3
8008LOVVLO,STORMLANDS-1
L0LO004LO0,STORMLANDS-1
L90LO4FALO9,STORMLANDS-2
LZLLO0098,IRONISLADS
8008898FA,STORMLANDS-1
Z0L08Z88,STORMLANDS-2
L9ZVL90V,IRONISLADS
LZ0L0V,HOARE
ZVZL9V04,NORTH
LV0LO0VFALO,IRONISLADS
LFA9LLO0ZL,IRONISLADS
L90L4ZLO9,RIVERLANDS-1
80ZLO040,IRONISLADS
L88LOFAL90,NULL
LZMVLO0Z0,NULL
L9L844,#N/D
LO0L8LLOFAV,CROWNLANDS
L4LO40L00,HOARE
LLO8ZZ9ZLO,STORMLANDS-2
LO04LOV89V,CROWNLANDS
FA0FAL4FAV0,#N/D
LO0L409FAL,NULL
800ZZLOFAFA,STORMLANDS-1
FA04FAL0VV,#N/D
80048FA8,IRONISLADS
ZZ0LL9FAV,STORMLANDS-2
L0FALVZ4Z,RIVERLANDS-1
L880094L,HOARE
L4LO9LO9V4,HOARE
L84ZVLO40,DORNE-1
Z0000Z0FA,STORMLANDS-2
LVFAFAZLZV,IRONISLADS
LVL4V0VFA,STORMLANDS-1
LZV9L0VV,RIVERLANDS-2
VVFAL889,HOARE
L9V0VFA,STARKS
L8Z8098L,DORNE-1
LLO0FA888V,HOARE
ZVZMLO400,NULL
L84LOZ8L,DORNE-1
L9Z8FA48FA,HOARE
LLO8LV8VLO,REACH
V000Z008,RIVERLANDS-2
L0FAZ4008,NORTH
LO084LO48V,CROWNLANDS
ZZFALO0900,RIVERLANDS-2
V0004044,DORNE-1
FA00Z0VLOV,STORMLANDS-1
FA00LO0Z0Z,DORNE-3
L984LOVL0,NULL
L0LL00LO0,HOARE
9444Z08,IRONISLADS
L0VV4FAZ8,NORTH
LO0VZL8VV,STARKS
LLO9FALFAV9,STORMLANDS-1
8FA9V9Z0,IRONISLADS
L8L940LO9,RIVERLANDS-2
LVL90ZL0,REACH
V00V400FA,STARKS
V08FA0L,REACH
FA008LO044,RIVERLANDS-2
V0Z8LO94,HOARE
L9L0LZ98,STORMLANDS-1
90L4FA4ZM,#N/D
V0FAV849Z,IRONISLADS
L0FA0ZVLOV,STORMLANDS-1
LVFAVLO840,DORNE- 2
L4VZ8L,IRONISLADS
V0FAVVZV4,IRONISLADS
LLO48L449,STORMLANDS-1
Z0L0V984,DORNE-3
LZ00LOLZFA,RIVERLANDS-1
V0FA800,CROWNLANDS
LFA8LOZL49,DORNE-3
L94FAVLOVFA,STARKS
L0FAZV444,STORMLANDS-2
FA08ZM40LO,#N/D
8004LOFAFA4,NULL
V000808V,CROWNLANDS
900LZLOV4,#N/D
LO0Z8LO0LOL,DORNE- 2
L0LO0FALOVL,CROWNLANDS
LFA0V8VL8,STORMLANDS-1
FA0LLLO04V,#N/D
L8FA000V4,DORNE-1
LV4FAZVZ9,HOARE
FA0L8LOL4,DORNE-1
LLO8V0090,NORTH
LZ89Z400,STARKS
L898800V,#N/D
LO0ZL4VZ8,DORNE- 2
L0ZV4V0,IRONISLADS
ZZ0VFA00LO,DORNE- 2
LLO8FA9ZV4,IRONISLADS
LVFA9LZ80,CROWNLANDS
L9LFA0LO8V,DORNE-1
L94L40Z0,STORMLANDS-2
LZ84ZVL4,HOARE
V08V00FA0,REACH
L0LOFALOZFA0,DORNE-3
Z00L9ZFA4,STORMLANDS-2
L80944,RIVERLANDS-2
V04490L0,STORMLANDS-2
L8FA0FA49LO,#N/D
L9FAL0V0V,NORTH
LZZ009ZLO,HOARE
LLOV4LV4Z,DORNE-1
Z0LOFAVVV9,DORNE-3
L90Z0VV8,NULL
LZFA49LLO8,DORNE-1
L889V9Z9,HOARE
L9FAZL0ZL,DORNE-1
L4LOZFA040,CROWNLANDS
89LO9084,#N/D
L48L4090,DORNE-3
FA00Z0089,NORTH
L4VLO8ZLL,DORNE-1
LO0FA400L4,NULL
LFA4LOL09L,HOARE
L9ZLOL00V,RIVERLANDS-1
LFA4044VL,HOARE
LZ9Z9V9L,NULL
LFA894L0L,STORMLANDS-1
LLO80FA9L9,RIVERLANDS-2
LZ8LOVZ4V,IRONISLADS
FA0LO48FAV9,#N/D
FA080FAV8FA,#N/D
L89ZZMZV,NULL
L8LO980FAV,DORNE-1
FA0808LO98,#N/D
L890ZM9V,#N/D
LLO400VZ0,STARKS
LZZ88VLZ,STARKS
LO0Z84808,REACH
LV0Z04V8,RIVERLANDS-2
L0LO0LO948,HOARE
FA0LFA0LO0Z,#N/D
ZZ009Z4L,STORMLANDS-2
V0Z4LOFALFA,REACH
L094LOVZ9,DORNE-1
L9ZL8404,STORMLANDS-2
L4908Z44,STORMLANDS-1
LL004ZVZ,STORMLANDS-1
LO04VFAV4V,AEGON
Z0VZ09L0,RIVERLANDS-1
LVL8ZFALO8,NULL
L9LO80FAVZ,RIVERLANDS-2
8LZ498L,IRONISLADS
800FA9448,NULL
FA0V8Z498,#N/D
L8VL00V0,STORMLANDS-2
9809VLO4,NORTH
L89VLOZ48,NORTH
L0LVFAVL0,DORNE-3
9ZMVL9LO,IRONISLADS
FA0L0FALOZV,#N/D
L80ZVZV0,NULL
9FA00VZ8,DORNE-1
L08848,DORNE-1
L88LO04,#N/D
800V08ZM,STORMLANDS-1
LO04LOFA8,CROWNLANDS
LL4FALOZL9,STORMLANDS-2
L0ZLO0LLV,STORMLANDS-2
80LVV09LO,NULL
90L4800Z,#N/D
Z0ZMLOFA9L,RIVERLANDS-2
LV4ZLOV0LO,STORMLANDS-1
FA0LFA80LOL,#N/D
L4L9Z0ZFA,HOARE
LFAFAZM8V9,RIVERLANDS-2
L9040LOFA9,HOARE
LFA8LLO8FA0,DORNE-3
Z0V89400,DORNE-3
LV8LO98V8,NORTH
8LOFA9VV0,HOARE
LO0LO48Z0L,AEGON
Z0904LO9Z,STORMLANDS-2
LFAFA00L4LO,CROWNLANDS
L900Z088,CROWNLANDS
V0V0LFAV8,STORMLANDS-2
LFA0LO8VVL,RIVERLANDS-1
980FA9LO4,IRONISLADS
LZ800448,RIVERLANDS-1
V08LFA089,REACH
L90L044V,CROWNLANDS
LLVL00,RIVERLANDS-1
8000LOZLOFA,STORMLANDS-1
L849LZZ4,DORNE-1
LZV980Z0,NULL
L84FAVZ08,IRONISLADS
L80VLLO,STORMLANDS-1
FA0FA400V0,#N/D
LFAZFA8V89,HOARE
L808FA0FA0,DORNE-3
8LOZLO4,HOARE
VFA08ZM0,HOARE
L88ZMV04,DORNE-3
LL0089LV,DORNE-3
L9L00ZVLO,#N/D
ZZ4V090FA,NORTH
LLO8LO9FALOL,HOARE
LO0ZMFA00Z,REACH
LZZ0LFAV0,STORMLANDS-1
LO040VLO,CROWNLANDS
L800Z8LZ,HOARE
9FA4000LO,HOARE
Z0L0FAV9FA,DORNE-3
Z0L0LO048,DORNE-3
ZVZM8Z0V,NULL
L8V8ZLO88,STARKS
FA00LZ4FA0,#N/D
ZVLOZLO89L,NORTH
V088ZVFAV,DORNE-1
V40FA0V8,IRONISLADS
LZ9LO94VZ,RIVERLANDS-2
ZZVZM8VZ,NORTH
84FA0008,HOARE
L00ZL0FALO,RIVERLANDS-2
FA0FAVL4FAZ,#N/D
L0ZLLV94,NORTH
FA0V48ZZ0,#N/D
L9FA09ZL4,DORNE-3
VLFA00V9,DORNE-1
V040LO9,CROWNLANDS
ZLOFALOZZLZ,IRONISLADS
L4VZ0LO00,RIVERLANDS-1
L00FALFAFAZ,IRONISLADS
FA000VLO08,HOARE
LVV4090V,DORNE-1
ZZ08LFA80,NORTH
V949094,DORNE-1
800ZZLO40,STORMLANDS-1
V048V8ZM,REACH
LZ49LLOVL,NORTH
8V49FAV0,HOARE
LVFA940FALO,NORTH
LVZ00008,AEGON
L8V8490FA,NULL
98LO0440,DORNE-3
900ZM90V,#N/D
LLOLFA9LO04,DORNE-3
8L9V9FA0,DORNE-1
L80094,NULL
LV9LVFA9L,#N/D
LLFA4FA9ZM,HOARE
8000LO0V8,STORMLANDS-1
L98ZVFA8L,HOARE
80L0ZM9FA,NULL
8009LOFALO4,NULL
LVV00FAFAZ,NULL
L90L008FA,STORMLANDS-1
Z00080ZFA,RIVERLANDS-2
VLO0LO4,DORNE-1
LL0LO88,RIVERLANDS-2
LZ8889L0,DORNE-3
L8VV0ZVZ,NULL
L4LFA8LO4FA,CROWNLANDS
L0LO0FALOVL,CROWNLANDS
VL904ZLO,HOARE
L009V9LO0,NORTH
L8FAV9LZV,DORNE-1
LO0LO084,CROWNLANDS
L800ZL9V,NORTH
LO08ZFA80FA,#N/D
L90400L0,NORTH
LFAFAVZ840,NULL
V00Z800L,#N/D
V090048FA,REACH
V0FA080L0,DORNE-1
L840089V,RIVERLANDS-1
LLFAZ9L90,NULL
800VLFA0,HOARE
LO0LO00090,CROWNLANDS
FA0LO09ZLOL,#N/D
FA0VV0ZLO9,#N/D
VFAZMLO9Z,IRONISLADS
8004LFA9,IRONISLADS
908ZLOZLO,HOARE
LVLFAL000,NULL
LFAZ0ZZZFA,DORNE-3
V000FA4,CROWNLANDS
80LLO9,RIVERLANDS-2
FA0FALV00FA,#N/D
90V08FA8,HOARE
89LLO0ZLO,HOARE
L044VLO8FA,IRONISLADS
L8490V9L,HOARE
L0L0LOV9Z,STORMLANDS-1
LLO0ZMLOFAL,NORTH
LZ909FA00,NORTH
80LLO4Z0L,NULL
LL0ZFALL9,IRONISLADS
Z0890V98,DORNE-3
L0ZFAFA90V,STORMLANDS-1
LLZ49FAFAL,DORNE-1
8FA9ZLOZZ,DORNE-1
V004L9VL,CROWNLANDS
L8000ZML,IRONISLADS
LLOZ90FA9FA,#N/D
LZ9V4FA94,STORMLANDS-1
LL080FA98,NULL
FA0ZLOVFA00,#N/D
V0L04890,DORNE- 2
FA00L8VL0,HOARE
FA00V00,#N/D
V,DORNE-1
FA04V0FAFAFA,#N/D
LO0LOZ8ZZ0,AEGON
V08VZM89,REACH
L09FA0Z,RIVERLANDS-2
L8L940LO9,RIVERLANDS-2
L4FALOZZ44,STORMLANDS-2
LO0ZLL9,AEGON
LV89VVV4,NULL
Z0000Z89,RIVERLANDS-2
80044,IRONISLADS
L98LLFA40,REACH
LVVL008L,#N/D
VZFA00L0,IRONISLADS
9004FA4V0,#N/D
900LLO4ZM,#N/D
L94LO0FAFAV,STORMLANDS-1
L09VL0V0,IRONISLADS
L090009LO,IRONISLADS
LFA0LO490V,IRONISLADS
LLFA8ZVL4,DORNE-3
V008V9LOFA,RIVERLANDS-2
LO0Z4Z4ZFA,AEGON
LO0ZLOV888,RIVERLANDS-2
FA080LOFA0LO,#N/D
LZFAL0FA0LO,HOARE
L094LL09,STORMLANDS-1
LLO90Z0FAFA,HOARE
L0V4FAVVL,IRONISLADS
LVFAZFAFALO8,RIVERLANDS-2
VLOFA440FA,HOARE
L4FAZL9,DORNE-3
L94ZVLOV4,HOARE
LL4Z40FA0,HOARE
V00Z4Z0LO,NULL
LFAVV94Z8,DORNE-1
LFA80VL0V,STORMLANDS-1
LZFAZLO09V,REACH
8FA89FAL9,IRONISLADS
Z0FAV0L90,RIVERLANDS-1
LV44VZ08,IRONISLADS
LVVL0LLOZ,NULL
L8000908,IRONISLADS
L84FAZ89LO,DORNE-3
LLO9FAL8V8,IRONISLADS
LFAV0LV8LO,STORMLANDS-1
L8494ZFA0,IRONISLADS
L0000LZFA,IRONISLADS
LLZ4LO48Z,NULL
LFALO889LL,NORTH
LL40ZLFA0,#N/D
LLO040044,RIVERLANDS-1
4LFA04L0,IRONISLADS
L9888V0V,IRONISLADS
FA00L049Z,HOARE
LVFA0LOZ88,STORMLANDS-1
L9LO0LV48,HOARE
LZFAZVVL9,NULL
LO00LO4LO0LO,NULL
L0LOVFA008,IRONISLADS
LLOL0FAFA8L,HOARE
LLO0LOV448,HOARE
L8L04488,STORMLANDS-1
Z00L8LOFA8,STORMLANDS-2
V08LO0FAZ0,REACH
LV00LZMLO,HOARE
LLOLV0LOV4,IRONISLADS
LLOZ00LO0L,#N/D
LL0LOFA84FA,DORNE-1
FA00LL0LLO,#N/D
LVFAZ8VZM,IRONISLADS
FA0L8Z800,#N/D
900FALOL0LO,#N/D
ZZ48VZMFA,STORMLANDS-2
8Z0LFA8Z,IRONISLADS
L048VLOVFA,NORTH
LVLOZ8FALOFA,NORTH
FA09ZVLO0FA,#N/D
LFAL0V04V,#N/D
FA00484FAFA,CROWNLANDS
V0Z4FAZLFA,REACH
V009LO04Z,RIVERLANDS-2
ZZ400Z90,RIVERLANDS-2
LVV44000,IRONISLADS
FA0LOV00VL,#N/D
ZZLLFA049,NORTH
L80FAV0,DORNE-1
FA048VZ9Z,#N/D
V00LZLVFA,RIVERLANDS-2
FA0444LZ4,#N/D
LO0LOFA0ZV4,REACH
88VLZ4FA,IRONISLADS
L94Z8LLO4,STARKS
LLO04FAFA04,STORMLANDS-1
L84FAFALO44,HOARE
LLOZ00FAVL,CROWNLANDS
Z04VFAZZ4,RIVERLANDS-1
VFAL0LVFA,HOARE
LVZV40ZM,CROWNLANDS
FA008Z9Z4,NORTH
L9889LV0,STORMLANDS-1
L4L00VFALO,REACH
LZ0V4FA48,DORNE-1
L04LO8408,HOARE
LLO8Z0VFAFA,STORMLANDS-2
900V0V9FA,#N/D
80L0009,DORNE-1
LLOZ4098FA,REACH
L890VVLZ,#N/D
FA0FAL8ZM0,#N/D
L4FA09ZZV,#N/D
L8L0940V,HOARE
LL0800ZM,STORMLANDS-1
Z0LOVFA0FA8,STORMLANDS-2
FA009VZZ8,#N/D
L988000FA,HOARE
LFA0LLZFAV,DORNE-1
LZ04LO4VZ,STORMLANDS-1
L4V0LOLFAL,HOARE
LLO00FAV00,STORMLANDS-1
L84FALO0FAZ,HOARE
L80V8V00,RIVERLANDS-1
LLV4Z08V,DORNE-1
L4FAZFA9V0,RIVERLANDS-1
V0FA8LO9V0,STORMLANDS-2
8ZZ4Z0LO,IRONISLADS
L908ZFA08,DORNE-3
9000LVFAL,#N/D
Z0FA0LOL0Z,DORNE-3
V08V08V0,REACH
L0VLOL090,STORMLANDS-1
FA09FALO9LOV,#N/D
V0909V9FA,REACH
LFA8LZ090,HOARE
L8080V88,NORTH
LFAFAZLLZFA,DORNE-3
L84L0V94,STORMLANDS-1
LLFALO00,REACH
L94900ZM,DORNE-1
L4ZZZL0V,STORMLANDS-1
LZ0804LOZ,NORTH
ZZ8L4LOFA9,RIVERLANDS-2
L000V9FAFA,STORMLANDS-1
LFA94LO904,STORMLANDS-1
LZFA9LL80,DORNE-1
LVLO90840,DORNE-1
FA0000Z9V,IRONISLADS
FA0Z84084,#N/D
LFALO0LO0FA4,HOARE
L0LOL0048,DORNE-3
LZVVL08V,HOARE
L90084V9,DORNE-1
LLVL00,RIVERLANDS-1
LLOV40LO40,STARKS
8000Z4FAL,NULL
L9LO04V84,RIVERLANDS-1
V4ZLO4LO9,IRONISLADS
L9ZVLVLOFA,REACH
L0ZZ00LO8,RIVERLANDS-1
800FAL0FA4,STORMLANDS-1
L9FAFA809V,RIVERLANDS-1
L9V0LZV8,HOARE
ZVLOL9L0FA,RIVERLANDS-2
494FA40,DORNE-1
L9LOZL009,STORMLANDS-2
LV4FALVFA0,IRONISLADS
LLVVFAZ9Z,STARKS
LO0L9LOVZ4,CROWNLANDS
L808LZVFA,RIVERLANDS-2
L8VFA8FALO4,STORMLANDS-2
8VZLO00L,IRONISLADS
L80LO4FAL4,IRONISLADS
L8ZFAZ0LV,HOARE
LFALOLVFAVL,DORNE-3
LLOZVLO000,HOARE
LFAZVL9LO4,RIVERLANDS-2
LVFA0480V,STARKS
LVLOL0VLOFA,CROWNLANDS
L9Z4LZ00,STORMLANDS-1
LLOVZ4040,DORNE-3
V0Z4Z0L4,REACH
LO080VLFA4,STARKS
FA09LOVLZZ,#N/D
8V044ZFA,HOARE
80L00ZLO0,STORMLANDS-1
L880LO840,IRONISLADS
LLO489Z0Z,HOARE
L9FA089,HOARE
LO0400VVLO,NULL
Z08ZFALO,DORNE-3
L400VVFA0,#N/D
L8V90ZFALO,STORMLANDS-1
L8L0Z890,NORTH
L9FA888FA0,IRONISLADS
L9L40FALZ,DORNE-3
LZ094008,STORMLANDS-2
L4LL9Z08,NORTH
LV9V0LO88,DORNE-1
LZ8889L0,DORNE-3
LFAZLL0FAFA,NORTH
L0949009,IRONISLADS
80LLOZ4L4,NULL
80LVZ084,NULL
LZFA08989,DORNE-1
L0LOFA0Z8Z,#N/D
8FAZL44Z,HOARE
L8LOZV40V,RIVERLANDS-2
FA0L09FAZL,#N/D
800VLOV8FA,STORMLANDS-1
L04Z09L8,IRONISLADS
V08FA8Z40,REACH
L08L8FA9V,IRONISLADS
L9VFAFALO89,RIVERLANDS-2
V0ZM404L,NORTH
L90FA04LOV,REACH
9ZV48L,DORNE-1
4ZL88FAL,IRONISLADS
L94LFAZML,#N/D
LFA0LO90LO0,HOARE
LL4Z80LO9,#N/D
L4FA04VLOFA,REACH
ZVLOZ9L9V,RIVERLANDS-2
FA0FA0V4VV,#N/D
VLV0ZLFA,IRONISLADS
ZZFA9VZLOFA,NORTH
L0FA80ZML,STORMLANDS-2
FA00L044Z,STORMLANDS-1
ZZV9FALLOFA,NORTH
L8ZV9FA08,#N/D
L0V444LZ,DORNE-3
LO04Z94LO9,CROWNLANDS
900LL4FA0,#N/D
ZVLO04FA49,NORTH
LZ0V0Z0V,STORMLANDS-1
L9LV0L49,RIVERLANDS-2
L08LO0FA09,RIVERLANDS-1
FA048008V,#N/D
FA0LO9LO,HOARE
8004ZZLV,STORMLANDS-1
Z009FAZ0L,STORMLANDS-2
LV0048Z0,REACH
L9FA9FAFA,IRONISLADS
L0LV0LFA9,STORMLANDS-1
L9Z0Z080,IRONISLADS
L0Z90FAVLO,HOARE
FA0FA00ZVFA,#N/D
LO0LOV0LO8L,#N/D
FA0LOV8FA90,#N/D
LVZM9VFALO,RIVERLANDS-1
Z00LLO0Z4,RIVERLANDS-1
L0Z08LVZ,HOARE
FA0V0444FA,#N/D
LLVLOFA0VFA,CROWNLANDS
L8LLO49FAV,NULL
LLO9V0000,NULL
L8Z9Z4Z8,#N/D
L0FA4LOZ00,HOARE
LVLOFAFA8LOZ,IRONISLADS
800FALOFA8FA,STORMLANDS-1
L49404FA0,HOARE
L048FAZ9FA,STORMLANDS-2
ZZFA9LO000,NORTH
LFA0L0FALOFA,HOARE
Z08FALOFALL,DORNE-3
L980VVLO0,RIVERLANDS-1
L0FALOZ4VV,RIVERLANDS-2
V0FA908LO9,STORMLANDS-2
LZZ09404,HOARE
Z000Z940,DORNE-3
L9FA00LO09,AEGON
LZZLOZ8VZ,STORMLANDS-1
ZZ80FAZ9FA,STORMLANDS-2
8004VL,STORMLANDS-1
L494ZLO0LO,DORNE-1
L909V9VZ,DORNE-3
L49FA08V0,HOARE
9LO88ZLZ,DORNE-3
ZLOFALOV9FALO,HOARE
LFA0LO98FAZ,NULL
V0908VFALO,REACH
LO0LO04L09,CROWNLANDS
L4L00V9Z,DORNE-3
L9FAL904Z,CROWNLANDS
90000L00,#N/D
V8ZVVLOZ,HOARE
LO0LOL90L0,AEGON
V0000LO00,DORNE- 2
V0ZMLV,STORMLANDS-2
FA0L00V4LO,#N/D
ZZLLL8LOZ,IRONISLADS
FA0V4Z0VL,#N/D
LZL8ZFA,CROWNLANDS
VLLLOVFAZ,DORNE-1
L0L8090Z,STORMLANDS-1
LFAZ08FA0Z,NULL
L4ZFAL0LV,REACH
Z0LZM9V4,RIVERLANDS-1
Z004ZFAZZ,STORMLANDS-2
ZZ04FA40FA,STORMLANDS-2
L800V8L8,NORTH
L9ZM94Z8,RIVERLANDS-2
LLO8Z8Z49,RIVERLANDS-1
LO0ZVFA408,RIVERLANDS-2
LOVZL40LO,HOARE
LV49LLO4FA,STORMLANDS-2
V0ZZVVLL,DORNE-1
L04FA00,DORNE-3
L9FA9ZV4V,HOARE
L0VV8VLL,RIVERLANDS-1
LLLO0FA900,HOARE
FA0FALOFAZLV,#N/D
LO0ZZLOZ0FA,DORNE- 2
LZLOFA4L,DORNE-1
ZZ0VLO989,NORTH
LZV0FA0,IRONISLADS
L9FAL984L,STORMLANDS-2
9V08LFAFA,HOARE
L000Z9FAFA,RIVERLANDS-1
LV8LO0V00,DORNE-1
V089LFAVV,STORMLANDS-2
LZM9FAVVZ,NULL
9LOLZ4V4,DORNE-1
FA0VZZ9ZL,#N/D
LLO8LO0LOLV,RIVERLANDS-1
ZZ4LVV9V,NULL
LZ0LFA0,RIVERLANDS-1
80V0Z8Z,HOARE
FA0FA0LOV8L,#N/D
FA00Z00Z0,#N/D
LFA4L8Z04,HOARE
L090L44LO,NORTH
V0L8L8FALO,DORNE- 2
L4VL408FA,DORNE-1
L800LO0VL,STORMLANDS-2
9L0ZLO88,DORNE-1
Z0ZFA8V9LO,DORNE-3
FA09LOLLOVFA,#N/D
80FA0FALO9L,NULL
LLOFAZLOL,RIVERLANDS-1
L8FALO00ZL,NORTH
L4LFA8LO4FA,CROWNLANDS
Z0048FALO0,RIVERLANDS-2
9000L909,#N/D
LL0FAV9LO9,DORNE-3
L88FA844FA,DORNE-3
LO0ZLOL900,RIVERLANDS-2
L408ZLOL8,HOARE
80LZM90Z,STORMLANDS-1
LLFALO00,STARKS
FA0ZFA4004,#N/D
9LOFA9FA8L,NORTH
LO0V890VZ,STARKS
L94900FAFA,STORMLANDS-1
LO0ZVL0Z0,REACH
FA009FAFAV4,DORNE-3
ZZZ48LZZ,STORMLANDS-2
VL9FA044,HOARE
L4ZFA9Z04,HOARE
V0V808,HOARE
LLOFAL0LO9FA,HOARE
L9L9LO4FA0,IRONISLADS
L9V490L4,NULL
LFA9LO4404,HOARE
V00FA98FAL,DORNE-1
LZ48LOVFAV,NULL
V040ZV09,STORMLANDS-2
L09004FAFA,STARKS
V0VZVLO08,STORMLANDS-2
84LLZ9V,DORNE-1
L0FALZ4LLO,RIVERLANDS-1
L8LFA0408,STORMLANDS-1
L9L08ZZ0,DORNE-3
LFALO04VLO8,HOARE
FA09Z9489,#N/D
L90LO0L48,HOARE
LLO8VZL4FA,IRONISLADS
L9LL0408,STORMLANDS-2
LLFA0449Z,NULL
FA0LVZ8LO9,#N/D
L000FA00Z,STORMLANDS-1
L8FA4Z0,HOARE
9V4ZZM0,RIVERLANDS-2
ZZL8V89FA,DORNE- 2
ZZ0FAVVVFA,STORMLANDS-2
80L8Z4FALO,#N/D
FA000LOV84,#N/D
LZ08LO988,HOARE
900LVLOL9,#N/D
L80LOLL0L,STORMLANDS-1
L80V808V,IRONISLADS
L8ZZL0Z0,RIVERLANDS-2
L80Z9480,NULL
LZ8488FA9,STORMLANDS-2
FA0FA900ZL,#N/D
LZZLO98LLO,NULL
L94Z0LL9,IRONISLADS
L9ZLLO0V9,NORTH
90080FA84,#N/D
L0LVFA0FA4,RIVERLANDS-1
LLOL0VFA89,IRONISLADS
LZFA88Z00,IRONISLADS
LFA4Z908L,NULL
LFA4LOLFA90,DORNE-1
L4FAFA04LZ,STORMLANDS-1
LFAZ44988,STORMLANDS-1
FA00L04V8,NULL
LZZ89440,IRONISLADS
Z00V8LO09,DORNE-3
V08L0FAVFA,REACH
LZZFAFAFA,IRONISLADS
ZZV48908,NULL
84Z9V9L,IRONISLADS
L9LOZV4LO9,HOARE
LLLVZMFA8,HOARE
V000LLO0L,NORTH
8000V0FA0,STORMLANDS-1
LV0ZL890,STORMLANDS-1
ZZLZ0ZZM,RIVERLANDS-2
44098LOFA,HOARE
LFA09FAZ0L,#N/D
VL0LO8FAV,DORNE-1
ZVLOFAV00V,NULL
LO8LO04LL,IRONISLADS
FA0L0L04Z,#N/D
LO0Z0LFA8Z,AEGON
L9LZV08L,DORNE-3
4ZLV888,HOARE
L800V0LO0,RIVERLANDS-1
LV90V9VL,STORMLANDS-1
L0VZL494,STARKS
L0FAL0LO0Z,RIVERLANDS-2
LO0ZVFA8FALO,RIVERLANDS-2
LVFALO0V8FA,REACH
9LOFA9490,HOARE
L0FA98ZML,DORNE-3
LV98LLLV,REACH
LZ90L088,DORNE-1
L0LZZVLLO,STORMLANDS-2
L8L004FA0,STORMLANDS-1
FA0LZ0LOLZ,#N/D
LO00ZZ0L9,CROWNLANDS
L9FA44LOLLO,RIVERLANDS-2
V0LLO49V0,#N/D
Z0FA49ZV4,DORNE-3
LZ0L98LFA,STORMLANDS-1
VZ0FA000,HOARE
L89Z0Z9LO,STARKS
9FAFAZ040,IRONISLADS
V00VLO04LO,STARKS
LZ800LOL0,DORNE-3
L8Z04Z04,STORMLANDS-1
L08V49ZM,STORMLANDS-1
Z0498L0Z,DORNE-3
L0094FAZZ,STORMLANDS-1
FA00ZVL,NULL
V0LZLO4L,IRONISLADS
L8Z0L980,IRONISLADS
L0L98Z,RIVERLANDS-2
8LO44900,DORNE-1
880LO04LO,DORNE-1
FA0FAVLOZFAL,#N/D
V00Z9VV0,STORMLANDS-2
V0V9LOZVL,NORTH
890Z0Z8,HOARE
LLO8LOLZZZ,STORMLANDS-2
Z0V8LVFA8,RIVERLANDS-2
L9880LOL0,CROWNLANDS
FA0LLOLVFALO,#N/D
L9LOFALO800,IRONISLADS
8094V08,DORNE-1
V0L0LV49,RIVERLANDS-2
LFA9Z80Z9,DORNE-1
FA0VZ48FAFA,#N/D
LFA80FA048,DORNE-3
L9FA0LLZ9,RIVERLANDS-2
L0Z80LO04,RIVERLANDS-1
LZZLOVZZFA,HOARE
L09LO0FA40,STARKS
LZ8FA0V9V,NORTH
FA04444Z0,#N/D
L90FA040Z,RIVERLANDS-2
V00LO0LFA8,RIVERLANDS-2
L80909Z9,DORNE-1
L890L0L9,RIVERLANDS-1
FA004LO8,#N/D
L89FA0FA4Z,STORMLANDS-2
V09888LOV,NORTH
80LZ4LOFA0,STARKS
L0LOLZFA49,IRONISLADS
80ZZL8FA,IRONISLADS
8FAFA00,HOARE
ZZ4FA98Z9,NORTH
90L0044Z,#N/D
L40V9LVZ,IRONISLADS
LVFA48Z00,HOARE
VLOFA8VFALO,DORNE-1
LLOL49L,IRONISLADS
VZ49FAFAV,DORNE-1
V00LO0Z0LO,STORMLANDS-2
V90LLOVV,IRONISLADS
L9L9840V,DORNE-3
LVVLOL9FAZ,NULL
L90L8LO00,STORMLANDS-1
LFA04LFA8L,STORMLANDS-1
LVLFALOV,HOARE
LLOV00ZZV,REACH
ZVZM4Z0L,NULL
L94Z409Z,STORMLANDS-1
L8LZM04Z,DORNE- 2
FALLLO49L,DORNE-1
LZ00ZLO40,IRONISLADS
L0L4LOL04,IRONISLADS
LZ44L0FALO,STORMLANDS-1
FA00FA8Z08,RIVERLANDS-2
L89ZZ890,NULL
L80LOZZZ8,STARKS
L0ZZ00VLO,IRONISLADS
LVFA09LO88,STORMLANDS-1
LLO000LO0L,STORMLANDS-1
L4LO9V0,STARKS
LLO8L0FAFA0,IRONISLADS
L00004LFA,IRONISLADS
V80FA0L9,IRONISLADS
L8LOV9ZVLO,RIVERLANDS-2
V000FA9ZLO,DORNE-1
L8LOFAZM44,CROWNLANDS
8Z9LO0V9,HOARE
LO0LO0ZLOLLO,CROWNLANDS
L94LOFA900,DORNE- 2
LO0LO0V844,CROWNLANDS
LZ098V44,STORMLANDS-1
V0VFA40V0,NORTH
LO0000Z0Z,CROWNLANDS
LZ89V009,NULL
L08LO0LVFA,RIVERLANDS-1
FA0000LO89,NULL
L9FA0449L,DORNE-1
L09048LO0,STORMLANDS-1
Z0LLO8ZFALO,RIVERLANDS-2
VVFA490Z,HOARE
L09ZLO0V8,NORTH
L9Z0000L,IRONISLADS
LLZ0FALO94,STORMLANDS-1
LLOZV80FAZ,DORNE-3
L80ZFA9FAV,STORMLANDS-1
LZ8V400LO,RIVERLANDS-1
V0FAL98Z,IRONISLADS
LZFA0ZZFAV,#N/D
LO0V90L8L,STARKS
LO0048LO4FA,CROWNLANDS
89ZL089,HOARE
LLOLFA0008,REACH
L09LO,STORMLANDS-2
LL90098FA,STORMLANDS-2
LZ00V4V8,RIVERLANDS-1
8V9FAL08,DORNE-1
FA049V9ZZ,#N/D
LVVLLLOZV,REACH
LFA8Z9ZVZ,STARKS
Z44FA0FA,IRONISLADS
9004800Z,#N/D
LO048ZZ44,AEGON
L0Z94L8LO,DORNE-1
L84VFAZZ9,HOARE
FA008V89V,REACH
L4V04V49,DORNE-1
Z0FAL9FAV0,DORNE-3
84LLZ9V,DORNE-1
LV0L000Z,IRONISLADS
LZ9V0LO9LO,IRONISLADS
L84Z4ZML,STORMLANDS-2
LV4FA80VL,#N/D
V09V0LLOV,STORMLANDS-2
LVV09FA88,HOARE
L0FA0FAVFA4,STORMLANDS-1
L8LO89490,STORMLANDS-1
LLOFA009Z0,IRONISLADS
L0L0L0VFA,STORMLANDS-1
L9LO000FAZ,RIVERLANDS-2
LL0FA948V,STORMLANDS-1
LO08V084FA,CROWNLANDS
FA0V0884V,#N/D
988LO48V,IRONISLADS
L9LO4ZZ44,RIVERLANDS-1
L80940FALO,REACH
8894LO,HOARE
V04ZV9,STORMLANDS-2
FA0LOZLO08V,#N/D
LV08ZLLO9,IRONISLADS
LZ9Z9VLZ,REACH
LLOLZFALOZV,IRONISLADS
L8FA84800,DORNE-3
L9LO0FAVZZ,DORNE-1
L40V088L,IRONISLADS
LO0LOZ00LO9,AEGON
L90LO8LOZ8,HOARE
84FA4ZZ8,IRONISLADS
LVLVFAVV4,DORNE-1
LVZ9LO0LOFA,DORNE-1
89Z0ZFAZ,IRONISLADS
900FA09Z,DORNE-1
V0404498,STORMLANDS-2
LVV4V0FAL,DORNE-1
LZ0008ZL,RIVERLANDS-2
90L40FAFAFA,#N/D
900VZZLFA,#N/D
L40Z9L00,RIVERLANDS-2
LLOZL0LO0Z,HOARE
FA0FALZ0,#N/D
ZZ0VFA94V,NORTH
LLO89LOZLO4,HOARE
VZFA0LOZ0,DORNE-1
L0VFA9LO9L,HOARE
L0L0V8L9,STORMLANDS-1
V0889V0FA,REACH
L840Z909,HOARE
L00LO09ZZ,DORNE-1
LVLOZLOLLOL,STORMLANDS-1
9490L0V,DORNE-3
8000VFAFAV,STORMLANDS-1
V0ZVVLO0Z,DORNE-1
800400FA4,STORMLANDS-1
L8FA49L0Z,CROWNLANDS
900FA0884,#N/D
L4LV04VLO,IRONISLADS
V9VZVFAV,IRONISLADS
L8FAZ00FAFA,REACH
L900FA0V0,HOARE
LFAFA4L080,HOARE
LO04ZZ40V,CROWNLANDS
VLOFALOFA0LO,IRONISLADS
L9LO44890,RIVERLANDS-2
Z0VVLL90,DORNE-3
L000LOVVFA,NORTH
LFAZV98Z9,IRONISLADS
LFAV8LL98,RIVERLANDS-2
LO0FA8FA0FA0,NULL
FA0FAZVFA40,#N/D
L9LOLFALOV4,STORMLANDS-1
L0Z0ZFA0FA,HOARE
L4Z48LO0FA,STORMLANDS-1
L90FA9VVV,CROWNLANDS
L08L0LO4Z,STORMLANDS-1
FA048808L,#N/D
FA0LO0LOL8V,#N/D
L80L0Z8FA,STARKS
L08988LO0,RIVERLANDS-2
V09ZL090,STORMLANDS-2
L908FALOV8,STORMLANDS-1
LLVLZFA0LO,DORNE-1
L008LLVLO,RIVERLANDS-1
L4ZLOL0,HOARE
L098V48FA,HOARE
L9FAFA4040,DORNE-3
LVLO0ZZ9V,DORNE-3
ZZZ4FAV0V,NORTH
Z0LV0L90,RIVERLANDS-1
L880LFA08,STORMLANDS-2
LL80LL9V,STORMLANDS-1
LL800LLFA,RIVERLANDS-2
L89Z8948,REACH
L00VLOV4V,RIVERLANDS-2
L8898VLO9,STORMLANDS-1
Z0LOFAV0FAZ,STORMLANDS-2
Z00ZFAL00,DORNE-3
LZLVZLFA8,IRONISLADS
LFALO48VV0,#N/D
L9FAVZ4FA4,IRONISLADS
LVFA8LO0Z9,NORTH
Z00L0FALV,RIVERLANDS-1
L89049ZFA,DORNE-1
ZZ00FAV80,STORMLANDS-2
LVFA00LOZV,STORMLANDS-1
L0Z00Z90,IRONISLADS
VLO9Z9LV,IRONISLADS
LV8Z9V8L,STORMLANDS-1
FA0ZM4090,#N/D
888LO0L4,HOARE
L009V4LZ,HOARE
8FA9VFA0LO,HOARE
LLOV889Z8,DORNE-1
FA0Z0V400,#N/D
LFALO9VZM9,IRONISLADS
ZZ08LOVLV,NORTH
LLZLO0400,IRONISLADS
L8ZVV0FALO,HOARE
L880L80L,#N/D
LVFA0LFA0V,IRONISLADS
L9048VLFA,STORMLANDS-2
LLO09L490,NULL
900FAFA0L0,#N/D
L88LO4LFA8,STORMLANDS-2
FA00ZLOLZ4,STORMLANDS-2
L90L088L,STORMLANDS-2
LO04L4FALOFA,DORNE- 2
Z0480LO,RIVERLANDS-2
8FAZ94FALO,DORNE-1
FA00LO9009,#N/D
8098FAZZ,DORNE-1
Z0LO4LOZ4Z,RIVERLANDS-2
FA090409L,#N/D
LLFAFA4400,NULL
9000LO980,#N/D
L8LO890,RIVERLANDS-1
L8FA04FA40,RIVERLANDS-1
L9FAFA0Z0L,CROWNLANDS
L40L89LO9,HOARE
9V00Z04,DORNE-1
L484FALO8LO,IRONISLADS
L00Z080V,NORTH
FA0ZFAV498,#N/D
LVLO444,REACH
L0FAVZZ0L,DORNE-3
LFA8408FA4,REACH
LO00088FA0,CROWNLANDS
FA04LO80LO4,#N/D
LZM4409Z,IRONISLADS
V0V94,DORNE-1
LFALO8V09FA,IRONISLADS
L0VLFA8LL,NULL
Z08FA04VLO,RIVERLANDS-2
L0VFA04LO9,STORMLANDS-1
ZZLO9LO8V0,NORTH
9Z8L04FA,RIVERLANDS-1
L8LLO4L90,NORTH
V800ZL4,HOARE
LO0FAZLZ,NULL
LV0LZ088,REACH
L0FA0089LO,STORMLANDS-1
L4ZV9090,RIVERLANDS-2
L4ZFAVL48,HOARE
844LOZ00,HOARE
L809L8FA0,HOARE
LO0VL0004,REACH
LO0ZZ4V88,REACH
FA000Z8ZV,#N/D
L9LO0VZM9,STORMLANDS-2
L9LO8ZZL0,NORTH
LV90Z084,RIVERLANDS-2
FA0VZ4LO0LO,#N/D
L800FA0LOV,RIVERLANDS-2
8LFALO084,DORNE-1
900V00,#N/D
800V9V44,STORMLANDS-1
L00LLO0VL,DORNE-1
ZZ8LFA4V0,STORMLANDS-2
V40FAZ,STORMLANDS-1
L9LOFAFAFA04,#N/D
L84L0VL0,DORNE-1
8849Z0Z,IRONISLADS
LO0900Z0Z,CROWNLANDS
V0LV9LO4FA,#N/D
LLOFAFA0V,IRONISLADS
Z0L0LO4LO8,RIVERLANDS-1
L89V4ZLOZ,DORNE-1
800LOLLZZ,STORMLANDS-1
L040LO9LO8,DORNE-1
L8FA800FA0,HOARE
V00Z4VLOL,RIVERLANDS-2
VL4L,DORNE-1
Z000849Z,RIVERLANDS-1
L9LV9LO40,NORTH
L0Z80ZLV,STORMLANDS-1
LFAZFA8LO9V,REACH
L0000V80,DORNE-3
8FAL004FA,HOARE
LO09V8VFA9,CROWNLANDS
V0090808,RIVERLANDS-2
LFA80440Z,CROWNLANDS
L809FAL0LO,IRONISLADS
L8FA09V04,IRONISLADS
Z0FAZV9FA4,DORNE-3
L0804LO,NORTH
LZLO04LO,HOARE
V08LO0LOVLO,REACH
V00L88LL,RIVERLANDS-2
LZV9V0L9,HOARE
LLOFA480Z9,CROWNLANDS
L80LO0ZM4,DORNE-1
LLOFA0Z00LO,HOARE
9LVZ4LOV,IRONISLADS
L800V80Z,RIVERLANDS-1
V0804448,REACH
LO8V889V,HOARE
L9FALLOFALO0,STORMLANDS-2
LLOZLFALLO0,DORNE-1
LO0L0FAL,IRONISLADS
LZL48ZZL,REACH
L0L0FA0,DORNE-3
80L4FA,IRONISLADS
LZL0LO940,CROWNLANDS
LLO08840V,HOARE
L8ZFALOV49,STORMLANDS-1
LZ8LOVFA08,DORNE-3
V008ZFALOFA,DORNE-1
FA00ZV098,RIVERLANDS-2
LFA90FA488,STORMLANDS-1
LFAV000L0,HOARE
L40FAVZL0,DORNE-1
48FAZ0L8,HOARE
L00FA0FA44,DORNE-3
LZ9VZM8L,STORMLANDS-2
L80LOZ04Z,STORMLANDS-1
Z00V4Z48,DORNE-3
9000L4LZ,#N/D
L4FAZLL00,STORMLANDS-1
L0084V00,IRONISLADS
98094LOL,RIVERLANDS-1
L809V00Z,DORNE-3
LFAL890FAFA,STARKS
L90LOLLO8V,AEGON
LZ49LO0LOV,RIVERLANDS-2
LLO8LO988V,HOARE
80L0FA0LO0,STORMLANDS-1
L9VLOLV8FA,STORMLANDS-1
ZZ0V0FAFALO,CROWNLANDS
FA0ZLL800,#N/D
LFA8LO89FA8,IRONISLADS
LLO8FAZFAVFA,STORMLANDS-1
LZ4FA0ZZ0,STORMLANDS-1
LO0FAFAZ00V,NULL
LVZ040FA9,DORNE-1
L9LZ8LLOV,IRONISLADS
L8FALO09,HOARE
L0080ZVZ,RIVERLANDS-1
ZZL0L8,NORTH
LLZMVFA08,DORNE-1
L04Z0890,STORMLANDS-1
L8LO090FA4,RIVERLANDS-2
LV0LO4FAVFA,HOARE
LLO0FALO8V9,STORMLANDS-2
940FA988,IRONISLADS
L49LFA08LO,HOARE
L8VZLZLOFA,STORMLANDS-1
FA0Z0LO9LL,#N/D
LZFA8804L,STORMLANDS-1
LZ8V4LOLLO,RIVERLANDS-2
LO0ZLO0Z9FA,RIVERLANDS-2
Z0ZZZ484,DORNE-3
LL9V0ZFA8,STORMLANDS-1
LV8VFAL00,DORNE-1
LZ09Z4ZFA,#N/D
L9ZLO8LO8V,RIVERLANDS-1
Z00ZLOZLOV,RIVERLANDS-2
LVLO988LL,STORMLANDS-2
L9ZFA0Z4V,RIVERLANDS-2
L80LOLL4LO,REACH
FA009V0L9,#N/D
LO09LO00VLO,CROWNLANDS
VVV4L,HOARE
L40FAZZ9L,DORNE-1
L988VVL9,DORNE-3
L400FAZZZ,RIVERLANDS-2
L4VV9LO90,RIVERLANDS-2
84V0LLLO,IRONISLADS
LLO0Z8400,DORNE-1
L800LOFA0FA,DORNE-3
L9LO8ZLO80,RIVERLANDS-2
Z0LOL0LL0,DORNE-3
L9FA0ZL8FA,STARKS
FA004LO0LOZ,IRONISLADS
LO0Z08V4FA,AEGON
L9LOLFAL8V,HOARE
FA00V8Z0L,#N/D
L004L9,AEGON
ZZZ9LO0LO0,NULL
V0FA84LO8Z,STORMLANDS-2
80044LO08,STORMLANDS-1
L80L0LOLFA,NULL
L4L900LOFA,STORMLANDS-1
ZLO9ZLV,IRONISLADS
900LOZ88,DORNE-1
9LO0V8Z0,DORNE-1
L4LOFAZ4Z4,DORNE-1
L8880400,DORNE-1
LZ08VFALO0,DORNE-1
ZZFA8ZLO4LO,#N/D
L80L848Z,DORNE-3
LZ9000VV,HOARE
L9ZLFAL8LO,RIVERLANDS-2
9094LOL8,IRONISLADS
89FALO0FAL,HOARE
LLO9844ZM,NORTH
LVVZZZZ0,IRONISLADS
L8FA00494,IRONISLADS
L8LOZZ04Z,DORNE-3
L9V4L0VV,IRONISLADS
L48900L9,STORMLANDS-1
L494VLV0,DORNE-1
V409FA00,HOARE
LZ4ZZ9V8,HOARE
LZ40V484,DORNE-3
V08Z0088,REACH
FA0Z0FA0LO8,#N/D
FA00Z49LL,DORNE-3
L8VLO8FAZ4,STORMLANDS-1
V000044LO,RIVERLANDS-2
FA000V49V,NORTH
L044Z9,NULL
L894LOV9Z,REACH
L8LO000,NORTH
V08L04LL,REACH
L800LO9Z0,CROWNLANDS
L840FA0LO9,RIVERLANDS-2
L89008V0,DORNE-1
LLO09FA80V,DORNE-3
80809LLO,IRONISLADS
LVLOFA9000,NORTH
V0LLOVLV0,RIVERLANDS-2
9V0L0ZV,DORNE-3
FA0Z488L0,#N/D
LO0Z80LO,REACH
80040LZ0,NULL
LV840FA0Z,DORNE-3
V0VL9LO,CROWNLANDS
FA0V0VVLO9,#N/D
LZ894FAFAZ,RIVERLANDS-2
900Z0Z44,#N/D
Z0LOVZZV0,RIVERLANDS-2
LVLO09409,STORMLANDS-2
LVV089LFA,#N/D
L9LLO00V0,#N/D
Z004V8ZLO,RIVERLANDS-2
FA00FAFA800,#N/D
ZZZML989,NORTH
Z09FAZL09,RIVERLANDS-2
LZ8LZ9Z0,NORTH
L9LO0LFAL8,DORNE-1
L4L0LOL90,REACH
Z0FALOLV80,STORMLANDS-2
V0004ZLOV,RIVERLANDS-2
L8LOL0V9L,RIVERLANDS-2
L4VFAZ48L,DORNE-1
L0V0V000,NORTH
L0ZFA0VFA0,STORMLANDS-1
L9LO04498,HOARE
FA0FA4900FA,#N/D
L9ZLV084,DORNE- 2
L8ZLOFAFAVLO,REACH
L9Z8L904,STARKS
LLO940VV0,#N/D
FA04400Z8,#N/D
L0Z88L9LO,HOARE
FA00LOV08FA,HOARE
LO0LOZ009Z,AEGON
LZ84944Z,#N/D
8FA840VV,HOARE
FA0094ZZ0,#N/D
Z0LOFAVVFA8,DORNE-3
L4LO80LZ4,IRONISLADS
9000FALZ0,#N/D
V000FA0VV,DORNE- 2
LFAZ4FALL8,HOARE
L9L90LFAL,RIVERLANDS-2
LZ98V0LO9,STORMLANDS-1
V049ZVFA8,REACH
V00VL980,STORMLANDS-2
L409FAZ4LO,RIVERLANDS-1
80084LO9,IRONISLADS
LVFA8L04FA,RIVERLANDS-2
Z88988,IRONISLADS
L440004L,DORNE-1
LV8L809LO,DORNE-3
L8ZZ8L,CROWNLANDS
LZ0ZZ094,IRONISLADS
LVL490FA8,STORMLANDS-1
LLVFA0LOL0,RIVERLANDS-1
9FA008FAFA,DORNE-1
LFAZZV8,CROWNLANDS
LLOFA8Z8L4,STORMLANDS-1
LZM4FAVFA9,STARKS
84VFA8,HOARE
ZZLLLOL8LO,CROWNLANDS
L9LO094L0,RIVERLANDS-1
800LOZ80Z,STORMLANDS-1
VVVFA0FAZ,HOARE
V040LO0LO8,STORMLANDS-2
LO0Z80Z9FA,DORNE- 2
LZ00ZM0Z,HOARE
L9LVZFALOZ,HOARE
VLFA9VLOFA,DORNE-1
90LFA0L8LO,#N/D
LO0Z04FA0LO,CROWNLANDS
ZZFAZL888,DORNE-1
LFA0L00Z0,STORMLANDS-1
L0FALOVFAZ0,STORMLANDS-1
L8ZM09LOL,CROWNLANDS
L040LO08V,STORMLANDS-1
LFAFA094LO8,DORNE-3
L0488,IRONISLADS
LZ988FALOFA,STORMLANDS-2
900V8ZML,#N/D
FA00LV94L,DORNE-1
Z004LOZZ0,DORNE-3
LV80004Z,REACH
LVLOV8900,IRONISLADS
LFA9FALOVZ4,REACH
LO0LOZ4Z00,#N/D
L9ZM90LO0,HOARE
V04LOFA04L,STORMLANDS-2
LL0FAZLOV0,STARKS
LZ8FA090LO,STORMLANDS-1
LL089044,STORMLANDS-2
L8VZ0LZFA,STORMLANDS-1
LLO008ZZL,DORNE-3
LLOFAZFA40Z,IRONISLADS
80LFA4LOLLO,STORMLANDS-1
L0848Z40,STORMLANDS-2
LZ48V88V,STORMLANDS-1
LVLOFA8LO09,IRONISLADS
V8LO0LOL9,HOARE
LLO9LOVLO0L,STORMLANDS-2
Z004FA9LZ,DORNE-3
LFA04Z0L8,HOARE
FA0V9V008,#N/D
V0FA8VVV8,STORMLANDS-2
L09VLOL8L,STORMLANDS-1
L8LO908LO0,DORNE-3
FA00Z00FALO,#N/D
L9LO90ZLO4,#N/D
L40LO40Z0,STARKS
V0409LOZ,HOARE
LLFA9LOZLV,NULL
Z00800Z0,DORNE-3
L9LO08V0Z,STORMLANDS-1
L900V40V,NULL
90Z8404,IRONISLADS
Z0LO8Z980,DORNE-3
LLL08LO04,STARKS
L844LO4Z0,RIVERLANDS-1
LL88VLO04,NORTH
V00L8084,CROWNLANDS
Z0V89ZV8,DORNE-3
L8L0L488,HOARE
LLO90080Z,REACH
LLOVLL008,IRONISLADS
FA000ZFA90,#N/D
LVZ8LOL8V,RIVERLANDS-2
L949V4V9,STORMLANDS-2
LZVZ0948,NULL
8LVFAFA0L,IRONISLADS
8Z90909,DORNE-1
L40LLZ9Z,RIVERLANDS-1
Z080ZZFA8,RIVERLANDS-2
L800Z0FAV,STORMLANDS-1
L0LO8FAL9LO,RIVERLANDS-1
LO008ZZ04,NULL
FA0V00LOL0,#N/D
L90FA044FA,DORNE-1
9004L089,#N/D
LLO89LL00,STORMLANDS-1
L0L9L9VL,IRONISLADS
L9LLO0LLO4,NULL
L9LLOZ88V,DORNE-1
L49Z0FALZ,RIVERLANDS-2
L4L8LO9LOFA,STORMLANDS-1
LLO0Z0FA4LO,HOARE
V0L008LL,RIVERLANDS-2
LZ4VLL4L,DORNE-1
L9ZFA0FA4Z,DORNE-3
FA000Z8,IRONISLADS
FA00004,STARKS
FA0Z4V004,#N/D
LLO0ZL0Z9,IRONISLADS
L9VLLO009,IRONISLADS
V9FA49FAFA,IRONISLADS
Z0Z4LLLV,DORNE-3
L090ZFAZ4,NORTH
L84LO9VZ4,DORNE-1
L9FAFA4040,DORNE-3
LV8048FA8,CROWNLANDS
L0LOV8VFA4,STARKS
90L4L89V,#N/D
90L08ZZ,IRONISLADS
LO0ZFA8ZFAFA,AEGON
L8484908,HOARE
V0FA9FA0,STORMLANDS-2
L4L0488L,STORMLANDS-1
LZ0L0LZ8,RIVERLANDS-1
LO0Z4LOV8LO,DORNE- 2
L9ZFAV448,DORNE-3
90094880,RIVERLANDS-1
LFA09LFA9FA,HOARE
LFA08FALLZ,RIVERLANDS-1
L0LOVLVFAL,HOARE
LV8LO0ZZM,DORNE-1
LFAL0V0L9,IRONISLADS
900V80V4,#N/D
L98Z084LO,STORMLANDS-2
L44LOFA8LO9,HOARE
L0LOV9FA4FA,STORMLANDS-2
8LLO8448,HOARE
LV9ZVLOZL,IRONISLADS
FA0FA9LOVLFA,#N/D
V000LOVLL,NORTH
L8949LO09,NORTH
Z008FAVVL,DORNE-3
V0090LO0L,DORNE- 2
LO040ZMFA0,NULL
LLO4VLO9FALO,#N/D
L0FALZM00,IRONISLADS
L48LO0FA94,STORMLANDS-1
L9LOFA8ZM0,CROWNLANDS
LLOV808V8,DORNE-1
800LZ8L0,STARKS
Z040LOFA9LO,RIVERLANDS-2
L8ZM4008,RIVERLANDS-2
ZMZ8FAFA,IRONISLADS
LFAFA4LOV0FA,HOARE
L8LL00LO8,#N/D
Z00000VFA,DORNE-3
LVFA8FAFA0FA,CROWNLANDS
LFA888FA0FA,CROWNLANDS
L9LLOFAZFA0,HOARE
LL4L90,IRONISLADS
ZZLOV0FA0Z,NORTH
V0V490L9,STORMLANDS-2
800040L0,NULL
V9LVFA0Z,HOARE
L0LV9L00,DORNE-1
Z089LOFA8V,DORNE-3
800Z0LO00,STORMLANDS-1
LVZVLO8LFA,CROWNLANDS
L9L8L88LO,DORNE-1
L09LO9LOFAV,IRONISLADS
LLO0LOVLO8Z,DORNE-3
L84LO4L9V,RIVERLANDS-2
Z0Z9490L,DORNE-3
LVZFAL484,NULL
LL90ZV,RIVERLANDS-2
L8LZ98FAL,IRONISLADS
L8L88VFAZ,IRONISLADS
LZ4VVLO94,IRONISLADS
Z04ZZ4LO8,DORNE-3
ZZ8L0ZV9,NULL
LVL04ZZV,IRONISLADS
80VFA40FA,HOARE
900V48Z8,#N/D
L8LOFA00LO9,STORMLANDS-2
80004VLFA,STARKS
FA0Z80LLV,#N/D
L0FA0ZL4LO,RIVERLANDS-2
FA0ZFAFA48Z,#N/D
LLO0Z0FALO0,IRONISLADS
90LL0FA00,#N/D
Z0L948FA9,STORMLANDS-2
FA004LO8LOZ,STORMLANDS-2
LO00089L8,CROWNLANDS
80L888FA,IRONISLADS
V84Z0FAV,HOARE
LZ9000VLO,IRONISLADS
L9V08049,HOARE
LV8LO4808,IRONISLADS
V4V84FAZ,DORNE-1
L809FAZ4FA,DORNE-1
FA0VVZM84,#N/D
9V00FALOFA,DORNE-3
LZ44089LO,HOARE
LLLO0Z0VFA,CROWNLANDS
FA0040LO00,RIVERLANDS-1
L0FAV4ZLOZ,NORTH
800LO8FAL,IRONISLADS
LZVVL989,IRONISLADS
L89FA0LFA0,DORNE-3
888LO000,DORNE-1
ZZVFA4LO9LO,NORTH
L98V0LOL8,IRONISLADS
LLO8LO08V9,STORMLANDS-2
V00FA0Z0Z,RIVERLANDS-2
VL440VV,IRONISLADS
LZ84V0,STARKS
V0L40VLOZ,RIVERLANDS-2
LZ048LO9V,STORMLANDS-2
LFA40FA400,HOARE
8ZFALOVLFA,HOARE
94008VFA,DORNE-1
LZLOLLOFALOFA,STORMLANDS-1
L8ZFA440LO,REACH
L000Z90Z,IRONISLADS
V09FAV4LOZ,REACH
VLO498V0,HOARE
V0008408,DORNE- 2
V00ZLO9FA4,DORNE-1
LLZLFAL09,HOARE
L90LOLV0Z,CROWNLANDS
909LOZ08,IRONISLADS
Z0LFAL0FALO,STORMLANDS-2
VZ9LOL08,IRONISLADS
LZ4FAZFAZM,HOARE
L80V8880,CROWNLANDS
LL00Z08V,STARKS
L4FA048FA0,#N/D
V0LO090L,IRONISLADS
LV4L8FA0V,STORMLANDS-2
V00LO0VFA,HOARE
V094LV88,REACH
900009Z0,#N/D
FA0449VZL,#N/D
LO0FALO4LV0,CROWNLANDS
L448090FA,STORMLANDS-2
LFAZM09VV,IRONISLADS
L008Z004,#N/D
LL09ZLO80,CROWNLANDS
Z0L4098V,DORNE-3
900V8LO08,#N/D
ZZLOFA90LLO,STORMLANDS-2
LFALOLFAFA40,IRONISLADS
LLOFAV9Z4Z,STORMLANDS-1
FA0LL0LLO4,#N/D
LV44VFALO0,RIVERLANDS-2
FA0ZMZLFA0,#N/D
V009L94Z,RIVERLANDS-2
L94ZLOZVV,DORNE-1
LLO88L408,HOARE
90L0LO0VV,#N/D
L08ZL009,RIVERLANDS-1
Z00LO9090,RIVERLANDS-1
Z0ZVV90FA,DORNE-3
LO0490ZFA9,CROWNLANDS
LFAZL09Z8,NULL
L090FAL8FA,DORNE-1
V0LZ000LO,RIVERLANDS-2
LLLO940L0,CROWNLANDS
Z0ZM8V9LO,RIVERLANDS-2
FALOFALOLFALO,HOARE
90V00VZ,DORNE-1
L40Z0L98,STORMLANDS-1
FA08LO0LOZ4,#N/D
L0880LOL0,NORTH
L0VFA98V,HOARE
FA0LOZZ0L8,#N/D
L04FALOVVV,REACH
L900VLOL4,CROWNLANDS
LO0ZLO08Z0,RIVERLANDS-2
FA0VZLO90V,#N/D
80088V44,STARKS
LV9LOZ00LO,STORMLANDS-1
FA0ZML00V,#N/D
V409808,DORNE-1
LZ09LOZZL,STORMLANDS-1
80000FA0FA,STORMLANDS-1
Z0ZZV89V,RIVERLANDS-1
Z008LO0LL,DORNE-3
LVLFA8LOZL,RIVERLANDS-2
V00FAFALOZ,HOARE
L00L80LFA,HOARE
900L0FALL,#N/D
8FA9V090,DORNE-1
LLL0LOV,IRONISLADS
LO0ZZLO0,RIVERLANDS-2
LL09Z088,CROWNLANDS
8FA9LOLV0,IRONISLADS
LLOZL0L49,STORMLANDS-1
FA0808898,#N/D
ZZV90V84,STORMLANDS-2
LLOZLO0ZFA8,HOARE
LFA0904VLO,STORMLANDS-1
L4Z90FA09,DORNE-1
V0LOZFA8Z,DORNE-1
L0FAZM0ZM,RIVERLANDS-2
LV8FA0ZFALO,STORMLANDS-1
L80FAV88V,STORMLANDS-1
LZLLO008L,IRONISLADS
LZ80FA8FA0,NULL
LO808LO,IRONISLADS
L94LO088L,NULL
LZ090ZL0,STORMLANDS-1
800VLOL08,STORMLANDS-1
800ZFAZVV,NULL
L8440084,IRONISLADS
LVZ0L0V0,#N/D
FA09VVLOFALO,#N/D
LZ009FA00,DORNE-1
FAFA8LO08Z,HOARE
LZ89FA4VFA,NORTH
L900L090,RIVERLANDS-1
L08L84LOFA,IRONISLADS
L9L0FA80FA,DORNE-1
9098FA40,HOARE
8FA008V8,DORNE-1
LZLL4008,REACH
LLZVFAZZM,NORTH
L4V8V49V,STARKS
80088LFA,HOARE
900ZLO090,#N/D
LFAZLL440,DORNE-3
VL9V888,HOARE
LVL8ZV80,RIVERLANDS-1
L0FALOZ0Z9,STORMLANDS-1
L0LOFAFAZZZ,HOARE
FA00ZLO00L,NORTH
LO0L4FAZ,NULL
V00LO0LZLO,RIVERLANDS-2
800Z4L0LO,NULL
LVZ0008L,IRONISLADS
L08FAV84V,CROWNLANDS
L004FAZZL,STORMLANDS-1
L4VFAZMFALO,NULL
L90VLOFA8LO,RIVERLANDS-2
LFAV98Z44,DORNE-3
ZZLV9LO08,NORTH
Z0FA94L48,DORNE-3
V90L0FAZ,IRONISLADS
8040FA0V,HOARE
ZZ44V8L4,#N/D
LZ0VLOFA09,NORTH
LO000VVVFA,CROWNLANDS
LO0LOFA84VZ,AEGON
V0400Z,STORMLANDS-2
LLFA0Z8Z0,IRONISLADS
L88LFAV,IRONISLADS
ZVLO84Z80,RIVERLANDS-2
L49FALO88FA,#N/D
VZ89008,HOARE
V09ZLO9Z0,STORMLANDS-2
L8LOL4ZLO0,RIVERLANDS-2
LO0ZZLOFAFAZ,REACH
800040LL,STORMLANDS-1
L8Z0FAFAFA4,HOARE
L9LO0V90FA,STORMLANDS-1
L0V4VVFA0,STORMLANDS-1
LO00FA8V80,CROWNLANDS
8LZ94LV,IRONISLADS
L0LO0FAZZ0,IRONISLADS
FA0Z900LO4,#N/D
V089LO0FALO,STORMLANDS-2
ZZZ4Z0ZV,IRONISLADS
Z0909VZ4,DORNE-3
FA0FA8Z409,#N/D
LO049V9VV,AEGON
LLV0FA84L,HOARE
L0V898,DORNE-1
FA00FA8940,RIVERLANDS-2
80089LO,NULL
LVZ8V9LZ,DORNE-3
LO04Z4000,CROWNLANDS
LFA90V4V8,NORTH
V0LV4FA94,RIVERLANDS-2
LV9LOFAZLOV,IRONISLADS
V04V09ZFA,REACH
V00V8890,STARKS
ZZ000LLLO,STORMLANDS-2
L8040008,HOARE
LVLLOLL9Z,STORMLANDS-1
L8LLOZ80FA,DORNE-1
80LL0FAVV,#N/D
FA0FA44VLL,#N/D
LFAVLO8V4Z,HOARE
FA0LVZZLOFA,#N/D
84LOV4Z0,IRONISLADS
L90490L9,RIVERLANDS-2
L8989FAV8,IRONISLADS
FA00VZV8L,#N/D
LLLO4LO9LV,#N/D
L094Z4LOV,CROWNLANDS
L0000LL8,RIVERLANDS-1
L908080LO,DORNE-1
V0LZLZ90,RIVERLANDS-2
LFAZM089FA,HOARE
FA0ZVL4LV,#N/D
L00FAZ0Z9,IRONISLADS
LL0LOL04Z,STORMLANDS-1
LO04LOFA890,CROWNLANDS
L0VZ9L0L,IRONISLADS
9V04V,STORMLANDS-1
Z0Z9L9FA4,DORNE-3
V04LLOZ48,STORMLANDS-2
80L9L8LOZ,NULL
L94ZZFALO0,RIVERLANDS-1
9009LO4,#N/D
L0LO8Z904,HOARE
FA009FA9VLO,#N/D
V0FA8LVV0,STORMLANDS-2
Z04V9LO04,DORNE-3
LVZZLO9VZ,DORNE-1
L9LOFALZM9,IRONISLADS
LLO04VZL8,RIVERLANDS-1
ZZFAFA8ZM8,STORMLANDS-2
L4LOFALO8L0,HOARE
L9L04Z40,AEGON
LV9LO09FA0,DORNE-1
LFAZZ8ZFALO,IRONISLADS
LFA08880LO,NULL
L9FA408LV,STORMLANDS-1
80LLZ4VZ,NULL
LO0LOZLOV4FA,AEGON
L0LV9V9L,DORNE-1
FA0VV49LO0,#N/D
FA00VZFA84,NORTH
FA0Z4ZZFAL,#N/D
LO0ZFALOVLOL,AEGON
LZZ00VZLO,STARKS
ZVLO480V9,NULL
L4V94LOV4,STARKS
L4LFAFA0Z4,STORMLANDS-1
FA09Z4FAVL,#N/D
Z0L0FA090,RIVERLANDS-1
8FAL9ZL8,HOARE
FA0080ZV0,#N/D
L00V98VV,HOARE
L89V0VLLO,STARKS
ZZV94Z48,NORTH
LFA0FA9LOFA4,IRONISLADS
ZZ0L0L80,NORTH
V0040LO08,RIVERLANDS-2
V0V0LZFA4,STORMLANDS-2
LFAV4Z488,STARKS
800ZLOLZFA,STORMLANDS-1
L98LOFA844,RIVERLANDS-2
L408LO0ZV,DORNE-3
ZVZFALO0LOL,NULL
LL48Z804,STORMLANDS-1
ZZZ0V809,IRONISLADS
V00FA090L,RIVERLANDS-2
V000FALL9,DORNE- 2
L80LZLVZ,DORNE-1
L8LO4L0VL,HOARE
L9489489,REACH
LFAZL8040,STORMLANDS-1
L0080LZ4,IRONISLADS
Z08LO894Z,DORNE-3
LV0FA0FALO9,STORMLANDS-1
LV9FA4L8LO,HOARE
4Z0Z8L,HOARE
L88LO4Z4FA,STARKS
LVZZM0L0,NORTH
LLV4LV4V,#N/D
LFAZ9Z84Z,STORMLANDS-1
Z0FA0ZM48,DORNE-3
LFA0V9LOLZ,DORNE-3
L900LOL0LO,STORMLANDS-2
FA04L44ZFA,#N/D
V0Z8L44V,HOARE
LLOVZFAV,RIVERLANDS-2
8LL09FA4,IRONISLADS
Z04ZV84V,DORNE-3
FA09VV9ZFA,#N/D
LLO9ZV94FA,NULL
89V88FAFA,IRONISLADS
Z00ZM00FA,STORMLANDS-2
L0LOFA4FA0LO,IRONISLADS
LVLLL008,STORMLANDS-1
L8ZM8,DORNE-1
84LZZFA8,DORNE-1
L0880LFA8,NORTH
V4084VZ,HOARE
L48FA9088,NORTH
ZZFA40009,RIVERLANDS-2
LFAFALOFA8LV,IRONISLADS
LO04LOFA80V,CROWNLANDS
LO00FAVZ09,CROWNLANDS
L0LOL04ZV,IRONISLADS
FA0V449Z4,#N/D
LO0Z9V9ZL,CROWNLANDS
ZZZ048LV,NORTH
LO004L94FA,CROWNLANDS
LLFA9ZM00,STORMLANDS-1
9880040,RIVERLANDS-2
LZ40LO909,RIVERLANDS-1
888ZVL0,HOARE
FA008ZL4LO,#N/D
LZVLOVFA84,NULL
LZV4FAV09,HOARE
L8V0ZVV4,NORTH
L9ZLOVZ88,DORNE-1
L80VLLOFA0,NORTH
LZ0ZV8V0,NULL
FA0LZ08ZFA,#N/D
V8LLOLLO9,DORNE-1
ZZLO849LO0,RIVERLANDS-2
L88FA84Z9,STORMLANDS-2
VFA09040,IRONISLADS
L9LOV489LO,RIVERLANDS-2
8LOVL4,IRONISLADS
LO09L448LO,CROWNLANDS
L9LOV404LO,RIVERLANDS-2
LVL0FAZZFA,NORTH
L9LO0LLO08,DORNE-1
FA0V0089LO,#N/D
ZZ0LO88FA0,RIVERLANDS-2
800L900V,STORMLANDS-1
V044FA9VL,STORMLANDS-2
90ZZ89FA,HOARE
L894L00Z,RIVERLANDS-1
LO0Z980ZM,REACH
V04FALO0FAV,STORMLANDS-2
FA0LO9Z944,#N/D
ZZZM8L8V,DORNE-1
LVZLO9VLO0,IRONISLADS
L0LO8Z4Z8,STORMLANDS-1
L9LOVFA80Z,RIVERLANDS-1
L40044LO9,DORNE-3
L89094ZV,NULL
V4ZM0LFA,HOARE
V904V8Z,HOARE
L8008L0Z,DORNE-3
L400FAVZL,HOARE
LLOFALO08LOV,DORNE-3
44FA048FA,DORNE-1
FA0L9LO40Z,#N/D
L9Z8900Z,HOARE
L90Z0FA08,NORTH
L8L80LO40,REACH
V0ZZLO0LZ,HOARE
8VL0V,STORMLANDS-1
L98FA4LL9,DORNE-3
FA440V,DORNE-1
L98VFA94FA,STORMLANDS-1
LLZ0VV8,DORNE-1
LV40ZMLO0,CROWNLANDS
FA0ZLO0LOL9,#N/D
8LZ44,HOARE
FA00FA0FAFA4,NORTH
L0444800,DORNE-1
FA0LOL90V9,#N/D
80L4V840,NULL
LFA88V88LO,HOARE
LLOLZFA9LOL,DORNE-1
L9Z94FA04,DORNE-1
L8V900LV,DORNE-1
LFA4800VV,DORNE-3
ZZ09VVFA9,CROWNLANDS
L9VL80,HOARE
L89FALO9FA0,IRONISLADS
LV9L0FA98,NULL
V004049LO,DORNE-1
L40ZMV9V,STORMLANDS-1
FA09809FA,HOARE
L9L0FA4Z8,DORNE-1
LFALFALZ4,HOARE
LV9Z0Z,DORNE-1
FA0LO9V044,#N/D
90988L0,IRONISLADS
ZZLL9884,NORTH
Z094LFA00,DORNE-3
Z000FA0FA4,RIVERLANDS-2
L9040LO00,NULL
L9LO8L4VL,STORMLANDS-2
80ZFA0LOL,HOARE
LLOLZL0Z9,REACH
Z0VLOZ40Z,DORNE-3
V89LLO08,DORNE-1
LLO4FAZL0FA,CROWNLANDS
8000FA440,STORMLANDS-1
LFAL9080L,DORNE-3
L90L8FA0Z,IRONISLADS
L0Z0ZLL4,IRONISLADS
L0ZFAV9V8,IRONISLADS
L494Z4VLO,IRONISLADS
FA9FA0LOZ8,IRONISLADS
LLO4Z98,REACH
LFAZFAZLLV,DORNE-3
VLOVLO898,IRONISLADS
L4LO0LLV9,DORNE-1
FA0L049V4,#N/D
ZZ0LO9V8Z,NORTH
L8L48FA4Z,HOARE
L0ZLFA0VZ,RIVERLANDS-2
L0440LO00,STORMLANDS-1
LO8LO89Z0,DORNE-1
Z08V9048,DORNE-3
LO0ZV944Z,NULL
V0Z0440Z,REACH
8L0LOFA00,HOARE
L88ZLO90LO,STORMLANDS-1
L904VZVLO,RIVERLANDS-2
L4480409,STORMLANDS-2
VVLLO4LO,IRONISLADS
LLO0Z98LO0,REACH
LFALO00Z0Z,NORTH
ZZLO90LO0LO,NORTH
FA09044L0,#N/D
V00Z900V,RIVERLANDS-2
900LO00,#N/D
LZLOVLV,STORMLANDS-2
L940LOFAVV,DORNE-3
L9Z009FA0,STARKS
LLOV8LV00,DORNE-1
LFA9LO0Z0Z,STORMLANDS-1
L9LLOFA8LO9,STORMLANDS-1
L84FA894V,DORNE-3
LZV9L8LO9,STORMLANDS-1
V0849VLO,IRONISLADS
ZLO4LOZLO89,IRONISLADS
L9009L0FA,STORMLANDS-1
L9V08ZV4,DORNE-1
LV00V80LO,STORMLANDS-2
L88VLO848,IRONISLADS
L8ZVZ4FA9,AEGON
800FAZ088,STORMLANDS-1
LVFA4494LO,STORMLANDS-1
L8V8VFALOFA,REACH
LOZLO40,IRONISLADS
LZ098VVZ,IRONISLADS
ZZFAZVZ0L,#N/D
L8480LO4L,HOARE
900LLZ0V,#N/D
LFA90VL0LO,IRONISLADS
L00FAFA0LOZ,HOARE
L9LOFAZZLOFA,RIVERLANDS-1
L9LOZ0LZ8,NORTH
L80400FA0,CROWNLANDS
VVFAFAZLL,HOARE
L0LOLLZML,HOARE
ZZZ8FA0LO9,NORTH
LVZLO4009,HOARE
80008LO00,STORMLANDS-1
LLO0LOZV0L,CROWNLANDS
LZ94V984,DORNE-3
L94L0080,NORTH
L808V8Z9,IRONISLADS
L44LO90FA0,HOARE
ZZFA8ZLO,HOARE
ZZZLVZ9FA,STORMLANDS-2
FA0440L8L,#N/D
FA004LOZ40,DORNE-1
LFALO4Z0V0,RIVERLANDS-1
L9FA890VV,REACH
LLOFAVZ90FA,IRONISLADS
LLOVFALO49LO,RIVERLANDS-2
8000FAVZFA,STARKS
FA0LO84VLOL,#N/D
L8L4Z09FA,NULL
9LZ0FA8L,DORNE-1
L4ZM440L,IRONISLADS
900FALOFA49,#N/D
LVV00Z98,STORMLANDS-1
L0400ZFAV,RIVERLANDS-1
L4FA0ZFA9LO,HOARE
L4LO08V,HOARE
8FAFALOZ,HOARE
L8048400,DORNE-1
LZ0LO00V0,HOARE
89V40,HOARE
LLOVZ0LOFA4,STORMLANDS-2
8L80LO09,IRONISLADS
VZL009V,HOARE
LO00Z88,CROWNLANDS
8VLZ90FA,DORNE-1
FA0VZ00V8,#N/D
LZMLFALV8,REACH
LLO884FA88,DORNE-3
L8FAV0L9LO,DORNE-3
L9L044V8,NULL
V9FA88LO8,HOARE
L80084LO8,RIVERLANDS-1
FA000FALO0V,#N/D
LFAL0FA9LO4,DORNE-1
LFA90LZ4L,IRONISLADS
900940FALO,#N/D
L9ZZ8FAZL,STORMLANDS-1
Z0FA408ZZ,RIVERLANDS-1
V0ZLOZ894,HOARE
98V8FAZ0,STORMLANDS-1
Z0Z98LO0LO,RIVERLANDS-2
L84VVL98,IRONISLADS
V04VLO9ZV,REACH
L8V4008L,CROWNLANDS
8FAV09FAFA,HOARE
FA0VLOVZ04,#N/D
900Z04LOZ,#N/D
L9FA00LVZ,HOARE
90L4V8,#N/D
LZ84LO404,IRONISLADS
ZZLZV8LOZ,NORTH
V09VL4FA0,STORMLANDS-2
V09LOZZFA,IRONISLADS
L0ZMZ9FA9,HOARE
V4LOFAZ0FA,IRONISLADS
ZFAFA,DORNE-1
L4L9LVZ4,STORMLANDS-1
FA0FA4LV90,#N/D
LLLO48LFA0,RIVERLANDS-1
FA009ZM40,#N/D
90L009FA8,#N/D
LFAZLL440,DORNE-3
8L00LO04,DORNE-1
Z008Z008,DORNE-3
LO040000FA,NULL
LV0LO840LO,NORTH
ZZ08FA0LO4,STORMLANDS-2
V09LFA0LOFA,REACH
V008L0,NULL
LZZZLO0,NULL
LL00Z94Z,STORMLANDS-1
LZ8VV800,#N/D
LV08V0FA4,DORNE- 2
LO0LO008Z4,CROWNLANDS
FA09V8V8LO,#N/D
FA0ZV89LO4,#N/D
Z04FA8LZL,RIVERLANDS-1
L0FAFA0V49,RIVERLANDS-1
LV40L000,REACH
L90L04LOZ,STORMLANDS-1
LV084VLV,REACH
LFA8FA04V4,NORTH
FA0L4VFA8LO,#N/D
L940LOV9LO,STORMLANDS-1
800LFA0,NULL
L94LZ9L0,HOARE
800V0LLOFA,NULL
FA0L9Z844,#N/D
FA08LLO09FA,#N/D
LZLO0Z80L,REACH
LZLO40FALO9,STORMLANDS-1
L4940V0L,STORMLANDS-1
LFAFA0L098,HOARE
FALOV80L8,HOARE
80L8FAZMFA,NULL
L900LOZZL,HOARE
LO0LOZ90FA4,#N/D
FA0FA944,#N/D
ZVZFA8FAL0,NORTH
LO04FAL0,DORNE- 2
L9LZLO490,DORNE-1
L04FALL84,IRONISLADS
LZM80LOVZ,DORNE-3
ZZ40ZVV9,IRONISLADS
LV0Z94,STORMLANDS-2
90L09FA49,#N/D
LOZ88FA,STORMLANDS-1
LLOZ4L8FA0,DORNE-1
L9FA0ZM0FA,NULL
LVL0000V,NORTH
Z0884Z04,DORNE-3
L40ZM808,IRONISLADS
L00LO9VFAZ,HOARE
V0Z90FA0LO,HOARE
FA044088L,#N/D
V0LFA9Z00,DORNE-1
Z00FAFA4LO9,DORNE-3
LZZFA4VZ8,STORMLANDS-1
LFA08LO8,NULL
L0Z9Z004,STORMLANDS-2
L8LL9L0FA,HOARE
Z0ZMZZL0,RIVERLANDS-2
LLL0VZFAZ,HOARE
900800V0,#N/D
LO04LO0LOLFA,CROWNLANDS
ZVLO48800,RIVERLANDS-2
L0080ZVFA,NORTH
LLOV0FA889,STORMLANDS-1
Z0V49404,RIVERLANDS-1
80LFA0VVL,STARKS
Z84Z,IRONISLADS
FA00LO0V0Z,#N/D
FA0ZV8FALO9,#N/D
LVFA48889,REACH
LV00FA8LL,CROWNLANDS
L90L40V0,RIVERLANDS-2
FA00LOV4LOV,#N/D
ZZ08LOL04,NULL
Z0FA8LOFA08,RIVERLANDS-1
LO0LZ00ZM,NULL
L8940848,CROWNLANDS
L404LOVFALO,DORNE-3
9LO09440,DORNE-1
L0LZ4940,STORMLANDS-1
ZZ00LOFA9Z,#N/D
VL4V00FA,IRONISLADS
L0FA0Z0LO8,#N/D
FA04L4LOZV,#N/D
Z00LO0,STORMLANDS-1
894LOLL9,HOARE
L0L9FAFA8V,HOARE
LLO980LOFAZ,DORNE-3
LZV08LV8,STORMLANDS-2
FA089080LO,#N/D
LLOVVL9Z9,RIVERLANDS-1
L4V9L04L,IRONISLADS
V08890,CROWNLANDS
L800494FA,IRONISLADS
LVL000LOZ,STORMLANDS-1
V0L08L8L,RIVERLANDS-2
Z0Z40LOZ4,RIVERLANDS-2
LFAZZ8ZFALO,IRONISLADS
LFAV00V4L,DORNE-1
L89VVFAFA4,#N/D
L8ZZ098V,DORNE-1
L8LOFALFA00,DORNE-1
LZZLOFA0ZZ,STORMLANDS-1
L88FALL9,HOARE
V04V9FALO,IRONISLADS
V0LL00ZFA,DORNE-1
LFAL9Z04L,STORMLANDS-1
LLLO0ZV40,HOARE
V090LO4FA9,REACH
L8FA909Z0,HOARE
LZZ90ZZL,HOARE
90L09LL,DORNE-1
L9FA8LO008,HOARE
LZ948080,STORMLANDS-1
FA09ZZ0Z4,#N/D
9840V8FA,RIVERLANDS-1
L908L9VL,STARKS
Z08LZ8LOV,RIVERLANDS-1
LZVVFA9FA8,NORTH
900048FA0,#N/D
FA00844ZV,STORMLANDS-1
Z0LL8008,RIVERLANDS-1
LV9LOVZLLO,DORNE-1
L94904L8,NORTH
Z00L988FA,STORMLANDS-2
FA0004LZL,#N/D
L4LO009FAFA,CROWNLANDS
L404ZM4Z,DORNE-1
LO04LV9Z0,DORNE- 2
FA0LL0LLO0,#N/D
L9LOV8V8LO,NORTH
LFALZ8L0V,RIVERLANDS-2
L9L09FA0FA,RIVERLANDS-2
L9V009V0,HOARE
LL904LOZ8,STORMLANDS-1
LVL048LL,CROWNLANDS
LLO448L9Z,DORNE-3
LLZ04L8V,DORNE-1
9ZZ0LV0,DORNE-3
L8FA0LO0FA4,CROWNLANDS
980L9LZ,DORNE-3
Z0V9ZL0L,DORNE-3
LFALO04FALOV,IRONISLADS
LV4LOV49Z,#N/D
90L0FA090,RIVERLANDS-1
LLOVLO00V0,NULL
V09049V8,NORTH
ZZLOFAFAV0LO,NORTH
L9VV9LO08,DORNE-1
L8LO4V8LFA,REACH
L9VZVLV0,HOARE
L8VFA0LL8,RIVERLANDS-2
FA0Z00090,#N/D
ZZLOVVFAVZ,NORTH
FA0Z4VL,#N/D
L9898Z,CROWNLANDS
ZZFAV080L,STORMLANDS-2
L9FA9ZLO84,REACH
L4FALVV,DORNE-1
FA0L8LOFAFA0,#N/D
94FAFAFAFA0,DORNE-3
L4VV00V4,RIVERLANDS-2
V009VLO8Z,DORNE- 2
LL08V900,CROWNLANDS
LO0L090LFA,NULL
L0LO9L9LOZ,DORNE-1
LO0LO090LO0,CROWNLANDS
L8Z08000,STORMLANDS-1
LZL49000,IRONISLADS
V0LO0L0,CROWNLANDS
L048FAZ9FA,STORMLANDS-2
FA0FAL4FAV0,#N/D
FA008LO044,RIVERLANDS-2
V08VZM89,REACH
L9889LV0,STORMLANDS-1
L9FA44LOLLO,RIVERLANDS-2
L894LOV9Z,REACH
VZ9LOL08,IRONISLADS
L8ZZL0Z0,RIVERLANDS-2
900Z0Z44,#N/D
LFAZL09Z8,NULL
V09FAV4LOZ,REACH
V80FA0L9,IRONISLADS
LV8VFAL00,DORNE-1
L88FA84Z9,STORMLANDS-2
Z0FA0ZM48,DORNE-3
V08890,CROWNLANDS
80L4V840,NULL
L4LO0LLV9,DORNE-1
L9L0FA80FA,DORNE-1
980L9LZ,DORNE-3
L0VFA98V,HOARE
8FA9LOLV0,IRONISLADS
LVL0000V,NORTH
Z0Z9L9FA4,DORNE-3
LZZZLO0,NULL
LVZZMZMFA,IRONISLADS
FA0Z0LL4Z,#N/D
LVLO84FAV8,RIVERLANDS-2
FA0L49840,#N/D
800LO009LO,STORMLANDS-1
LVZ8ZLO,STARKS
L48VLOV,DORNE-3
L44VLO0VFA,HOARE
LFALO4Z0V0,RIVERLANDS-1
LVZZM0L0,NORTH
L9ZFA0800,NULL
ZZV84FAZ8,HOARE
L9V4LOFAZLO,CROWNLANDS
LLO04Z0L0,NORTH
Z0ZLO08VFA,RIVERLANDS-2
Z0888L00,DORNE-3
L0V88L0LO,DORNE-1
LLO0LO0Z89,STORMLANDS-1
Z00LOFALLOZ,RIVERLANDS-1
V0FAV98FAL,STORMLANDS-2
L9FAFAFA909,DORNE-1
LFA0LOZFAZL,STORMLANDS-1
L9L8LOVZM,HOARE
L949V488,#N/D
V0LFA944LO,RIVERLANDS-2
8LLL094,IRONISLADS
L89LO0FAFAL,NULL
Z09ZL0LO0,DORNE-3
L90L04ZV,STARKS
LVLO8L400,DORNE-1
L4LZ9898,STARKS
LL4LO4VFAL,STORMLANDS-1
LVZ0FALO0L,STARKS
V0FA80ZFALO,STORMLANDS-2
800LO980V,STORMLANDS-1
LO0LO48Z0L,AEGON
FA0Z40Z8V,#N/D
FA0VFALO4V0,#N/D
L9VFA9LFA8,DORNE-3
Z0089ZZ8,RIVERLANDS-1
L9LVZMLZ,IRONISLADS
L9008LZV,NULL
V090Z9,REACH
VLO0FA8L0,HOARE
L98LLOZL0,NULL
LO0Z849LOFA,DORNE- 2
LZZ88VLZ,STARKS
LVFAZ8VZM,IRONISLADS
LFAVV94Z8,DORNE-1
L8V8ZLO88,STARKS
L890ZM9V,#N/D
LLO8FALOFA0,IRONISLADS
L9LOFALO800,IRONISLADS
9004800Z,#N/D
L90LO8LOZ8,HOARE
L9LV9LO40,NORTH
Z004LOZZ0,DORNE-3
80L4FA,IRONISLADS
LVFA09LO88,STORMLANDS-1
L800LO9Z0,CROWNLANDS
90Z8404,IRONISLADS
90L0LO0VV,#N/D
Z004FA9LZ,DORNE-3
L904VZVLO,RIVERLANDS-2
L94L0080,NORTH
L9009L0FA,STORMLANDS-1
8FAFALOZ,HOARE
LLOVFALO49LO,RIVERLANDS-2
LVLFAL094,#N/D
L8Z0L4VZ,HOARE
90Z8FA90,DORNE-1
989FAV9,IRONISLADS
LLOZ0FA00LO,STORMLANDS-2
L49FAV800,DORNE-3
L498Z0,DORNE-1
L844LLO98,IRONISLADS
LO04Z8094,CROWNLANDS
LFAZVLOVLO0,IRONISLADS
L484ZMZL,RIVERLANDS-1
LZVZL48L,DORNE-1
ZFA80L,HOARE
VLZMFA09,IRONISLADS
LLOL9000V,HOARE
LLO009VLZ,NULL
L0Z9L8,RIVERLANDS-1
800VZLL0,STORMLANDS-1
L8LO8V4LOL,RIVERLANDS-2
L8000LOZV,#N/D
V0LOL0FA0L,NORTH
LZZ4ZFAZM,REACH
L90LO9FAVFA,STORMLANDS-1
9L08LO8FA,IRONISLADS
ZZFA8ZM84,RIVERLANDS-2
LO0LO4L49Z,REACH
LO0Z04Z9FA,AEGON
LL4L9VFA0,#N/D
L4FA0Z0LZ,DORNE-1
FA0Z0909LO,#N/D
88VZZ08,DORNE-1
L9ZMFA0Z0,REACH
FA0ZZFA0ZFA,#N/D
V08FAVFALO8,REACH
LZLVL0LOZ,DORNE-1
FA0ZZ84FAL,#N/D
L49ZV0Z0,STORMLANDS-2
FA0FAZ8VZ9,#N/D
V0V4Z0FAV,STORMLANDS-2
LV9VZ4FA9,REACH
FA004ZV0V,#N/D
L800FALLOV,#N/D
8LOLL400,HOARE
LVV4LO9LLO,DORNE-3
V089V48LO,STORMLANDS-2
LL9LO88Z0,HOARE
LZ8V0Z04,STORMLANDS-1
L8FA0ZFA0LO,CROWNLANDS
L80LOVVZFA,#N/D
L4V040Z4,DORNE-1
LFA9FA09V8,IRONISLADS
LLZLO0L0V,STORMLANDS-1
VLFA0ZL0,IRONISLADS
LO08Z00ZFA,CROWNLANDS
VLO0FA9FAL,HOARE
V9FA009L,HOARE
L9LO40LZLO,STARKS
LZFAVFA09FA,DORNE-1
LZ0Z400FA,NORTH
L98Z4LLO9,NULL
8V4VZZ0,DORNE-1
LVFA0LZLOV,NORTH
V0Z8FAVFAL,HOARE
VLV0ZLFA,IRONISLADS
FA0FALOFAZLV,#N/D
V0884080,REACH
LLOZ4098FA,REACH
FA00Z00Z0,#N/D
908ZLOZLO,HOARE
FALVZ94LO,HOARE
Z0L4098V,DORNE-3
Z0ZVV90FA,DORNE-3
L800LOFA0FA,DORNE-3
900009Z0,#N/D
L8LOFA00LO9,STORMLANDS-2
V0VZVLO08,STORMLANDS-2
LLO09L490,NULL
LLO8LO08V9,STORMLANDS-2
L800V0LO0,RIVERLANDS-1
L0L4LOL04,IRONISLADS
L9LOFAFAFA04,#N/D
L40V088L,IRONISLADS
LFAL890FAFA,STARKS
ZVLO84Z80,RIVERLANDS-2
L0LOL04ZV,IRONISLADS
LO0LOZLOV4FA,AEGON
L8FAV0L9LO,DORNE-3
900L0FALL,#N/D
L4FALVV,DORNE-1
FA0ZLOV90FA,#N/D
L904V4V4,RIVERLANDS-2
L080L400,STORMLANDS-1
LO04VLO4L0,AEGON
LV000LO08,STARKS
LLLVLO0VFA,DORNE-3
FA0FAFA0VL8,#N/D
LV90LFA0V,IRONISLADS
L408L4V4,STORMLANDS-1
8L00LO09,HOARE
L8LO9Z8LOZ,STORMLANDS-1
LLOVFA0VZFA,NORTH
FA00ZFA08L,DORNE-3
FA04LO94L9,#N/D
LLO00LO0ZFA,DORNE-1
LZ9489ZFA,RIVERLANDS-2
LLOZL4VZV,STORMLANDS-1
L89LOV004,DORNE-3
L9VZ8040,DORNE-3
V0LLOZLOFA4,RIVERLANDS-2
L908L8LO8,HOARE
L800VLOL0,IRONISLADS
V0VV0L08,STORMLANDS-2
FA0VLO4LO0L,#N/D
FA0FA0LOVZL,#N/D
LLOLLZ9VL,NORTH
FA0ZLO90VFA,#N/D
Z04ZV944,DORNE-3
894LZV4,HOARE
L8880VLL,#N/D
LV000LO08,STARKS
L9LO00090,DORNE-1
LO0ZFAV080,AEGON
V00L9Z4FA,RIVERLANDS-2
LLOZ4ZLOFA4,DORNE-1
ZLO4LO49ZL,IRONISLADS
VFA8FA8VZ,DORNE-1
L4VLO9090,IRONISLADS
88LOZVFA9,HOARE
FA000LFA0V,STARKS
L0FA80ZML,STORMLANDS-2
L90L008FA,STORMLANDS-1
L4L00V9Z,DORNE-3
L9FAFA809V,RIVERLANDS-1
L9FAL984L,STORMLANDS-2
L90L008FA,STORMLANDS-1
FA0L0FALOZV,#N/D
LLO9FALFAV9,STORMLANDS-1
V0LOFALVFAZ,NORTH
LLOZLFALLO0,DORNE-1
VVVFA0FAZ,HOARE
V0L008LL,RIVERLANDS-2
LLOLFA0008,REACH
LO0FA8FA0FA0,NULL
L80ZFA9FAV,STORMLANDS-1
ZZVFA4LO9LO,NORTH
800V9V44,STORMLANDS-1
V0FA8VVV8,STORMLANDS-2
L0FA0089LO,STORMLANDS-1
FA0LVZ8LO9,#N/D
Z00LO9090,RIVERLANDS-1
LO04LO0LOLFA,CROWNLANDS
L9FA408LV,STORMLANDS-1
LV00V80LO,STORMLANDS-2
L4480409,STORMLANDS-2
LLV0FA84L,HOARE
LLO000ZVZ,STORMLANDS-1
LZLO9Z89FA,HOARE
L949Z4,RIVERLANDS-2
L449V0Z0,DORNE-1
L4FAFALOFA8LO,NULL
V0V4LO80V,STORMLANDS-2
L900880LO,STORMLANDS-1
L880L8Z0,STARKS
LFA49ZM00,DORNE-3
L9VZ8L90,STORMLANDS-2
L8LZZVZ8,NULL
L0LO0V00FA,CROWNLANDS
FA0FAV944Z,#N/D
LL409ZM4,NORTH
FA084L4Z9,#N/D
L9FALOLLOLFA,RIVERLANDS-1
L009048FA,HOARE
ZZVV0LFAV,NORTH
8804404,DORNE-1
LZLOLLO4FA0,STORMLANDS-1
L80LOV009,DORNE-1
L8FA89Z48,RIVERLANDS-2
LFALOZLOFAL4,#N/D
Z0ZFAV0Z8,DORNE-3
90LFA4ZZ4,#N/D
L9LO0880LO,RIVERLANDS-2
L98L0FA49,NULL
ZZLO04VFA8,#N/D
V0ZZ4L,HOARE
LZ8FA9L,RIVERLANDS-1
LLVZ4LO00,NORTH
80LZM9ZLO,STORMLANDS-1
V009FAFAZ4,RIVERLANDS-2
L9004848,STORMLANDS-2
V0FA0L0FAV,DORNE-1
LV00VZLOFA,#N/D
L4FAZLO94L,STORMLANDS-2
VLZLVZ0,IRONISLADS
FA0LVVFA8Z,#N/D
L840LO90L,DORNE-1
L00L80LZ,HOARE
L0080FA9L,DORNE-3
LO00FA0LO09,CROWNLANDS
L9LO804LFA,DORNE-1
LO0FA40Z90,CROWNLANDS
9890VV8,DORNE-3
L4090V4FA,DORNE-3
LLOL0L4L8,#N/D
LFA4Z9L,STARKS
L0FA09Z,NORTH
L88ZLO8LOV,STORMLANDS-1
FA008LO08V,NORTH
L00LO8FA,STORMLANDS-1
L0FA0LOZV0,CROWNLANDS
L0FALOZVFAFA,NORTH
L4LOLL0,IRONISLADS
80L48400,NULL
ZZ80L404,STORMLANDS-2
Z0FAL0L8V,RIVERLANDS-1
L0FA9848FA,NORTH
L94FA80LOFA,NULL
L88VLOZ0L,#N/D
V0LOFAL0FAFA,NORTH
V0LOZFA904,NORTH
FA0004V49,#N/D
LO0ZLOZ9L9,RIVERLANDS-2
LLO9L4Z9L,STORMLANDS-1
8ZL00FA0,IRONISLADS
FA00V9VFAZ,RIVERLANDS-1
L8L9V89FA,HOARE
L8FALLOZ,RIVERLANDS-2
L9FALFA9FAZ,STORMLANDS-2
L80VFALZ0,DORNE-3
L988LOFA0Z,STARKS
LL94VZM8,#N/D
Z0LOL4V49,RIVERLANDS-2
LFA00VL0Z,#N/D
L4FA009FA0,NORTH
LLOVFAFA08FA,DORNE-1
L09V489FA,DORNE-1
FA0LLO0ZM9,#N/D
LO0400VVLO,NULL
L9LOZL009,STORMLANDS-2
V,DORNE-1
Z009FAZ0L,STORMLANDS-2
L9LLOFAZFA0,HOARE
V00FA98FAL,DORNE-1
L0ZFA0VFA0,STORMLANDS-1
L8ZFA440LO,REACH
L949V4V9,STORMLANDS-2
ZZZ9LO0LO0,NULL
LV8LO0ZZM,DORNE-1
LLO0LOVLO8Z,DORNE-3
L494VLV0,DORNE-1
LFAZL8040,STORMLANDS-1
90Z8FA90,DORNE-1
LZFA9LFAFAV,REACH
L98FA90L8,STORMLANDS-2
8Z409V0,HOARE
LFA9LO0L9Z,IRONISLADS
LZ8Z09V0,REACH
FA00ZLO00L,NORTH
Z04V9LO04,DORNE-3
LZ009FA00,DORNE-1
L94VFA8ZL,#N/D
LV0VLOL80,NULL
FA040VLOFA4,#N/D
Z048ZL,DORNE-3
LZMLO4LOLFA,DORNE-3
L4Z48Z00,DORNE-3
FA0FA9LO9LO0,#N/D
L8880L,#N/D
Z0LOFAL48V,RIVERLANDS-2
900V4ZFA,IRONISLADS
FA0L9LOV8L,#N/D
V98Z094,HOARE
LVLO0LOVFAL,IRONISLADS
LVL4088LO,#N/D
LV4ZMLO00,#N/D
L94V4FA0L,NULL
LZMLO4LOLFA,DORNE-3
L8FAFAFAFA98,NULL
LLOL80LO9L,IRONISLADS
80094ZLOV,NULL
LO040Z8V4,CROWNLANDS
L8L4VLOL0,HOARE
L84VL008,STORMLANDS-1
Z089ZZ00,RIVERLANDS-2
L9LOVLLOLV,DORNE-1
900FAFA0FAV,#N/D
LFAL90FA8FA,DORNE-1
L44ZM049,CROWNLANDS
LLOLFA80,RIVERLANDS-1
LZLLV90FA,STORMLANDS-1
L9LLOFAVV8,NORTH
L90V8V00,IRONISLADS
L89LOVLO9LO,HOARE
LV9V00LLO,DORNE-1
800LLOZL8,NULL
LVZLZLO40,REACH
FA0LZ4FA0V,#N/D
ZZFAZLOZLO9,NORTH
8V4480L,HOARE
LLO0LO9Z04,NULL
L00400FA0,STORMLANDS-1
LLLOLFAFALO0,STORMLANDS-2
FA0LFA08LLO,#N/D
VFA90ZMFA,HOARE
LLOVLO0LLO0,NULL
ZZ44V088,NORTH
LLO408ZM9,IRONISLADS
LLO89FAZLL,DORNE-3
LO0L8LLOFAV,CROWNLANDS
V0ZMLV,STORMLANDS-2
LZFAL0FA0LO,HOARE
8FA4FAV0Z,DORNE-1
L90084V9,DORNE-1
L9Z0Z080,IRONISLADS
8004ZZLV,STORMLANDS-1
L9FA089,HOARE
FALVZ94LO,HOARE
FA0000Z9V,IRONISLADS
FA000VLO08,HOARE
V0884080,REACH
LL0FAV9LO9,DORNE-3
LVZ00008,AEGON
L000Z9FAFA,RIVERLANDS-1
L8VZ0LZFA,STORMLANDS-1
LZ8808V9,HOARE
LV88FAVZV,REACH
L0Z800VL,DORNE-3
L49049,DORNE-1
LZ040VVL,REACH
890FAZ08,IRONISLADS
L8V94LO0FA,STORMLANDS-1
FA0V4FA408,#N/D
80LZ4LOFA0,STARKS
Z00800Z0,DORNE-3
ZLO9ZLV,IRONISLADS
L0L0L0VFA,STORMLANDS-1
L809L8FA0,HOARE
8FAFALOZ,HOARE
LFA90VL0LO,IRONISLADS
L900VLOL4,CROWNLANDS
L00L80LFA,HOARE
L9LOFA04V8,IRONISLADS
L809484Z,STORMLANDS-1
L0LLO9FA90,IRONISLADS
LZV84ZLOV,STORMLANDS-1
L9FA089,HOARE
L889V9Z9,HOARE
L0ZFAFA90V,STORMLANDS-1
980FA9LO4,IRONISLADS
LO00LO4LO0LO,NULL
L8LO80VZ9,NORTH
80LVLO9Z0,STARKS
VLOFA8VFALO,DORNE-1
LFA888FA0FA,CROWNLANDS
LVL04ZZV,IRONISLADS
LFA9FALOVZ4,REACH
LFAZM09VV,IRONISLADS
V04LOFA04L,STORMLANDS-2
LFA80FA048,DORNE-3
LVFALO0V8FA,REACH
L40Z0L98,STORMLANDS-1
Z0LL8008,RIVERLANDS-1
L9009L0FA,STORMLANDS-1
LVZ8V9LZ,DORNE-3
L88VLO848,IRONISLADS
VFALOVFALO9,HOARE
LV88488L,CROWNLANDS
LLOVLFALO80,STORMLANDS-1
89LLO0ZLO,HOARE
9LOFA9FA8L,NORTH
LZ80VL8FA,REACH
LZLOFA4L,DORNE-1
LVVLOZVLOZ,CROWNLANDS
LLFALO00,REACH
LV9LO0FA4LO,STORMLANDS-2
LLOLLFAZ88,HOARE
ZZ0ZV00L,IRONISLADS
V0LZ4ZZL,DORNE-1
L44L94VV,NORTH
V0LOFA00FA9,NORTH
LZ49V80V,STORMLANDS-2
L9FA0LOV94,RIVERLANDS-2
804488FA,IRONISLADS
L8Z084FALO,DORNE-1
Z0888L09,DORNE-3
LO0LO4904L,AEGON
L4FA900LO8,RIVERLANDS-1
900LO0080,#N/D
L9ZFAZ0L0,HOARE
LZZZZLOL0,NULL
FA04VLLO0FA,#N/D
L94LFAV09,DORNE-3
L490,RIVERLANDS-1
L0FAZVV9,IRONISLADS
L4ZLOVLOLFA,RIVERLANDS-2
L0FA00LV8,HOARE
9LOV8FA,RIVERLANDS-1
LFA000VFA8,STARKS
L08LVZ0FA,DORNE-3
LLO04LO08LO,STORMLANDS-1
90L4800Z,#N/D
LLOLV0LOV4,IRONISLADS
ZZ0VFA00LO,DORNE- 2
LO0ZVFA408,RIVERLANDS-2
LLO8V0090,NORTH
LLOV889Z8,DORNE-1
FA0094ZZ0,#N/D
Z08FA04VLO,RIVERLANDS-2
LZLOLLOFALOFA,STORMLANDS-1
FA048808L,#N/D
LO09LO00VLO,CROWNLANDS
L880L80L,#N/D
LLO0Z0FALO0,IRONISLADS
L9LV9LO40,NORTH
L8FA04FA40,RIVERLANDS-1
LO0ZVFA8FALO,RIVERLANDS-2
L008Z004,#N/D
L84VVL98,IRONISLADS
L0VZ9L0L,IRONISLADS
L8LL9L0FA,HOARE
LO0LZ00ZM,NULL
FA0LZ08ZFA,#N/D
ZZLOVVFAVZ,NORTH
L9ZVFA00L,#N/D
Z008Z80L,RIVERLANDS-1
L4LOLLZLZ,HOARE
L0000084,STORMLANDS-1
LVZLO0FA,IRONISLADS
V04V40FA,HOARE
LFAVL4Z80,HOARE
L8L889L0,HOARE
L9ZV00Z9,DORNE-3
V0LFAFA4V,DORNE-1
FA000VLOV0,DORNE-3
L0LLO9FA90,IRONISLADS
LO0Z90FA9LO,DORNE- 2
L9LO04V84,RIVERLANDS-1
L9FA908ZZ,NULL
9LO88ZLZ,DORNE-3
Z004ZFAZZ,STORMLANDS-2
L8L04488,STORMLANDS-1
LFA894L0L,STORMLANDS-1
800FAL0FA4,STORMLANDS-1
L9LO0VZM9,STORMLANDS-2
8ZFALOVLFA,HOARE
LLLO0Z0VFA,CROWNLANDS
L8FALZ4,REACH
V004049LO,DORNE-1
L0LOFAFAZZZ,HOARE
9FAL4ZL0,IRONISLADS
L8ZZ0FAZ8,HOARE
LV0VLOL80,NULL
L0Z00LO0LO,RIVERLANDS-1
L888LOVLLO,HOARE
LLO08LOZ89,HOARE
800V0888,NULL
ZZLZZM0LO,CROWNLANDS
LZMFALO09L,DORNE-1
L0LO8L444,DORNE-1
L00L08LOFA,STORMLANDS-1
LL080FALOZ,NORTH
L9FAZV0LOV,DORNE-1
FA0ZLVLL4,#N/D
L9Z08LFA0,#N/D
LZZLO4448,STORMLANDS-1
LFALOZ0Z8FA,STORMLANDS-2
984FAFA,HOARE
L0VLOVFA00,DORNE-1
Z08VLO4,DORNE-3
L9FALFA044,IRONISLADS
L9VFA000V,STARKS
LLLOV880LO,STARKS
L840LO90V,STORMLANDS-1
Z0LFA8800,RIVERLANDS-2
LFAFA4ZV49,STORMLANDS-2
LL0FAZ9LL,NULL
L90L4ZLO9,RIVERLANDS-1
FA00V00,#N/D
L0000LZFA,IRONISLADS
VL904ZLO,HOARE
9V8FAVLFA,HOARE
LFAV8FA0ZLO,DORNE-3
L4LO80ZZV,RIVERLANDS-2
L4L9Z0ZFA,HOARE
LLOZLFALLO0,DORNE-1
48FAZ0L8,HOARE
Z0ZVV90FA,DORNE-3
L9Z8L904,STARKS
89ZL089,HOARE
LVLVFAVV4,DORNE-1
LFA80440Z,CROWNLANDS
ZZLLLOL8LO,CROWNLANDS
LLO89LOZLO4,HOARE
8LO44900,DORNE-1
V09V0LLOV,STORMLANDS-2
Z04ZZ4LO8,DORNE-3
LO0ZLOFA4ZZ,#N/D
L04FA44V0,IRONISLADS
800ZM404,STORMLANDS-1
L80ZZ8,STORMLANDS-1
LZZ8LO00FA,DORNE-3
900V084FA,#N/D
900VLZ0LO,#N/D
L09LO4004,STORMLANDS-1
FA04FAFA0V9,#N/D
L9FA8ZLV8,REACH
LLLO90Z8V,STORMLANDS-1
L9LO0LFAL8,DORNE-1
LZ4FA0ZZ0,STORMLANDS-1
800V0LLOFA,NULL
Z00L988FA,STORMLANDS-2
ZZ00LOFA9Z,#N/D
LV800000,DORNE-3
V0ZMLZ40,NORTH
V04L4FA00,STORMLANDS-2
80L90L8,IRONISLADS
98LOZ88Z,#N/D
LVZ0894L,#N/D
L000490V,DORNE-3
L84FA9LV4,#N/D
LVLFAZML0,#N/D
LV0LO89VZ,DORNE-1
V0ZFAL4VFA,REACH
L90LFA4ZLO,NULL
LO0LO408LO0,AEGON
LZZ0V44Z,#N/D
LLOZ40LO,HOARE
LLOV9L00FA,DORNE-3
L800ZLO,HOARE
L0FAZ80LLO,#N/D
LLOZ4FA9FA9,DORNE-3
L9LO8VZ00,DORNE-1
L8LO9Z8LOZ,STORMLANDS-1
L40FA0L,IRONISLADS
80LFA00LOZ,STORMLANDS-1
V0ZFALFALL,REACH
LZ0880,IRONISLADS
L8VLO8ZLOFA,#N/D
L9LLO098L,CROWNLANDS
80LV8LOZ0,NULL
FA0FA090V9,#N/D
L8ZLOZLO,STARKS
L80LOVFA0Z,IRONISLADS
LLLO9L004,CROWNLANDS
90084LOL0,#N/D
L0FA8Z9Z4,RIVERLANDS-1
LZM09V4L,STORMLANDS-1
L0FA9L40LO,DORNE-1
LFAL4L804,CROWNLANDS
LVLV4Z8L,REACH
L080L08V,CROWNLANDS
L4404V0L,CROWNLANDS
LVLO9ZL48,HOARE
LVLO4V880,#N/D
LLOL0FA4LL,REACH
LFA9FAL0,STORMLANDS-1
L40LLZZZ,NORTH
L04FAL0LL,STORMLANDS-1
V00LO9L0Z,STARKS
LFA009FAL9,CROWNLANDS
LV9Z9FA84,#N/D
LLO9LO0FAFAFA,HOARE
FA0L00FAFA9,#N/D
V0049L4FA,RIVERLANDS-2
LZ0VFAV04,HOARE
L90Z980L,STORMLANDS-1
LV8LLLZM,RIVERLANDS-1
LLFA404,#N/D
FA0LVFALO80,#N/D
LFA9Z9LO98,IRONISLADS
LV8Z008FA,DORNE-3
Z009FA400,RIVERLANDS-1
8FAZZ8LO4,DORNE-1
LVLO9L0ZM,DORNE- 2
V0LOZZZZ,HOARE
L8L80LO0FA,CROWNLANDS
LLO84FA00Z,DORNE-3
L0L0L4LV,RIVERLANDS-1
LLO008LO98,NORTH
L80FA00FAV,HOARE
LVZZ09VFA,IRONISLADS
90LL980,#N/D
FA00LOFA000,NORTH
V09VV9LZ,STORMLANDS-2
L94LVV94,DORNE-3
FA0000FA0Z,IRONISLADS
LV4Z9FALOFA,STORMLANDS-1
LV4Z9FALOFA,STORMLANDS-1
L8909080,RIVERLANDS-1
L8VZ800V,STORMLANDS-1
LZLOZZ988,RIVERLANDS-1
LFALFAL4,STORMLANDS-1
FA0L49840,#N/D
LO0LL0LOZ9,NULL
LVVL9049,STORMLANDS-1
9LO90ZV8,HOARE
809FAL8,IRONISLADS
FA0ZLOFAFA94,#N/D
L0ZM0,HOARE
L94004,#N/D
V00LL9Z8,NORTH
L8LO0404LO,HOARE
L8V40840,IRONISLADS
900VLO804,#N/D
V0Z88Z40,DORNE-1
V08V8LO04,REACH
80L4Z9LO0,STARKS
L8948FA08,NULL
FA0488Z8Z,#N/D
LLLO4LOZL0,RIVERLANDS-1
L80LOV4L0,STARKS
LLO00LO0ZFA,DORNE-1
L4404V0L,CROWNLANDS
L0ZFA00VFA,HOARE
L00FA804V,NORTH
L8V89440,IRONISLADS
L4L0Z49V,STORMLANDS-2
8LO48,HOARE
LFA940Z0V,RIVERLANDS-1
LFALO0VZ94,DORNE-1
L908FA0LOV,NORTH
LV8VL0LO8,NULL
V0Z0ZLFA,IRONISLADS
9LO40LO88,HOARE
LZ0880,IRONISLADS
L890FAV08,DORNE-1
ZZV4000L,IRONISLADS
L8FALVFAVZ,REACH
LO0Z94V4LO,DORNE- 2
LVZ04ZLO4,#N/D
LO04FA4V00,DORNE- 2
V0LO08L09,HOARE
LV44FALO9V,RIVERLANDS-2
LLOZLO00ZL,REACH
LVV8LV4V,DORNE- 2
LVLFA80LO4,STORMLANDS-1
LFA894L0L,STORMLANDS-1
V989409,HOARE
L4FAZFA9V0,RIVERLANDS-1
L0LOL0048,DORNE-3
LZ04LO4VZ,STORMLANDS-1
V0Z8LO94,HOARE
FA00V0LO04,DORNE-1
LOVZL40LO,HOARE
LL0FA948V,STORMLANDS-1
LV8Z9V8L,STORMLANDS-1
LLOFA480Z9,CROWNLANDS
FA04400Z8,#N/D
LZ84V0,STARKS
8094V08,DORNE-1
L0840ZZV,DORNE-1
L8V00LO9FA,DORNE-3
FA0ZLOV90FA,#N/D
LZ00LO444,DORNE-1
9ZVZLO,#N/D
L8ZLO9LOV9,IRONISLADS
L9LL0V09,DORNE-1
L88Z4ZZLO,#N/D
L80048FAV,STORMLANDS-1
LLLO44LO09,NORTH
80FALO040,IRONISLADS
LZZ944FA0,#N/D
L9004V8V,#N/D
L04FA44V0,IRONISLADS
L9ZLVVVLO,REACH
80L80LO0FA,#N/D
9FA0LVFALO,HOARE
LZVFA00ZLO,STARKS
LO04LZ0LO8,DORNE- 2
L8ZVLOFAZZ,DORNE-1
LO0Z00LFA9,AEGON
Z00ZV0L4,DORNE-3
LV0VZM08,IRONISLADS
LLOFA00LO9LO,STORMLANDS-1
LLO0980Z0,STORMLANDS-1
8880844,IRONISLADS
L000490V,DORNE-3
LLO0980Z0,STORMLANDS-1
LLO0V94FAFA,HOARE
L00VLO0,#N/D
800FALOL08,#N/D
V44Z948,HOARE
LFA8LO940V,DORNE-3
V000004Z,DORNE- 2
V080Z8LO8,REACH
L8894VLO9,CROWNLANDS
L40LZML8,RIVERLANDS-1
904LO0L4,HOARE
L98LLFA40,REACH
V04490L0,STORMLANDS-2
L08L0LO4Z,STORMLANDS-1
FA0FA9LOVLFA,#N/D
L0Z94L8LO,DORNE-1
LO048ZZ44,AEGON
L89V4ZLOZ,DORNE-1
LLOFA480Z9,CROWNLANDS
9Z8L04FA,RIVERLANDS-1
V0V490L9,STORMLANDS-2
L80V808V,IRONISLADS
L90LZVLV,DORNE-3
L0480Z0L,REACH
L8LLOFALOZ0,RIVERLANDS-1
L4Z0LOLLO0,STORMLANDS-1
L8880L,#N/D
L4VV00V4,RIVERLANDS-2
V0ZLOZ894,HOARE
LO04FAL0,DORNE- 2
FA0V449Z4,#N/D
L9VL80,HOARE
L8940848,CROWNLANDS
V00LO0Z0LO,STORMLANDS-2
FA0Z0V400,#N/D
L8FA0LO0FA4,CROWNLANDS
L4LO08V,HOARE
LLZZ09V9,DORNE-3
FA00VLO88FA,IRONISLADS
LV9094FALO,#N/D
L8ZV89L9,#N/D
L9ZLO040L,HOARE
L90ZMLO90,RIVERLANDS-2
80LVFA8LL,STORMLANDS-1
LO000L89LO,CROWNLANDS
L009FA949,IRONISLADS
L9VLLOZVV,DORNE-1
LV8VZ0Z9,#N/D
LO0Z4Z800,#N/D
LLO004VLOFA,REACH
L0400ZFAV,RIVERLANDS-1
LVFA4Z9VZ,#N/D
LLOFA8Z80FA,REACH
LLLOZLLL4,NORTH
900V4ZFA,IRONISLADS
L0FAFA09FA0,HOARE
L904ZZL9,NORTH
LLO8008LLO,REACH
L9FALFA9FAZ,STORMLANDS-2
L4Z4FALO90,DORNE-1
LVZ8L0,REACH
LV0L0LO00,DORNE-1
LLV0FALV4,#N/D
L8FA0LOL80,#N/D
L8FA4LOV9L,DORNE-3
LO0ZVZ00Z,RIVERLANDS-2
L90LOZ040,#N/D
LZ8LOV094,HOARE
LZV84ZLOV,STORMLANDS-1
LL48L0L4,STORMLANDS-1
LO0LOVLOL98,AEGON
LZL80LO00,DORNE-1
L0LL00LO0,HOARE
LO04VFAV4V,AEGON
94LO9090,HOARE
80LLO4Z0L,NULL
LLVL00,RIVERLANDS-1
LZZ09404,HOARE
LO0Z80L4Z,DORNE- 2
V0L09ZLO4,RIVERLANDS-2
8008LOVVLO,STORMLANDS-1
L9ZV8V8LO,DORNE-1
V00Z4VLOL,RIVERLANDS-2
8FA840VV,HOARE
LZ0008ZL,RIVERLANDS-2
L40V9LVZ,IRONISLADS
90LL0FA00,#N/D
800LO8FAL,IRONISLADS
L800Z0FAV,STORMLANDS-1
L900V40V,NULL
LLOV808V8,DORNE-1
LFALOLFAFA40,IRONISLADS
FA0080ZV0,#N/D
LZ8VV800,#N/D
L9VV9LO08,DORNE-1
8004V49V,NULL
ZZFA4ZMZ4,IRONISLADS
LLV4LZZM,DORNE-1
LZMZ000FA,#N/D
LLOVLO80FA9,STORMLANDS-1
L84ZV8L9,#N/D
L40ZM4LZ,STORMLANDS-1
LVZ40V40,NULL
8LZ0ZFA0,HOARE
L80LZVVV,#N/D
L44ZZ0LO9,#N/D
LLOVLOL4LLO,STORMLANDS-1
ZZZ8LO84Z,NORTH
L0840ZZV,DORNE-1
L0Z9044Z,RIVERLANDS-1
L9ZL44LO8,#N/D
FA090LO809,#N/D
FA0049LOFA8,DORNE-3
Z00Z9Z0LO,RIVERLANDS-2
FA00FA9490,REACH
848L0FAZ,IRONISLADS
FA0FAZ8L0Z,#N/D
LZ0LLO490,#N/D
FA0FA09LLO8,#N/D
FA0L89FA,#N/D
LZLLZMFA8,#N/D
LFAZZ9LZM,IRONISLADS
FA04FALO0VLO,#N/D
LVVZ98VL,IRONISLADS
L8LO0VL94,DORNE-3
FA0Z4VFA,#N/D
L94FALFAVL,RIVERLANDS-1
9080409,DORNE-1
L0ZZVFA8L,IRONISLADS
LO04Z040LO,CROWNLANDS
800VZLL0,STORMLANDS-1
VFAVLO0LOFA,DORNE-1
Z0L0Z44Z,RIVERLANDS-2
800FAVFAFALO,STORMLANDS-1
L80V0LOFA8,IRONISLADS
LOZLLO098,IRONISLADS
9VVLO4V9,RIVERLANDS-2
L9094LO0LO,HOARE
L98FA8LO9FA,IRONISLADS
L48LO0LLO0,DORNE-1
V000LV90,#N/D
LV9L094L,DORNE-3
LLOZL4VZV,STORMLANDS-1
LV0ZFA9LOV,DORNE-3
L9FA94FA04,REACH
L90844,#N/D
404Z00FA,HOARE
L808800Z,DORNE-1
LV08L4ZM,STORMLANDS-1
LVLOZLO800,STORMLANDS-1
ZLO4LO49ZL,IRONISLADS
V0909V9FA,REACH
LV400FAL4,RIVERLANDS-2
LO0L409FAL,NULL
L9FA09ZL4,DORNE-3
V089LFAVV,STORMLANDS-2
948ZVLZ,DORNE-3
L8FA00494,IRONISLADS
L09ZLO0V8,NORTH
9FAFAZ040,IRONISLADS
LLVFA0LOL0,RIVERLANDS-1
Z0LFAL0FALO,STORMLANDS-2
LZZLO98LLO,NULL
L9LLOZ88V,DORNE-1
L0FA98ZML,DORNE-3
8FA840VV,HOARE
LLOV00ZZV,REACH
V000LO84L,CROWNLANDS
FA0LO0LFA0FA,#N/D
FA0VV0LOZL,#N/D
LZMLOZ00L,CROWNLANDS
LL0LVLZLO,DORNE-1
LLO84FA00Z,DORNE-3
LOFAFALO94LO,IRONISLADS
V00V008V,STORMLANDS-2
L8440VLV,DORNE-3
LLOV0ZLOZ9,#N/D
LZ9FA90FA4,IRONISLADS
LVFAL900LO,IRONISLADS
LZ804LOFAFA,DORNE-1
LLOLZFA9LOL,DORNE-1
FA0LZ08ZFA,#N/D
L0LO8Z4Z8,STORMLANDS-1
LO0ZLO08Z0,RIVERLANDS-2
L0LOFA4FA0LO,IRONISLADS
V90L0FAZ,IRONISLADS
Z0V09LOFA4,DORNE-3
LFA4L0FA80,#N/D
LV9Z90LOV,STORMLANDS-1
LLO8Z8Z49,RIVERLANDS-1
LO0Z4Z4ZFA,AEGON
L90L044V,CROWNLANDS
LVVL0LLOZ,NULL
LV0Z0LO,STORMLANDS-1
LFA0V8FA09,DORNE-1
LFAFA00L4LO,CROWNLANDS
LO0ZVL0Z0,REACH
LLOVLL008,IRONISLADS
LO0048LO4FA,CROWNLANDS
L8LZM04Z,DORNE- 2
L0L98Z,RIVERLANDS-2
LO0Z0LFA8Z,AEGON
LZ098V44,STORMLANDS-1
LO0490ZFA9,CROWNLANDS
LLO0FALO8V9,STORMLANDS-2
Z00800Z0,DORNE-3
LZ988FALOFA,STORMLANDS-2
Z00ZLOZLOV,RIVERLANDS-2
L8LFA0408,STORMLANDS-1
ZZLOVVFAVZ,NORTH
LVZZLO9VZ,DORNE-1
L8VFA0LL8,RIVERLANDS-2
9880040,RIVERLANDS-2
LLOV0FA889,STORMLANDS-1
ZFAFA,DORNE-1
ZZ00LOFA9Z,#N/D
V8090LO0,DORNE-1
FA0Z09LO08,#N/D
Z00V4VV9,RIVERLANDS-1
LL04L4FAV,NULL
FA0FAFA9FAZ0,#N/D
8ZV4084,HOARE
LV80800L,RIVERLANDS-2
V04ZZFA8L,STORMLANDS-2
849V98Z,IRONISLADS
L0FA9ZL00,STORMLANDS-1
L9V4LOFAZLO,CROWNLANDS
Z00LOVZFA0,RIVERLANDS-1
FA0FAFA9FAZ0,#N/D
9000ZFAV9,#N/D
LZVZL48L,DORNE-1
8009LLOZLO,STARKS
V4ZZZFA8,HOARE
90FAV090,HOARE
LVV4090V,DORNE-1
FA0LFA80LOL,#N/D
8ZZ4Z0LO,IRONISLADS
LO00LO4LO0LO,NULL
LO0LOFA0ZV4,REACH
LLO489Z0Z,HOARE
L908ZFA08,DORNE-3
4V40ZVZ,HOARE
L90FA040Z,RIVERLANDS-2
FA0ZFAV498,#N/D
LFA4LOLFA90,DORNE-1
L4ZV9090,RIVERLANDS-2
LZ4ZZ9V8,HOARE
80004VLFA,STARKS
ZZFAV080L,STORMLANDS-2
FA00VZV8L,#N/D
90L009FA8,#N/D
LV9L0FA98,NULL
80089LO,NULL
LOZ88FA,STORMLANDS-1
V04VLO9ZV,REACH
LL0FA08,RIVERLANDS-1
Z0L948FA9,STORMLANDS-2
Z00800Z0,DORNE-3
L8FA909Z0,HOARE
Z00LO0,STORMLANDS-1
LV9FA0009,IRONISLADS
LZ9LOV00L,NULL
L940FAZ,#N/D
LO00Z88,CROWNLANDS
LO00VLVFAFA,NULL
L9ZFA9LOZZ,RIVERLANDS-2
LO000VLV8,CROWNLANDS
LLOFA9FA49FA,NULL
LZ98LLO0L,DORNE-1
LZ0V08FAZ,STARKS
L84LO0800,AEGON
LLLOL94FA0,NORTH
L484FA,HOARE
V0848LLO9,REACH
800V00LO,IRONISLADS
FA00FA0V0FA,NULL
LVLO0Z490,DORNE-3
FA008LO08V,NORTH
L0V000ZZ,DORNE-3
L40FAV9Z9,DORNE-3
L49Z9LO0V,STARKS
L0VFA4900,STORMLANDS-1
L90FA088L,DORNE-1
LO00VL8L9,CROWNLANDS
Z000VFALOFA,RIVERLANDS-2
Z080ZZ0LO,#N/D
Z009L8LOZ,RIVERLANDS-2
L8V4V8VV,STORMLANDS-2
LFA4Z9090,STORMLANDS-1
LZ9LZ98V,#N/D
L409FALLO4,#N/D
L8884980,DORNE-3
L9FALLO94L,STORMLANDS-2
FA00400ZFA,RIVERLANDS-1
L9VV00Z4,STORMLANDS-1
FA00L409V,STARKS
LVFALO8FAVFA,IRONISLADS
L9V940ZM,NORTH
L9VV409FA,STORMLANDS-2
L4Z4FALO90,DORNE-1
LLOV4LO880,NULL
L00LV00L,#N/D
900LOV0LO8,#N/D
L8ZV9V49,DORNE-1
L94000,IRONISLADS
ZZFAVV89LO,HOARE
LFAV8LOVLOZ,STORMLANDS-1
L800ZLO,HOARE
ZZ48V8VLO,STORMLANDS-2
LFAZM49VZ,STORMLANDS-1
L8FA4Z90Z,RIVERLANDS-2
L9VV00Z4,STORMLANDS-1
L04Z0ZVLO,DORNE-1
L0090Z,NORTH
89VLO9FAZ,HOARE
L90ZML8L,DORNE-3
LV94LL90,#N/D
LO0Z0FA4,CROWNLANDS
9LZLO400,HOARE
LFAVFAFAFALOL,DORNE-1
LLOLFALOZ40,#N/D
FA0L0ZLLO8,#N/D
VZLO90ZZ,HOARE
L98ZLLO90,IRONISLADS
LV8FA90L8,DORNE- 2
FA0409040,#N/D
V8ZZZ40,IRONISLADS
8000080LO,STARKS
LLOVLLO88L,STORMLANDS-2
L90FAVL4L,RIVERLANDS-2
LZ404FALO9,HOARE
LV8LOFAL88,HOARE
LZFALO0904,STARKS
V0000FA4FA,CROWNLANDS
L904ZZL9,NORTH
V9ZZZZV,#N/D
L9VFAL9FA0,STORMLANDS-1
L8ZLOFAFA4LO,STORMLANDS-2
LFALO9FA8ZLO,DORNE-1
FA0FA8V04V,#N/D
V0004880,RIVERLANDS-2
LVFALLOFA04,STORMLANDS-2
L0L49000,STARKS
LFAFA9VL8LO,RIVERLANDS-1
V009LZ4LO,RIVERLANDS-2
Z048ZL,DORNE-3
LL04L840,IRONISLADS
LLOZ4ZLOFA4,DORNE-1
V0Z88V0FA,DORNE-1
9L4LFA40,HOARE
L9FA08098,STORMLANDS-1
FA00Z9049,NULL
Z0L9ZLO8FA,RIVERLANDS-2
LL49L40L,#N/D
V0L8L8FALO,DORNE- 2
LFAL0V04V,#N/D
L094LOVZ9,DORNE-1
FA0FA400V0,#N/D
LLOZL0LO0Z,HOARE
ZZ8L0ZV9,NULL
L4L0488L,STORMLANDS-1
LLO4VLO9FALO,#N/D
V000044LO,RIVERLANDS-2
L89FA0LFA0,DORNE-3
8094V08,DORNE-1
8LLO8448,HOARE
L8FA800FA0,HOARE
L988VVL9,DORNE-3
L0FALZM00,IRONISLADS
Z0Z4LLLV,DORNE-3
LVV00Z98,STORMLANDS-1
V0LL00ZFA,DORNE-1
LZ40LO909,RIVERLANDS-1
ZZ0LO88FA0,RIVERLANDS-2
LVL0L800,NORTH
L48LO9FA0Z,HOARE
LO0Z90FA9LO,DORNE- 2
L90LOLV0V,NULL
8V4VZZ0,DORNE-1
LZV980Z0,NULL
LFA94LO904,STORMLANDS-1
LLO8ZZ9ZLO,STORMLANDS-2
8FAZL44Z,HOARE
LO0LO04L09,CROWNLANDS
V448L00,DORNE-1
V00Z4Z0LO,NULL
LZV9L0VV,RIVERLANDS-2
FA009V0L9,#N/D
Z004FA9LZ,DORNE-3
LVFA09LO88,STORMLANDS-1
L89ZZ890,NULL
L8FA49L0Z,CROWNLANDS
FA00ZLOLZ4,STORMLANDS-2
L8LO090FA4,RIVERLANDS-2
L80FA00FAV,HOARE
98V8FAZ0,STORMLANDS-1
L0Z9Z004,STORMLANDS-2
LFAZFAZLLV,DORNE-3
L9898Z,CROWNLANDS
L9Z8900Z,HOARE
ZZZM8L8V,DORNE-1
ZZLLLOL8LO,CROWNLANDS
LZV9V0L9,HOARE
LZ098V44,STORMLANDS-1
V0ZLOZ894,HOARE
LLO980LOFAZ,DORNE-3
LLV4LV4V,#N/D
Z0Z0Z9FA0,#N/D
Z0L04809,DORNE-3
88LOZVFA9,HOARE
V0LOZFA000,NORTH
LLO98LFALOFA,DORNE-1
LFAFAVVFA49,CROWNLANDS
L0V8V80LO,HOARE
FA0FA09LLO8,#N/D
LLV9LOLZM,NORTH
LFA000094,DORNE-1
9ZV48L,DORNE-1
800FA9FA4V,STORMLANDS-1
LFA8LOZL49,DORNE-3
VFAL0LVFA,HOARE
L8FAV9LZV,DORNE-1
L89FA0LFA0,DORNE-3
LO0Z08V4FA,AEGON
LFA888FA0FA,CROWNLANDS
L908FALOV8,STORMLANDS-1
LVZ040FA9,DORNE-1
LO0LOZ90FA4,#N/D
LLFA9ZM00,STORMLANDS-1
L4480409,STORMLANDS-2
L9LOFA9ZZ0,REACH
LVLO4ZLZL,NORTH
L9LO0V440,STARKS
L90FA0ZM9,RIVERLANDS-1
9000ZMFAZ,#N/D
L48V8Z8V,STORMLANDS-2
888LO0L4,HOARE
LV8L809LO,DORNE-3
V00FA090L,RIVERLANDS-2
Z84Z,IRONISLADS
Z0V49404,RIVERLANDS-1
ZZLL9884,NORTH
L8V89LVZ,DORNE-3
LZ49FAFA08,REACH
FA0000Z9V,IRONISLADS
L9LO80FAVZ,RIVERLANDS-2
LLV4Z08V,DORNE-1
LLOZVLO000,HOARE
9LOLZ4V4,DORNE-1
L890ZM9V,#N/D
V008VL,DORNE- 2
V000Z008,RIVERLANDS-2
Z0VFAFA848,RIVERLANDS-1
L80LO4FAL4,IRONISLADS
L0000LZFA,IRONISLADS
ZVLOL9L0FA,RIVERLANDS-2
L8FA49L0Z,CROWNLANDS
FA049V9ZZ,#N/D
LLO8LO08V9,STORMLANDS-2
Z0FA49ZV4,DORNE-3
L440004L,DORNE-1
L90FA9VVV,CROWNLANDS
ZZFA8ZLO4LO,#N/D
LO040000FA,NULL
LV4Z0LO9LO,NULL
80L49FAVFA,NULL
ZZZ00FA0FA,NORTH
LZ484ZVLO,STORMLANDS-1
FA009ZFA4LO,RIVERLANDS-1
V0909V9FA,REACH
L94FAVLOVFA,STARKS
LZ9Z9V9L,NULL
90000L00,#N/D
LLO489Z0Z,HOARE
L09048LO0,STORMLANDS-1
LLO08840V,HOARE
LFAZL09Z8,NULL
L98V0LOL8,IRONISLADS
V00VL980,STORMLANDS-2
Z00V8LO09,DORNE-3
LO040000FA,NULL
L9Z94FA04,DORNE-1
LFAZZ8ZFALO,IRONISLADS
L8LVFA04LO,RIVERLANDS-2
L9LO08FAZ9,#N/D
LL0V4VFAL,DORNE-3
V00V98L0,STARKS
LLOFAFA0ZFAV,STORMLANDS-1
9FA4098FA,DORNE-3
LL9FA940FA,DORNE-3
Z0FAFAFAV0LO,RIVERLANDS-1
L40000Z4,STORMLANDS-1
LLL8048Z,IRONISLADS
L9VZ00VL,DORNE- 2
V0400080,STORMLANDS-2
ZZL8L44L,NORTH
L04ZMFA00,STORMLANDS-1
LZZ4ZFAZM,REACH
L9ZZ8LO4FA,RIVERLANDS-2
LFAZ08904,HOARE
Z04049FALO,RIVERLANDS-2
800LZ0Z9,STORMLANDS-1
V09FA0V94,REACH
LLL4Z904,#N/D
LO0ZVLFA4L,RIVERLANDS-2
L8FALOV080,DORNE-1
FA04L44ZFA,#N/D
FA0LO9V044,#N/D
LO008LO04V,CROWNLANDS
LVFA90VZFA,#N/D
L9FALLO94L,STORMLANDS-2
FA0Z8LOL8Z,#N/D
L9890ZLO8,HOARE
L8VLO049LO,RIVERLANDS-1
80L08ZL9,STARKS
L9LOFA9848,#N/D
L4V0LO048,DORNE-3
9000ZFAV9,#N/D
L40LOFA8,#N/D
FA0FA0LZ,#N/D
L440LZ9L,STORMLANDS-1
LLOLFA0V80,STORMLANDS-1
LV904V0LO,#N/D
L0080VZ8,RIVERLANDS-2
LZMLOFAVVL,STORMLANDS-1
LV88ZFAFAV,NULL
LV944LL0,HOARE
V08LOVL9FA,REACH
L8090LO09,STORMLANDS-1
L8L0L004,HOARE
L8490840,#N/D
L0V000ZZ,DORNE-3
L9Z4LLLO4,NULL
FA0L8ZV0L,#N/D
Z0L8LLOVZ,RIVERLANDS-1
LVLZFA8LO9,REACH
L8LLO0LFA0,IRONISLADS
9FA4098FA,DORNE-3
FA0VFA4LZLO,#N/D
LLOZFA8LOZZ,HOARE
L80FALLOV9,STORMLANDS-1
V0FA80ZFALO,STORMLANDS-2
L004FAFA9LO,STORMLANDS-1
900LOFA0LL,#N/D
L48V48LV,STORMLANDS-1
LVLVVV09,NULL
FALOFAVFA4L,DORNE-1
LO00LOFAL04,CROWNLANDS
L00LO0VFA9,STORMLANDS-1
LVFA0FAZ9FA,DORNE-3
LZ4LLZ94,STORMLANDS-2
L4FAZ8LFA9,RIVERLANDS-2
9VFA80ZV,DORNE-3
LL80ZMV9,#N/D
8ZL8Z9V,HOARE
LLO08VLOVL,DORNE-1
8LO0LO0,HOARE
LLO889ZZZ,CROWNLANDS
LLLLO8L04,DORNE-1
LLOFA0L98LO,RIVERLANDS-1
L400LOVFA4,DORNE-1
L90L08FALO,STORMLANDS-1
8V9LO049,DORNE-1
FA0FAVZ08FA,#N/D
L8LOFA44Z9,DORNE-1
L94900ZM,DORNE-1
L988000FA,HOARE
VZFA00L0,IRONISLADS
Z0L0FAV9FA,DORNE-3
8L0ZL00,IRONISLADS
LZLO04LO,HOARE
LLOFAV9Z4Z,STORMLANDS-1
LLVLZFA0LO,DORNE-1
L090ZFAZ4,NORTH
L80L848Z,DORNE-3
FA00V8Z0L,#N/D
LVFA48Z00,HOARE
FA0Z0V400,#N/D
LL09ZLO80,CROWNLANDS
LZ0L98LFA,STORMLANDS-1
9880040,RIVERLANDS-2
L9LO8L4VL,STORMLANDS-2
LLOZL0L49,STORMLANDS-1
LFAZZ8ZFALO,IRONISLADS
FA09V8V8LO,#N/D
L90VFALVL,NULL
9LO00049,DORNE-3
L0ZLV8LO4,IRONISLADS
LV89FALO89,DORNE-1
L8FAL9Z40,#N/D
FA00FALOZ90,#N/D
LFA88098Z,DORNE-3
LZLOVLO8ZL,DORNE-1
L80Z80VL,RIVERLANDS-2
LVL490LLO,DORNE-1
800Z4489,STARKS
V0LLFAZZL,RIVERLANDS-2
L94004,#N/D
V9409FA8,IRONISLADS
L88Z80,DORNE-1
L800Z09FA,STORMLANDS-1
L8L0LZL0,HOARE
L9VZ00VL,DORNE- 2
V008Z0ZZ,NULL
9009L0LO,HOARE
FA000Z004,NORTH
L4FALVV,DORNE-1
L0ZFAV9V8,IRONISLADS
FA0ZV89LO4,#N/D
LZ0949V0,#N/D
LFA09FAFAV4,RIVERLANDS-1
L9000V0FA,HOARE
98L4VZLO,RIVERLANDS-2
L80LLO9LOV,#N/D
LFAZFA4V0FA,DORNE-3
V00Z0908,RIVERLANDS-2
L40FAFAZ0Z,NORTH
LFALO080Z4,STORMLANDS-2
L9FAZFAZZV,STORMLANDS-1
Z0098LZL,RIVERLANDS-1
L90FA9004,NULL
L44488V8,DORNE-1
ZZFAZ490FA,NULL
LZLVFAVVL,RIVERLANDS-1
L0ZLVLZM,DORNE-1
LLO8LLOV0LO,DORNE-3
LFA00ZMLL,HOARE
L4LO0LFA9V,DORNE-3
L88L0LO0LO,STORMLANDS-2
800Z9040,STORMLANDS-1
LL0LZ9FA0,CROWNLANDS
V0ZLV4V0,REACH
LLO00VFA00,#N/D
L4FA04FA4V,RIVERLANDS-2
ZZVFA09ZL,NORTH
LO0ZLVLLV,DORNE- 2
V0V0VLL9,STORMLANDS-2
L4L4L40V,CROWNLANDS
4098LFA4,DORNE-1
800L4L8FA,NULL
V00LO9L0Z,STARKS
L44ZLOVZV,#N/D
L9ZLOV048,STORMLANDS-1
LZ80400V,HOARE
L9FAZLZ40,RIVERLANDS-2
LO00FA0LO09,CROWNLANDS
L40LOV8VV,DORNE-3
LZMZ4090,REACH
V080900V,REACH
90Z0408,DORNE-1
V08FA9LO4FA,REACH
ZZVLO49LO0,NORTH
884L4ZL,HOARE
LVZ00L8LO,HOARE
9Z08VL4,DORNE-3
FA00ZFA8ZFA,RIVERLANDS-1
LV0VLOL80,NULL
LV8ZLZM0,DORNE-1
900LZ948,#N/D
Z0L8FAZV8,RIVERLANDS-1
LLO0LO9Z04,NULL
LO084LO48V,CROWNLANDS
80LLO9,RIVERLANDS-2
LLFALO4ZLV,#N/D
Z0VFAFA848,RIVERLANDS-1
8004ZZLV,STORMLANDS-1
L9LV0L49,RIVERLANDS-2
LFAVV94Z8,DORNE-1
LL0089LV,DORNE-3
ZZ04FA40FA,STORMLANDS-2
V000Z008,RIVERLANDS-2
LLO8098,IRONISLADS
LVFA0480V,STARKS
L9Z8FA48FA,HOARE
FA00LO0Z0Z,DORNE-3
LFA0LO490V,IRONISLADS
L9Z0000L,IRONISLADS
FA00LOV08FA,HOARE
LFAZZV8,CROWNLANDS
LZLO0498LO,CROWNLANDS
VVFAFALV9,DORNE-1
FA00V4989,DORNE-3
L000V0,HOARE
90FALOZ0V,IRONISLADS
L904V4V4,RIVERLANDS-2
LLLOZ98V4,DORNE-1
L890LO94LO,HOARE
LZMLO8V0V,REACH
9008L40L,#N/D
ZLO4LOV0ZM,RIVERLANDS-2
L9FA4ZM,DORNE-3
FA04FALO48LO,#N/D
L0FA008,STORMLANDS-1
L4LLOFAZ00,STARKS
VFALOVFALO9,HOARE
L00Z00Z4,IRONISLADS
L4LO0400Z,HOARE
V0Z4Z0L4,REACH
ZLOFALOZZLZ,IRONISLADS
L0Z08LVZ,HOARE
L0LOL0048,DORNE-3
LV4FALVFA0,IRONISLADS
L8FALO00ZL,NORTH
LLOZ90FA9FA,#N/D
9V8FAVLFA,HOARE
Z0LO44Z40,DORNE-3
L890VVLZ,#N/D
9FA00VZ8,DORNE-1
8004VL,STORMLANDS-1
VLO0LO4,DORNE-1
ZZ04FA40FA,STORMLANDS-2
80084LO9,IRONISLADS
L0ZZ00VLO,IRONISLADS
Z004FA9LZ,DORNE-3
LO0LOZ4Z00,#N/D
L09004FAFA,STARKS
L0V0V000,NORTH
80LZ4LOFA0,STARKS
V0LOZFA8Z,DORNE-1
FA04FA0LOL0,#N/D
LVL0V9LO0,RIVERLANDS-2
8L0009V,HOARE
800ZM404,STORMLANDS-1
FA0FA0LOVZL,#N/D
LFAVL4Z80,HOARE
ZZFA4ZMZ4,IRONISLADS
9ZL0V9Z,DORNE-3
L88VLOVZFA,RIVERLANDS-1
800V0L0Z,STORMLANDS-1
LV0FA444L,NULL
800V0L0Z,STORMLANDS-1
FA004L4LOZ,CROWNLANDS
Z0Z000FAZ,RIVERLANDS-2
L9VLLOZVV,DORNE-1
V0LO9Z0FA4,NORTH
LV4ZMFA00,HOARE
L49FA4LO48,REACH
LFA00ZMLL,HOARE
L90FA0LO0V,#N/D
LLO409880,STORMLANDS-1
LZ88LO0,HOARE
4090FA0FA,DORNE-1
LO0LOV9LOL4,REACH
80LFALO80V,STARKS
LZZ00FA4L,DORNE-1
L9ZZ8LO4FA,RIVERLANDS-2
LLLO984LOV,STORMLANDS-1
Z089L090,DORNE-3
FA0FA8L8L8,#N/D
L48LO0LLO0,DORNE-1
80LLVL9Z,STORMLANDS-1
90LL80ZM,#N/D
LV84VZ89,DORNE-1
Z00L9098,RIVERLANDS-2
L49LO0Z90,NORTH
Z0V9LOFALV,DORNE-3
LZZ944FA0,#N/D
L9FAVFALL0,STORMLANDS-2
LFALOLZZ0LO,NORTH
Z0ZZL0FA9,RIVERLANDS-2
LO0Z80LOFAL,DORNE- 2
L4ZZ90FAFA,#N/D
LLO8908Z9,#N/D
9090FAVZ,IRONISLADS
L0408080,RIVERLANDS-2
V000FAFA00,NORTH
L4LZ9898,STARKS
L800V80LO,STORMLANDS-1
LZ84V8LOL,NULL
V0LLOZLOFA4,RIVERLANDS-2
L90FA4084,STORMLANDS-1
LLO4V4FAL8,#N/D
L9400848,DORNE-1
LV0LZVL9,STORMLANDS-1
8880844,IRONISLADS
LFAZLO0V,REACH
LZM0904FA,NULL
LV09FALO0L,#N/D
LLV89FA44,NORTH
LVVZL009,IRONISLADS
LLO00FA9V4,#N/D
9ZFA44LO9,HOARE
L490L8FAFA,STARKS
LVV049VFA,DORNE-1
ZZZ048LV,NORTH
LV40ZMLO0,CROWNLANDS
L9009L0FA,STORMLANDS-1
LV0Z94,STORMLANDS-2
ZZFAFA8ZM8,STORMLANDS-2
LZLL4008,REACH
Z0FA94L48,DORNE-3
LLO40ZVLO8,STORMLANDS-1
VFAFA0980,HOARE
LLO44ZFA40,DORNE-3
FA00ZM0VZ,#N/D
LV000LO,RIVERLANDS-2
Z0VLOFALLO9,DORNE-3
ZZLLOLLOZ0,IRONISLADS
L9ZLZZL0,RIVERLANDS-2
9V8LO9,IRONISLADS
LO0Z849LOFA,DORNE- 2
V0ZM84L0,NORTH
9008LL0FA,#N/D
V00Z0484,RIVERLANDS-2
FA0L498LOL,#N/D
LZ4ZZ889,HOARE
LO0Z4889FA,DORNE- 2
V00L09FAL,RIVERLANDS-2
LFA9LLO0ZL,IRONISLADS
LL4Z80LO9,#N/D
LLO90Z0FAFA,HOARE
L809FAL0LO,IRONISLADS
LLOFA480Z9,CROWNLANDS
L880LFA08,STORMLANDS-2
900009Z0,#N/D
L4LOFAZ4Z4,DORNE-1
LFAZZZ94L,STORMLANDS-1
90L00LOFA0,#N/D
L84LO904LO,NULL
L9LO0LVL0,IRONISLADS
LLOFA0ZLLL,HOARE
LZ4LO98ZL,HOARE
V0LFAFA4V,DORNE-1
FA00LOV49L,HOARE
LVFA98FA4FA,DORNE-3
8004LO8L4,NULL
LZ8FA9L,RIVERLANDS-1
L9L8VZL4,REACH
LZFA8VZ9Z,STORMLANDS-2
LLO4FA4909,NULL
L094449Z,STORMLANDS-1
80FA0400LO,NULL
L4V4VZ98,DORNE-1
L90Z9LO0LO,RIVERLANDS-1
L848LOVZ0,IRONISLADS
884L4ZL,HOARE
LFAFAVV89FA,HOARE
L84000LOL,STORMLANDS-2
LVV0V08Z,NULL
LLO949LO94,DORNE-3
LLO94LOVVFA,#N/D
Z08490LL,DORNE-3
L4VV98VLO,DORNE-1
LV9LO9098,#N/D
LO0LZ8ZLO0,NULL
L90LLOV4LO,HOARE
FA0ZLOV90FA,#N/D
L4Z0LOLLO0,STORMLANDS-1
L98LOVFAZ0,IRONISLADS
L8LOFA44Z9,DORNE-1
L9FAFAZ9Z9,REACH
ZZZL0LOVV,NORTH
900LZ4FA4,#N/D
L80VLLO,STORMLANDS-1
L8VL00V0,STORMLANDS-2
LZ04LO4VZ,STORMLANDS-1
FA0L8Z800,#N/D
LZV9L0VV,RIVERLANDS-2
LLO8Z0VFAFA,STORMLANDS-2
LO0L409FAL,NULL
L0ZFAV,DORNE-1
FA0LLOLVFALO,#N/D
Z0FALOLV80,STORMLANDS-2
8FA9VFA0LO,HOARE
LLO8LO08V9,STORMLANDS-2
LZFA88Z00,IRONISLADS
L80LO0ZM4,DORNE-1
FA0808898,#N/D
84LZZFA8,DORNE-1
L00L80LFA,HOARE
Z0FA408ZZ,RIVERLANDS-1
FA9FA0LOZ8,IRONISLADS
LZ090ZL0,STORMLANDS-1
LO000VVVFA,CROWNLANDS
LO000VVVFA,CROWNLANDS
V089LO0FALO,STORMLANDS-2
LV08V0FA4,DORNE- 2
Z04V9LO04,DORNE-3
L9L09FA0FA,RIVERLANDS-2
80008LO00,STORMLANDS-1
LFAVFAFAFALOL,DORNE-1
LV9L90V4,IRONISLADS
V0LO9Z0FA4,NORTH
LV00VZ,IRONISLADS
LLVLOV0Z0,STORMLANDS-2
LLOZ4ZMLO9,DORNE-1
LO0LLFA4FA4,CROWNLANDS
LFAV0ZVLOV,STORMLANDS-1
VL4ZFALL,DORNE-1
L049LOZ,DORNE-3
L0FAFA04ZFA,CROWNLANDS
800Z4489,STARKS
LZLLFAFA00,REACH
LLOZ008LOL,DORNE-3
L89FA8FALO4,CROWNLANDS
L9L0VZM0,STARKS
L0ZLVLZM,DORNE-1
L89VLV0V,HOARE
LZ40FA8V4,DORNE-3
L9LFAZ8LZ,#N/D
LLOFALOFA8LV,RIVERLANDS-2
900Z0LO0FA,#N/D
LO0ZVLFA4L,RIVERLANDS-2
LVLFA8FAFA0,IRONISLADS
L940004Z,RIVERLANDS-2
80LFA4LO9LO,STARKS
LLOZLO8LOZ0,DORNE-3
LL080FALOZ,NORTH
L9L9FALL4,STORMLANDS-1
L88VLOVZFA,RIVERLANDS-1
LVLO88L4Z,STORMLANDS-1
L9L8900V,RIVERLANDS-1
LFA8FA0008,DORNE-1
V00ZLOFA,STORMLANDS-2
L9LOFAFAFAZ0,DORNE-1
LLO4ZLO0V4,HOARE
L4LFALZMZ,REACH
FA04FAFA0V9,#N/D
ZZZMV8Z0,NORTH
900L4048,#N/D
4048804,HOARE
L9V4FA090,DORNE-3
L84LO0040,NORTH
V4V8LOZ8,HOARE
V00Z8ZZ4,RIVERLANDS-2
LZ00LO444,DORNE-1
L40LOFAFA9LO,RIVERLANDS-1
FA0LO8FA0,#N/D
900ZL080,#N/D
LV40009Z,DORNE-1
L8LO4Z094,RIVERLANDS-2
L98FA989LO,REACH
8ZFAZ8,STORMLANDS-1
L80LOV0FA4,CROWNLANDS
L09800LV,STORMLANDS-1
LZL40L,RIVERLANDS-1
LVLVFA80Z,DORNE-1
FA00FA8FALOL,HOARE
LLO9800,IRONISLADS
L80L0L9L,STARKS
900FAFAL0V,#N/D
LLFALO9FALO0,DORNE-1
L0880L4Z,STORMLANDS-1
V0LLFAZZL,RIVERLANDS-2
LFA4ZMVFA4,DORNE-1
L409V80LO,RIVERLANDS-2
LVFALO8ZLOZ,STORMLANDS-1
Z0Z000FAZ,RIVERLANDS-2
V0V0ZV9FA,STORMLANDS-2
L0L9ZMVZ,IRONISLADS
L484LO4LLO,CROWNLANDS
LLOZZL0FAZ,NULL
L90L4FA0Z,#N/D
988V49LO,RIVERLANDS-1
LLV00ZL0,STORMLANDS-1
8ZMV4,#N/D
V0VZFALO98,STORMLANDS-2
L0FALOL8ZFA,STORMLANDS-1
L84000LOL,STORMLANDS-2
L880L8Z0,STARKS
FA0488Z8Z,#N/D
LFAFAV88LL,DORNE-1
FA000L489,RIVERLANDS-2
L0490LOL8,#N/D
LFAZFA8LOLZ,STORMLANDS-1
9FALOFALOLL,IRONISLADS
L0ZFA0L8LO,DORNE-1
L00VZVLO0,DORNE-3
V00V98L0,STARKS
L0LOLL8V8,NORTH
80L4880FA,STORMLANDS-1
V0V0ZLO4V,STORMLANDS-2
FA0480V09,#N/D
LFA88098Z,DORNE-3
L94FA8FA9FA,DORNE-1
ZZ804LVZ,NORTH
LVLO000LO8,STORMLANDS-1
FA00V8FA0L,#N/D
V0VZFALO98,STORMLANDS-2
L880ZLO09,RIVERLANDS-1
FA0LO08FAZ4,#N/D
ZZ00FA80LO,NORTH
FA080FA044,#N/D
L9FA0884L,DORNE-1
LV40494FA,DORNE-1
Z0VZ004LO,RIVERLANDS-1
L0LOVL9LL,DORNE-1
L9LZL890,DORNE-3
LLOLFAZM94,NULL
L480Z8LL,IRONISLADS
LLZLO0L0V,STORMLANDS-1
LV900LOLZ,#N/D
LV4LLOLLFA,HOARE
LVV49LOVL,STORMLANDS-1
L80FA4VL0,IRONISLADS
84FA94ZZ,DORNE-1
L00409Z4,STORMLANDS-1
LL40LFAVFA,HOARE
L9L04L49,STORMLANDS-2
L8V9LLV9,STORMLANDS-2
L940FALO9FA,DORNE- 2
L8L0LZFAFA,DORNE-1
L8L904LLO,CROWNLANDS
90LLO0LOZ8,#N/D
V04ZV4FA0,STORMLANDS-2
LFAFA8Z90L,DORNE-1
LFA4ZVL40,IRONISLADS
L48L88LV,DORNE-3
V048LO00Z,REACH
LFAV08LOZ8,STORMLANDS-1
L4VZ8V8LO,STORMLANDS-1
L40FAZVZ0,RIVERLANDS-1
800VLV0LO,#N/D
LFALOZ0Z8FA,STORMLANDS-2
L8ZMV9,STORMLANDS-1
LZ4LO98ZL,HOARE
L9Z0V9FA4,#N/D
FA0L0Z89Z,RIVERLANDS-1
L9V84LLOZ,STORMLANDS-2
L00L4FA89,DORNE-1
L900LOZLOFA,STORMLANDS-1
LLO0080VFA,#N/D
LZFA40FA,STARKS
LLOV08ZZM,REACH
L8FALOZ0ZM,HOARE
800VZLL0,STORMLANDS-1
LLOL0VZ4Z,IRONISLADS
LLO44ZFA40,DORNE-3
L8LFA9V0V,RIVERLANDS-2
LFA0Z4ZFAZ,STORMLANDS-2
FA0LZLOLFA0,#N/D
LLO949LO94,DORNE-3
LVFA84VL8,DORNE-3
Z0ZLL000,#N/D
890FAZ08,IRONISLADS
8ZL00FA0,IRONISLADS
LLLFA088FA,STORMLANDS-2
LV9LO0VZV,HOARE
LVV989LO9,STARKS
L90ZFA0LOZ,DORNE-3
L94LL00LO,#N/D
FA0Z98Z04,#N/D
L9890ZLO8,HOARE
LO0LO0L4V8,CROWNLANDS
L90L0FALO9,NORTH
LFAV08L,RIVERLANDS-2
L9FA8ZLV8,REACH
LV800ZMV,IRONISLADS
L09Z8000,RIVERLANDS-2
Z04LO0V0L,DORNE-3
L8LLO9Z0LO,DORNE-3
FA0V9ZV,#N/D
L9000V0FA,HOARE
800V9408,STARKS
L9LL0V09,DORNE-1
L4LLOFAZ00,STARKS
LZLO0809Z,STORMLANDS-1
900ZL9Z,HOARE
L0Z890LOL,HOARE
L9LOV0L08,REACH
LLO040FA08,STORMLANDS-1
LFAL9LO9ZLO,DORNE-1
VLFALOLL4,HOARE
L449ZFA44,DORNE-1
L00400FA0,STORMLANDS-1
LVL8V9FALO,NULL
LFAV4V0LO4,STORMLANDS-1
LO0LOL90L0,AEGON
L984LOVL0,NULL
L8494ZFA0,IRONISLADS
4ZL88FAL,IRONISLADS
L04FA00,DORNE-3
ZZ0VLO989,NORTH
V08LO0FAZ0,REACH
LZVVL08V,HOARE
L90FALVLFA,REACH
FA0ZLO90VFA,#N/D
ZLO4LOV0ZM,RIVERLANDS-2
L9FA40L89,STORMLANDS-2
LO0Z4LLO,DORNE-1
Z0FAFA8LO9V,DORNE-3
8L0009V,HOARE
LFAZZZ94L,STORMLANDS-1
V089V48LO,STORMLANDS-2
LLO88ZVL9,#N/D
LVV9LOZZ0,DORNE-1
LL440FAZ0,STORMLANDS-1
LVFA408,#N/D
L89V8088,NULL
FA0VZM49FA,#N/D
L98L0LO84,IRONISLADS
LV4ZMLO00,#N/D
LLFA4FA904,STORMLANDS-1
L80LLFALOZ,#N/D
L84LOLFAZFA,REACH
L9LOZ89V0,DORNE-3
LLOV08ZZM,REACH
LLO90LOFAZM,DORNE-1
V08VZM89,REACH
LV9LVFA9L,#N/D
9LOLZ4V4,DORNE-1
L800ZL9V,NORTH
V0LVLL80,DORNE- 2
V0L008LL,RIVERLANDS-2
L8880400,DORNE-1
LFA08FALLZ,RIVERLANDS-1
VL4L,DORNE-1
L809FAL0LO,IRONISLADS
4ZLV888,HOARE
98V8FAZ0,STORMLANDS-1
ZZ0LO88FA0,RIVERLANDS-2
FA440V,DORNE-1
ZZLL9884,NORTH
LLFA0Z8Z0,IRONISLADS
9098FA40,HOARE
L0V898,DORNE-1
LVLLOLL9Z,STORMLANDS-1
Z04V9LO04,DORNE-3
FA0ZLOFAFA94,#N/D
LZLO40Z80,REACH
Z0FA8L00V,RIVERLANDS-2
L44VLO0VFA,HOARE
LLLOL88LFA,NULL
LV804LO4Z,HOARE
LZLL88LOV,HOARE
FA00004LZ,REACH
L8LO498L9,STORMLANDS-1
L0904FA,STORMLANDS-1
L8009800,DORNE-1
90LZ80FA4,#N/D
LZMLO0VZLO,NORTH
LZ9V90LO0,#N/D
L9FAV0LZM,HOARE
ZZ4FA0ZL8,IRONISLADS
LFA98LFA,NORTH
900L9LO8V,#N/D
LO0V0L40LO,REACH
LZ48LO898,REACH
L0L0FAV,DORNE-1
L4L4L40V,CROWNLANDS
L8Z0V4FAFA,STORMLANDS-1
LFAFA98LOLLO,CROWNLANDS
LFAFA98LOLLO,CROWNLANDS
FA009Z98V,#N/D
L9LO949V8,REACH
LV8FA4FA8Z,STORMLANDS-1
L0L8FAL8V,DORNE-1
LZMVL0Z9,NORTH
LVLO489Z9,DORNE-3
LVLO0FA8V4,RIVERLANDS-1
L9LLO098L,CROWNLANDS
LLO9FA0LO9V,HOARE
LO04LOVZ0V,CROWNLANDS
L940LOLFAZ,HOARE
V00L8LFA0,RIVERLANDS-2
FA0ZL00,#N/D
LV0L0Z8Z,STARKS
FA0FAL9L80,#N/D
ZZFALOL000,RIVERLANDS-2
LLFALOZ90L,STORMLANDS-1
LO0FA0VFAL8,NULL
L8VLOFAFA0L,STARKS
LO0ZMFA00LO,AEGON
LLOV48848,IRONISLADS
LLOV4FAL4LO,RIVERLANDS-1
Z0LO0LZLFA,RIVERLANDS-1
8FA909LO0,HOARE
L8LOL9LOZ8,IRONISLADS
L400048LO,STORMLANDS-1
L488V80FA,HOARE
L0LOFA84,STORMLANDS-1
L90ZML8L,DORNE-3
LFAZLOV4L0,REACH
L0L0LFA08,DORNE-3
LV94LL90,#N/D
L890L880,#N/D
L840ZFA4FA,DORNE- 2
ZZZ90809,NORTH
L9FAV0Z9Z,NORTH
LLOFA04LO,#N/D
FA0FA8ZL00,#N/D
L9LFAL880,DORNE-1
LVZ00004,CROWNLANDS
LV90LFA0V,IRONISLADS
L8040444,STORMLANDS-2
90L48404,#N/D
LVFA84900,DORNE-3
L8ZLZ88Z,NORTH
LL09Z94L,#N/D
LVFA0LZLOV,NORTH
LZ08LL09,STORMLANDS-1
ZZ444004,RIVERLANDS-2
LO08VFA9,CROWNLANDS
8008898FA,STORMLANDS-1
L8ZLV0VL,STORMLANDS-2
Z0FA0LOL0Z,DORNE-3
L9404LO8FA,STORMLANDS-1
FA0FAVL4FAZ,#N/D
ZZ08LFA80,NORTH
L0ZV4V0,IRONISLADS
Z00L440FA,RIVERLANDS-1
LFAV0LV8LO,STORMLANDS-1
8008LOVVLO,STORMLANDS-1
L0ZV4V0,IRONISLADS
9L0ZLO88,DORNE-1
LVVLOL9FAZ,NULL
L00LLO0VL,DORNE-1
LO0900Z0Z,CROWNLANDS
L80LOZZZ8,STARKS
Z008FAVVL,DORNE-3
L48900L9,STORMLANDS-1
80088V44,STARKS
L800494FA,IRONISLADS
V0849VLO,IRONISLADS
L4VFAZMFALO,NULL
LLO8FAFALO40,IRONISLADS
9ZL0V9Z,DORNE-3
LZ4ZZ889,HOARE
LZ8FAV0V4,IRONISLADS
LLO0LO8404,RIVERLANDS-2
LZ0L0V,HOARE
FA00L044Z,STORMLANDS-1
LV9V0LO88,DORNE-1
FA00484FAFA,CROWNLANDS
L90LO4FALO9,STORMLANDS-2
L4VZ0LO00,RIVERLANDS-1
LL0LOFA84FA,DORNE-1
LVV44000,IRONISLADS
L044VLO8FA,IRONISLADS
FA00LZ4FA0,#N/D
LL800LLFA,RIVERLANDS-2
80L888FA,IRONISLADS
LO0ZLO0Z9FA,RIVERLANDS-2
L9LO8ZZL0,NORTH
L80L0Z8FA,STARKS
VZ0FA000,HOARE
LV4L8FA0V,STORMLANDS-2
LLO008ZZL,DORNE-3
LO04Z4000,CROWNLANDS
ZZ000LLLO,STORMLANDS-2
900L0FALL,#N/D
V000FALL9,DORNE- 2
LLL0LOV,IRONISLADS
Z04FA8LZL,RIVERLANDS-1
Z0Z40LOZ4,RIVERLANDS-2
Z0909VZ4,DORNE-3
V0Z8L44V,HOARE
V089LO0FALO,STORMLANDS-2
9000V0FA4,RIVERLANDS-1
ZVZMV0V4,NULL
L9Z09Z00,#N/D
LZ9FAVFA,NORTH
LFAFALO4VFA9,STORMLANDS-1
L94LO0FAFAV,STORMLANDS-1
L8FA00494,IRONISLADS
LFAFA094LO8,DORNE-3
LFA9Z80Z9,DORNE-1
LL800LLFA,RIVERLANDS-2
LZ8488FA9,STORMLANDS-2
FA04400Z8,#N/D
FA000Z8,IRONISLADS
LFAZL09Z8,NULL
LLZLFAL09,HOARE
LL0FAZLOV0,STARKS
L80940FALO,REACH
L0488,IRONISLADS
LFA0L00Z0,STORMLANDS-1
LZ9000VV,HOARE
L9FA0449L,DORNE-1
ZZLZV8LOZ,NORTH
LVL000LOZ,STORMLANDS-1
V00LO0LZLO,RIVERLANDS-2
Z04ZV84V,DORNE-3
L8040008,HOARE
V090LO4FA9,REACH
L98VFA94FA,STORMLANDS-1
L8ZVZ4FA9,AEGON
L9LOFAZZLOFA,RIVERLANDS-1
90004LO0Z,#N/D
L00ZLO0V0,STORMLANDS-1
L84LO904LO,NULL
LLOZ8000Z,STORMLANDS-2
900Z89LOV,#N/D
900890VL,#N/D
LFA400888,HOARE
L8ZZLO4ZL,DORNE-3
LLO890ZMLO,NULL
L00VZVLO0,DORNE-3
LVFAZ8Z00,DORNE- 2
LVZ909V0,DORNE-1
LVLO9L0ZM,DORNE- 2
L0ZM9L4FA,DORNE-1
8LOL4409,IRONISLADS
L0FA0989V,IRONISLADS
LLVVLOLLOL,NORTH
ZZ0VLO989,NORTH
L4LO9LO9V4,HOARE
ZZFA9LO000,NORTH
LZZ88VLZ,STARKS
L84FAFALO44,HOARE
L0ZLO0LLV,STORMLANDS-2
LVFA0LOZ88,STORMLANDS-1
LZ0804LOZ,NORTH
80LVV09LO,NULL
LZFA49LLO8,DORNE-1
LL0089LV,DORNE-3
L8LFA0408,STORMLANDS-1
ZZ8LFA4V0,STORMLANDS-2
LLO940VV0,#N/D
LLZLO0400,IRONISLADS
LZ8FA0V9V,NORTH
L0LO8FAL9LO,RIVERLANDS-1
900V8LO08,#N/D
LV8VFAL00,DORNE-1
L0880LFA8,NORTH
ZZLL9884,NORTH
V4084VZ,HOARE
L094Z4LOV,CROWNLANDS
9098FA40,HOARE
ZZ00LOFA9Z,#N/D
LZV08LV8,STORMLANDS-2
L80LZLVZ,DORNE-1
LO0LO090LO0,CROWNLANDS
L9LOV489LO,RIVERLANDS-2
L9FAL8LV9,STARKS
L8000V84,STORMLANDS-1
L90FALO094,RIVERLANDS-2
LLO8004,RIVERLANDS-1
LVLLV4L8,IRONISLADS
L9LLL040,STORMLANDS-1
LL49LZLFA,DORNE-3
V0L08LOLL,#N/D
LV0040FA4,REACH
L0ZLO48,NULL
LFAFAZM0Z0,#N/D
LLOLFA8FAVL,RIVERLANDS-2
FA04FALO0VLO,#N/D
FA0LLOZLOL0,#N/D
L4ZZ940Z,STORMLANDS-1
FA09FAFALO08,#N/D
L88VLOVFA9,STORMLANDS-1
LV04LO9LO9,REACH
LLOV490Z8,NULL
LLOFAVLOZ84,DORNE-3
800LLO4V9,STORMLANDS-1
LZLOFA94,DORNE-3
FA0LZ88LO9,#N/D
LFAZV0049,DORNE-1
LO0LOFA0ZML,AEGON
LZ8Z4LFA4,CROWNLANDS
FA0LO8000Z,#N/D
L0LFALFALV,RIVERLANDS-2
V0V4LO80V,STORMLANDS-2
L00L80LZ,HOARE
L9LLLO00Z,STORMLANDS-1
LV08L4ZM,STORMLANDS-1
LZVZZLO,STORMLANDS-1
V0094LO9FA,RIVERLANDS-2
L000ZFA08,DORNE-1
FA0L0LO8L9,#N/D
FA0LFA4V0L,#N/D
L090FA000,HOARE
L49Z9LO0V,STARKS
VL0VL0V,HOARE
9VVLO4V9,RIVERLANDS-2
LLFA4LOFA0LO,DORNE-3
80L80LO0FA,#N/D
L00409Z4,STORMLANDS-1
L0490LO0FA,IRONISLADS
FA040VLOFA4,#N/D
L80LOZ0,IRONISLADS
LL8VV0LOZ,DORNE-3
90049VV0,#N/D
L9VFA000V,STARKS
LO0FA4FAL8V,NULL
L490L8FAFA,STARKS
FA0FA9L48V,#N/D
L9404840,DORNE-1
LLO0009V0,REACH
FA04FAV449,#N/D
LZLO89LO90,IRONISLADS
L9084V0LO,STORMLANDS-2
LZMZFA0LLO,HOARE
888L4LOZ,IRONISLADS
8009Z000,STARKS
LV8VLOFALO0,CROWNLANDS
LV84LZMLO,#N/D
ZZ0V4090,NORTH
LV0L0V,RIVERLANDS-2
ZZLO04VFA8,#N/D
LZ8L8800,DORNE-1
LFAFALL009,DORNE-1
FA0L4VZ80,#N/D
LZ0949V0,#N/D
L8L89VZ8,#N/D
LLLV4LL0,STARKS
L80ZLFA,STORMLANDS-1
LZV88FA89,DORNE-3
LV048ZV0,#N/D
LZZLOV8ZM,HOARE
LVZ0V0ZLO,HOARE
90L09L8L,RIVERLANDS-1
LZV8VLOFAV,STORMLANDS-1
VFA4Z4,IRONISLADS
LVFA0FAZ0L,DORNE-1
8004Z090,#N/D
L4LO90LLL,HOARE
L4988LVLO,IRONISLADS
LVV890LL,CROWNLANDS
L0080VLOZ,DORNE-1
L8Z9V9Z9,#N/D
LVL9ZLFA8,NORTH
LLOLLO909Z,CROWNLANDS
8009LLOZLO,STARKS
L8Z0LOVV0,#N/D
LLO0VV84L,#N/D
L0009LFAV,STORMLANDS-1
LLO4L8FA89,DORNE-3
LVLVVV09,NULL
L4FAZ8LFA9,RIVERLANDS-2
LO0490LO0L,AEGON
V000LV90,#N/D
LZLO9898FA,STARKS
L09V0000,NORTH
LV8ZLZM0,DORNE-1
8LOLL400,HOARE
L490FAL40,DORNE-1
LZV9LOL8V,IRONISLADS
LLOFA0L9L0,#N/D
LVLL0840,RIVERLANDS-2
L894FA0V8,DORNE-1
800FA00LO8,STORMLANDS-1
L0000084,STORMLANDS-1
LZ040VVL,REACH
FA0L8V0Z8,#N/D
Z08LOZVV9,RIVERLANDS-2
L9FA4LO0L4,#N/D
L4L4ZFAVL,STORMLANDS-2
L84FA00V0,NORTH
L9ZLO040L,HOARE
L0Z8FALO00,REACH
LLOZV4L,#N/D
LO0LO04Z8LO,CROWNLANDS
FA04VVFA0V,#N/D
9004ZMV9,#N/D
LL908FA0L,IRONISLADS
900V49V4,#N/D
FA00V8VLOZ,HOARE
Z0FA0FALO09,DORNE-3
L908V4LO4,RIVERLANDS-2
LVZZZV9V,STORMLANDS-2
ZZZZ9LO4FA,NORTH
V848VLL,HOARE
L808980Z,DORNE-3
LO04FA098L,#N/D
LV8FA80LZ,STORMLANDS-1
LZ0LO09LOV,NORTH
L848404Z,CROWNLANDS
L00LO,NORTH
LFALOLLO940,RIVERLANDS-2
FA000L489,RIVERLANDS-2
9FA8ZVZ9,IRONISLADS
FA000800LO,NULL
L0004Z09,RIVERLANDS-2
FA0FA904,#N/D
L409LOV9V,REACH
LO0FALO0988,NULL
LVLOZLOZVL,#N/D
LZL04V4FA,STORMLANDS-1
FA048LO49V,#N/D
FA0080FAFA0,#N/D
VLOFAVL,HOARE
V09ZZ9FAFA,STORMLANDS-2
Z00FAVLO89,DORNE-3
ZZ444004,RIVERLANDS-2
L988ZLO8LO,STORMLANDS-2
LLLOVZ0LO0,HOARE
80FA0FALO9L,NULL
L4L00VFALO,REACH
L9FA09ZL4,DORNE-3
LO0ZLOL900,RIVERLANDS-2
ZVZL9V04,NORTH
VL9VFA00,IRONISLADS
LL0FAV9LO9,DORNE-3
L9LLO0LLO4,NULL
LZ0008ZL,RIVERLANDS-2
L9LO4ZZ44,RIVERLANDS-1
L8949LO09,NORTH
Z0ZVV90FA,DORNE-3
LVFA8LO0Z9,NORTH
L8ZFALOV49,STORMLANDS-1
L8LZ98FAL,IRONISLADS
V409FA00,HOARE
LVLOZLOLLOL,STORMLANDS-1
LO00ZZ0L9,CROWNLANDS
LLO08840V,HOARE
ZZ0FAVVVFA,STORMLANDS-2
L0444800,DORNE-1
L0LO0FAZZ0,IRONISLADS
FA0L9Z844,#N/D
V0ZZ4L,HOARE
V49FA90Z,DORNE-1
L8LO048FAFA,IRONISLADS
LO0LZVLO98,CROWNLANDS
LFA9FA040V,RIVERLANDS-1
V0009ZZLO,CROWNLANDS
900V09VL,#N/D
V000LO84L,CROWNLANDS
LVLO9FAV,IRONISLADS
L08LVZ0FA,DORNE-3
LZVV0LO94,DORNE-3
ZZZMFAFAFA0,IRONISLADS
L94L4FALO8,REACH
ZVLO84L8LO,NULL
FA0LFA8V4Z,#N/D
LL0904FA8,HOARE
L8ZLO00V9,#N/D
LVLLLO4V4,#N/D
LV944LL0,HOARE
Z0ZLL000,#N/D
L800FA0FA4,#N/D
V089LOL09,REACH
L9L09LLV,NULL
LLOLLFAZ88,HOARE
LO08ZL080,CROWNLANDS
LVZFALO9LO9,CROWNLANDS
LFA0LOZFAZL,STORMLANDS-1
LO04FA098L,#N/D
V088FA9Z,IRONISLADS
V049VFA80,REACH
L0VFALL80,DORNE-1
V04400Z9,STORMLANDS-2
LLOFA008FAL,STORMLANDS-2
L4Z49L90,IRONISLADS
FA0FAV8LOFA4,#N/D
V0Z9LLO8LO,DORNE-1
FA00V9804,DORNE-1
V0LO0ZFA89,STORMLANDS-2
L9000Z0V,#N/D
9LO8800FA,DORNE-3
LO0ZMFA00LO,AEGON
V0LOL0FA0L,NORTH
LFALO040Z9,DORNE-3
L9VZ8040,DORNE-3
LLO8Z0L0LO,IRONISLADS
LVVFALO90Z,NULL
L8V0LOV9FA,HOARE
LZMZFA840,RIVERLANDS-1
888L4LOZ,IRONISLADS
L4FA084FA4,STARKS
LFA980Z94,DORNE-3
FA0LZZLV0,#N/D
L9848V98,REACH
V00ZFA0L0,RIVERLANDS-2
L08Z8LVV,NORTH
V0LO9VFAFAL,STORMLANDS-2
VVV4LOL0,HOARE
L8FAZ8LVZ,HOARE
Z0L09V09,STORMLANDS-2
Z00VFA0,RIVERLANDS-1
V488LZL,DORNE-1
LLV00900,RIVERLANDS-1
LLO4LFALO4FA,DORNE-1
LZ90489LO,STORMLANDS-1
V080400Z,REACH
LLO8948V9,DORNE-3
VLV0VFA0,#N/D
L8L80L80,STORMLANDS-1
LZ90FA0LV,REACH
LLO00FAL04,RIVERLANDS-2
900VVLOLV,#N/D
VV4L890,IRONISLADS
Z0LVZ9L4,RIVERLANDS-2
L880VLOFAV,DORNE-3
V0LOZZZZ,HOARE
L900V0ZV,REACH
LZ48LO898,REACH
900V09VL,#N/D
LVLOL0VZLO,AEGON
LV00L09L,DORNE-1
LZL009L8,STORMLANDS-1
L9LO00LOZ,DORNE-1
V00844L8,STARKS
LLV00000,STORMLANDS-1
LO0Z4LLO,DORNE-1
V088LFAZ9,REACH
L8ZLZ88Z,NORTH
LZ404FALO9,HOARE
FA0L8FALO8FA,#N/D
V0LO80088,HOARE
L8LO9FA448,HOARE
LO0ZLZFAFA4,DORNE- 2
V009LO04Z,RIVERLANDS-2
V0LVLL80,DORNE- 2
V00LVZM,IRONISLADS
FA0V4Z0VL,#N/D
LO04LOZLO09,CROWNLANDS
LLOL04FAV0,RIVERLANDS-1
V08V08V0,REACH
V800ZL4,HOARE
9000L4LZ,#N/D
V0FA9FA0,STORMLANDS-2
L044Z9,NULL
800LOLLZZ,STORMLANDS-1
9000LO980,#N/D
V00Z4VLOL,RIVERLANDS-2
800LOZ80Z,STORMLANDS-1
LL0LOL04Z,STORMLANDS-1
FALOFALOLFALO,HOARE
L80FAV88V,STORMLANDS-1
L44LO90FA0,HOARE
L9L044V8,NULL
L90490L9,RIVERLANDS-2
FA09044L0,#N/D
L0FA00LV8,HOARE
LVLOZ8Z4V,DORNE-1
L90FAZMFALO,HOARE
LV89Z8Z4,STARKS
LV0LOVZFAFA,#N/D
LZ9LOLLFAL,#N/D
VFA0048,HOARE
L908V4LO4,RIVERLANDS-2
LLO9498LOL,RIVERLANDS-2
LZ08LO0,DORNE-1
Z0FA80VLZ,RIVERLANDS-2
L0ZL0FA90,DORNE-1
8000Z89L,NULL
LVLO88L4Z,STORMLANDS-1
Z0L4VFA88,DORNE-3
FA00LO8804,HOARE
L88LO08FAZ,DORNE-1
L088FALOZZ,STORMLANDS-1
84VLOVV9,#N/D
FA0LVZLL0,#N/D
FA00LOL09Z,DORNE- 2
LFA9049LOV,STORMLANDS-2
L88V8VLLO,STORMLANDS-1
L404FA89LO,NORTH
90LLLOFAFALO,#N/D
ZZ000FA8LO,RIVERLANDS-2
LVFA0LVFA0,STARKS
LLOL4VLL0,NULL
LV9V8LO,HOARE
L8L0VL0LO,DORNE-1
LZMLVFA0Z,STORMLANDS-1
V009VZ8,HOARE
LLOFA09FA,DORNE-1
L9Z9Z0,#N/D
L9VFA0L0FA,REACH
8004V0V0,#N/D
Z0ZM0440,RIVERLANDS-1
L9LO949V8,REACH
L9LOZ89V0,DORNE-3
80L49FAVFA,NULL
LVLOZLO800,STORMLANDS-1
VZFAVZMV,HOARE
LV00L0,IRONISLADS
L80FAV0,DORNE-1
LLFALO00,REACH
V088ZVFAV,DORNE-1
L9ZLOL00V,RIVERLANDS-1
L48L4090,DORNE-3
LV4VZ808,STORMLANDS-2
9444Z08,IRONISLADS
LZL8ZFA,CROWNLANDS
L0FALZM00,IRONISLADS
L9LV9LO40,NORTH
80044LO08,STORMLANDS-1
L89008V0,DORNE-1
L0FALZ4LLO,RIVERLANDS-1
Z0LV0L90,RIVERLANDS-1
Z44FA0FA,IRONISLADS
L9LZ8LLOV,IRONISLADS
FA00ZV098,RIVERLANDS-2
L4ZV9090,RIVERLANDS-2
LZ800LOL0,DORNE-3
84VFA8,HOARE
ZZ8L0ZV9,NULL
L9FAVZ4FA4,IRONISLADS
LVV4LO94V,CROWNLANDS
L808V0VLO,STORMLANDS-2
LLO4ZZ48L,NORTH
Z00FAVLO89,DORNE-3
FA000Z0V0,IRONISLADS
889LO004,IRONISLADS
ZZ0VLO989,NORTH
L9V00404,DORNE-1
V949094,DORNE-1
L4FA04VLOFA,REACH
L0VV8VLL,RIVERLANDS-1
80L00ZLO0,STORMLANDS-1
VLV0ZLFA,IRONISLADS
L94Z8LLO4,STARKS
L84LOZ8L,DORNE-1
LV4FALVFA0,IRONISLADS
L900FA4LOFA,STORMLANDS-1
L0Z80LO04,RIVERLANDS-1
FA048808L,#N/D
Z00V8LO09,DORNE-3
L0VFA9LO9L,HOARE
FA000Z8,IRONISLADS
LV4L8FA0V,STORMLANDS-2
LVFA8FAFA0FA,CROWNLANDS
V0LV9LO4FA,#N/D
80L4FA,IRONISLADS
V0090808,RIVERLANDS-2
L8FA84800,DORNE-3
Z88988,IRONISLADS
V0409LOZ,HOARE
LVLO444,REACH
900800V0,#N/D
L48FA9088,NORTH
Z0L0FA090,RIVERLANDS-1
ZFAFA,DORNE-1
V09049V8,NORTH
LFAZFAZLLV,DORNE-3
LVFA90VZFA,#N/D
LLO40ZFAV0,DORNE-1
L408LO800,DORNE-1
L49FA0FAFA0,REACH
ZZL4FA880,NORTH
LZZ4ZM00,IRONISLADS
LLOZ00848,DORNE-3
LZ9LOFA4,RIVERLANDS-1
LVV400,DORNE-3
LFA890VZ0,STORMLANDS-2
L40ZMFA9V,STORMLANDS-1
L80Z90LO8,DORNE-3
LVZVLOVLV,STORMLANDS-2
LZ0L0V,HOARE
L8FALO00ZL,NORTH
FA0LVZ00Z,#N/D
L90L4ZLO9,RIVERLANDS-1
89LO9084,#N/D
L84LO4L9V,RIVERLANDS-2
Z0LOVZZV0,RIVERLANDS-2
LO8LO04LL,IRONISLADS
FA00ZVL,NULL
V84Z0FAV,HOARE
V0409LOZ,HOARE
L4LO9V0,STARKS
900V8ZML,#N/D
L0Z0ZFA0FA,HOARE
L8ZM4008,RIVERLANDS-2
888LO0L4,HOARE
L044Z9,NULL
940FA988,IRONISLADS
L9V08049,HOARE
8000V0FA0,STORMLANDS-1
LO04LO0LOLFA,CROWNLANDS
L8FA8LO9LOL,HOARE
LFA8LO0LL0,IRONISLADS
LLO0FALO9,CROWNLANDS
80LFA484Z,STORMLANDS-1
FA040Z4LO8,#N/D
FA0FA8FALO4L,#N/D
V00VLOLFAZ,STARKS
V00V9ZLL,STARKS
80FA0400LO,NULL
900VVLOLV,#N/D
LVFA900Z9,NULL
Z04049FALO,RIVERLANDS-2
LZMLOFAL8Z,NORTH
L9ZFAZ0L0,HOARE
ZZ4LFALO0FA,STORMLANDS-2
LLOZZV8Z4,IRONISLADS
LVFA000FAFA,NORTH
L90L9Z0Z,IRONISLADS
LLZFAFA890,CROWNLANDS
L909084FA,#N/D
L9LO08LOVFA,STORMLANDS-1
L8048Z84,IRONISLADS
L09L0LO94,DORNE-1
L9400LO0FA,IRONISLADS
L94FA9FA08,DORNE-1
LV0L0V,RIVERLANDS-2
9004ZL90,#N/D
LLOV84989,DORNE-1
LLV0FALV4,#N/D
90004LO0Z,#N/D
L0ZZVFA8L,IRONISLADS
FAL89LO4LO,IRONISLADS
LV944LL0,HOARE
L9FA0884L,DORNE-1
LLOL9LOL0L,STORMLANDS-1
LV4ZMV0FA,DORNE-3
904004LO,IRONISLADS
FA0L9FA804,#N/D
LVZ0V0ZLO,HOARE
L404FA0FAV,HOARE
LVV8V08LO,STORMLANDS-1
9FAFA408L,HOARE
L8V89440,IRONISLADS
L4LZ4988,STORMLANDS-2
9FA9LV00,DORNE-1
LLOZZV8Z4,IRONISLADS
800LZ0Z9,STORMLANDS-1
V08FA4LO00,REACH
LFA9FA040V,RIVERLANDS-1
L8LFA9V0V,RIVERLANDS-2
V00FA9LOVL,NORTH
FA008VZ0FA,#N/D
LFA9V8L8L,#N/D
Z044FAL98,DORNE-3
LZ4FALZ90,REACH
L49FA4908,STORMLANDS-1
LLOZV4L,#N/D
LVLOFA8V,NORTH
L98LVV0Z,STORMLANDS-2
900L409FA,#N/D
V0V400LLO,STORMLANDS-2
LO0LO4VLO0V,#N/D
LO0FA08LOFA4,NULL
L9ZV0L0LO,RIVERLANDS-1
L8FAVLO0LFA,DORNE-1
FA09LVVFA0,#N/D
L00LO4Z0LO,STORMLANDS-1
L48VLOV,DORNE-3
FA0004VZZ,DORNE-1
L00LLLOL4,HOARE
8LO89FAV9,DORNE-1
Z00VZ9LL,RIVERLANDS-2
8000FALO0,IRONISLADS
8004VVVLO,NULL
80V4LLO9,IRONISLADS
LZMLO0VZLO,NORTH
89Z9V9Z,HOARE
ZZFA48Z00,NULL
LV449008,STARKS
L8LO0404LO,HOARE
LV8VLO004,STORMLANDS-2
LLOFA40FA40,RIVERLANDS-2
FA0FA400LO0,#N/D
L4L4LFAL8,IRONISLADS
L89LOFA9FA0,STARKS
L809V984,CROWNLANDS
9LO40LO88,HOARE
ZZFA4FA4,RIVERLANDS-2
LLFA4LOFA0LO,DORNE-3
VLO00840,HOARE
900FA4009,#N/D
FA048040V,#N/D
LVFAFA090LO,IRONISLADS
LZLO9LV0Z,HOARE
9004ZZMZ,#N/D
LV0FAVFAZFA,DORNE-3
L00VZZMLO,IRONISLADS
L840089V,RIVERLANDS-1
LLO80FA9L9,RIVERLANDS-2
LV94FAZLV,CROWNLANDS
LLO9FALFAV9,STORMLANDS-1
FA0LVZ00Z,#N/D
LV4FAZVZ9,HOARE
L849LZZ4,DORNE-1
FA00L049Z,HOARE
8004LFA9,IRONISLADS
VVFA490Z,HOARE
L900V40V,NULL
L9LLOZ88V,DORNE-1
9LOFA9490,HOARE
FA00Z49LL,DORNE-3
L4LOFAZ4Z4,DORNE-1
L4V04V49,DORNE-1
LZ4FAZFAZM,HOARE
L0ZZ00VLO,IRONISLADS
LO0LOZLOV4FA,AEGON
80LFA0VVL,STARKS
FA09VV9ZFA,#N/D
L494Z4VLO,IRONISLADS
LO04Z80L4,CROWNLANDS
LO0LFAZMLOZ,NULL
LO0094VFALO,CROWNLANDS
FA0Z4V88FA,#N/D
LZ4L0Z00,#N/D
Z000VLOZZ,STORMLANDS-2
LFALOFAZVVV,RIVERLANDS-2
LLOV490Z8,NULL
L8FALVZ84,NORTH
L4980LO90,STORMLANDS-1
80L0L0VLO,NULL
L8Z4V800,STORMLANDS-1
9FA4L808,IRONISLADS
VLV890Z,HOARE
LVLO0Z490,DORNE-3
ZZVFAFAFA8FA,IRONISLADS
LZFA8VZ9Z,STORMLANDS-2
LLOV00FA,RIVERLANDS-2
L84LO88LO8,DORNE-1
L00LOFAZ80,RIVERLANDS-2
L9LO804LFA,DORNE-1
LZLVFAVVL,RIVERLANDS-1
Z008VZFA0,RIVERLANDS-2
LVZFA0LOZ0,STORMLANDS-1
LLV8ZL0Z,STORMLANDS-1
LO0004Z0V,CROWNLANDS
ZZVLOFALO0L,IRONISLADS
LZ08908V,HOARE
FA04ZZ9FA4,#N/D
LLOL80LO9L,IRONISLADS
L0Z9V0VZ,DORNE-1
90098LO0Z,#N/D
LLO00ZFA89,#N/D
L9LOZLLOFAZ,HOARE
9ZFA44LO9,HOARE
FA040980FA,#N/D
L8LO9LL98,RIVERLANDS-2
LLO9FAVZLO0,DORNE-1
L9LOZ808L,STORMLANDS-1
L9V84LLOZ,STORMLANDS-2
90LLFAZ09,#N/D
LZ9L9800,HOARE
LO04ZLFA8LO,CROWNLANDS
LLO4LO40FA8,#N/D
L9LLO00V9,IRONISLADS
LFAV908ZLO,IRONISLADS
ZVLOZ9L9V,RIVERLANDS-2
LVZ00008,AEGON
LVLOL0VLOFA,CROWNLANDS
8ZZ4Z0LO,IRONISLADS
ZLOFALOZZLZ,IRONISLADS
Z0FA0V8FA0,RIVERLANDS-2
ZVZM8Z0V,NULL
LVVL0LLOZ,NULL
LO0ZFA8ZFAFA,AEGON
LLO0009V0,REACH
VLZFA094,IRONISLADS
LO04Z0LOZLO,CROWNLANDS
Z04809LOV,DORNE-3
LVLL80,RIVERLANDS-1
LLO80V08V,IRONISLADS
L9V0L0V9,STORMLANDS-2
L94ZLFA4V,NULL
LVFA09V94,#N/D
L0Z9V0VZ,DORNE-1
Z0FA94FAZM,DORNE-3
FA040V8V8,#N/D
LLO4ZLO08FA,DORNE-3
LL0000LFA,DORNE-3
4LLOVLFA0,DORNE-1
V008L084,STARKS
LV8VVFAFAZ,#N/D
LLLOL94FA0,NORTH
Z0L94L09,RIVERLANDS-1
90L09L8L,RIVERLANDS-1
L8088ZML,CROWNLANDS
Z00V9FA,DORNE-3
LZFA9LOL08,CROWNLANDS
LLL0V400,DORNE-1
L94Z04,DORNE-1
LO0ZFAL00FA,DORNE- 2
L9LOFAVLO09,DORNE-3
Z0089ZZ8,RIVERLANDS-1
L90V9Z9V,CROWNLANDS
L480Z8LL,IRONISLADS
LL4V4ZFAZ,#N/D
L840ZFA4FA,DORNE- 2
L9ZLFA0ZZ,#N/D
L9ZMV0,DORNE-3
LVL449VFA,#N/D
9808FA8Z,DORNE-1
L9FAZ0VFAL,STORMLANDS-2
ZVLOFA0V0LO,RIVERLANDS-2
LV900LOLZ,#N/D
900V9LFAL,#N/D
L80048FAV,STORMLANDS-1
LVLOL98LV,RIVERLANDS-2
LZ4LVVLFA,IRONISLADS
L9LFA8V0LO,STORMLANDS-1
L800Z09FA,STORMLANDS-1
L8FAZ8LVZ,HOARE
FA0FAFA900V,#N/D
ZZ4L000L,NULL
LZ4LZLO8L,REACH
V0FA0L0FAV,DORNE-1
V0L0V0Z0,RIVERLANDS-2
L90040,STARKS
900V0004,#N/D
L9FAFAV089,#N/D
L40LO84V8,NORTH
LVFALOV0V0,STORMLANDS-2
9LO40LO88,HOARE
LZ80FAVLOL,STORMLANDS-1
FA0V4048Z,#N/D
V0ZFAL4VFA,REACH
FA0FA9L48V,#N/D
L894FA0V8,DORNE-1
L48LOLFA9L,IRONISLADS
L00LO8LO0V,DORNE-3
8Z4Z9L,IRONISLADS
L4988LVLO,IRONISLADS
L9VFAL9FA0,STORMLANDS-1
L940FALO9FA,DORNE- 2
L8V9004V,HOARE
LFA44V04LO,#N/D
LZ0ZFALO8L,#N/D
FA00VFAV0LO,#N/D
LLO844V4V,DORNE-1
L080VZM8,RIVERLANDS-2
Z0FAZV00L,DORNE-3
8889ZFA0,DORNE-1
LVLL00FA4,IRONISLADS
LZ8LZLOZ4,STORMLANDS-1
LZM9Z0LO0,STORMLANDS-1
LLO9LO8FA00,DORNE-3
L8ZV89LOV,HOARE
9009VFA49,#N/D
V0V0LO088,STORMLANDS-2
LFAFA90080,IRONISLADS
Z0089ZZ8,RIVERLANDS-1
80048V00,STORMLANDS-1
L9094LO0LO,HOARE
LVL4Z0VL,#N/D
LZ4ZL800,NULL
L9V4LL09,HOARE
Z089048V,DORNE-3
LVVZ44LV,NORTH
LFAVZZLL9,STORMLANDS-1
LV4FAFAV,CROWNLANDS
L9444LOVZ,NORTH
L8LLOZL,RIVERLANDS-1
L90FA0LO0V,#N/D
L9VLVV00,DORNE-1
9LO8849FA,DORNE-3
LVVLO0FA80,STORMLANDS-1
L80ZVZ0Z,NULL
9FA08LO4LO,IRONISLADS
Z00LOFALLOZ,RIVERLANDS-1
LZM4LV,NULL
LZ08040FA,RIVERLANDS-1
LLZ9FAVV8,NORTH
FA0ZZFA0ZFA,#N/D
LFALLLO0FA0,DORNE-1
V0LO0ZFA89,STORMLANDS-2
V090Z9,REACH
LFAZZ8VLL,STARKS
804ZML0,IRONISLADS
LFA0FALZZ9,STORMLANDS-1
L80LOVFA,#N/D
Z0L00VZ0,RIVERLANDS-2
Z0VFA04,RIVERLANDS-1
LFA0ZLL04,#N/D
LO0LV0908,CROWNLANDS
V00FALO90FA,DORNE- 2
LO04LO8LO90,CROWNLANDS
LVLO9L0ZM,DORNE- 2
L0FA8Z9Z4,RIVERLANDS-1
L0080FA9L,DORNE-3
LZ0FALLOZZ,IRONISLADS
LO044LO098,AEGON
LFA4L0ZVFA,NORTH
80L48400,NULL
V940VLO4,HOARE
8ZFAZ8,STORMLANDS-1
L440LVFA0,STORMLANDS-2
L9094LO0LO,HOARE
Z0VLOFALLO9,DORNE-3
8ZV8Z80,HOARE
LVLO8L400,DORNE-1
L8V89440,IRONISLADS
FA0FAZ8VZ9,#N/D
L4ZLFALV9,HOARE
L4ZFAVFAFA0,#N/D
9FA4098FA,DORNE-3
LZLO08409,NORTH
L0ZFA0L8LO,DORNE-1
V0LOZZZZ,HOARE
Z0LO9000FA,DORNE-3
LO040V0FA0,CROWNLANDS
LO0ZFAV9LL,REACH
LZLLV90FA,STORMLANDS-1
8LO48,HOARE
LV0LL040,DORNE-1
L9LO040FAZ,RIVERLANDS-2
FA0FAV8LOFA4,#N/D
LFALLO0LZLO,HOARE
L4LO8LO48LO,HOARE
LVV8ZLLOV,HOARE
L8LOZ08LOL,RIVERLANDS-1
LO0ZLO88FA4,RIVERLANDS-2
LLVZLO0VZ,STORMLANDS-2
FA008VZ0FA,#N/D
L8LV0VZZ,#N/D
LV9VZ4FA9,REACH
L9FAVZVLFA,REACH
LV04LO0VV,DORNE- 2
FA0ZM900LO,#N/D
LVLO08888,DORNE-3
LVV40LO48,NORTH
FA004LFA,STORMLANDS-2
L0LOFA900FA,RIVERLANDS-1
L909V9LOL,#N/D
L9LOZL4VL,RIVERLANDS-1
LO0ZVLZMFA,RIVERLANDS-2
L909084FA,#N/D
V404ZZV,IRONISLADS
FA0FA489Z0,#N/D
VVV4LOL0,HOARE
L084V00Z,STORMLANDS-1
LLOZV448FA,RIVERLANDS-2
900840ZZ,#N/D
Z0408L40,DORNE-3
Z0L0Z44Z,RIVERLANDS-2
L9LO00L8FA,NORTH
L4FALVZ00,DORNE-1
ZVLO040ZFA,RIVERLANDS-2
V08V8LO04,REACH
V008Z0ZZ,NULL
L0L9ZMVZ,IRONISLADS
L9VZ8L90,STORMLANDS-2
LVFAZ8FA4L,NULL
LFA8FA988LO,DORNE-1
L0FALOLLOL0,NORTH
L90V0Z4L,RIVERLANDS-1
L00LO8FA,STORMLANDS-1
LZZLO0ZM4,HOARE
LL80ZMV9,#N/D
90004LO0Z,#N/D
L98FAFA9Z8,HOARE
L9V4LO9Z0,STARKS
ZZV0V0,NORTH
Z0L09V00,DORNE-3
LV00VZ,IRONISLADS
FA0004VZZ,DORNE-1
LV8Z008FA,DORNE-3
L4V4VZ98,DORNE-1
L80400LL,DORNE-1
L80LOV009,DORNE-1
L4V44V9FA,RIVERLANDS-1
LO00LLOFA90,CROWNLANDS
Z000VFALOFA,RIVERLANDS-2
LLO0ZZ8Z8,HOARE
L9LVZMLZ,IRONISLADS
ZZFA0ZLO80,NULL
Z04LOL849,DORNE-3
Z0VL8ZLZ,DORNE-3
ZZLOZFALOLFA,NORTH
L440Z8Z0,DORNE-3
ZLOFA40009,IRONISLADS
LV0VLO00LO,#N/D
LFAZZ0098,#N/D
L0ZLL0Z9,STORMLANDS-1
L4840V8L,DORNE-3
8FA8Z40,HOARE
L84ZM000,CROWNLANDS
LV0LZVL9,STORMLANDS-1
L9848LZL,DORNE-1
ZZZ90809,NORTH
LVFAFALO848,#N/D
LO0ZLZLO80,DORNE- 2
L94VZV8Z,NULL
FA000FAFAZLO,#N/D
LO0LFAZMLOZ,NULL
ZZVZM008,NORTH
LZ008494,STORMLANDS-1
ZVZ98Z49,#N/D
L0FA04ZLOZ,#N/D
L0FA9ZLOFA0,STORMLANDS-1
LV8ZM80L,RIVERLANDS-1
9V8FAV00,STORMLANDS-2
LZ4FA4Z9Z,HOARE
FA0LLOV09L,#N/D
LLVZ4080,DORNE-3
90049VV0,#N/D
L0V0ZZLOZ,IRONISLADS
L94FAZV0LO,DORNE-1
L0FA04LOZFA,DORNE-1
V08904V0,STORMLANDS-2
V0ZMLZ40,NORTH
Z0L94L09,RIVERLANDS-1
89Z9V9Z,HOARE
L9LOLLO84FA,NULL
ZZZV00ZL,NORTH
LFAFAFA9LV0,IRONISLADS
LVFA0FAZ0L,DORNE-1
LZZ00FA4L,DORNE-1
LL4LO4VFAL,STORMLANDS-1
L90LO9FAVFA,STORMLANDS-1
L94FA80LOFA,NULL
LL4VZZ0FA,IRONISLADS
LO0LO9ZZ8V,REACH
Z0Z00L00,RIVERLANDS-2
L0408080,RIVERLANDS-2
LVVFALO90Z,NULL
LV8ZV008,STORMLANDS-1
VLO0FA8L0,HOARE
FA0LLL0V4,#N/D
LVFA84VL8,DORNE-3
L9LLO890L,DORNE-3
LLOV40LV0,CROWNLANDS
LO04FA900L,AEGON
FA0FAFA80LO8,#N/D
8000V80L,NULL
L8LOV800LO,RIVERLANDS-2
LO04FAZV4LO,AEGON
LFA0LO490V,IRONISLADS
LVFAVLO840,DORNE- 2
Z0LO44Z40,DORNE-3
LFA0V8VL8,STORMLANDS-1
L900FA4LOFA,STORMLANDS-1
L4LO40L00,HOARE
L8V8490FA,NULL
LLOLFA9LO04,DORNE-3
LFA9VL98LO,STORMLANDS-1
LZ9V4FA94,STORMLANDS-1
LVV44000,IRONISLADS
LLV4Z08V,DORNE-1
L8ZVV0FALO,HOARE
L08988LO0,RIVERLANDS-2
844LOZ00,HOARE
L8L004FA0,STORMLANDS-1
V00L8084,CROWNLANDS
LZFA0ZZFAV,#N/D
9LOFA9490,HOARE
LVL490FA8,STORMLANDS-1
L0084V00,IRONISLADS
L08V49ZM,STORMLANDS-1
L9FA00LVZ,HOARE
888ZVL0,HOARE
Z0Z0Z9FA0,#N/D
LVZ0FA000,DORNE-1
L80FA00FAV,HOARE
V0FA9V94V,STORMLANDS-2
L90ZML8L,DORNE-3
LVZ0FA000,DORNE-1
FA0008L4V,STORMLANDS-1
L0VLO0L9FA,IRONISLADS
L494FA40FA,DORNE-1
LLO8908Z9,#N/D
L8909094,DORNE-1
LVFA0FAZ9FA,DORNE-3
L89LOVLO9LO,HOARE
FA0VV0LOZL,#N/D
L8ZZFAFA9L,DORNE-1
ZZVV0LFAV,NORTH
L08LFA0LO8,RIVERLANDS-2
LV90V490,IRONISLADS
8FAFA9V9Z,IRONISLADS
V0FAVLZZV,DORNE-1
Z00ZM004,RIVERLANDS-1
L8LO400Z9,STORMLANDS-1
FA0ZL0LLO4,#N/D
L89Z809L,DORNE-1
L08VVL04,#N/D
9000444V,#N/D
Z0FA4LOFA88,RIVERLANDS-1
LLO9L0V88,NULL
L908VLFA4,RIVERLANDS-1
FA00FALOZ49,DORNE-1
LLV980VZ,STORMLANDS-1
LLO9FAL4LLO,STORMLANDS-2
VL44LFA0,DORNE-1
V08L8LLO9,REACH
L40FAV9Z9,DORNE-3
8004Z9LZ,STORMLANDS-1
L80L0890,NULL
Z000VFALOFA,RIVERLANDS-2
LZZV084V,NORTH
L8LZ44Z8,STORMLANDS-1
88LO4VV9,HOARE
LLOV0L000,DORNE-1
L0LOVVL00,IRONISLADS
LVFA9FA840,DORNE-3
L808800Z,DORNE-1
L484ZMZL,RIVERLANDS-1
LFALO0V09LO,#N/D
LFAV908ZLO,IRONISLADS
8LOFA8LO88,HOARE
LZ04L988,DORNE-3
V0900LO4,DORNE-1
V090048FA,REACH
4LFA04L0,IRONISLADS
LZ9LO94VZ,RIVERLANDS-2
L90LO4FALO9,STORMLANDS-2
L9ZV8V8LO,DORNE-1
L090009LO,IRONISLADS
800FA9FA4V,STORMLANDS-1
L0800LZ9,STORMLANDS-2
L94Z8LLO4,STARKS
FA0FA00ZVFA,#N/D
LFA0LO90LO0,HOARE
9LOFAL9LLO,DORNE-3
V09FAFAL0FA,REACH
9000FAZ8FA,#N/D
LFA4LOL09L,HOARE
L9L00ZVLO,#N/D
V0FAVVZV4,IRONISLADS
L0FALVZ4Z,RIVERLANDS-1
FA0L8Z800,#N/D
LV8LO98V8,NORTH
LZ9V4FA94,STORMLANDS-1
ZZFA8ZLO4LO,#N/D
L09LO0FA40,STARKS
LV44VFALO0,RIVERLANDS-2
L80V808V,IRONISLADS
L0LO048VZ,RIVERLANDS-1
LZLO8VLO0L,NORTH
80FA0FA08,#N/D
LO00LLV90,CROWNLANDS
L94LO0V09,IRONISLADS
LO0ZFA0LOVV,#N/D
904VFA44,HOARE
LO0LLO8909,NULL
Z00Z9Z0LO,RIVERLANDS-2
L94V40LO0,DORNE-3
V08L9L94,REACH
FA0FAFAFA4,#N/D
V0L09ZLO4,RIVERLANDS-2
L0VV4FAZ8,NORTH
8LFALO084,DORNE-1
LLO9844ZM,NORTH
L88LO4LFA8,STORMLANDS-2
800400FA4,STORMLANDS-1
LLZMVFA08,DORNE-1
LLL08LO04,STARKS
L448090FA,STORMLANDS-2
V0409LOZ,HOARE
L0FAVZZ0L,DORNE-3
L08988LO0,RIVERLANDS-2
LVVZZZZ0,IRONISLADS
LO0FALO4LV0,CROWNLANDS
L8ZLOFAFAVLO,REACH
LO0Z04FA0LO,CROWNLANDS
LFAFA094LO8,DORNE-3
FA00VZFA84,NORTH
VVFAFAZLL,HOARE
L0FA0Z0LO8,#N/D
LL0LOL04Z,STORMLANDS-1
L88FALL9,HOARE
V008LO0LO9,RIVERLANDS-2
ZZ0009L4,IRONISLADS
LFALFAL8FA4,#N/D
L9LZL890,DORNE-3
LZLLFAVZL,NORTH
Z00V8L8LO,DORNE-3
LLOFA0LO094,NULL
Z0008FAFAFA,RIVERLANDS-2
L9FAFA0ZL0,STORMLANDS-1
L4LLOFA090,STORMLANDS-1
LFAZLOV4L0,REACH
L40FAZ0FAL,REACH
L900L4FA4,RIVERLANDS-2
V0LL0L98,RIVERLANDS-2
L80LOV4L0,STARKS
L9ZFA9LOZZ,RIVERLANDS-2
LV80LLFAL,#N/D
LZ4FALZ90,REACH
LVZFAL484,NULL
LFAV000L0,HOARE
L0L0FA0,DORNE-3
L9FALLOFALO0,STORMLANDS-2
FA0LLOLVFALO,#N/D
ZZFA40009,RIVERLANDS-2
LVL8ZV80,RIVERLANDS-1
LO0ZZLO0,RIVERLANDS-2
89LO80LO4,DORNE-1
L4009ZM9,NORTH
LFA09FAFAV4,RIVERLANDS-1
L9L0LO44L,DORNE-1
L449FAZZFA,STORMLANDS-2
L4VL80,NULL
L09LZFA,STORMLANDS-1
FA0LFAL9VFA,#N/D
ZZVLOFALO0L,IRONISLADS
L0009LOFA8,IRONISLADS
L9Z8FA8ZLO,STORMLANDS-1
L8L4V90FA,NORTH
L84VZLO,IRONISLADS
80LFALVVL,#N/D
9000V9ZM,#N/D
FA0FA8V0FAV,#N/D
LFAVVL490,DORNE-1
LZ040VVL,REACH
9LO0V8Z0,DORNE-1
L9ZFAV448,DORNE-3
L8ZVV0FALO,HOARE
LO8V889V,HOARE
L890L0L9,RIVERLANDS-1
L4LO9V0,STARKS
ZMZ8FAFA,IRONISLADS
L84VFAZZ9,HOARE
L9L08ZZ0,DORNE-3
888LO0L4,HOARE
LVFA8FAFA0FA,CROWNLANDS
98V8FAZ0,STORMLANDS-1
Z0LL8008,RIVERLANDS-1
L9FA8LO008,HOARE
80L8FAZMFA,NULL
FA0L4VFA8LO,#N/D
V00LO0LZLO,RIVERLANDS-2
FAFA8LO08Z,HOARE
LO04FAL0,DORNE- 2
8FA9LOLV0,IRONISLADS
LO0Z980ZM,REACH
ZZV84FAZ8,HOARE
LLOL098LOL,STORMLANDS-2
L080L08V,CROWNLANDS
LVZLLV9V,RIVERLANDS-2
LLOLZZ0FA4,IRONISLADS
LVFA448,RIVERLANDS-1
LO0L0L0LL,CROWNLANDS
LLO0LO0LO49,RIVERLANDS-2
900LO0FA4LO,#N/D
L8448FA44,DORNE-1
ZZZ9VFAZ8,IRONISLADS
LOVFAFA04,HOARE
L0LOLZZFAL,STORMLANDS-1
VL4ZL00,IRONISLADS
LL409ZM4,NORTH
LLOV0880V,DORNE-1
L8FAFAFA084,#N/D
ZZL98400,HOARE
LZLOZLFA88,NULL
LO0FAZVV9Z,CROWNLANDS
L90ZV40LO,RIVERLANDS-2
LVFA9FA0LOL,STORMLANDS-1
LLL8ZL9V,STORMLANDS-1
804ZML0,IRONISLADS
8LLV009,IRONISLADS
LLL0V400,DORNE-1
L8484804,DORNE-3
LZ8ZLVZ9,NULL
LZ00VLOLV,HOARE
L80LOV0FA4,CROWNLANDS
L9LZV090,NORTH
LZ4LLZ94,STORMLANDS-2
LLVVFAZM8,DORNE-1
L08L0080,RIVERLANDS-1
FA0Z40Z8V,#N/D
L9FALO0FA,#N/D
L4FA009FA0,NORTH
LLOZVLO800,STORMLANDS-2
LLO9Z0Z0Z,#N/D
LLO890ZMLO,NULL
L98FA84,#N/D
FA0FA8489FA,#N/D
L0VLO0Z9LO,#N/D
940LO09V,HOARE
LVVLLL4FA,#N/D
L84VLLO40,#N/D
LLOZ8000Z,STORMLANDS-2
L9LOLLO0VZ,NORTH
L9ZFAV088,#N/D
L8Z0L404,STORMLANDS-1
LLO49440Z,IRONISLADS
L9FALO089V,RIVERLANDS-2
LLO9LZLOZ0,#N/D
L9LOV0L08,REACH
ZLO4ZM40FA,CROWNLANDS
V4LOVV88,IRONISLADS
ZZ4LO8004,NORTH
LLLOL88LFA,NULL
L9L8VZL4,REACH
L8LL4LOLZ,DORNE-1
VZ0Z044,HOARE
LFAZFA8LOLZ,STORMLANDS-1
ZZZ9LO004,CROWNLANDS
L0FA8LOV,NORTH
ZZL40VLOZ,NORTH
L94L9L88,HOARE
L9V40904,REACH
V004VZFAV,RIVERLANDS-2
LO0ZFA888Z,AEGON
LL44000LO,IRONISLADS
ZZFALO000V,#N/D
Z09449L0,RIVERLANDS-1
L8V0LOV9FA,HOARE
L800LO989,CROWNLANDS
V000FALL9,DORNE- 2
LVZ8V9LZ,DORNE-3
LVFA4494LO,STORMLANDS-1
L8FAV0L9LO,DORNE-3
LO00Z88,CROWNLANDS
8FAV09FAFA,HOARE
LZ4ZM444,HOARE
LV808V08,IRONISLADS
L4FALFAL04,RIVERLANDS-2
L408LO800,DORNE-1
LV90Z000,NORTH
LZZLO4448,STORMLANDS-1
L8FALLOZVLO,DORNE-1
L80FA4900,IRONISLADS
LV0FA00FAFA,NORTH
LZ00409FA,#N/D
LLLO0LOFA00,STORMLANDS-1
L049VL0FA,#N/D
LZ8Z4LFA4,CROWNLANDS
L9FA8FA808,#N/D
LFAL4L804,CROWNLANDS
L48LO0LLO0,DORNE-1
L0VLO0L9FA,IRONISLADS
L989LO9FA9,STORMLANDS-1
Z0Z4V4,STORMLANDS-2
LVZFAFALL9,HOARE
LLO4LZL,IRONISLADS
ZZ4LOLFA8L,NORTH
LLFAV9480,STORMLANDS-1
L4088FA9LO,DORNE-1
V00FAVZLO9,DORNE- 2
9LLV8,IRONISLADS
L000FAZM8,HOARE
894L00L,DORNE-1
L88VLOZ0L,#N/D
L9V8L4VZ,DORNE-3
LV0008LO8,DORNE-1
LZ9VFAFAFALO,#N/D
V4ZLO4LO9,IRONISLADS
L4FA04VLOFA,REACH
LLO0LOV448,HOARE
LZV980Z0,NULL
LV400FAL4,RIVERLANDS-2
900FALOL0LO,#N/D
FA0Z0LO9LL,#N/D
V000LOVLL,NORTH
800LOLLZZ,STORMLANDS-1
L8FAZ00FAFA,REACH
L9FAFA0Z0L,CROWNLANDS
ZZLOV0FA0Z,NORTH
L8LZM04Z,DORNE- 2
FA0040LO00,RIVERLANDS-1
L48900L9,STORMLANDS-1
LZZFAFAFA,IRONISLADS
L8VZLZLOFA,STORMLANDS-1
L8LOFAZM44,CROWNLANDS
L80L848Z,DORNE-3
LLO4VLO9FALO,#N/D
LZ9Z9VLZ,REACH
L9FA0ZM0FA,NULL
L8040008,HOARE
L8040008,HOARE
V044FA9VL,STORMLANDS-2
V00V8890,STARKS
L89FALO9FA0,IRONISLADS
L8Z0FAFAFA4,HOARE
8LOVL4,IRONISLADS
9000L004,#N/D
L94LFA0FALO,REACH
80L90L8,IRONISLADS
L4Z48L9Z,IRONISLADS
ZZ0LO94LLO,CROWNLANDS
LLO08ZLZ4,DORNE-1
L8FAVZFAZ0,RIVERLANDS-1
Z04FA49VZ,DORNE-3
Z0FA0FA0Z8,#N/D
L9V08Z40,STORMLANDS-2
LLL000ZL,HOARE
LLOVZV80L,RIVERLANDS-2
80L9404L,STARKS
Z0Z0V800,DORNE-3
V09LV84L,REACH
LV04LO9LO9,REACH
VZ0FA80FA,DORNE-1
LLVFAL0ZFA,NULL
LFAFA00V49,DORNE-1
FA0FAVZVFA9,#N/D
VFA0L9LFA,HOARE
V00L0L40,NORTH
V4LVV4Z,IRONISLADS
L90FA9004,NULL
LVLZFA8LO9,REACH
ZZ80L404,STORMLANDS-2
LVZFAFALL9,HOARE
80LZMFAFAFA,STORMLANDS-1
L4008FA90,NORTH
L898ZVFA4,HOARE
L40FALO080,CROWNLANDS
LZZV989L,IRONISLADS
900L0ZFALO,#N/D
L9FAZM4ZL,IRONISLADS
Z0LOL0LFA8,RIVERLANDS-1
L88FA00LZ,NORTH
FA04VVFA0V,#N/D
L8LOL4LZM,NORTH
L00FA9L0Z,RIVERLANDS-2
Z04L94Z4,RIVERLANDS-2
LO04LVFA89,DORNE- 2
V04ZZFA8L,STORMLANDS-2
L00FALO8FA4,DORNE-3
8000LO448,NULL
LZ409V0FA,RIVERLANDS-2
LLO9FA0LO9V,HOARE
L0Z9L8,RIVERLANDS-1
L8LO0VLV4,DORNE-1
LZLO08409,NORTH
LZZMV9FA0,CROWNLANDS
V00FALO90FA,DORNE- 2
L00LO8940,IRONISLADS
LFALO4LO4V4,STORMLANDS-1
L9409V08,RIVERLANDS-1
L8FA4LO88V,STORMLANDS-1
L8FALO90LO0,STORMLANDS-1
ZZLO0LOL80,CROWNLANDS
L90FA088L,DORNE-1
ZZFA0ZLO80,NULL
L090404L,NORTH
Z0ZZL0FA9,RIVERLANDS-2
LLFA0Z4LLO,RIVERLANDS-1
LLOFA0L0LLO,STORMLANDS-2
L0080V44,NORTH
L894VLLO0,#N/D
LFAFAV890LO,IRONISLADS
Z0L04809,DORNE-3
LZ80LLO4FA,HOARE
LV44FALO9V,RIVERLANDS-2
LLOLV0LOV4,IRONISLADS
LV4VZ808,STORMLANDS-2
Z00L8LOFA8,STORMLANDS-2
L0LOFA988V,REACH
LZ90LOVLLO,DORNE-1
80090LOLZ,NULL
VL44840,HOARE
FA0LV00Z0,#N/D
L9VZ9Z80,IRONISLADS
V00LZZ89,CROWNLANDS
V0LLLFALOFA,DORNE- 2
LFAFA9L8,#N/D
L9LOZ8VZ0,CROWNLANDS
LV0LL040,DORNE-1
L48V48LV,STORMLANDS-1
LZL009L8,STORMLANDS-1
LZLO04090,IRONISLADS
L0044FAZ9,#N/D
L00FA9048,HOARE
L9FAL0L04,STORMLANDS-2
LVZFA4FAL0,RIVERLANDS-2
LLO0080VFA,#N/D
8V9FA00Z,DORNE-1
LFA808900,#N/D
V9FA98VFA,HOARE
V009Z989,RIVERLANDS-2
L90L0ZL9,HOARE
L9Z80Z04,DORNE-3
FA0ZL0LLO4,#N/D
80LOZ0V,DORNE-1
LVL88880,#N/D
LFA0ZLL04,#N/D
L4FAV4V08,STORMLANDS-2
LVVVLOZ,HOARE
988L80,IRONISLADS
LVFA98FA4FA,DORNE-3
FALOZL90,HOARE
FA040V8V8,#N/D
LZV9LO900,HOARE
LO0VFA90FA0,STARKS
FA0LZM9LZ,#N/D
LLO9ZV4,STORMLANDS-2
FA00Z8V04,#N/D
V080LOZ4,IRONISLADS
LVFAVFALO,#N/D
V080LOZ4,IRONISLADS
L8LZZVZ8,NULL
L404FA0FAV,HOARE
LV9ZFAL48,DORNE-1
LV4Z0Z90,REACH
L9Z9FA009,STORMLANDS-1
L9400Z0FA,STORMLANDS-1
LO04FALLOL0,DORNE- 2
ZVZMFAFA,NULL
LZM00LOLV,RIVERLANDS-1
LFAV4LO80LO,DORNE-1
L080V000,STORMLANDS-1
ZZVFA9ZFA9,NULL
9FA9LV00,DORNE-1
LFA000Z,NULL
LFAL89Z94,RIVERLANDS-1
LFA844FA00,DORNE-1
L449ZV4V,CROWNLANDS
900LLVLO9,#N/D
80FA0FA08,#N/D
48V0LZM,IRONISLADS
L84ZV8L9,#N/D
LLO09409LO,REACH
L8LFAZLZ4,RIVERLANDS-2
8009LLOZLO,STARKS
L8ZV89LOV,HOARE
FA0LO4LOFAV,DORNE-1
LO000FAVLOFA,CROWNLANDS
L0LOFA84,STORMLANDS-1
L909Z0,REACH
L8VZL0L9,RIVERLANDS-1
LO0L800FA0,NULL
L4LO04LO0V,IRONISLADS
LVLVZ840,DORNE-3
LZLOVLO9VFA,STORMLANDS-1
L9FAZ4FAV0,NULL
LLOVLZ0Z8,IRONISLADS
L9ZVL0,#N/D
Z0ZLL000,#N/D
LL0Z808LO,#N/D
LLOFA8LVZL,IRONISLADS
Z00FALO404,RIVERLANDS-2
FA0FA400LO0,#N/D
900ZL080,#N/D
L44L94VV,NORTH
LFAVZV9FA0,HOARE
L848LLO80,#N/D
L4ZFAVFAFA0,#N/D
L8L08ZLO8,DORNE-1
VZ8LZ90,IRONISLADS
L80Z0FAL9,RIVERLANDS-2
L40LOV8VV,DORNE-3
Z08VFAFALFA,DORNE-3
9VV4FAZLO,RIVERLANDS-1
Z04L8048,DORNE-3
LVLL940FA,NORTH
4090FA0FA,DORNE-1
L8484804,DORNE-3
L00Z9L0V,HOARE
FA088LO8FA9,#N/D
LVFA000FAFA,NORTH
L09ZML,DORNE-1
L898ZVFA4,HOARE
ZZFA0ZLO80,NULL
L80LO0L,HOARE
900L9LO8V,#N/D
L4ZZ0VLO0,STORMLANDS-1
L4LZ9898,STARKS
L0ZV9V0LO,NORTH
LO0948FA84,CROWNLANDS
L94LLO49L,NULL
Z000FA9LO0,STORMLANDS-2
ZZL0LO8LO0,NORTH
LZZMZM09,#N/D
LO0LOL9044,REACH
LFALOV90,STORMLANDS-1
LV00Z80L,DORNE-1
V0LFALO090,DORNE-1
LVL9L0FA4,HOARE
LL48040V,DORNE-3
L8LL8440,RIVERLANDS-1
L004LO8,#N/D
L8ZM09LOL,CROWNLANDS
Z0LOFAVVFA8,DORNE-3
LVLOV8900,IRONISLADS
L40FAZZ9L,DORNE-1
L8ZZ8L,CROWNLANDS
LLOLZFA9LOL,DORNE-1
V0ZZLO0LZ,HOARE
Z0884Z04,DORNE-3
Z0ZM8V9LO,RIVERLANDS-2
ZFAFA,DORNE-1
ZZ40ZVV9,IRONISLADS
LLO4FA4Z94,#N/D
L9LOFA9848,#N/D
L84ZFA0,IRONISLADS
L9FAZ4FAV0,NULL
L89LOFAL,HOARE
FA00ZFA8ZFA,RIVERLANDS-1
LLLOLVV09,IRONISLADS
L08FA9LO89,#N/D
L0FA04ZLOZ,#N/D
L8VL809FA,#N/D
LLO8004,RIVERLANDS-1
LVFA0LVFA0,STARKS
8880844,IRONISLADS
L08ZMZ,RIVERLANDS-1
LZLO0809Z,STORMLANDS-1
98L4VZLO,RIVERLANDS-2
L0800ZLO9,#N/D
Z0L080LO9,DORNE-3
LLOV09L,#N/D
L8LOFA9L9FA,DORNE-3
LV08Z808,#N/D
LVLO4ZLZL,NORTH
L9V0FALFA0,RIVERLANDS-1
L9V0FALFA0,RIVERLANDS-1
9LO09L4L,#N/D
LLOZ00FAVL,CROWNLANDS
L9ZVLVLOFA,REACH
L94L40Z0,STORMLANDS-2
LO0VZL8VV,STARKS
LZ89Z400,STARKS
LO0Z4Z4ZFA,AEGON
LLO9FAL8V8,IRONISLADS
L80V8V00,RIVERLANDS-1
LOZ89V08,IRONISLADS
LO0LOFA04ZZ,AEGON
V00FAZLO0V,DORNE- 2
LVL0FALOZ8,IRONISLADS
LLOLZFA0LO0,RIVERLANDS-1
8L89480,IRONISLADS
LFA000094,DORNE-1
8004L00FA,STARKS
VLO00VZL,IRONISLADS
Z04VLOZFAZ,RIVERLANDS-1
LZFA0VV90,DORNE-3
LVLO84FAV8,RIVERLANDS-2
L8040444,STORMLANDS-2
V00VLOLFAZ,STARKS
L840LOLLLO,HOARE
L9L0LO844,DORNE-1
LV9094FALO,#N/D
LV9LO9008,STORMLANDS-2
LZ4LZLO8L,REACH
L9FA8ZV49,HOARE
FA0L88LO,#N/D
LV00ZZ40,RIVERLANDS-2
L9L0LO44L,DORNE-1
L8LFA4ZVFA,HOARE
L8ZL0V,#N/D
LZ98LZ80,DORNE-1
LLOV9ZFAFAV,DORNE-3
L4FAZL9,DORNE-3
V989409,HOARE
LVFAFAZLZV,IRONISLADS
L8Z8ZZM8,DORNE-3
ZZ009Z4L,STORMLANDS-2
LVFA940FALO,NORTH
VV4VV80,IRONISLADS
FA009VZZ8,#N/D
L80094,NULL
L0LOV8VFA4,STARKS
940FA988,IRONISLADS
9FAFAZ040,IRONISLADS
L0080ZVZ,RIVERLANDS-1
LL90ZV,RIVERLANDS-2
80LFA4LOLLO,STORMLANDS-1
V000LLO0L,NORTH
FA00LOV08FA,HOARE
LZ80FA8FA0,NULL
L0Z9Z004,STORMLANDS-2
LFA8FA04V4,NORTH
LFA90LZ4L,IRONISLADS
Z00LO0,STORMLANDS-1
LLOV0FA889,STORMLANDS-1
LZ009FA00,DORNE-1
LL00Z94Z,STORMLANDS-1
800FA0L89,NULL
FA0008044,STARKS
L09V4LO04,STORMLANDS-1
9ZM4LOZZ,DORNE-3
L8Z4L000,RIVERLANDS-2
L800ZLO,HOARE
L900FALO89,DORNE-3
LO0Z0LOFA04,AEGON
Z04LOZVL8,RIVERLANDS-1
Z04800V0,RIVERLANDS-2
L80949Z8,REACH
L98V9ZV0,RIVERLANDS-2
L080VZM8,RIVERLANDS-2
L0Z04LO,RIVERLANDS-2
L9LOZ00FA9,HOARE
LO0LO4904L,AEGON
LVLL00FA4,IRONISLADS
L94L890LO,IRONISLADS
LLFAZMZFA8,RIVERLANDS-1
LFA0FALO4FALO,NORTH
V0LO0LZFA9,NORTH
L94Z04,DORNE-1
LVV8ZLLOV,HOARE
L9ZMLO04FA,DORNE-1
L980Z8LO4,RIVERLANDS-2
V849V00,HOARE
FA0LO84VFAV,#N/D
LVFA900Z9,NULL
LVZ0FA8VLO,RIVERLANDS-2
800L8FA8,IRONISLADS
ZZ4ZLOVL4,NORTH
L9LO040FAZ,RIVERLANDS-2
LZ4ZL800,NULL
V00LL9VZ,RIVERLANDS-2
LFAV4VFAV0,HOARE
Z00FALOLFAZ,RIVERLANDS-1
LZLOVLO9VFA,STORMLANDS-1
L9VLLO94V,DORNE-1
V409FA00,HOARE
L9LO0FAVZZ,DORNE-1
80040LZ0,NULL
L98Z084LO,STORMLANDS-2
L8880400,DORNE-1
Z0V8LVFA8,RIVERLANDS-2
9LVZ4LOV,IRONISLADS
LLO0Z8400,DORNE-1
ZZLZV8LOZ,NORTH
L094Z4LOV,CROWNLANDS
L9898Z,CROWNLANDS
L0880LOL0,NORTH
Z0ZMZZL0,RIVERLANDS-2
V4LOFAZ0FA,IRONISLADS
LL0FALO0ZLO,DORNE-1
LZ9LZLOZLO,DORNE-3
L908008Z,DORNE-1
LO0094VFALO,CROWNLANDS
ZZVZM008,NORTH
L9LO9FA0,IRONISLADS
V040Z040,STORMLANDS-2
LLO4ZLO0V4,HOARE
LVLOFAL0FAV,#N/D
LZ89V80LO,NULL
LLO08LO8FAL,NULL
L80Z9FALV,DORNE-3
94ZFA0LO,DORNE-1
ZZL0L8,NORTH
LO0FA8FA0FA0,NULL
LLOZLFALLO0,DORNE-1
L09LO0FA40,STARKS
Z0LOL0LL0,DORNE-3
9V0L0ZV,DORNE-3
LO0000Z0Z,CROWNLANDS
FA0LZ08ZFA,#N/D
90L09FA49,#N/D
LFAZLL440,DORNE-3
80L4V840,NULL
L40Z0L98,STORMLANDS-1
LLOVLLOL0V,CROWNLANDS
L0L8LO8LOL,STORMLANDS-1
ZZLLL8LOZ,IRONISLADS
L0Z800VL,DORNE-3
L0LO008,STARKS
Z080ZZFA8,RIVERLANDS-2
LO040ZMFA0,NULL
V0008408,DORNE- 2
LFAZFA8LO9V,REACH
LFA9Z80Z9,DORNE-1
L8V8VFALOFA,REACH
LZ0VLOFA09,NORTH
VFA09040,IRONISLADS
LFA90VL0LO,IRONISLADS
L4940V0L,STORMLANDS-1
LVZZM0L0,NORTH
L98FA4LL9,DORNE-3
L8LOFA9L9FA,DORNE-3
L4908Z44,STORMLANDS-1
FA00Z00Z0,#N/D
900ZM90V,#N/D
L000Z9FAFA,RIVERLANDS-1
L48L4090,DORNE-3
LO0LO48Z0L,AEGON
LVVLOZVLOZ,CROWNLANDS
LL0LO88,RIVERLANDS-2
L8484908,HOARE
L9LOFA8ZM0,CROWNLANDS
L8L88VFAZ,IRONISLADS
L8ZVV0FALO,HOARE
LO0FA8FA0FA0,NULL
LVLO988LL,STORMLANDS-2
LO09LO00VLO,CROWNLANDS
900ZLO090,#N/D
L00V98VV,HOARE
LFA90V4V8,NORTH
LZ84LO404,IRONISLADS
ZZ000LLLO,STORMLANDS-2
LFA90VL0LO,IRONISLADS
LL904LOZ8,STORMLANDS-1
L900L090,RIVERLANDS-1
Z0FA0ZM48,DORNE-3
L900Z94V,NORTH
LLOZVZFA89,DORNE-3
L90V4VVFA,RIVERLANDS-2
L40LOFAFA9LO,RIVERLANDS-1
LLO84LO0LZ,RIVERLANDS-2
Z0Z88Z,DORNE-3
LV0LO88LLO,DORNE-3
L4V0L0LOFA,IRONISLADS
8LL08FAFA,HOARE
LLOZ40004,REACH
L4FAZL9,DORNE-3
FA048008V,#N/D
80LZM90Z,STORMLANDS-1
L9LVZFALOZ,HOARE
V00FA0Z0Z,RIVERLANDS-2
L8ZFALOV49,STORMLANDS-1
LO0Z0LFA8Z,AEGON
L9LO04498,HOARE
LLO89LOZLO4,HOARE
LZLLO008L,IRONISLADS
LO0LOZLOV4FA,AEGON
V0V0LZFA4,STORMLANDS-2
80LL0V0FA,NULL
FA0FA48Z0LO,#N/D
80LVLO9Z0,STARKS
L8FA4Z0,HOARE
LZ4VLL4L,DORNE-1
L9ZLOVZ88,DORNE-1
L044FA4FAL,RIVERLANDS-1
LL8VVLZLO,CROWNLANDS
ZZZ00040,NORTH
L9V4FAFA0L,STORMLANDS-1
L80L4LLO0,DORNE-1
L9LO40ZM0,STARKS
L9488FAL9,#N/D
Z04L8LVL,DORNE-3
L0FALVLV4,DORNE-3
L4LFALLOZ4,NORTH
LV9ZMFA98,STORMLANDS-1
L8FALVFAVZ,REACH
L9V0L0V9,STORMLANDS-2
L00LO8LO0V,DORNE-3
FA0VV,DORNE-1
LVZ0LLOV0,NULL
LVFA0FA9,IRONISLADS
L8ZZLO4ZL,DORNE-3
L9FAFAV089,#N/D
LO0Z0FA4,CROWNLANDS
L490FAL40,DORNE-1
LVZMZLOLZ,STORMLANDS-1
LVFA088FAZ,DORNE-1
ZVLO44FAV0,DORNE-1
LVV89VV0,#N/D
L900LOZLOFA,STORMLANDS-1
Z0409LZM,RIVERLANDS-2
L00409Z4,STORMLANDS-1
900404LOZ,#N/D
L00Z84,STORMLANDS-1
80L0FA404,STORMLANDS-1
LZLO0498LO,CROWNLANDS
VLOVL904,IRONISLADS
L0FAV9FA09,CROWNLANDS
LVFAZ44,#N/D
909FALOVLO,HOARE
FA0FALOV948,#N/D
LFAV0ZLLOV,STORMLANDS-1
LLOZ90FA9FA,#N/D
L0LL00LO0,HOARE
Z0LOLLO0VLO,RIVERLANDS-2
L8LO4040LO,RIVERLANDS-1
9Z98FA44,#N/D
LO0LOV409Z,CROWNLANDS
FA00V0FA09,#N/D
FA040ZLOZ,DORNE-1
L00984FAL,RIVERLANDS-2
LFAZ80LO00,HOARE
L8FAL9Z40,#N/D
LVLO000LO8,STORMLANDS-1
80LZ4FA0LO,NULL
V04LO0LFALO,STORMLANDS-2
LLO0LLOZV4,STORMLANDS-1
LFAVV840V,DORNE-1
LLO8VL0LOV,REACH
900940FA4,#N/D
LLO9LLOL8L,NORTH
L890FAV08,DORNE-1
LZMFALO09L,DORNE-1
Z00FALO04FA,RIVERLANDS-2
L0LO004LO0,STORMLANDS-1
V0889V0FA,REACH
V00VLO04LO,STARKS
FA004LO8LOZ,STORMLANDS-2
L0V0V000,NORTH
FA0Z4V004,#N/D
L809L8FA0,HOARE
FA0Z80LLV,#N/D
ZZZM8L8V,DORNE-1
L8LOL4ZLO0,RIVERLANDS-2
L8VFA0LL8,RIVERLANDS-2
L88ZLO90LO,STORMLANDS-1
FA0L8LOFAFA0,#N/D
V0LZ000LO,RIVERLANDS-2
84LOV4Z0,IRONISLADS
Z00LO0,STORMLANDS-1
L89VVFAFA4,#N/D
L8LOL4VVLO,#N/D
L8L8ZZ40,NULL
LV9Z4FA9FA,DORNE-1
L8VZ800V,STORMLANDS-1
L889LV0LO,NORTH
89LO80LO4,DORNE-1
L9FA00VLOV,#N/D
LLOVFA09LOZ,DORNE-3
L008V0ZV,RIVERLANDS-1
VLFA809LO,HOARE
L8FA9LO004,DORNE- 2
84L90LO8,HOARE
L0ZFA4LZM,STORMLANDS-1
L84L4LO04,HOARE
ZLOFA9VFAZ0,IRONISLADS
LFA9Z9LO98,IRONISLADS
80FA004V0,STARKS
L9L04Z0L,STORMLANDS-2
L8800VL4,HOARE
LO0Z9FAVZFA,DORNE- 2
Z00V0440,RIVERLANDS-2
L0800LVFA,RIVERLANDS-2
L88ZLO8LOV,STORMLANDS-1
L8FA80LO9FA,NORTH
LO0ZV8448,NULL
L884ZFAFAFA,NULL
89Z094LO,HOARE
V0LZ9LFA9,RIVERLANDS-2
L09LOL9Z0,DORNE-1
89Z9V9Z,HOARE
L40LOV8VV,DORNE-3
V00FA44LL,RIVERLANDS-2
LZZ90LOZL,HOARE
FA00LOFAL4Z,DORNE-3
FA09LZVZZ,#N/D
L800V80LO,STORMLANDS-1
800LZ0Z9,STORMLANDS-1
LO0LO0ZZFA0,CROWNLANDS
L8LOL9LOZ8,IRONISLADS
Z0ZLO0FAZL,STORMLANDS-2
L840LL90,DORNE-3
LO0ZVLZMFA,RIVERLANDS-2
L90V9Z9V,CROWNLANDS
LLVZLO0VZ,STORMLANDS-2
L08FALO8ZLO,CROWNLANDS
8FA04LOVL,IRONISLADS
Z0ZLL000,#N/D
Z0FA0FA0Z8,#N/D
FA0FAFAFA4,#N/D
L80L4LLO0,DORNE-1
L0VVFAVZ9,STORMLANDS-1
V00L0V44,RIVERLANDS-2
V89LO484,DORNE-1
L0FA0Z0ZLO,HOARE
LZMZ9FA8FA,REACH
LL00LLZ4,#N/D
L9044V0LO,REACH
LV0Z0ZV4,#N/D
L4ZLFALV9,HOARE
LZ0VZZFAZ,IRONISLADS
L0LO008,STARKS
LO0Z984V8,CROWNLANDS
LVLLV4L8,IRONISLADS
L9LO9Z00Z,DORNE-1
LLOFAL4Z9V,NORTH
80L49Z,STORMLANDS-1
L9VFAL9FA0,STORMLANDS-1
L8FAFAFA4V8,STORMLANDS-2
FA00V8VLOZ,HOARE
L4FAV4LO9FA,CROWNLANDS
L9V9490L,STORMLANDS-1
9008V000,#N/D
V00Z04VV,NULL
FA000L408,DORNE-3
L0LO0LOL0LO,STORMLANDS-1
Z0VZ004LO,RIVERLANDS-1
V00Z4FAL8,RIVERLANDS-2
900840ZZ,#N/D
ZZ48LOFA4Z,DORNE- 2
9000008,HOARE
9L08000,IRONISLADS
LO04FAL888,DORNE- 2
L09LOL9Z0,DORNE-1
V0FA9LOV9,IRONISLADS
LFAL9ZZLV,STORMLANDS-1
L00LO0VFA9,STORMLANDS-1
LZZLFALFA0,HOARE
V00FA4FALO4,RIVERLANDS-2
LZ4ZL800,NULL
LO0LLFAFA88,NULL
LLL8ZL9V,STORMLANDS-1
Z08FA8LOVZ,RIVERLANDS-2
V0094LO9FA,RIVERLANDS-2
LZ9VFAFAFALO,#N/D
V08Z98FALO,REACH
800L4L8FA,NULL
FA0V0FAZ8V,#N/D
ZZZMFAFAFA0,IRONISLADS
L08LO94,STORMLANDS-1
LO0Z849LOFA,DORNE- 2
LLO0LLOZV4,STORMLANDS-1
L890FA0L9,RIVERLANDS-2
L00ZFA00LO,RIVERLANDS-1
L9V44L08,DORNE-3
LVFA8VV,DORNE-1
LFA48V8ZLO,IRONISLADS
94VFA40Z,DORNE-3
L49FALO4L0,#N/D
L90LOLLO,CROWNLANDS
L0LV9LLO0,#N/D
L8ZZLO004,HOARE
LV400L,DORNE-3
FA0LLO9LOFA9,#N/D
FA0FAZ44,#N/D
L8V4FALV0,#N/D
LLOFA0L9L0,#N/D
849LV49,HOARE
LV0L4V00,REACH
L4V0Z80Z,REACH
900FA80LL,#N/D
LO04LOLVVL,CROWNLANDS
VLO0FA9FAL,HOARE
L9L44L90,RIVERLANDS-2
Z0Z0Z9FA0,#N/D
L44L8ZZZ,#N/D
FA0LLO0ZM9,#N/D
L00ZZ0Z0,STORMLANDS-2
L880FALV4,HOARE
L0LLO9FA90,IRONISLADS
L84L0V94,STORMLANDS-1
L00Z0LO44,DORNE-3
LZ800448,RIVERLANDS-1
V0FA908LO9,STORMLANDS-2
LV44VZ08,IRONISLADS
8VZLO00L,IRONISLADS
800FA9FA4V,STORMLANDS-1
L0949009,IRONISLADS
8004VL,STORMLANDS-1
L84FALO0FAZ,HOARE
V008VL,DORNE- 2
L8ZZ8L,CROWNLANDS
LL9V0ZFA8,STORMLANDS-1
L0LOV9FA4FA,STORMLANDS-2
Z04ZZ4LO8,DORNE-3
LZ9000VLO,IRONISLADS
FA008V89V,REACH
909LOZ08,IRONISLADS
FA00ZVL,NULL
L8Z0L980,IRONISLADS
FA00VZFA84,NORTH
L4LO009FAFA,CROWNLANDS
Z094LFA00,DORNE-3
LVV400,DORNE-3
L9ZML8FA8,REACH
LO0Z90FA9LO,DORNE- 2
9FA00VZ8,DORNE-1
8000Z4FAL,NULL
V4ZLO4LO9,IRONISLADS
LO04LOV89V,CROWNLANDS
L89008V0,DORNE-1
V0008408,DORNE- 2
L8LO908LO0,DORNE-3
9004800Z,#N/D
LL88VLO04,NORTH
900V9LFAL,#N/D
LZ0LLO490,#N/D
LFA4VFAFAV4,HOARE
FA0L94L04,#N/D
849LV49,HOARE
LV4Z0V44,HOARE
L940FAFA40,RIVERLANDS-1
Z0L080LO9,DORNE-3
FA0L0FA89Z,#N/D
L9LO0V909,NORTH
L4L0088FA,RIVERLANDS-1
LZ80FAVLOL,STORMLANDS-1
L840LOLLLO,HOARE
ZZ44L8L8,NORTH
LLOZZ09L8,HOARE
LZZ4ZM00,IRONISLADS
L80FA9008,IRONISLADS
LO0Z00LLO9,AEGON
Z0FAVL90Z,DORNE-3
LV0ZFA9LOV,DORNE-3
LLO9889LO4,STARKS
LVFALO8FAVFA,IRONISLADS
L8LO4Z094,RIVERLANDS-2
V0890,STORMLANDS-2
LZ00Z49Z,DORNE-1
L8ZM8LL0,#N/D
L9LO0FA840,DORNE-3
FA0084L9V,NORTH
9FAVFA000,DORNE-1
L9FAVFA000,STARKS
LZ9VLZ8V,RIVERLANDS-1
L840LO90V,STORMLANDS-1
LO04V80Z0,CROWNLANDS
LV8LOFAL88,HOARE
L8FAFAFA4V8,STORMLANDS-2
90L40LOLL,#N/D
LV409V,CROWNLANDS
L0040ZVLO,#N/D
L0Z0FAVFALO,#N/D
LLOVFA00LFA,DORNE-3
LV00L9LL,NORTH
L9ZZLOLVFA,HOARE
980Z4V4,RIVERLANDS-1
LVVZLOZZ4,STORMLANDS-1
L80ZLO8LOFA,STORMLANDS-2
Z00V4VV9,RIVERLANDS-1
FA00ZFAFA88,IRONISLADS
LLO08LV,IRONISLADS
L94Z9LO00,STORMLANDS-1
LV0FA444L,NULL
LZLLFAVZL,NORTH
800FA4888,NULL
LLLO9VVZL,HOARE
LFAL0LO8LZ,NORTH
LVLL0ZFA9,IRONISLADS
LLO80LO89Z,HOARE
LFAFAL0L8L,NULL
L0ZL9LZLO,IRONISLADS
LFA8FA988LO,DORNE-1
LFAFA9800V,DORNE-1
LVZM88VZ,DORNE-1
V8840LZ,HOARE
LO0ZLO40ZFA,RIVERLANDS-2
LFA0Z4ZFAZ,STORMLANDS-2
800V4LL0,STORMLANDS-1
800FA000FA,NULL
ZZZFAL880,RIVERLANDS-2
LFAFA90080,IRONISLADS
LVLO0FA004,AEGON
V90LFAZ0,HOARE
LV090944,HOARE
LV9LVZ0Z,#N/D
L9040V00,STORMLANDS-1
L8ZLOZLO,STARKS
FA0VZ0VV9,#N/D
LZFAZZZ0L,STORMLANDS-1
LV4Z80L0,RIVERLANDS-2
L84FAZFAL4,DORNE-1
LLV008V8,NULL
V8908VFA,IRONISLADS
L009004V,DORNE-1
L8ZZ8090,NULL
LLO9LO8FA00,DORNE-3
L8849FA8L,DORNE-1
LZM09V4L,STORMLANDS-1
8VL98V4,IRONISLADS
L4984FA04,HOARE
L440LVFA0,STORMLANDS-2
LZ4LO9008,NORTH
LVFAFALO040,IRONISLADS
L4FALO88FAL,HOARE
V0LOVL9LO9,NORTH
9ZM4FA00,RIVERLANDS-2
LZ9L9800,HOARE
L0FA89098,RIVERLANDS-1
Z0FALFAV8FA,DORNE-3
L8L0Z480,STORMLANDS-1
FA0LZ9898,#N/D
V0049L4FA,RIVERLANDS-2
L800LOV09,DORNE-1
90ZLZV9,IRONISLADS
L8FAFAFAFA98,NULL
LFA0ZV8LO8,RIVERLANDS-1
L404FA89LO,NORTH
900LOFA8LFA,#N/D
LZMLOL80LO,RIVERLANDS-1
LO04L89V4,CROWNLANDS
LZ0L9VLOZ,DORNE-1
L8LOFAL900,DORNE-1
LV89FA8FA0,STORMLANDS-1
LZM9Z0LO0,STORMLANDS-1
LV0FAVZFA9,NORTH
LV48LZ8LO,IRONISLADS
L49L90FAZ,IRONISLADS
Z0FAZ9VL4,#N/D
LLOV00FA,RIVERLANDS-2
LLOFA0LO094,NULL
L8LL4FAFAL,NULL
LL08LZFALO,STORMLANDS-1
LL4Z80LO9,#N/D
Z0000Z0FA,STORMLANDS-2
L880LO840,IRONISLADS
L9040LOFA9,HOARE
L9LV0L49,RIVERLANDS-2
L09VL0V0,IRONISLADS
8L9V9FA0,DORNE-1
Z0L08Z88,STORMLANDS-2
L8L04488,STORMLANDS-1
LFAL890FAFA,STARKS
LFA8408FA4,REACH
Z0FALOLV80,STORMLANDS-2
L90LO8LOZ8,HOARE
LZ8FA090LO,STORMLANDS-1
L0L0L0VFA,STORMLANDS-1
L8ZM4008,RIVERLANDS-2
LV8L809LO,DORNE-3
L8FA4Z0,HOARE
90LFA0L8LO,#N/D
LLOFAZFA40Z,IRONISLADS
L040LO08V,STORMLANDS-1
V008L0,NULL
LO0ZZLO0,RIVERLANDS-2
LOZLO40,IRONISLADS
L98LOFA844,RIVERLANDS-2
LLOFALO08LOV,DORNE-3
LFA8FA04V4,NORTH
8FA9LOLV0,IRONISLADS
90V00VZ,DORNE-1
L4Z90FA09,DORNE-1
LLZVFAZZM,NORTH
ZZFAFA8ZM8,STORMLANDS-2
LZ09LOZZL,STORMLANDS-1
LVL000LOZ,STORMLANDS-1
LO0LOFA0ZML,AEGON
LZ8LZLOZ4,STORMLANDS-1
LFAVFA8VV9,RIVERLANDS-1
V04ZFALV0,STORMLANDS-2
LLO0LO0LO49,RIVERLANDS-2
90LLZFA4Z,#N/D
L0V00Z0Z,IRONISLADS
L490VFA00,HOARE
LZL8409V,STORMLANDS-1
LL9LLO8LLO,STORMLANDS-1
LLOLZVFAFAFA,RIVERLANDS-2
V0ZLZLZ4,REACH
LLZ0VLO0Z,IRONISLADS
L40FA8ZFA0,NULL
L8LO048FAFA,IRONISLADS
LLL4Z904,#N/D
FA00V9804,DORNE-1
LLOZ9008FA,IRONISLADS
ZZVV0LFAV,NORTH
FA00Z08LOFA,#N/D
L9ZV0Z94,RIVERLANDS-2
L49FA4908,STORMLANDS-1
LVZ408V8,NULL
FA004V8,#N/D
V0LO08L09,HOARE
LZFA0ZVLL,IRONISLADS
LZLOVL44FA,HOARE
V00ZVZLO0,STORMLANDS-2
LL0V0VLO0,STORMLANDS-1
L8848LOZZ,HOARE
LLO48L449,STORMLANDS-1
LV0048Z0,REACH
L0FAZV444,STORMLANDS-2
LVV00FAFAZ,NULL
L0FAZV444,STORMLANDS-2
L4ZFA9Z04,HOARE
LO0ZLOV888,RIVERLANDS-2
LVLO09409,STORMLANDS-2
Z004V8ZLO,RIVERLANDS-2
LVLO0ZZ9V,DORNE-3
80L8Z4FALO,#N/D
L4V98LO8L,CROWNLANDS
LLOZLO8LOZ0,DORNE-3
LLO80V0,DORNE-3
LO0ZLOFA4ZZ,#N/D
849FA489,HOARE
FA0LO94FA4Z,#N/D
FA00LOV49L,HOARE
LO0LO0FAL4LO,CROWNLANDS
ZVLO44FAV0,DORNE-1
L4V008LOFA,RIVERLANDS-1
L000V0,HOARE
800VVZ4V,NULL
LO0FAZM4VV,CROWNLANDS
L8V400V0,HOARE
V4V8LOZ8,HOARE
L8FA0Z0VLO,NORTH
FALO849LFA,HOARE
L08Z8LVV,NORTH
L9V4LO9Z0,STARKS
FA00ZLFAV8,#N/D
LO0FA40Z90,CROWNLANDS
Z009ZLO04,RIVERLANDS-1
V0890Z8V,NORTH
Z0FALO09Z0,DORNE-3
LZLOFA94,DORNE-3
L44LZ08V,IRONISLADS
LZLVFALO90,REACH
8FA00LZFA,IRONISLADS
L4LOZ9VLO0,STORMLANDS-1
FA040ZVZL,#N/D
LL9LLO8LLO,STORMLANDS-1
L484FA,HOARE
LVLO0FA004,AEGON
LZZ4LOFALFA,DORNE-1
Z0FAVVLFA0,RIVERLANDS-2
L4Z0FALO0V,#N/D
LZFAL40FA9,STORMLANDS-1
LO0LOV9LOL4,REACH
8LO9FA888,IRONISLADS
L9008LZV,NULL
L8484804,DORNE-3
LLOV0L000,DORNE-1
L00FA9LOFAL,RIVERLANDS-2
FA00LOFA9V0,RIVERLANDS-1
8Z9LL90,HOARE
L0009ZLL,STORMLANDS-1
FA00FA8FALOL,HOARE
FA009Z98V,#N/D
L8VLZ80V,IRONISLADS
Z0L0FAV9FA,DORNE-3
8004LOFAFA4,NULL
LO00LO4LO0LO,NULL
L4V0LOLFAL,HOARE
ZZ08LFA80,NORTH
L094LOVZ9,DORNE-1
LLO040044,RIVERLANDS-1
L0LO0LO948,HOARE
V000808V,CROWNLANDS
Z0498L0Z,DORNE-3
LFA0L00Z0,STORMLANDS-1
V0ZVVLO0Z,DORNE-1
LZ08VFALO0,DORNE-1
Z04ZZ4LO8,DORNE-3
9LO0V8Z0,DORNE-1
9004L089,#N/D
L9LO44890,RIVERLANDS-2
L400FAZZZ,RIVERLANDS-2
LFA8Z9ZVZ,STARKS
VVFAFAZLL,HOARE
FA0ZML00V,#N/D
V04LLOZ48,STORMLANDS-2
LVLO08948,DORNE-3
LVZMFAV90,IRONISLADS
FA00VLOZZM,STORMLANDS-2
8ZFAFA90L,DORNE-1
LV0LO0L9V,RIVERLANDS-2
V0008Z,RIVERLANDS-2
LFAZZ9LZM,IRONISLADS
FA0FAFA900V,#N/D
80LZZ09L,NULL
Z008VZFA0,RIVERLANDS-2
V00L8LFA0,RIVERLANDS-2
840Z94L,IRONISLADS
L004800Z,DORNE-3
L4084VV4,DORNE-1
L4800Z90,CROWNLANDS
V0088LL0,STORMLANDS-2
L80LO0LLV,HOARE
LVV0V08Z,NULL
LO0FAFAZ4LO9,NULL
9000L498,#N/D
LO0Z80LOFAL,DORNE- 2
800480VLO,STORMLANDS-1
V00LZZ89,CROWNLANDS
LFAZZLO4LLO,IRONISLADS
LV00L984,RIVERLANDS-2
FA0L498LOL,#N/D
LLOL80V0V,IRONISLADS
L4Z840LO8,IRONISLADS
LVFA8FAVZ9,RIVERLANDS-1
L04LO8408,HOARE
FA00Z00Z0,#N/D
Z00L9ZFA4,STORMLANDS-2
L880094L,HOARE
LO0400VVLO,NULL
LLV98FA8V,STORMLANDS-1
LO00LO980Z,CROWNLANDS
L0FA0ZVLOV,STORMLANDS-1
L0LV0LFA9,STORMLANDS-1
LO04Z94LO9,CROWNLANDS
V0LLO49V0,#N/D
Z089LOFA8V,DORNE-3
L0084V00,IRONISLADS
LFALO8V09FA,IRONISLADS
LFALO48VV0,#N/D
LVLFAVVLZ,STARKS
FA00L8VL0,HOARE
ZZV9FALLOFA,NORTH
ZLOFALOZZLZ,IRONISLADS
LVVLOL9FAZ,NULL
L9LVZFALOZ,HOARE
L08988LO0,RIVERLANDS-2
LZ8V4LOLLO,RIVERLANDS-2
L9048VLFA,STORMLANDS-2
900V00,#N/D
LVLO988LL,STORMLANDS-2
L8LFA0408,STORMLANDS-1
L8FA04FA40,RIVERLANDS-1
LZ0L0LZ8,RIVERLANDS-1
9LO0V8Z0,DORNE-1
LFA04Z0L8,HOARE
L9ZFAV448,DORNE-3
8FAZ94FALO,DORNE-1
L484FALO8LO,IRONISLADS
L0ZZ00VLO,IRONISLADS
L004FAZZL,STORMLANDS-1
LLOVVL9Z9,RIVERLANDS-1
LFA4800VV,DORNE-3
LFALZ8L0V,RIVERLANDS-2
LV00V80LO,STORMLANDS-2
Z0VFA04,RIVERLANDS-1
L94ZZ908,IRONISLADS
V00FA980FA,RIVERLANDS-2
L8LVFA04LO,RIVERLANDS-2
LLOLZFALOZV,IRONISLADS
L84LO9VZ4,DORNE-1
LLOLZL0Z9,REACH
L9LO0LLO08,DORNE-1
LZV08LV8,STORMLANDS-2
FA0L9LO40Z,#N/D
L88LFAV,IRONISLADS
L8Z0FAFAFA4,HOARE
ZZ44V8L4,#N/D
LFAZ9Z84Z,STORMLANDS-1
9008LL0FA,#N/D
FA04L0808,#N/D
LVZ889,REACH
L94V0LO0FA,#N/D
L9FA40LL4,#N/D
LZLVLOLLOZ,#N/D
V0LOFALVFAZ,NORTH
FA0FA0V4VV,#N/D
L0VLOL090,STORMLANDS-1
L0804LO,NORTH
LVFA8FAFA0FA,CROWNLANDS
LVLOFA8LO09,IRONISLADS
LLO0FALO8V9,STORMLANDS-2
ZZ8LFA4V0,STORMLANDS-2
LLOVLL008,IRONISLADS
LFAZ4FALL8,HOARE
LO0Z80Z9FA,DORNE- 2
LVFA09LO88,STORMLANDS-1
80004VLFA,STARKS
L89008V0,DORNE-1
V0V9LOZVL,NORTH
L44LOFA8LO9,HOARE
LFA8408FA4,REACH
LVZ8LOL8V,RIVERLANDS-2
L800FA0LOV,RIVERLANDS-2
80LL0FAVV,#N/D
L0FAFA0V49,RIVERLANDS-1
L0Z9Z004,STORMLANDS-2
L4FALVV,DORNE-1
L0LOL04ZV,IRONISLADS
L4LO009FAFA,CROWNLANDS
LZ9FA90FA4,IRONISLADS
V0LV9LO4FA,#N/D
ZVLOFAV00V,NULL
LZ49LO0LOV,RIVERLANDS-2
L0000V80,DORNE-3
FA0L8LOFAFA0,#N/D
VVLLO4LO,IRONISLADS
FA08LLO09FA,#N/D
LFA08LO8,NULL
LLZZM0,RIVERLANDS-2
VZ8LZ90,IRONISLADS
LFAFA9800V,DORNE-1
LO08ZL080,CROWNLANDS
FA0L9FA804,#N/D
Z040ZV8L,RIVERLANDS-2
80L44L08,NULL
L8FAZ4ZVL,RIVERLANDS-1
LFA8LO0L84,HOARE
FA0094LO40,REACH
LFAZZ8VLL,STARKS
V80L008,HOARE
LLO0FA00ZLO,DORNE-1
LV9L094L,DORNE-3
LLO94LOVVFA,#N/D
L4VZ0FA4Z,HOARE
LV9094FALO,#N/D
L40LO84V8,NORTH
L0FAZ044V,#N/D
L9L44L90,RIVERLANDS-2
ZZ040408,#N/D
LV800Z00,CROWNLANDS
FA00984V8,#N/D
FA008080V,RIVERLANDS-2
L8VFA09V0,DORNE-1
LVL0FA04L,#N/D
V0909V9FA,REACH
V00V400FA,STARKS
LLO90Z0FAFA,HOARE
9000FAZ8FA,#N/D
L800Z8LZ,HOARE
LZ8488FA9,STORMLANDS-2
L89Z0Z9LO,STARKS
LO0LO0ZLOLLO,CROWNLANDS
LZ098V44,STORMLANDS-1
V049ZVFA8,REACH
LVVLLLOZV,REACH
L0LO8FAL9LO,RIVERLANDS-1
L9FA0ZL8FA,STARKS
FA0Z0V400,#N/D
LLZ0FALO94,STORMLANDS-1
L9LO0V90FA,STORMLANDS-1
L808V8Z9,IRONISLADS
V0LZ000LO,RIVERLANDS-2
L4940V0L,STORMLANDS-1
LFALO00Z0Z,NORTH
V09LOZZFA,IRONISLADS
VFA09040,IRONISLADS
L84VLLO40,#N/D
404Z00FA,HOARE
Z0L948FA9,STORMLANDS-2
L89049ZFA,DORNE-1
LFAZ44988,STORMLANDS-1
L0FALZM00,IRONISLADS
L4FA048FA0,#N/D
LLLO0Z0VFA,CROWNLANDS
LO0ZLO0Z9FA,RIVERLANDS-2
LZ08LO988,HOARE
80VFA40FA,HOARE
LFA40FA400,HOARE
Z0FA8LOFA08,RIVERLANDS-1
LL48Z804,STORMLANDS-1
90988L0,IRONISLADS
L0LO8Z904,HOARE
LV9LOFAZLOV,IRONISLADS
ZZLO88LLL,STORMLANDS-2
LLO4LLO0LLO,STORMLANDS-1
LVZ0FALLOV,IRONISLADS
LO0LOVLOL98,AEGON
LO0ZFAV080,AEGON
LZ484ZVLO,STORMLANDS-1
LLOFA0ZLLL,HOARE
LO00LOFAZ0V,CROWNLANDS
LLVVV00L,DORNE-3
V008LO0LO9,RIVERLANDS-2
Z00LV4,RIVERLANDS-1
LZLLFAFA00,REACH
L4ZVL944,NULL
LLOLFA8FAVL,RIVERLANDS-2
LO0Z0LZFAZ,AEGON
L0V880,STORMLANDS-2
LFA0LLLO48,HOARE
L909FAV0V,NORTH
LLO0FA44VFA,STORMLANDS-2
L09V09,HOARE
ZZVZ80Z4,IRONISLADS
L0FA09Z,NORTH
V0LO0LZFA9,NORTH
ZZLLZLVLO,NORTH
LO0V949LFA,STARKS
80004FA0L,STORMLANDS-1
L980LO0FA0,STORMLANDS-1
8000L0VLO,STORMLANDS-1
LLO0ZZ8Z8,HOARE
V08Z0Z0L,REACH
9FA9LV00,DORNE-1
ZZ400FA8L,NORTH
ZZLZ0V80,IRONISLADS
L4Z0LO0FALO,NULL
L0VZ0Z8Z,RIVERLANDS-2
LVL4Z0VL,#N/D
LO0LO0FAL4LO,CROWNLANDS
84LO00L0,HOARE
L0LFALO904,STORMLANDS-2
V04ZVZ89,STORMLANDS-2
L9VL0L09,HOARE
L8ZZ0FAZ8,HOARE
L9V94004,STORMLANDS-2
Z0LFA8800,RIVERLANDS-2
8L89480,IRONISLADS
L449FAZZFA,STORMLANDS-2
LL48L0L4,STORMLANDS-1
LO0Z84808,REACH
LV9V0LO88,DORNE-1
80L0009,DORNE-1
LO08ZFA80FA,#N/D
L880094L,HOARE
900LLO4ZM,#N/D
ZZFALO0900,RIVERLANDS-2
L00FALFAFAZ,IRONISLADS
L9LLO00V0,#N/D
VVV4L,HOARE
L8LOFA00LO9,STORMLANDS-2
V000LLO0L,NORTH
L9LOZV4LO9,HOARE
L840Z909,HOARE
8098FAZZ,DORNE-1
LFA80FA048,DORNE-3
LFA9Z80Z9,DORNE-1
L900V40V,NULL
Z000849Z,RIVERLANDS-1
LZL48ZZL,REACH
V0Z8L44V,HOARE
LVZLO4009,HOARE
Z0Z98LO0LO,RIVERLANDS-2
L08L84LOFA,IRONISLADS
LOZ88FA,STORMLANDS-1
L9LOV404LO,RIVERLANDS-2
ZZ40ZVV9,IRONISLADS
FA0L88L0L,#N/D
LVZ0894L,#N/D
LO0Z0L9LO8,AEGON
L90Z0VFA8,DORNE-1
9LZLO400,HOARE
LLZL08FA0,HOARE
900098FA,DORNE-1
900409VLO,#N/D
Z0LZ94LV,RIVERLANDS-2
LLO4448V8,RIVERLANDS-1
80090LOLZ,NULL
LFAFA00V49,DORNE-1
LO0ZV8ZLOZ,NULL
FA000844LO,#N/D
LV89FA8FA0,STORMLANDS-1
FA0L0LOZZ9,#N/D
LO0LLFA4FA4,CROWNLANDS
LLO0VVZVZ,STORMLANDS-1
LLO4ZLO08FA,DORNE-3
LL0000LFA,DORNE-3
80ZVLO48,IRONISLADS
ZZVVFAFAV8,NORTH
Z0FAFA8LOL9,DORNE-3
LZM9Z0LO0,STORMLANDS-1
FA00004LZ,REACH
L0L8LZ40,STORMLANDS-1
V000FA0LO0,RIVERLANDS-2
L48V48LV,STORMLANDS-1
980LO80FA,NORTH
Z09400V0,RIVERLANDS-2
LFALZ988V,RIVERLANDS-1
ZZV84L89,NORTH
LFAL4L4FAZ,STORMLANDS-2
L449ZV4V,CROWNLANDS
ZZ4FA4ZLOFA,DORNE- 2
L4Z49L90,IRONISLADS
V0FA80ZFALO,STORMLANDS-2
LV0008LO8,DORNE-1
8FA080V0,DORNE-1
Z0LO08Z0Z,DORNE-3
L4FA8LOFAV0,DORNE-1
L0LOFA988V,REACH
LZ8Z900V,DORNE-3
90LLLOFAFALO,#N/D
LZLOZ894FA,#N/D
FA0LVVFA8Z,#N/D
L900FALO89,DORNE-3
80040L00,STORMLANDS-1
V0L0V0Z0,RIVERLANDS-2
L09LO8LO4L,STORMLANDS-2
L490VFA00,HOARE
8000V9VL,NULL
LVFA00FA80,STORMLANDS-2
LO9000L0,HOARE
L00VFA9FAFA,DORNE-3
LO0L8LLO04,NULL
800000LO9,NULL
LFA0LL4LOZ,RIVERLANDS-2
L9FAZ8V0LO,#N/D
L9LOFAVLO09,DORNE-3
LLOFA808L4,STORMLANDS-2
V080ZM8V,REACH
V0FAVLZZV,DORNE-1
L40FALO080,CROWNLANDS
9000L498,#N/D
ZZFAL90LO0,RIVERLANDS-2
ZZZMFAFAFA0,IRONISLADS
V00440FALO,RIVERLANDS-2
L4VZ448Z,NULL
L8000L08,DORNE-1
LVFA04LOZ0,NORTH
80L800LO0,STARKS
L8L904LLO,CROWNLANDS
L8V400V0,HOARE
FA040980FA,#N/D
L48LOLFA9L,IRONISLADS
L9ZLO040L,HOARE
90LZ4LZ0,#N/D
L08V9Z84,NULL
40LOFA08,DORNE-1
LL8V0VLOV,RIVERLANDS-1
FA0FA8FA0VZ,#N/D
L8L48ZV0,STARKS
LFAV8LOVLOZ,STORMLANDS-1
LFA4LO8LOVL,HOARE
FA0LO94FA4Z,#N/D
L90L0FALO9,NORTH
L0LOFA900FA,RIVERLANDS-1
V4V8LOZ8,HOARE
L900094Z,#N/D
FA00L4LO4L,CROWNLANDS
LO0ZV40VFA,#N/D
LFA0989VL,DORNE-3
L8L08ZV4,CROWNLANDS
L9FALLO94L,STORMLANDS-2
LL940VFA9,CROWNLANDS
L8L0LLOVL,STARKS
LV0V00FAFA,RIVERLANDS-2
LZ944Z0L,DORNE-1
Z0Z94Z0Z,DORNE-3
LLO00LO8FALO,STORMLANDS-1
L890VL,STARKS
L04LOZ098,STORMLANDS-2
L9L00FA08,DORNE-1
LO0LV0908,CROWNLANDS
LLLO9L004,CROWNLANDS
L94Z9LO00,STORMLANDS-1
FA00ZLFAV8,#N/D
LFALOVZL90,HOARE
LVZ98FAFALO,STORMLANDS-2
L9FAZLZ40,RIVERLANDS-2
VZ0FA80FA,DORNE-1
FA040V8V8,#N/D
ZLO4ZM40FA,CROWNLANDS
LV9FA4080,STORMLANDS-2
FA0LZ88LO9,#N/D
L0VLLOFAV0,STORMLANDS-2
Z0FA4FAZL4,RIVERLANDS-1
L90V09L9,NULL
89Z9V9Z,HOARE
L8FA80LO9FA,NORTH
L9LO00L8FA,NORTH
ZVLOFAL9VZ,RIVERLANDS-2
L9Z0FALO,IRONISLADS
L440LVFA0,STORMLANDS-2
LLO4L8FA89,DORNE-3
L404008LO,NULL
900LOL9V,HOARE
LV8V80VFA,DORNE- 2
LVLO8L400,DORNE-1
L9898Z4Z,HOARE
LFAFA8LFAV8,HOARE
LZ0FAFAV9LO,CROWNLANDS
LVFA0FAZ9FA,DORNE-3
L9898Z4Z,HOARE
LFALVV0FAFA,#N/D
FA009ZFA8LO,STORMLANDS-2
Z00VZ84FA,#N/D
LLZ4FAFA,STORMLANDS-1
L800ZM4L,NORTH
V04FA0ZMV,#N/D
L90ZVLO00,IRONISLADS
FA89LVV,HOARE
L0L8LOV,DORNE-3
L0L004FAL,STORMLANDS-1
L8FALOZ0ZM,HOARE
L09ZFA94V,NORTH
LLO4VV9FA8,STORMLANDS-1
LZ80LLO4FA,HOARE
ZZZ00FA0FA,NORTH
LO04Z94LO9,CROWNLANDS
L900Z088,CROWNLANDS
LFA0V8FA09,DORNE-1
LFA940ZVFA,STORMLANDS-1
L8L940LO9,RIVERLANDS-2
V0LVFAL44,DORNE- 2
L9FA9FAFA,IRONISLADS
L4FAFA04LZ,STORMLANDS-1
LVL490FA8,STORMLANDS-1
L8LOZZ04Z,DORNE-3
L8LO090FA4,RIVERLANDS-2
LO0L0FAL,IRONISLADS
L800V80Z,RIVERLANDS-1
L9LO4ZZ44,RIVERLANDS-1
LZ894FAFAZ,RIVERLANDS-2
84Z9V9L,IRONISLADS
LZV9L8LO9,STORMLANDS-1
V4ZM0LFA,HOARE
L9LOZ0LZ8,NORTH
L49FALO88FA,#N/D
L9VL80,HOARE
LVV8908Z,NULL
LLO4FA4Z94,#N/D
LV8L49Z0,#N/D
L98FA989LO,REACH
V0LFAFA4V,DORNE-1
L9ZLFA0ZZ,#N/D
L48V04V8,STARKS
FA0ZLOLLO0L,#N/D
8L4FALOFA0,HOARE
L4V09FA08,HOARE
L900ZFAL0,STORMLANDS-1
L904Z0Z0,CROWNLANDS
VLO0,RIVERLANDS-1
LFAFA94L4V,STARKS
LO0LO0V4,CROWNLANDS
L4LVZVLOZ,DORNE-3
LLO484ZM9,STORMLANDS-1
LZLO80VLO0,#N/D
VLOV0090,HOARE
V0LLO9VLFA,DORNE-1
L800LOV09,DORNE-1
L08FAVL44,DORNE-3
L9FALO089V,RIVERLANDS-2
L9Z8FA8ZLO,STORMLANDS-1
FA0FA09LLO8,#N/D
LZ484ZVLO,STORMLANDS-1
V00LOZFAFAL,STORMLANDS-2
LVFAZ44,#N/D
98LO0440,DORNE-3
LFAZ08FA0Z,NULL
LVFA0LOZ88,STORMLANDS-1
LZ094008,STORMLANDS-2
L0Z90FAVLO,HOARE
L94LFAZML,#N/D
LVL8ZFALO8,NULL
LZ909FA00,NORTH
LLO8LO988V,HOARE
FA0LLOLVFALO,#N/D
LVL490FA8,STORMLANDS-1
988LO48V,IRONISLADS
L90L8LO00,STORMLANDS-1
Z0LOVZZV0,RIVERLANDS-2
L4VV9LO90,RIVERLANDS-2
LZ9000VLO,IRONISLADS
L0LOLZFA49,IRONISLADS
L9LOFALO800,IRONISLADS
LV8Z9V8L,STORMLANDS-1
LZZLOVZZFA,HOARE
FA0ZFAFA48Z,#N/D
LZ90L088,DORNE-1
Z0Z9L9FA4,DORNE-3
940LO09V,HOARE
LVFAV0L0LO,HOARE
LLOLFAFA09Z,DORNE-1
L9Z8984LO,STORMLANDS-1
VLLL440,IRONISLADS
LZLOFA8FA48,DORNE-1
L0VLOVFA00,DORNE-1
L0L8LOV,DORNE-3
L8LOLL8LO0,REACH
L8ZL0V,#N/D
LV0449,DORNE-1
900V9LFAL,#N/D
LVL0090LO,NULL
L9ZLOVLO80,NULL
L8Z8ZLO,NORTH
L9LO4FA4L4,HOARE
LLLO9VVZL,HOARE
L8ZFAZ40V,REACH
L9FA0884L,DORNE-1
LFA8LLVLLO,NORTH
L8L0FAZZ8,RIVERLANDS-1
LLO484ZM9,STORMLANDS-1
LLO0Z80L0,STORMLANDS-1
LZVV48FA0,STORMLANDS-1
Z0Z0V800,DORNE-3
LFALVLZFA0,RIVERLANDS-1
L4ZFAL0V8,STARKS
LFAZVLOVLO0,IRONISLADS
ZVZMFAFA,NULL
LV9LOLLLL,#N/D
LFALOLLO940,RIVERLANDS-2
FA048984L,#N/D
90LZ80FA4,#N/D
LO04LO8LO90,CROWNLANDS
LLLOVV0LO4,HOARE
LLOFAVV980,CROWNLANDS
LV0FAFA4VFA,REACH
LVV9LOVV9,REACH
90ZLL08,HOARE
900400FAZ,#N/D
ZZL8L44L,NORTH
Z0Z8V488,DORNE-3
LLO908LO4V,HOARE
L4Z00VL8,STORMLANDS-2
L0VVFAVZ9,STORMLANDS-1
V0ZMV4FA0,NORTH
FA00040L8,RIVERLANDS-2
LVLOZZ809,HOARE
FA0ZLL90FA,#N/D
ZVLOL8LLL,RIVERLANDS-2
L9404840,DORNE-1
LLV89FA44,NORTH
LLOV880V0,IRONISLADS
LLO980LO0LO,RIVERLANDS-1
L89009LOL,REACH
Z0LFA8800,RIVERLANDS-2
Z0LO000LO0,DORNE-3
9LO084L,HOARE
Z0L04809,DORNE-3
L90LO4FALO9,STORMLANDS-2
LO0L8LLOFAV,CROWNLANDS
LV00L0,IRONISLADS
L440004L,DORNE-1
L809V00Z,DORNE-3
L8VZLZLOFA,STORMLANDS-1
LZLVZLFA8,IRONISLADS
L4L0LOL90,REACH
LZ8V4LOLLO,RIVERLANDS-2
LZ0L0LZ8,RIVERLANDS-1
LZZ89440,IRONISLADS
800400FA4,STORMLANDS-1
L8VZLZLOFA,STORMLANDS-1
Z08V9048,DORNE-3
LVL0FAZZFA,NORTH
8L00LO04,DORNE-1
9V04V,STORMLANDS-1
LO04Z040LO,CROWNLANDS
900840ZZ,#N/D
90L48LOZ0,#N/D
LLOV4VFA0LO,STORMLANDS-1
L9LFAZ8LZ,#N/D
L490VFA00,HOARE
LZ800000,CROWNLANDS
V0804LOLV,REACH
LFA80Z0,DORNE-1
80L49LO0Z,STARKS
L9FAV0ZFA4,DORNE-1
LFALOFAZM84,NORTH
LFA0LLLO48,HOARE
900FALL09,#N/D
84LO4VFA8,IRONISLADS
L88L0LO0LO,STORMLANDS-2
Z0Z8V488,DORNE-3
FA04VLLO0FA,#N/D
900Z0LO0FA,#N/D
LVZ4LOZZL,IRONISLADS
LLO48Z8V8,STARKS
Z0VZ80Z9,DORNE-3
Z0Z944VZ,DORNE-3
Z0FALOV4ZFA,STORMLANDS-2
LZVZL48L,DORNE-1
LLVLOFA0VFA,CROWNLANDS
L9ZVL90V,IRONISLADS
Z000Z940,DORNE-3
ZZ80FAZ9FA,STORMLANDS-2
ZVZMLO400,NULL
Z00080ZFA,RIVERLANDS-2
L4FA04VLOFA,REACH
9000L909,#N/D
LFAL0V04V,#N/D
L949V4V9,STORMLANDS-2
L494VLV0,DORNE-1
L0FAVZZ0L,DORNE-3
L0FAL0LO0Z,RIVERLANDS-2
L009V4LZ,HOARE
LV80004Z,REACH
ZVLO080LO0,RIVERLANDS-2
L9FA9Z98Z,DORNE-1
L9ZL98L4,#N/D
FA00FA8Z08,RIVERLANDS-2
LLOL0VFA89,IRONISLADS
L4LO80LZ4,IRONISLADS
LO0FAFAZ00V,NULL
LLO0Z98LO0,REACH
VZ89008,HOARE
FA00FA8940,RIVERLANDS-2
L4V8V49V,STARKS
LO04LOFA890,CROWNLANDS
Z0ZMZZL0,RIVERLANDS-2
FA00ZFA8ZFA,RIVERLANDS-1
LVVZL009,IRONISLADS
LO0FAZM4VV,CROWNLANDS
LFA4L0LO9L,RIVERLANDS-2
LO0Z0L9LO8,AEGON
V909L88,#N/D
L9ZL44LO8,#N/D
ZZFAV0LFAFA,NORTH
900L0FAVL,#N/D
LLFA08L0LO,DORNE-3
90004L,#N/D
90004L,#N/D
L84FAZFAL4,DORNE-1
LZ880LLO4,#N/D
L84Z0LLFA,IRONISLADS
L9V0Z8LO4,REACH
LLOV9L4LLO,IRONISLADS
LO0LOV0FA4Z,AEGON
L88FALO0ZL,HOARE
LO00L9LOFAV,CROWNLANDS
LLOV909L4,HOARE
FA00FA0V0FA,NULL
L4ZZMZ40,IRONISLADS
LLLOVV0LO4,HOARE
LLOV909L4,HOARE
FA0ZZL9LL,#N/D
Z00LZLZLO,DORNE-3
80LLVL9Z,STORMLANDS-1
ZZVFA09ZL,NORTH
LFA0LO8FA44,IRONISLADS
L8LZ44Z8,STORMLANDS-1
ZLOFAZ809LO,DORNE-1
L0LZ0VVV,RIVERLANDS-2
L40V9809,REACH
L80498LL,STORMLANDS-2
LV8L0LO00,DORNE-1
84VLOV8Z,#N/D
FA0ZLO9Z80,#N/D
L8L9V89FA,HOARE
L0VLOVFA00,DORNE-1
9Z08VL4,DORNE-3
LO0LO00VLOV,#N/D
L8498FA08,STORMLANDS-2
LZ9440L4,DORNE-1
L8V80FA04,RIVERLANDS-2
LLO8ZV90L,NULL
900ZZFAFA9,#N/D
LZMLO4LOLFA,DORNE-3
VFA0048,HOARE
V089LOFA4FA,REACH
FA00Z8V04,#N/D
LVV048LLO,NORTH
L800FAFA40,#N/D
L40LZL00,DORNE-1
9V8FAV00,STORMLANDS-2
LV0LO8V49,DORNE-1
LLLZZFAVV,HOARE
L90844,#N/D
ZZLOV488Z,CROWNLANDS
LZFA4Z890,STORMLANDS-1
Z0FAZFALOL0,RIVERLANDS-2
LV0449,DORNE-1
L9V94FA90,REACH
V04FAV900,STORMLANDS-2
L8LOZ90FAZ,DORNE- 2
9V4LFA,RIVERLANDS-1
VLOLZ0FALO,HOARE
Z0FA4Z4LOL,RIVERLANDS-2
L940004Z,RIVERLANDS-2
V089V48LO,STORMLANDS-2
L00VFAFA8V,IRONISLADS
L0VZVZV8,#N/D
LV9Z9FA84,#N/D
LLOZ0400LO,#N/D
L9FA4ZM,DORNE-3
LO0ZV40VFA,#N/D
V04LO0LFALO,STORMLANDS-2
ZZL4FA880,NORTH
L9Z0FALOV4,RIVERLANDS-1
V000004Z,DORNE- 2
LO0Z9VFA4Z,CROWNLANDS
90FALOZ0V,IRONISLADS
LVZLO0FA,IRONISLADS
L80LZ0Z0,NULL
LFA4VFAFAV4,HOARE
LZZ40L9FA,#N/D
L8Z0Z8Z9,STORMLANDS-1
L0ZL0LLLO,STORMLANDS-1
V008ZFALOFA,DORNE-1
L9LL0408,STORMLANDS-2
L9LOV8V8LO,NORTH
L40044LO9,DORNE-3
L8L4Z09FA,NULL
Z0VLOZ40Z,DORNE-3
9ZZ0LV0,DORNE-3
L94ZZFALO0,RIVERLANDS-1
LL0LOL04Z,STORMLANDS-1
LO0Z9V9ZL,CROWNLANDS
ZZ0L0L80,NORTH
ZZ0LO94LLO,CROWNLANDS
8004VZL4,STORMLANDS-1
FA0ZLO9Z80,#N/D
Z0Z0LLO9LO,DORNE-3
LVL4088LO,#N/D
ZZVLOFALO0L,IRONISLADS
900V84FA8,#N/D
L84Z0LLFA,IRONISLADS
L08Z8LVV,NORTH
LFA08LO8FAZ,CROWNLANDS
LLVFA8LOZ4,RIVERLANDS-2
LLLFA44ZV,STORMLANDS-1
LZ8L04LV,NORTH
V0LLFAZZL,RIVERLANDS-2
FA00ZZFA0Z,STORMLANDS-1
LLO4LOVLFAV,RIVERLANDS-2
LVFAFAFALV8,RIVERLANDS-1
L9FAZM49LO,RIVERLANDS-2
L0LO0V00FA,CROWNLANDS
L084LO809,IRONISLADS
L8Z0900L,DORNE-1
L48ZL90V,NULL
980LO80FA,NORTH
L8448FA44,DORNE-1
L900FA0FAFA,NULL
LVFAFALO040,IRONISLADS
L0LL9LO,HOARE
V9LOFAZ98,HOARE
FA00ZFAFA88,IRONISLADS
FA0L00FA8L,#N/D
94VFA40Z,DORNE-3
L40LOFALLOL,REACH
L9FA4LVLO9,DORNE-1
LVZ0L8Z4,IRONISLADS
L80FA0VFA9,STARKS
LLOVFA09LOZ,DORNE-3
L84L4LO04,HOARE
L04LLLZV,STORMLANDS-1
LFA0400ZL,IRONISLADS
LZ0L0LLO4,STORMLANDS-1
FA0LOVVFA40,#N/D
LO000Z0VL,CROWNLANDS
9V0FALO0V,RIVERLANDS-1
8LLL094,IRONISLADS
LV9LZLFAL,STARKS
FA00FA0FAVFA,STORMLANDS-1
V0804LOLV,REACH
L89FA9LO00,REACH
LV4ZMV0FA,DORNE-3
LZLO0Z0,RIVERLANDS-1
L8ZZ8090,NULL
LLL4Z904,#N/D
V0008ZFA0,RIVERLANDS-2
ZZZFAL880,RIVERLANDS-2
L00FALLOZV,STORMLANDS-1
L090FA000,HOARE
LV9ZZ8V9,DORNE-3
LLZV0LO9V,RIVERLANDS-2
Z0FAZ9Z0FA,RIVERLANDS-2
L4LOZ0ZM4,DORNE-3
LO0Z00LFA9,AEGON
LFAZLFAFALZ,STORMLANDS-1
LLVFAFALOL4,STORMLANDS-1
L8V9LLV9,STORMLANDS-2
L8000L08,DORNE-1
84LO00L0,HOARE
L8LO09049,RIVERLANDS-1
LZZVZL,RIVERLANDS-2
LLOVFA044Z,IRONISLADS
LLOV00LLOZ,STARKS
LZ4LL00Z,HOARE
LZ0L89VZ,RIVERLANDS-2
LLOZZMFA04,STORMLANDS-1
V0ZFA0LVL,REACH
LLOL80LO9L,IRONISLADS
LLLFA44ZV,STORMLANDS-1
LV4Z80L0,RIVERLANDS-2
VLOV0090,HOARE
LZFAVZZZL,STORMLANDS-1
L8FA9L4,STORMLANDS-2
LO0L00LZ0,NULL
LLOZ90L4FA,REACH
LZ49V80V,STORMLANDS-2
V080900V,REACH
800V00LO,IRONISLADS
LZ48LO898,REACH
894LL8L,IRONISLADS
Z0Z4L8Z9,DORNE-3
ZZ4FA0ZL8,IRONISLADS
894LL8L,IRONISLADS
9LO8800FA,DORNE-3
LZZV989L,IRONISLADS
LLZ0VLO0Z,IRONISLADS
V0V0VLL9,STORMLANDS-2
L0LOVVL00,IRONISLADS
L90800Z8,CROWNLANDS
ZZL8L980,RIVERLANDS-2
LLOL9ZL04,#N/D
L9Z0900FA,IRONISLADS
L9VFAFA9V0,#N/D
Z00LO4LV0,RIVERLANDS-1
L9FALO9FA00,IRONISLADS
LVFA408,#N/D
LFA4ZVL40,IRONISLADS
V8L8FA90,HOARE
L8VZL0L9,RIVERLANDS-1
V0LLO89LO0,RIVERLANDS-2
VFALO0049,IRONISLADS
LVFA84VL8,DORNE-3
LZ0L404FA,IRONISLADS
LV984L48,NORTH
L4FA0ZM00,STORMLANDS-1
L9VZV0VFA,STARKS
44LO4FA8,IRONISLADS
L0080VZ8,RIVERLANDS-2
LZMLOV9L0,DORNE-3
L0LFAV8FAV,HOARE
LV8800FAZ,DORNE-3
FA04Z4VLOFA,#N/D
FA00LL0LLO,#N/D
L84L98FA4,HOARE
L9V0VFA,STARKS
V08V00FA0,REACH
8004LOFAFA4,NULL
L48Z0808,STORMLANDS-1
V0FA9FA0,STORMLANDS-2
80ZZL8FA,IRONISLADS
L00FA0FA44,DORNE-3
LO0900Z0Z,CROWNLANDS
VLO498V0,HOARE
L0080ZVZ,RIVERLANDS-1
LZ009FA00,DORNE-1
V009VLO8Z,DORNE- 2
980L9LZ,DORNE-3
L0V4VVFA0,STORMLANDS-1
LFA90V4V8,NORTH
Z0LO00FAZLO,RIVERLANDS-1
V080LO009,REACH
LLO0LOV400,HOARE
LZV084LV,HOARE
ZVLOL8LLL,RIVERLANDS-2
VLL08LO4,IRONISLADS
9000LOV,#N/D
L8VLFAVZFA,DORNE-3
FA0L8V0Z8,#N/D
L9LZ4VL9,HOARE
LLOFA0L9L0,#N/D
8V9FA00Z,DORNE-1
80L80LO0FA,#N/D
Z0VZZ089,DORNE-3
L48L88LV,DORNE-3
L8090Z0L,IRONISLADS
L84L008Z,STORMLANDS-1
LO0ZLFA840,AEGON
L90LFA4ZLO,NULL
89Z0VVL,DORNE-1
ZVZ4440LO,#N/D
V00FAFAFA80,RIVERLANDS-2
V000084V,RIVERLANDS-2
LFAZFA4V0FA,DORNE-3
L49LO9FAFA4,STORMLANDS-2
L4ZVLOVLOV,RIVERLANDS-1
LVZL0908,NORTH
LLO9ZV4,STORMLANDS-2
FALO849LFA,HOARE
L04LOZ098,STORMLANDS-2
8ZFAFA90L,DORNE-1
LO0ZLO0ZLO4,RIVERLANDS-2
Z0008FAFAFA,RIVERLANDS-2
LVVLOZFALOL,HOARE
L8ZM49V9,NULL
Z00LO4LV0,RIVERLANDS-1
LLOZLL8ZFA,NULL
LLO9LVFA0FA,#N/D
L9FA00040,#N/D
80FAL000,HOARE
ZZL08LLFA,RIVERLANDS-2
LLOFALOZVZM,NULL
L00FA804V,NORTH
Z09400V0,RIVERLANDS-2
V00LOFAL8Z,STARKS
LO0ZLO40ZFA,RIVERLANDS-2
LZZ804LOL,DORNE-3
LFA089FAV0,STORMLANDS-1
LVZLZLO40,REACH
8004Z9LZ,STORMLANDS-1
L400048LO,STORMLANDS-1
L408FAFA9Z,IRONISLADS
94LO8VL4,DORNE-3
LZV090FA0,STORMLANDS-2
L8LO400Z9,STORMLANDS-1
L409FALLO4,#N/D
LLOFAFALO,DORNE-1
LZFA0ZVLL,IRONISLADS
9000VV0,DORNE-1
LZ49LLOVL,NORTH
LZ0LFA0,RIVERLANDS-1
LLLO808Z8,IRONISLADS
LO0FA4FAL8V,NULL
L8498FA08,STORMLANDS-2
L4ZFA09FA4,STARKS
V00Z88FA4,STORMLANDS-2
Z0LO00FAZLO,RIVERLANDS-1
ZZFAV0LFAFA,NORTH
L8L940LO9,RIVERLANDS-2
L880LO840,IRONISLADS
LFAZ08FA0Z,NULL
L0L8090Z,STORMLANDS-1
FA0L09FAZL,#N/D
8FA9ZLOZZ,DORNE-1
L0LO004LO0,STORMLANDS-1
948ZVLZ,DORNE-3
LVV44000,IRONISLADS
LLO8LOLZZZ,STORMLANDS-2
L8880400,DORNE-1
L949V4V9,STORMLANDS-2
V04ZV9,STORMLANDS-2
L8FALO09,HOARE
L4FAZLL00,STORMLANDS-1
V09888LOV,NORTH
L80ZFA9FAV,STORMLANDS-1
L88LFAV,IRONISLADS
LLOVZ0LOFA4,STORMLANDS-2
FA00FA8940,RIVERLANDS-2
V00Z900V,RIVERLANDS-2
90L09LL,DORNE-1
ZZZ048LV,NORTH
L0LOL04ZV,IRONISLADS
80LV04FAFA,STORMLANDS-1
8LOLFA9LV,IRONISLADS
LZ80LLO4FA,HOARE
LV0LO88LLO,DORNE-3
8ZFA0Z80,IRONISLADS
9LOFAL9LLO,DORNE-3
L8ZV9FA08,#N/D
FA0L09FAZL,#N/D
L80ZVZV0,NULL
Z08FALOFALL,DORNE-3
L00VZZMLO,IRONISLADS
L9LOVZZ8FA,IRONISLADS
LZ00ZLO40,IRONISLADS
80044LO08,STORMLANDS-1
V00FA0Z0Z,RIVERLANDS-2
LLOFAFA0V,IRONISLADS
VL440VV,IRONISLADS
90LL0FA00,#N/D
V0VL9LO,CROWNLANDS
FA0Z900LO4,#N/D
LLOLZFA9LOL,DORNE-1
V00V8890,STARKS
V904V8Z,HOARE
VLOVLO898,IRONISLADS
L4FALVV,DORNE-1
ZZV94Z48,NORTH
V0V808,HOARE
L90Z0VV8,NULL
LO0ZL4VZ8,DORNE- 2
V08LO0FAZ0,REACH
L8LO090FA4,RIVERLANDS-2
L0L9L9VL,IRONISLADS
L84L0VL0,DORNE-1
L9ZFA0Z4V,RIVERLANDS-2
LZ048LO9V,STORMLANDS-2
L8LOL0V9L,RIVERLANDS-2
L9Z0000L,IRONISLADS
LV4FA80VL,#N/D
LFA04LFA8L,STORMLANDS-1
LVZVLO8LFA,CROWNLANDS
VLOFALOFA0LO,IRONISLADS
Z040LOFA9LO,RIVERLANDS-2
L8LOL4ZLO0,RIVERLANDS-2
FA00844ZV,STORMLANDS-1
900940FALO,#N/D
V09LOZZFA,IRONISLADS
LLOZL0L49,STORMLANDS-1
8000FAVZFA,STARKS
8FA9V090,DORNE-1
ZZZM8L8V,DORNE-1
LO0ZFALOVLOL,AEGON
L9LOV489LO,RIVERLANDS-2
LLO884FA88,DORNE-3
V00FA980FA,RIVERLANDS-2
V00FAZLO0V,DORNE- 2
L00ZLO0V0,STORMLANDS-1
Z0FA4LOFA88,RIVERLANDS-1
LLO9089VL,#N/D
L9Z00LFAZ,#N/D
FA0LZ9898,#N/D
L8FAV8890,IRONISLADS
8ZV4084,HOARE
L944LZLOFA,NULL
FA0L0V0LLO,#N/D
V0880000,REACH
808,IRONISLADS
LZLLO0ZM4,DORNE-1
LFA980Z94,DORNE-3
4840LLV,IRONISLADS
ZZFA9LO0FALO,NORTH
LV0LO0L9V,RIVERLANDS-2
FA0LVFALO80,#N/D
LLO80L8FAV,DORNE-3
ZZ4FA0FA44,NORTH
L9FAV0ZFA4,DORNE-1
FA0LOZ0FALL,#N/D
L9LOVLLOLV,DORNE-1
L9Z088LV,DORNE-3
8FAZZ8LO4,DORNE-1
FA04LOL40Z,#N/D
LLZMLO0V9,STORMLANDS-1
LFAFA4ZVFA0,DORNE-1
80LFAV80LO,NULL
V00LOFA944,STARKS
LO0L9FA8L4,CROWNLANDS
800VLZLO0,NULL
L8Z98Z9LO,RIVERLANDS-1
L8FA8FA4VL,REACH
L909Z0,REACH
LV8FAZZV0,STORMLANDS-1
800LFA0V0,STORMLANDS-1
FA0094LO40,REACH
LVLO4V880,#N/D
LLOV048FA9,RIVERLANDS-1
LZ0840Z0,RIVERLANDS-1
L4L0ZLL0,CROWNLANDS
ZZ4VLZVZ,NORTH
Z000LOZL9,RIVERLANDS-1
9009LOZLOL,#N/D
LZ084ZFA4,DORNE-1
V8Z08FA0,HOARE
LZ404900,IRONISLADS
Z0FAZFAFA00,RIVERLANDS-2
V0094LO9FA,RIVERLANDS-2
LVL4Z0VL,#N/D
LZ0FAFAV9LO,CROWNLANDS
LLO0V89,#N/D
8ZV8Z80,HOARE
88LO4VV9,HOARE
L4V4FA009,RIVERLANDS-2
L88L00LFA,HOARE
800Z9040,STORMLANDS-1
V09LOV888,STORMLANDS-2
Z0V9LOFALV,DORNE-3
L880LFA40,NULL
L4V040Z4,DORNE-1
L9LOFA4FA4LO,NORTH
LZ0Z400FA,NORTH
L9FAL8LV9,STARKS
L4LO0ZZFAV,#N/D
LLOVV0ZLZ,#N/D
L80V984Z,NULL
FA0LL9VLOL,#N/D
VLO48L0V,HOARE
900000FA4,RIVERLANDS-1
LVV8908Z,NULL
L88LO0FA0FA,IRONISLADS
L9480LO44,RIVERLANDS-2
LZZLO4448,STORMLANDS-1
Z0FA090FA4,#N/D
849FA489,HOARE
L094L04Z,DORNE-1
VLL08LO4,IRONISLADS
Z04LO0V0L,DORNE-3
88Z80V8,IRONISLADS
FA0000FA0Z,IRONISLADS
V04FA0ZMV,#N/D
Z04LO0V0L,DORNE-3
L84L008Z,STORMLANDS-1
LLL0FAV9L,NORTH
L90FALVLFA,REACH
LLO80V0,DORNE-3
LVFA408,#N/D
V0ZFA0LO84,REACH
FA04L000FA,#N/D
LVZ4Z8LV,NORTH
LV0LO8V49,DORNE-1
LVZFALO008,STORMLANDS-1
FA0Z0LOFALZ,#N/D
L8L904LLO,CROWNLANDS
8V4480L,HOARE
LLO0LO8404,RIVERLANDS-2
LO0ZFA0LOVV,#N/D
L009FALOV0,RIVERLANDS-1
LV900800,DORNE-3
LV804VZ0,STORMLANDS-1
L40ZM4LZ,STORMLANDS-1
L0FA4LOZ00,HOARE
LO0ZZLOZ0FA,DORNE- 2
LZ0V0Z0V,STORMLANDS-1
LLO8LO9FALOL,HOARE
L4FAZFA9V0,RIVERLANDS-1
V008V9LOFA,RIVERLANDS-2
80LLO9,RIVERLANDS-2
LLOLFA0008,REACH
LVVLOL9FAZ,NULL
8Z90909,DORNE-1
L49Z0FALZ,RIVERLANDS-2
L9LO0LFAL8,DORNE-1
FA0FA900ZL,#N/D
LV8Z9V8L,STORMLANDS-1
V08LO0LOVLO,REACH
L09004FAFA,STARKS
L0Z0ZLL4,IRONISLADS
L8989FAV8,IRONISLADS
V09LOZZFA,IRONISLADS
900LO00,#N/D
L8048400,DORNE-1
L94904L8,NORTH
FA0ZLOZZ9V,#N/D
LV0LZVL9,STORMLANDS-1
V0LO08L09,HOARE
L908008Z,DORNE-1
FA0FA8FA0VZ,#N/D
ZZ80LFA8L,NORTH
L4V008LOFA,RIVERLANDS-1
L949FAFA80,DORNE-1
8004VVLOFA,NULL
LLO8VL0LOV,REACH
V080LO009,REACH
LO0LOL8LO4LO,AEGON
89FA00FA8,HOARE
L408LO800,DORNE-1
L4LOFA9VLLO,#N/D
L4L0VFAZ4,STORMLANDS-1
L8088FALOFA,REACH
VV8ZZ8V,HOARE
800ZVLFAL,STORMLANDS-1
8LV4L0Z,HOARE
L94ZV484,RIVERLANDS-2
L9LO080ZFA,DORNE-3
FA00V04L0,RIVERLANDS-2
L0L848FA9,RIVERLANDS-2
L9FALO089V,RIVERLANDS-2
V0049L4FA,RIVERLANDS-2
L90LO4089,STORMLANDS-2
L9LO09VFA8,RIVERLANDS-1
LV00VZ,IRONISLADS
L0Z890LOL,HOARE
LZLO9Z89FA,HOARE
LO0ZZFA8V0,REACH
LVZLOL04Z,CROWNLANDS
9FA4098FA,DORNE-3
L04LOVZLO4,IRONISLADS
V80L008,HOARE
V08LOL4ZV,REACH
LFA40V49L,IRONISLADS
L0LOLZM9L,HOARE
LZ08Z04L,STORMLANDS-2
LFA4449VV,IRONISLADS
FA0Z49Z0L,#N/D
L080V000,STORMLANDS-1
LVZFA4FAL0,RIVERLANDS-2
LFA44FA4LO0,REACH
L9FAV0Z9Z,NORTH
L0988LOZ8,IRONISLADS
L84ZV9FA0,IRONISLADS
LLO080LO48,DORNE-3
LO049LOFALO0,CROWNLANDS
L9ZLO040L,HOARE
L9FAVFALZL,STORMLANDS-1
L0000084,STORMLANDS-1
LLLV4LL0,STARKS
L0400909,HOARE
FA0L8L90Z,#N/D
LO0LO0V4,CROWNLANDS
LVLOLV0LOL,HOARE
LVLO0ZLOZ4,DORNE-1
FA00ZL009,CROWNLANDS
80080V,#N/D
4FALO94Z0,HOARE
Z0L00VZ0,RIVERLANDS-2
L40LOFA8,#N/D
L8Z0LOVV0,#N/D
L8L0LO08Z,REACH
FA040VLOFA4,#N/D
LLO0LLOZV4,STORMLANDS-1
LZ9ZLO808,DORNE-3
94Z4988,IRONISLADS
L4LOZ0ZM4,DORNE-3
909FA440,DORNE-1
L88VLOVZFA,RIVERLANDS-1
LVL0FALOZ8,IRONISLADS
L9Z8000L,NULL
LLO9L0V88,NULL
LLOZLZLO9V,#N/D
FA00FALOZ49,DORNE-1
LLOVZ8Z4Z,STORMLANDS-1
L8000L08,DORNE-1
V080LO08LO,REACH
L88LLOLZ8,NULL
V0ZFA0LO84,REACH
L4VZZ0,HOARE
LO09LO49V0,CROWNLANDS
L8LLOV008,DORNE-3
L4900LV0,STORMLANDS-1
Z0FA4LOFA88,RIVERLANDS-1
L8804FA0FA,#N/D
L49V4LO44,RIVERLANDS-2
L44ZZ0LO9,#N/D
L8090LZZ,DORNE-1
LVL8L8VFA,STORMLANDS-2
LL8FAVV8FA,CROWNLANDS
L08ZZ0FA9,DORNE-1
L4LO0400Z,HOARE
LLOZ0FA9ZV,DORNE-1
9004ZZMZ,#N/D
V0LO80088,HOARE
LFA4ZM0ZZ,IRONISLADS
LFALOFALFAVLO,HOARE
LLOFALOFALLLO,CROWNLANDS
8009LOFALO4,NULL
L49FA08V0,HOARE
L909V9VZ,DORNE-3
80V0Z8Z,HOARE
V08VZM89,REACH
FA0Z84084,#N/D
FA0L8LOL4,DORNE-1
L0949009,IRONISLADS
V009LO04Z,RIVERLANDS-2
V0L04890,DORNE- 2
LVVVZ9LFA,DORNE-1
LFA0V8VL8,STORMLANDS-1
80809LLO,IRONISLADS
L89049ZFA,DORNE-1
L040LO08V,STORMLANDS-1
L94ZLOZVV,DORNE-1
LZLO04LO,HOARE
L0FALZ4LLO,RIVERLANDS-1
LLOFAZFA40Z,IRONISLADS
Z0LO4LOZ4Z,RIVERLANDS-2
L008LLVLO,RIVERLANDS-1
L0L98Z,RIVERLANDS-2
Z00000VFA,DORNE-3
900V8LO08,#N/D
LL00Z08V,STARKS
VL4L,DORNE-1
LV9LOFAZLOV,IRONISLADS
L8VFA0LL8,RIVERLANDS-2
V00L0V44,RIVERLANDS-2
V04ZV4FA0,STORMLANDS-2
L9FA8V0L0,DORNE-1
LLV8ZL0Z,STORMLANDS-1
L9FAFA09ZL,#N/D
L4VLVZ0Z,IRONISLADS
FA0LOL0VLO4,#N/D
V0FA98FA49,#N/D
LV8FA8VZ8,DORNE-1
L94V40LO0,DORNE-3
Z0ZMZ0FAFA,RIVERLANDS-2
L9FA0LLLO9,STORMLANDS-1
ZVLOZLO89L,NORTH
L0V444LZ,DORNE-3
L88FA844FA,DORNE-3
LVV00FAFAZ,NULL
8LOZLO4,HOARE
L9ZLV084,DORNE- 2
L90LO0L48,HOARE
FA00Z49LL,DORNE-3
L0Z88L9LO,HOARE
LFAZZ8ZFALO,IRONISLADS
800VLOL08,STORMLANDS-1
LO0Z980ZM,REACH
L894L00Z,RIVERLANDS-1
LO0ZV944Z,NULL
V04VLO9ZV,REACH
ZZFAFA8ZM8,STORMLANDS-2
L4LOZ0Z8Z,STORMLANDS-1
L8V94LO0FA,STORMLANDS-1
L8LFAFA0Z0,#N/D
L8LLOV008,DORNE-3
Z044FAL98,DORNE-3
LZML0V80,NORTH
L09FA0LOZFA,HOARE
80L9FA004,#N/D
FA0L0FA89Z,#N/D
LLO0ZV4VL,STORMLANDS-1
LVLO84L,HOARE
9V0L9V4,RIVERLANDS-1
L90FA4LO9FA,HOARE
LO0LOFA0VFAL,DORNE- 2
FA0Z909LOFA,#N/D
Z00LO4LV0,RIVERLANDS-1
ZZ009FA0L,NORTH
L49FA4908,STORMLANDS-1
L84FA00V0,NORTH
LLOZZMFA04,STORMLANDS-1
VLO4LOV09,IRONISLADS
L9ZFA0800,NULL
LV0FALLOLL,HOARE
L0004FAL9,STORMLANDS-1
L88ZZ0VV,IRONISLADS
V00V94ZM,NULL
LZ0L0LLO4,STORMLANDS-1
L40VV0FA0,DORNE-1
L480LLZ0,DORNE-1
L4FAV4LO9FA,CROWNLANDS
LO04Z44LO4,CROWNLANDS
904V90Z,HOARE
L90988VV,STORMLANDS-2
L9LLOFA049,HOARE
L8V40840,IRONISLADS
FA0V0088L,#N/D
80L49LO0Z,STARKS
LL9VL9LO4,STORMLANDS-1
L00LOFAZ80,RIVERLANDS-2
Z0888L09,DORNE-3
L0VL8LO00,DORNE-3
Z0FAL0L8V,RIVERLANDS-1
800Z04LO0,NULL
L8884ZL0,DORNE-1
ZZ400FA8L,NORTH
Z080LOVFALO,RIVERLANDS-1
LFA0404Z0,STORMLANDS-2
LV909V4LO,CROWNLANDS
FA00LOFA9V0,RIVERLANDS-1
LVVLO04Z8,IRONISLADS
FA00L409V,STARKS
LZ80V98L,STORMLANDS-1
8LO44,IRONISLADS
900V4880,#N/D
LZV8LOL00,IRONISLADS
LO0ZFAV080,AEGON
L9Z88LOZFA,IRONISLADS
LZ944Z0L,DORNE-1
LVZVLOVLV,STORMLANDS-2
Z0000Z0FA,STORMLANDS-2
8LO44,IRONISLADS
L8LOLV9Z0,STORMLANDS-2
L8Z404VV,DORNE-1
LZZLOZ8VZ,STORMLANDS-1
LFA80VL0V,STORMLANDS-1
LFAV8FA0ZLO,DORNE-3
LLO8FALOFA0,IRONISLADS
LO08ZFA80FA,#N/D
L4L00V9Z,DORNE-3
80LZM90Z,STORMLANDS-1
LFALO0LO0FA4,HOARE
FA0LL0LLO4,#N/D
90L4L89V,#N/D
89ZL089,HOARE
800400FA4,STORMLANDS-1
V0V94,DORNE-1
LZ89FA4VFA,NORTH
V0Z90FA0LO,HOARE
L900L090,RIVERLANDS-1
L49FALO88FA,#N/D
8000FAVZFA,STARKS
LV9L90V4,IRONISLADS
L490FAL40,DORNE-1
9LZLO400,HOARE
Z00ZV0L4,DORNE-3
L40FAVVZ4,HOARE
L9ZVZM8LO,RIVERLANDS-2
LVFALO048V,STORMLANDS-1
L90FA4LO9FA,HOARE
Z0409LZM,RIVERLANDS-2
9004040Z,#N/D
LFA80ZZLO9,STORMLANDS-2
L8909080,RIVERLANDS-1
L904V8L0,RIVERLANDS-2
L9VZ0VZV,STARKS
LL8LOLLOVV,STORMLANDS-1
LZZMZM09,#N/D
L90ZMV84,#N/D
LO0ZLOFA4ZZ,#N/D
LZMFALO09L,DORNE-1
ZZ804LVZ,NORTH
ZZL984Z8,STORMLANDS-2
L900ZM04,STORMLANDS-1
LO04809VFA,CROWNLANDS
LFALOV4ZLO4,#N/D
LVL0V9LO0,RIVERLANDS-2
LO09FALOV00,CROWNLANDS
LLVZ4080,DORNE-3
LLO4LLO0LLO,STORMLANDS-1
L9LO0L48L,#N/D
LLO84LO0LZ,RIVERLANDS-2
LZLO80VFA0,STORMLANDS-1
LZMFAVVFA0,REACH
FA0Z9ZFAZLO,#N/D
FA0LVZLL0,#N/D
LVVFA404LO,HOARE
LV00ZFAVFA,CROWNLANDS
V00V9ZLL,STARKS
LO0ZMFA49LO,REACH
LZM4LV,NULL
80LL0VV,DORNE-1
V0V0ZLO4V,STORMLANDS-2
V00L44LLO,CROWNLANDS
L8FA4LO88V,STORMLANDS-1
ZZ0V0ZFA0,NORTH
LLO08VLOVL,DORNE-1
ZZ0V0ZFA0,NORTH
LZLOZ448FA,#N/D
L9VLLO94V,DORNE-1
Z0ZFAV0FAZ,DORNE-3
900V0LOL0,#N/D
9808FA8Z,DORNE-1
FA0480FALOL,#N/D
L4LV0V0FA,DORNE-1
FA0LZ4V4L,#N/D
L0FA0L0V8,RIVERLANDS-1
8Z0L8FAZ,IRONISLADS
L49LOL4FAV,RIVERLANDS-1
LLLLLOL00,DORNE-3
LZLOL4LO00,STORMLANDS-2
ZZLOV488Z,CROWNLANDS
LFA4FA9LOZFA,STORMLANDS-1
L9404840,DORNE-1
LLO980LO0LO,RIVERLANDS-1
LV0LL000,DORNE-1
V0LOZFA000,NORTH
LO0LO4LLZ4,AEGON
LLOVVFA890,NULL
FA0FAZM098,#N/D
LLLO0FAL40,RIVERLANDS-2
LZLOLFA00L,REACH
FAL89LO4LO,IRONISLADS
Z0LOLLOZFA4,DORNE-3
LLOL9LOL0L,STORMLANDS-1
V0LO8VZZ,HOARE
V0Z88Z40,DORNE-1
Z0FA9Z000,RIVERLANDS-1
LO0LOZ0LLOFA,AEGON
V080400Z,REACH
LZ00FALLO0,HOARE
L8Z89ZLO4,DORNE-1
Z0L080LO9,DORNE-3
L9400LO0FA,IRONISLADS
LFA08V880,STORMLANDS-1
FA0Z4VFA,#N/D
L088FALOZZ,STORMLANDS-1
LZ98LLO0L,DORNE-1
LV9L4LL4,DORNE-1
LVZ0VLO,DORNE-1
L80VLOZFAZ,DORNE-1
L088FALOZZ,STORMLANDS-1
LLO0L94L9,HOARE
L0Z9LLOV8,HOARE
LZFA9LZL0,STORMLANDS-1
Z0FA9Z000,RIVERLANDS-1
LO0FA8Z490,CROWNLANDS
ZZFAZ490FA,NULL
L490,RIVERLANDS-1
L90L8L00,STORMLANDS-2
V00LO4VZFA,STORMLANDS-2
LV04VL40,STORMLANDS-1
L0LOLZM9L,HOARE
LFA089FAV0,STORMLANDS-1
LZLOLLO4FA0,STORMLANDS-1
FA00FA0ZFAZ,#N/D
L94Z08LO4,DORNE-3
80LZFAZ8V,STARKS
Z0804049,#N/D
L9LOZL4VL,RIVERLANDS-1
LVZ889,REACH
LZV8LOL00,IRONISLADS
FALOV9LZL,IRONISLADS
LLO8FA9ZV4,IRONISLADS
V0FA908LO9,STORMLANDS-2
L89Z809L,DORNE-1
L09FA0VZ0,STORMLANDS-1
L940V8FAZ,NULL
V0LOL0FA0L,NORTH
V080ZM8V,REACH
L908FA0LOV,NORTH
900LO0LO4Z,RIVERLANDS-1
9L9L4,HOARE
L4FAZ40Z9,DORNE-1
L8LOFAVLOV9,IRONISLADS
L009FA949,IRONISLADS
900988V4,#N/D
LVLZFA4LZ,NULL
L0009VLOV,IRONISLADS
4840LLV,IRONISLADS
849L0VV,HOARE
LLO4FA09VLO,REACH
L94Z00FAV,RIVERLANDS-2
L9L0VV4FA,IRONISLADS
L8LO8V4FA0,DORNE-1
VV4L890,IRONISLADS
9FAFA408L,HOARE
FA0FAFAL9Z9,#N/D
9ZLZ9LFA,HOARE
V0848LLO9,REACH
LLOLZZ0FA4,IRONISLADS
FA0080FAFA0,#N/D
LVFA98LO40,REACH
ZZL8L44L,NORTH
LLL98Z04,STARKS
LLOV0880V,DORNE-1
L88ZFA988,DORNE-1
L0ZV9V0LO,NORTH
L0FALOZVFAFA,NORTH
LLOZ9008FA,IRONISLADS
V849V00,HOARE
LO8LL0ZZ,HOARE
L44Z04ZV,REACH
L490L8FAFA,STARKS
V089Z090,#N/D
LLO9008V0,STARKS
L8VZM8LO0,IRONISLADS
Z04VLOZZLO,RIVERLANDS-1
LLZLOFAV0Z,STARKS
LLOV0V48Z,REACH
L8Z090,STARKS
ZZ4VLZVZ,NORTH
800FA4ZMLO,STORMLANDS-1
L9Z9Z0,#N/D
LVZL0FA,STORMLANDS-1
L8Z0L4VZ,HOARE
LO0ZZ09LL,DORNE- 2
LLFA4FA904,STORMLANDS-1
FA0L00FAFA9,#N/D
LO0ZV8ZLOZ,NULL
LVVFA404LO,HOARE
FA04VV9V0,#N/D
LZ0LOFAZFAV,#N/D
LZ0LOFAZFAV,#N/D
LZZ8LOFALV,IRONISLADS
L80LLOFAV0,IRONISLADS
L8LLOZFA0L,#N/D
FA0L0Z89Z,RIVERLANDS-1
L90LZVLV,DORNE-3
Z0FA000L8,RIVERLANDS-1
V4VV0LO4,DORNE-1
L0L0FAFA09,STORMLANDS-1
9ZL0V9Z,DORNE-3
L89L9LO89,CROWNLANDS
L0400909,HOARE
L9LO804LFA,DORNE-1
L9FAFAFA909,DORNE-1
L4FA8408L,STORMLANDS-2
ZZ00ZZ0L,NORTH
LZLZL0FAFA,HOARE
LO0Z8LFA,DORNE- 2
LL8LO9VLZ,STORMLANDS-2
LFA9FA040V,RIVERLANDS-1
LL0000VZ,DORNE-1
LO0L800FA0,NULL
V0ZV9090,DORNE-1
LV04VL40,STORMLANDS-1
LLFAZ8L0Z,NULL
LO0ZMFA00LO,AEGON
V0084V9L,NULL
LZVLFA9L8,HOARE
LZVLOZVV8,STORMLANDS-1
LZLO9898FA,STARKS
LLO8Z000Z,STORMLANDS-2
LLO08L4FAFA,STARKS
LZMVL0Z9,NORTH
FA00LZ00V,RIVERLANDS-1
84FA0008,HOARE
LV9LO9098,#N/D
LV9FA0Z0LO,#N/D
LVZ0ZLOFALO,RIVERLANDS-2
9FALO00,IRONISLADS
Z04FALO448,DORNE-3
FA048084Z,#N/D
V00Z4Z0LO,NULL
LVZM04Z9,STORMLANDS-1
V00Z800L,#N/D
Z0000Z89,RIVERLANDS-2
LO0ZVL0Z0,REACH
LLO900044,STORMLANDS-1
L8040LO4L,REACH
LFALOV88FAL,NORTH
9ZM4LOZZ,DORNE-3
L800LOV09,DORNE-1
LVVL9049,STORMLANDS-1
L0VZL0LO9,NORTH
LLO00FAL04,RIVERLANDS-2
9FA8LOLLOV,DORNE-3
FA0FAV9ZZLO,#N/D
LLOLZZ0FA4,IRONISLADS
L004800Z,DORNE-3
8LO8L0LO0,HOARE
LLOFAFA0ZFAV,STORMLANDS-1
FA0484L0FA,#N/D
L04LOVZLO4,IRONISLADS
LV9ZFAL48,DORNE-1
L408FAFA9Z,IRONISLADS
LO00FALLO8L,CROWNLANDS
LL8FALZ0V,NULL
800FA000FA,NULL
ZZVLOFALO9LO,#N/D
FA00Z0494,#N/D
FA0FAFA00VZ,#N/D
90LFALOZV0,#N/D
L94800V8,#N/D
LO0Z80LOFAL,DORNE- 2
Z04L8LOFA0,DORNE-3
LVVL9004,STARKS
LFAV08LOZ8,STORMLANDS-1
Z090Z048,STORMLANDS-2
L8ZV89L9,#N/D
ZZ0Z4V48,NORTH
LV9V8LO,HOARE
8004V0V0,#N/D
LO0ZZ48V0,REACH
L0LLLOZ00,NORTH
L0ZMLFAFAZ,HOARE
FA0444LZ4,#N/D
L9LLO0LLO4,NULL
L89FA0FA4Z,STORMLANDS-2
L800FA0LOV,RIVERLANDS-2
L4L8LO9LOFA,STORMLANDS-1
ZVZM4Z0L,NULL
800040L0,NULL
FA00004,STARKS
ZZZML989,NORTH
L900FA0V0,HOARE
ZZLOFA90LLO,STORMLANDS-2
L0804LO,NORTH
9840V8FA,RIVERLANDS-1
LLZ04L8V,DORNE-1
L80084LO8,RIVERLANDS-1
LFAL0FA9LO4,DORNE-1
FA004LOZ40,DORNE-1
L90L8FA0Z,IRONISLADS
V0ZZLO0LZ,HOARE
L89FALO9FA0,IRONISLADS
LZ0LO00V0,HOARE
9FA0FALLV,DORNE-1
FA04ZLOL90,#N/D
LFAZV8LO,NULL
LLOV0LO0LO0,NORTH
FA0L88LO,#N/D
V0L80Z8FA,#N/D
LLOZ00848,DORNE-3
L84FAFA4,DORNE-1
VLO00VZL,IRONISLADS
L9Z0FALOV4,RIVERLANDS-1
LZ98LLO0L,DORNE-1
LZLO40Z80,REACH
LFA8LLVLLO,NORTH
LLO000ZVZ,STORMLANDS-1
L9Z984FAV,IRONISLADS
LZ9LO0ZL9,IRONISLADS
FA0004L00,DORNE-1
L9LOVLLOLV,DORNE-1
VZ0Z044,HOARE
LZV8VLOFAV,STORMLANDS-1
LVZFA0LOZ0,STORMLANDS-1
L84LO88LO8,DORNE-1
L80400LL,DORNE-1
90L4LO4,#N/D
L94V8LO04,NORTH
ZZ08FAFAFAL,DORNE- 2
LV80LLO90,RIVERLANDS-2
LZ08Z04L,STORMLANDS-2
Z00V4V9V,RIVERLANDS-1
V04LLOL8Z,STORMLANDS-2
V00LO4VZFA,STORMLANDS-2
L9FA0ZZM0,HOARE
LVLFA8FAFA0,IRONISLADS
LVLVZ840,DORNE-3
L40LO84V8,NORTH
L94ZLFA4V,NULL
LLOZFAZL9L,DORNE-1
LV009LOFAFA,NORTH
LZMLZMLV,RIVERLANDS-1
L49V04L4,HOARE
8LL08FAFA,HOARE
L00LO09LV,IRONISLADS
LO0ZLOV0VZ,RIVERLANDS-2
L80FA9008,IRONISLADS
L8888LOZLO,DORNE-3
FA0ZFA4004,#N/D
LLO0LOV448,HOARE
LLOVZ4040,DORNE-3
89LO9084,#N/D
LLOZLOZ8ZFA,IRONISLADS
FA0ZFA4004,#N/D
LLO8V0090,NORTH
L4LO80ZZV,RIVERLANDS-2
800V08ZM,STORMLANDS-1
ZVZL9V04,NORTH
FA0L00LL8,#N/D
ZVZ9LO8VLO,NULL
889LO004,IRONISLADS
LLO8LV8VLO,REACH
L9V490L4,NULL
L94LO0FAFAV,STORMLANDS-1
LFA9FAZL89,DORNE-3
FA0L89FA,#N/D
VL8Z80L,IRONISLADS
V0LOZFA000,NORTH
V09FAFAL0FA,REACH
LFA890VZ0,STORMLANDS-2
L40Z4LO0L,CROWNLANDS
V0900LO4,DORNE-1
LV0Z0LO,STORMLANDS-1
L0ZV4V0,IRONISLADS
L9FAL0V0V,NORTH
L0ZLO0LLV,STORMLANDS-2
V000FA0VV,DORNE- 2
ZVZM4Z0L,NULL
9V4ZZM0,RIVERLANDS-2
L4ZFAVL48,HOARE
V08LO0LOVLO,REACH
FA0LVZ8LO9,#N/D
L800494FA,IRONISLADS
ZZFA8ZLO,HOARE
LFAV00V4L,DORNE-1
9FAVFA000,DORNE-1
900ZLO090,#N/D
LV4LOV49Z,#N/D
FA0LL9VLOL,#N/D
Z0ZZV89V,RIVERLANDS-1
94FAFAFAFA0,DORNE-3
VZFA0LOZ0,DORNE-1
9V00Z04,DORNE-1
ZZ0FAVVVFA,STORMLANDS-2
L0VFA9LO9L,HOARE
800LFA0,NULL
L8FAV0L9LO,DORNE-3
LZ94V984,DORNE-3
L49FALO88FA,#N/D
V04FALO0FAV,STORMLANDS-2
LZ94V984,DORNE-3
LV890FAZ0,RIVERLANDS-1
LO0Z40909,AEGON
LLO0009V0,REACH
FA0400840,#N/D
LV4Z0LO9LO,NULL
L9L0V9LO0,HOARE
LL8LZM4Z,#N/D
Z084FA9FA8,DORNE-3
LZMLZLFAL,IRONISLADS
L9FAV0Z9Z,NORTH
L8Z0Z8Z9,STORMLANDS-1
L4LVLOLVLO,DORNE-1
Z084VVZ8,RIVERLANDS-1
9L4VLLOZ,HOARE
FA0L4FA00V,#N/D
LZLZLO80LO,NORTH
LLOV09L,#N/D
LLO88L4,NORTH
LZ89ZMVV,IRONISLADS
ZZZL0LOVV,NORTH
L4V90VVLO,DORNE-1
L4V0L0LOFA,IRONISLADS
V0V9VLZM,NORTH
L9ZMZ8V0,#N/D
Z08FALOFALL,DORNE-3
FA00484FAFA,CROWNLANDS
800FAL0FA4,STORMLANDS-1
LFA8LOZL49,DORNE-3
LO040VLO,CROWNLANDS
V098L4ZZ,STORMLANDS-2
LO04LOV89V,CROWNLANDS
LVZV40ZM,CROWNLANDS
L4ZFAVL48,HOARE
L8ZLOFAFAVLO,REACH
FA0000LO89,NULL
L9LO000FAZ,RIVERLANDS-2
L8LO890,RIVERLANDS-1
FA0ZM4090,#N/D
L0L98Z,RIVERLANDS-2
L8LL9L0FA,HOARE
L9L04Z40,AEGON
L4LO009FAFA,CROWNLANDS
Z0VLOZ40Z,DORNE-3
L98L098L,STARKS
L8LO9FAV00,DORNE-3
FA00VFAFALOL,HOARE
LZ08908V,HOARE
L480LLZ0,DORNE-1
L9L04Z0L,STORMLANDS-2
LZLLO0ZM4,DORNE-1
LO0FA8Z490,CROWNLANDS
L8FAFA8LLOZ,NORTH
8009LO09L,NULL
LO0LO48V4Z,#N/D
Z0408L40,DORNE-3
V00L44LLO,CROWNLANDS
ZZ0LZ0ZLO,NORTH
VLO40ZL8,IRONISLADS
V008L084,STARKS
V0ZVFA8VFA,HOARE
LLOV4VFA0LO,STORMLANDS-1
LLO0Z900V,DORNE-3
LZ4LO9008,NORTH
L4L0Z49V,STORMLANDS-2
LLO84FA00Z,DORNE-3
FALOZ8444,HOARE
L89ZVLV8,DORNE-1
LO000FAVLOFA,CROWNLANDS
9Z0Z0Z0,IRONISLADS
L8FAFAL0FA9,STARKS
L0V0V4V0,STORMLANDS-2
LLO9889LO4,STARKS
FA0FA9LO9LO0,#N/D
L9ZMFAZ80,STORMLANDS-1
L8FAFAFA0LFA,STORMLANDS-1
FA0L4VZ80,#N/D
L00LOVL8L,STORMLANDS-1
LL9Z9VFA0,IRONISLADS
ZVZLZ89V,DORNE- 2
L8FALO90LO0,STORMLANDS-1
LLO4L4FA49,STORMLANDS-2
L9LFALOZ9FA,RIVERLANDS-2
V80L008,HOARE
Z040Z80Z,RIVERLANDS-1
VFA00ZV9,HOARE
L8ZVLZZV,IRONISLADS
L9VLO0008,RIVERLANDS-2
L0VFALZ,STORMLANDS-1
LVZM4980,#N/D
L80LZVVV,#N/D
FA000FALOL4,RIVERLANDS-1
LLO888ZZV,IRONISLADS
L9LO40L48,#N/D
LLLFA00LL,RIVERLANDS-2
LV900800,DORNE-3
LFAZ09L00,DORNE-3
LFALOFALFAVLO,HOARE
9LOFAL9LLO,DORNE-3
L94FAVLOVFA,STARKS
LZ08FAFA44,NORTH
Z040409LO,RIVERLANDS-1
8FA89FAL9,IRONISLADS
LFA0LO8VVL,RIVERLANDS-1
L8V4ZVZZ,IRONISLADS
V0VZVVVFA,STORMLANDS-2
L0FA0Z0ZLO,HOARE
LO049LOFALO0,CROWNLANDS
L0L9Z9FAFA,STORMLANDS-1
L04040VV,IRONISLADS
L8880VLL,#N/D
L90LLOV4LO,HOARE
LZ8L944V,DORNE-3
FA009LZZZ,DORNE-3
FA0L9L4L9,#N/D
L8VZ98V4,IRONISLADS
L4LOZ0L89,#N/D
L8V89LVZ,DORNE-3
Z004FA4LFA,RIVERLANDS-2
LO044LO0LLO,AEGON
LLO80LOL80,NULL
LZ9LOV00L,NULL
8000LOZLOFA,STORMLANDS-1
ZVZMLO400,NULL
LVLOL0VLOFA,CROWNLANDS
Z0LZM9V4,RIVERLANDS-1
L0LOFAZ4,REACH
L8089V0Z,STARKS
FA04Z04VV,#N/D
L9LVLOZ0Z,IRONISLADS
L90Z4404,NORTH
8004VZ4V,NULL
LLZ4FAFA,STORMLANDS-1
LV8ZZVLOZ,HOARE
L4ZL0080,HOARE
LLV00000,STORMLANDS-1
V00VLOLFAZ,STARKS
L88LOLFA89,DORNE-1
9890VV8,DORNE-3
L8Z0900L,DORNE-1
L9409V9L,DORNE-1
ZZ48008Z,NORTH
LL4FAV9FAV,STORMLANDS-2
LO88VV,DORNE-3
LL4VZZ0FA,IRONISLADS
FA0FA98LO08,#N/D
LO0LO0VZ08,CROWNLANDS
L0L0L4LV,RIVERLANDS-1
L4L4L40V,CROWNLANDS
ZZ4VLLO,IRONISLADS
LLOV0880V,DORNE-1
FALOZ8444,HOARE
V0ZLZLZ4,REACH
FA0008Z04,STORMLANDS-2
LV4ZV0Z0,NORTH
9LO0900Z,DORNE-3
L0L8ZZ84,DORNE-3
9LO0900Z,DORNE-3
LV0ZFA9LOV,DORNE-3
800LO400LO,STORMLANDS-1
LO0LO4LLZ4,AEGON
LLLOFAZFA08,STORMLANDS-2
VFA484Z9,HOARE
LFAFA00V49,DORNE-1
Z044L0FAL,RIVERLANDS-2
LLOLZZ0FA4,IRONISLADS
LL9FA940FA,DORNE-3
Z0V0FAFA80,DORNE-3
ZZZ9LO004,CROWNLANDS
L0ZL9LZLO,IRONISLADS
L80ZVZ0Z,NULL
L9FAFA0FAFAV,DORNE-1
L00L80LZ,HOARE
FA004LO0LOZ,RIVERLANDS-1
LZ40FA8V4,DORNE-3
LZVLOZVV8,STORMLANDS-1
LO0LVV000,CROWNLANDS
LFA8LO0L84,HOARE
V00L0V80,CROWNLANDS
LZZV084V,NORTH
LZ0FAFAV9LO,CROWNLANDS
V0FA80ZFALO,STORMLANDS-2
L9Z9LOV8Z,DORNE-1
VLOL0488,HOARE
V0Z8LO94,HOARE
LVLFAL000,NULL
L08L8FA9V,IRONISLADS
FA00V00,#N/D
LV0LO0VFALO,IRONISLADS
L880LO840,IRONISLADS
Z0904LO9Z,STORMLANDS-2
LO0ZLL9,AEGON
LLO8LV8VLO,REACH
LZV0FA0,IRONISLADS
L8LO890,RIVERLANDS-1
L08988LO0,RIVERLANDS-2
LFA9FALOVZ4,REACH
LLOVV0494,DORNE-1
L0ZL0LLLO,STORMLANDS-1
LVFA04L,DORNE-1
FA04FA0LOL0,#N/D
LL8V0VLOV,RIVERLANDS-1
VLZFA094,IRONISLADS
LL0FAZ9LL,NULL
LZLVLOL44,STORMLANDS-1
V40FA0V8,IRONISLADS
LLO09VVFALO,HOARE
LLO400VZ0,STARKS
LZ9V4FA94,STORMLANDS-1
800ZZLO40,STORMLANDS-1
8Z0LFA8Z,IRONISLADS
LV0LZ088,REACH
LZ09Z4ZFA,#N/D
LZ800LOL0,DORNE-3
L08L0LO4Z,STORMLANDS-1
L000FA00Z,STORMLANDS-1
FA00ZLOLZ4,STORMLANDS-2
Z0LOFAV0FAZ,STORMLANDS-2
LZ00ZLO40,IRONISLADS
V0LV9LO4FA,#N/D
Z0FA94L48,DORNE-3
L894L00Z,RIVERLANDS-1
L0FAZM0ZM,RIVERLANDS-2
9V04V,STORMLANDS-1
ZZLO90LO0LO,NORTH
LO0LO008Z4,CROWNLANDS
LLO980LOFAZ,DORNE-3
80008LO00,STORMLANDS-1
L900L090,RIVERLANDS-1
Z094LFA00,DORNE-3
Z084VVZ8,RIVERLANDS-1
900000FA4,RIVERLANDS-1
8004Z090,#N/D
LV08VL,#N/D
900FA4009,#N/D
LO0L4949L,NULL
LVZ9L808,RIVERLANDS-2
LFA000094,DORNE-1
L8LL4884,IRONISLADS
LFAV0ZLLOV,STORMLANDS-1
9VLOLLO0Z,RIVERLANDS-1
LVLV0Z08,STORMLANDS-2
LZVV4408,NORTH
LV4840VZ,DORNE-3
LFALOLVFAVL,DORNE-3
L0FAZ4008,NORTH
LV9FA0009,IRONISLADS
LO0LO04Z8LO,CROWNLANDS
L8848LOZZ,HOARE
LFA08FAZ4Z,RIVERLANDS-1
L8000ZML,IRONISLADS
LZ89Z400,STARKS
V0L8L8FALO,DORNE- 2
LZV0FA0,IRONISLADS
L9FAFA809V,RIVERLANDS-1
L94Z8LLO4,STARKS
V0L04890,DORNE- 2
L94ZVLOV4,HOARE
L84LO4L9V,RIVERLANDS-2
80LFA4LOLLO,STORMLANDS-1
Z0FA0ZM48,DORNE-3
LO0LZ00ZM,NULL
8L80LO09,IRONISLADS
L4FA0ZFA9LO,HOARE
L90L8FA0Z,IRONISLADS
ZZLV9LO08,NORTH
90V00VZ,DORNE-1
LLO8L0FAFA0,IRONISLADS
LVZLO9VLO0,IRONISLADS
Z0L0FA090,RIVERLANDS-1
LV4LOV49Z,#N/D
L0VZ9L0L,IRONISLADS
LFAV98Z44,DORNE-3
L9L09FA0FA,RIVERLANDS-2
V904V8Z,HOARE
L988LOL0LO,STORMLANDS-1
FA0LOFA09,#N/D
L0V88L0LO,DORNE-1
L9LZ90,STORMLANDS-2
LZ00409FA,#N/D
Z08VFAFALFA,DORNE-3
ZZ009VV0,STORMLANDS-2
L0FALOV0LFA,IRONISLADS
ZZ08FAFAFAL,DORNE- 2
L4L0FAFA0L,HOARE
L9FAZLLLFA,RIVERLANDS-2
L98L9LO4LO,STORMLANDS-1
LVVLOZFALOL,HOARE
80009L8FA,#N/D
L0000084,STORMLANDS-1
L489ZLO40,#N/D
8000LFAFAFA,NULL
L8VLO8ZLOFA,#N/D
L4L88V0LO,DORNE-1
FA0LFA8V4Z,#N/D
L0V880,STORMLANDS-2
V848VLL,HOARE
V09LV84L,REACH
LO0LOZZ89Z,#N/D
L8LV098Z,STORMLANDS-1
LV4ZV0Z0,NORTH
LV0LL040,DORNE-1
LL0LZ9FA0,CROWNLANDS
Z00LZVLZ,RIVERLANDS-2
L08894LZ,STORMLANDS-1
V894809,IRONISLADS
ZZLO04VFA8,#N/D
LVL88880,#N/D
LLO00LVLO0,HOARE
LLVZ4LO00,NORTH
LLFA8VFA89,IRONISLADS
LLOLFAZM94,NULL
FA0LLOZLFA8,#N/D
LVLV9Z84,CROWNLANDS
904V90Z,HOARE
Z0L090,DORNE-3
LVV048LLO,NORTH
LFAV40VFAV,DORNE-1
L8LO09FA,RIVERLANDS-1
LLO8LLOV0LO,DORNE-3
90L09L8L,RIVERLANDS-1
9000V04FA,#N/D
LV9FA4080,STORMLANDS-2
V0L4LFAFALO,RIVERLANDS-2
L88LOLFA89,DORNE-1
ZZLLFAZFAL,STORMLANDS-2
L8FA09L4FA,CROWNLANDS
8LLL094,IRONISLADS
80LFALO80V,STARKS
LLZ0VLO0Z,IRONISLADS
V08L90L9,REACH
Z0FAVVLFA0,RIVERLANDS-2
L8LO00049,IRONISLADS
LFALO0089LO,#N/D
L0LOVZZ48,IRONISLADS
L904ZZL9,NORTH
LVFAFA8Z00,#N/D
L4ZFA09FA4,STARKS
L8V00LO9FA,DORNE-3
LLV49ZMZ,#N/D
LL9LZ0,IRONISLADS
LL00V0Z0,#N/D
L8ZM49V9,NULL
L0840ZZV,DORNE-1
LFA8LO940V,DORNE-3
L9FAVFALZL,STORMLANDS-1
ZZVFAL8ZV,HOARE
FA0FAV0LO40,#N/D
L9VV09L0,CROWNLANDS
ZZL8L980,RIVERLANDS-2
L80LLOZFA9,NULL
FA009L0,CROWNLANDS
94VFA40Z,DORNE-3
V0V400LLO,STORMLANDS-2
LLFA4LOFA0LO,DORNE-3
L9L009FA0,#N/D
L900890LO,#N/D
V84LOL,IRONISLADS
VZ0ZM8Z,DORNE-1
LV9V9L9V,STARKS
L4LFAV40FA,STORMLANDS-1
Z0490Z8L,RIVERLANDS-1
V0049L4FA,RIVERLANDS-2
V000FA0LO0,RIVERLANDS-2
80LZZ09L,NULL
80LL0VV,DORNE-1
LZFA9LZL0,STORMLANDS-1
Z0ZLO08VFA,RIVERLANDS-2
LO040Z8V4,CROWNLANDS
LLOL098LOL,STORMLANDS-2
FA04LOL40Z,#N/D
LVZ909V0,DORNE-1
V0LOZZZZ,HOARE
V0094LO9FA,RIVERLANDS-2
L080L0FAL,DORNE-3
LVFALVLZLO,NORTH
LVLOZ8FA4L,IRONISLADS
LZFAZFAZZ8,DORNE-3
LFA4084V9,STORMLANDS-2
L0FALOV0LFA,IRONISLADS
L9V4LL09,HOARE
FA00LOFA9V0,RIVERLANDS-1
LV98LO9FA8,STORMLANDS-1
L009LFA,IRONISLADS
ZZV4904L,STORMLANDS-2
LFA4L0LO9L,RIVERLANDS-2
L008VZ9FA,#N/D
LV9L90V4,IRONISLADS
L80ZZ8,STORMLANDS-1
V44Z948,HOARE
LZ00LO444,DORNE-1
L84040L0,NULL
L940FALO9FA,DORNE- 2
L94LFA4L9,IRONISLADS
LL49LZLFA,DORNE-3
LFA4L0LO9L,RIVERLANDS-2
LVLO0L094,#N/D
9000LOV,#N/D
L0ZZ00FAZ,IRONISLADS
L9V4FA090,DORNE-3
V080LO08LO,REACH
8004V0V0,#N/D
L848LOZLL,NULL
LO04V80Z0,CROWNLANDS
LFAZM90LFA,#N/D
FA0LV9V,#N/D
L088LOL,IRONISLADS
L8LOZ9LOL0,DORNE-1
L8Z0V9VLO,NORTH
FA0FAZVFA40,#N/D
LV8L809LO,DORNE-3
L9LOV8V8LO,NORTH
888ZVL0,HOARE
LZ40LO909,RIVERLANDS-1
800ZLOLZFA,STORMLANDS-1
89V40,HOARE
L49FALO88FA,#N/D
Z0FA408ZZ,RIVERLANDS-1
LZFAVFA09FA,DORNE-1
LVLOZ0840,DORNE-3
LVV9ZLL8,STORMLANDS-1
ZVLOZLOZ90,DORNE- 2
LLO0ZV4VL,STORMLANDS-1
L9LO04498,HOARE
L04Z0890,STORMLANDS-1
90Z8404,IRONISLADS
LZ0LO00V0,HOARE
L8440084,IRONISLADS
ZZ0LO9V8Z,NORTH
ZVLO480V9,NULL
LVLO08948,DORNE-3
8040984,IRONISLADS
V0V40LV9,STORMLANDS-2
LVLFAL094,#N/D
L09Z4LLO9,CROWNLANDS
ZLOFA40009,IRONISLADS
L9LOZL4VL,RIVERLANDS-1
Z080ZZ0LO,#N/D
LFAFAFA4LO,STORMLANDS-2
LZ8LOV094,HOARE
FA0Z98008,#N/D
L9VV0V8V,STORMLANDS-2
8FA9V9Z0,IRONISLADS
L9V0VFA,STARKS
L0VV8VLL,RIVERLANDS-1
L44V948FA,REACH
L84FAZ89LO,DORNE-3
V000808V,CROWNLANDS
LO084LO48V,CROWNLANDS
L984LOVL0,NULL
9V4ZZM0,RIVERLANDS-2
L0L9L9VL,IRONISLADS
LZ84944Z,#N/D
LVZVLO8LFA,CROWNLANDS
FALLLO49L,DORNE-1
LFAZ44988,STORMLANDS-1
80L0FA0LO0,STORMLANDS-1
LVV089LFA,#N/D
L809FAZ4FA,DORNE-1
L90LO0L48,HOARE
LLL08LO04,STARKS
L8LOV9ZVLO,RIVERLANDS-2
LZ8V400LO,RIVERLANDS-1
ZZ08LOL04,NULL
VL4V00FA,IRONISLADS
L8ZM8,DORNE-1
Z00FAFA4LO9,DORNE-3
LFA8FA04V4,NORTH
ZZLV9LO08,NORTH
V4LOFAZ0FA,IRONISLADS
L98LLOVVL,DORNE-1
V00LO9L0Z,STARKS
LL908FA0L,IRONISLADS
L9FAFA09ZL,#N/D
ZZVVFAFAV8,NORTH
9009LO9,#N/D
LZFAVZZZL,STORMLANDS-1
LV09FA084,NORTH
LZ490LO8LO,RIVERLANDS-2
LZM4ZVV8,IRONISLADS
Z0FALOFA4FA4,DORNE-3
LFAL0LO8LZ,NORTH
LOV0V4V,IRONISLADS
FA0L9Z9FAZ,#N/D
L9ZZ00VZ,RIVERLANDS-1
FA00LL000,HOARE
FA04Z8L80,#N/D
8L04904,IRONISLADS
L908LOFALOZ,NULL
FA0LVFAVLOFA,#N/D
L4LFAFA089,DORNE-3
LO0ZV8448,NULL
L40FAZ0FAL,REACH
800LFA0V0,STORMLANDS-1
LOVFAFA04,HOARE
LO0LLO0FA00,CROWNLANDS
LV0FAVLLO0,STORMLANDS-1
L40FAZ0FAL,REACH
L984L88L,IRONISLADS
LO0948FA84,CROWNLANDS
LO0ZLOZ9L9,RIVERLANDS-2
900FA0000,#N/D
L9LO40FALFA,STORMLANDS-1
L9LVVLO40,NORTH
L0V040,STORMLANDS-1
LV49FA0ZV,#N/D
80080V,#N/D
LV08VL,#N/D
V04V0LOFA8,REACH
LZLO0900V,HOARE
L4FA8408L,STORMLANDS-2
LZML9L4LO,NULL
80L49800,STORMLANDS-1
804488FA,IRONISLADS
LL9808LO4,DORNE-3
FA0LZ88LO9,#N/D
FA00FA0FAVFA,STORMLANDS-1
Z00LZVLZ,RIVERLANDS-2
L00V90LV,RIVERLANDS-1
L9LFALOZ9FA,RIVERLANDS-2
L080L0FAL,DORNE-3
L0LO0049Z,HOARE
L4V4FA009,RIVERLANDS-2
Z080LOVFALO,RIVERLANDS-1
V0040LO44,RIVERLANDS-2
Z009L8LOZ,RIVERLANDS-2
LZ9VFAFAFALO,#N/D
L90L9Z0Z,IRONISLADS
LZV4Z04Z,HOARE
LVZ408V8,NULL
LV4VL9LL,HOARE
L9LOVZZ8FA,IRONISLADS
LLLO8FALO0V,STORMLANDS-2
Z00L9ZFA4,STORMLANDS-2
80ZLO040,IRONISLADS
LVZM04Z9,STORMLANDS-1
L8LOFAZM44,CROWNLANDS
LLO8VZL4FA,IRONISLADS
ZZ0V0FAFALO,CROWNLANDS
V08Z0088,REACH
L48LO0FA94,STORMLANDS-1
LZ00ZM0Z,HOARE
L0LOLZFA49,IRONISLADS
9V00FALOFA,DORNE-3
LLZ0FALO94,STORMLANDS-1
LO04L4FALOFA,DORNE- 2
LV084VLV,REACH
LLO4Z98,REACH
V4084VZ,HOARE
LZV4FAV09,HOARE
L0LO0FAZZ0,IRONISLADS
LZZZLO0,NULL
FALOFALOLFALO,HOARE
Z0V9ZL0L,DORNE-3
LFA08880LO,NULL
Z0884Z04,DORNE-3
LVL9L0FA4,HOARE
Z044FAL98,DORNE-3
LZZ8LOFALV,IRONISLADS
LVZV0V0Z,DORNE-1
Z009L00Z,RIVERLANDS-2
V00L0V80,CROWNLANDS
8LLV009,IRONISLADS
FA0ZLO0LOL4,#N/D
L9FAL0L04,STORMLANDS-2
LFA94LOVLL,DORNE-1
FA0Z909LOFA,#N/D
FA048V9FA0,#N/D
FA00V4989,DORNE-3
LFALLLO0FA0,DORNE-1
8000L0VLO,STORMLANDS-1
8LFA9,DORNE-3
LLOVL8LOZ4,REACH
L0ZLL0Z9,STORMLANDS-1
LLOV9ZFAFAV,DORNE-3
8ZFA0Z80,IRONISLADS
LV80ZLL9,DORNE-1
LLO0FA8Z40,HOARE
LLO09VVFALO,HOARE
Z0904LO9Z,STORMLANDS-2
L009V9LO0,NORTH
L4ZFAL0LV,REACH
L880LO840,IRONISLADS
Z0ZMLOFA9L,RIVERLANDS-2
L48FALO80Z,RIVERLANDS-2
LLOZLOZ8ZFA,IRONISLADS
80V0Z8Z,HOARE
L0L8090Z,STORMLANDS-1
80044,IRONISLADS
LLO8ZZ9ZLO,STORMLANDS-2
FA0LOL9LO9FA,#N/D
V0LLO49V0,#N/D
L4LV04VLO,IRONISLADS
LZ84944Z,#N/D
L9LO0VZM9,STORMLANDS-2
LFALO04VLO8,HOARE
L90VLOFA8LO,RIVERLANDS-2
LLZ0VV8,DORNE-1
L4LOFALO8L0,HOARE
FA00VZV8L,#N/D
VVFAFAZLL,HOARE
LV984L48,NORTH
L4ZLO4FAFAL,RIVERLANDS-1
Z00L9098,RIVERLANDS-2
L8V4V8VV,STORMLANDS-2
L4FAZ40Z9,DORNE-1
VZ0LLZ0,IRONISLADS
Z040ZV8L,RIVERLANDS-2
VVLOL000,HOARE
LO0Z0FAL4V,AEGON
L8FAZ800V,IRONISLADS
LOVLO00,STORMLANDS-1
VL80Z80,HOARE
L090FA000,HOARE
LZMLOFAL8Z,NORTH
LLZ9FAVV8,NORTH
LVFALO4940,AEGON
V0LLO4098,RIVERLANDS-2
L08FALO8ZLO,CROWNLANDS
LZLOZ448FA,#N/D
Z0VL000Z,#N/D
L9LOFA4FA4LO,NORTH
LZZ88Z88,STORMLANDS-2
LZ480ZZFA,RIVERLANDS-2
FA04L0808,#N/D
L98LLZFALO,STORMLANDS-1
ZZV8ZM0V,NORTH
LFA848090,STORMLANDS-1
L9FAZ4FAV0,NULL
LO0LO49084,#N/D
L8VLZ80V,IRONISLADS
L98L098L,STARKS
LLOL000LO4,RIVERLANDS-1
LZ0FAFAV9LO,CROWNLANDS
V9VLO09FA,HOARE
LV04ZZ9FA,IRONISLADS
L9V4LL09,HOARE
L9ZMLO04FA,DORNE-1
LVZLOVFALZ,#N/D
FA0LV0094,#N/D
L8L44Z84,#N/D
VLFA809LO,HOARE
FA0VZVFAFAFA,#N/D
L8LLOZLO09,DORNE-3
FA0Z09LO4,HOARE
Z0Z000FAZ,RIVERLANDS-2
888L4LOZ,IRONISLADS
L9V4LO9Z0,STARKS
FA00ZZFA0Z,STORMLANDS-1
Z0FAZ9VL4,#N/D
L8948FA08,NULL
LO0LFA0L48,NULL
V0FA9LOV9,IRONISLADS
9LO4Z9LOV,IRONISLADS
LLO0L94L9,HOARE
L00LOFAZ80,RIVERLANDS-2
L988LOL0LO,STORMLANDS-1
LLOLFA80,RIVERLANDS-1
LL0840ZZ,CROWNLANDS
LLZ9FAVV8,NORTH
V0L0LO84L,RIVERLANDS-2
L0400VZM,CROWNLANDS
L090404L,NORTH
LL409ZM4,NORTH
LFA844FA00,DORNE-1
9V8LO9,IRONISLADS
LV04LO0VV,DORNE- 2
ZZZ040LOV,DORNE- 2
LLOZZM8Z0,DORNE-3
L8L0884L,STARKS
L0FALVLV4,DORNE-3
FA000LV9L,DORNE-1
V9LOFAZ98,HOARE
VLOFA9V08,HOARE
FA0V0ZL0FA,#N/D
L8000V84,STORMLANDS-1
LFA4ZVL40,IRONISLADS
L90LFA4ZLO,NULL
L944Z0LLO,RIVERLANDS-2
L8FAL0004,#N/D
LFA0989VL,DORNE-3
L0FA9ZLOFA0,STORMLANDS-1
88Z80V8,IRONISLADS
FA0L0LOZZM,#N/D
L0ZVFA84LO,IRONISLADS
800LOL9ZV,STORMLANDS-1
LLLOZ44Z0,#N/D
LLO4L9LL0,HOARE
900L0ZZ,IRONISLADS
ZVLOVFA494,NORTH
900V4LZ0,#N/D
L00984FAL,RIVERLANDS-2
LO0ZZZFAVFA,DORNE- 2
L890VL,STARKS
L8FA0FALV4,#N/D
L480LLZ0,DORNE-1
LV040LOVV,CROWNLANDS
LLLO0FAL40,RIVERLANDS-2
LLO040FA08,STORMLANDS-1
Z0FALOFA4FA4,DORNE-3
LO08VFA0LO0,CROWNLANDS
8LO89FAV9,DORNE-1
ZZV00094,RIVERLANDS-2
L0009VLOV,IRONISLADS
LLO000ZVZ,STORMLANDS-1
LFALLFALV0,DORNE-1
LL9FA940FA,DORNE-3
LZM0904FA,IRONISLADS
L984L840,NORTH
L09LO80L0,IRONISLADS
LLOZ9L00V,RIVERLANDS-1
LLO0FA44VFA,STORMLANDS-2
V08ZZL9Z,REACH
L488V80FA,HOARE
ZZ80940Z,NORTH
V889LOFAFA,DORNE-1
Z0804049,#N/D
L40V9809,REACH
ZVZLZ89V,DORNE- 2
Z00FALO404,RIVERLANDS-2
LO0LOL9044,REACH
L80LVFAFA4,NORTH
L4FA0ZLO9Z,STARKS
LZ0Z98VZ,CROWNLANDS
L0LFAV4LOFA,RIVERLANDS-1
L4VZ0FA4Z,HOARE
L808V0VLO,STORMLANDS-2
L808V0VLO,STORMLANDS-2
FA00ZL009,CROWNLANDS
LFA0LLOVLO4,#N/D
80L0FA0LO4,NULL
V0008L80,NORTH
LFAFAZ0080,RIVERLANDS-2
LO0LOZ8ZZ0,AEGON
V448L00,DORNE-1
LZ04LO4VZ,STORMLANDS-1
L0ZFAV,DORNE-1
FA0VV0ZLO9,#N/D
L8Z8098L,DORNE-1
VL9VFA00,IRONISLADS
LLO0Z0FA4LO,HOARE
L908FALOV8,STORMLANDS-1
L800Z0FAV,STORMLANDS-1
LFA40FA400,HOARE
L9V08049,HOARE
LVFA00LOZV,STORMLANDS-1
L9V08ZV4,DORNE-1
LFAL9080L,DORNE-3
L9FA0ZM0FA,NULL
V0Z90FA0LO,HOARE
FA0V449Z4,#N/D
ZZZ04LLO8,NORTH
LLO9LO0FAFAFA,HOARE
L44ZLOVZV,#N/D
L0ZM0,HOARE
L9408448,DORNE-3
L9ZFA0800,NULL
LZFA08LZ8,STARKS
LV88FAVZV,REACH
FA0FAZ8L0Z,#N/D
VZFAVZMV,HOARE
LV0000FA9,STORMLANDS-1
LLOL80V0V,IRONISLADS
L0L8FAL8V,DORNE-1
900VFA,DORNE-1
L044VLO8FA,IRONISLADS
L090009LO,IRONISLADS
LLFALO00,STARKS
L890FAV08,DORNE-1
VLOVZLLOV,DORNE-1
L4800Z90,CROWNLANDS
LO0ZM098V,AEGON
ZZ0LOLFA4Z,NORTH
L9Z0LOLZL,DORNE-3
LZVV8ZVZ,STORMLANDS-1
L9Z4LLLO4,NULL
FA040ZVZL,#N/D
9ZFA09ZFA,DORNE-1
L8448FA44,DORNE-1
V00LZLOZ8,CROWNLANDS
LO0ZFAL00FA,DORNE- 2
L009FA0VLO,IRONISLADS
L80LO0L,HOARE
FA048ZZ0Z,#N/D
L89090V8,HOARE
8000FALO,NULL
L4ZLO4FAFAL,RIVERLANDS-1
84VLOV8Z,#N/D
LLVZLO0VZ,STORMLANDS-2
LVLFA4L0Z,RIVERLANDS-1
LV8V80VFA,DORNE- 2
80Z0000,HOARE
900808,#N/D
LL8LLOZVFA,NORTH
L49ZV0Z0,STORMLANDS-2
LO0L04Z8V,NULL
FA00FA04V0,RIVERLANDS-2
L9LOV49Z9,RIVERLANDS-2
Z0804049,#N/D
LLO9FA9LO80,CROWNLANDS
L009048FA,HOARE
LO040ZZV0,NULL
L08FALO8ZLO,CROWNLANDS
L9VLLO94V,DORNE-1
Z080L0V4,RIVERLANDS-1
L0LVFAVL0,DORNE-3
FA048VZ9Z,#N/D
FA0LOZLO08V,#N/D
L8LZ98FAL,IRONISLADS
L9LO90ZLO4,#N/D
LV90V9VL,STORMLANDS-1
LVFALO0V8FA,REACH
L40V9LVZ,IRONISLADS
Z0L0LO4LO8,RIVERLANDS-1
LVLVFAVV4,DORNE-1
LLVLZFA0LO,DORNE-1
L8LO000,NORTH
LO0900Z0Z,CROWNLANDS
V049ZVFA8,REACH
LVLOZLOLLOL,STORMLANDS-1
LLZMVFA08,DORNE-1
ZZZ8FA0LO9,NORTH
LZ8VV800,#N/D
LLOFALO08LOV,DORNE-3
LO049V9VV,AEGON
LO0LZ00ZM,NULL
FA0FA400LO0,#N/D
LLO4489,STORMLANDS-2
LV49FA0ZV,#N/D
LLOV0ZLOZ9,#N/D
FAZFA4V00,HOARE
LLOFAZLV,STORMLANDS-1
Z0V800LO8,RIVERLANDS-2
FA0098L04,NORTH
FA0VZ0VV9,#N/D
LLO004VLOFA,REACH
V0088LL0,STORMLANDS-2
V00V98L0,STARKS
L444FAFA80,RIVERLANDS-1
LV4Z09Z0,STARKS
L00LOLFAZM,STORMLANDS-1
LLLFA9ZZZ,HOARE
LLV00900,RIVERLANDS-1
FA000L489,RIVERLANDS-2
FA0490884,#N/D
ZZL40VLOZ,NORTH
L8448FA44,DORNE-1
Z04ZLO9ZM,RIVERLANDS-1
LZLO8VLO,#N/D
L9ZZLV4L,#N/D
LLL8ZL9V,STORMLANDS-1
L8LFA9V0V,RIVERLANDS-2
V09V49ZV,STORMLANDS-2
4VV0ZM8,HOARE
L8V0088Z,#N/D
L09FA804FA,HOARE
LV084FAZ9,#N/D
V04FAFALO0LO,#N/D
FA0VFALO4V0,#N/D
V008V00LO,#N/D
LV4FALFA8FA,DORNE-1
LLO0VV84L,#N/D
LV9ZZ88LO,STORMLANDS-2
LZ4L00V9,CROWNLANDS
9004VV4LO,#N/D
L8V0440Z,STORMLANDS-2
L9FALO98ZFA,#N/D
LFA9009FAFA,CROWNLANDS
800004V8,#N/D
L908VLFA4,RIVERLANDS-1
L80FA4VL0,IRONISLADS
ZZ4809ZL,NORTH
LL8V0VLOV,RIVERLANDS-1
9008Z8VFA,RIVERLANDS-1
LZ944Z0L,DORNE-1
FA0FA8ZL00,#N/D
FA0FAZ0VFA0,#N/D
L0480Z0L,REACH
L89LOFA9FA0,STARKS
L9V08Z40,STORMLANDS-2
80FA004V0,STARKS
L049LOZ,DORNE-3
L8FAFAVFA,NULL
LFA8LLVLLO,NORTH
LV0LVLLO8,REACH
LVVZ98VL,IRONISLADS
ZVZ8V890,NORTH
L0FA4ZV00,DORNE-1
L884ZFAFAFA,NULL
Z00FALV0FA,RIVERLANDS-1
L909FAV0V,NORTH
V0ZLOFAZ00,DORNE-1
VLV0VFA0,#N/D
L90VZ00FA,CROWNLANDS
V00LOFA944,STARKS
L848404Z,CROWNLANDS
L404FA0FAV,HOARE
FA008LO08V,NORTH
L8ZZV0VZ,RIVERLANDS-2
8000FALO0,IRONISLADS
FA048984L,#N/D
LFA49ZM00,DORNE-3
80008ZV0,NULL
LVFA9FA0LOL,STORMLANDS-1
L44488V8,DORNE-1
LV00ZFAVFA,CROWNLANDS
LL8FALZ0V,NULL
L0L0FAV,DORNE-1
FA04LO94L9,#N/D
V0400080,STORMLANDS-2
L9Z0FALO,IRONISLADS
FA9LO8VFAFA,DORNE-1
LFALOZLOFAL4,#N/D
LFAVZZLL9,STORMLANDS-1
8ZFA844V,IRONISLADS
LO04FAFA4Z0,DORNE- 2
L9L0LO844,DORNE-1
L9L04LO4V,CROWNLANDS
40LOFA08,DORNE-1
Z08404ZLO,DORNE-3
LV8Z0ZL4,NULL
LV808V08,IRONISLADS
L4L0088FA,RIVERLANDS-1
VL80448,HOARE
LZVVFA9ZZ,REACH
Z0L9LOZLL,RIVERLANDS-2
VFA0FAFAZ4,HOARE
LZ008494,STORMLANDS-1
V09LFALO49,REACH
LL4VLO9LZ,NORTH
L988ZLO8LO,STORMLANDS-2
LZ08LL09,STORMLANDS-1
8000LO0V8,STORMLANDS-1
LO0LOV0LO8L,#N/D
L84FAVZ08,IRONISLADS
FA0FA0V4VV,#N/D
LO0ZL4VZ8,DORNE- 2
V0804448,REACH
V0004ZLOV,RIVERLANDS-2
V08Z0088,REACH
90L08ZZ,IRONISLADS
L09LO,STORMLANDS-2
LVLLOZ0LZ,REACH
L840008FA,DORNE-1
LZ0LO4V48,RIVERLANDS-1
LVLO40L0Z,STORMLANDS-1
LO0ZLOFA4ZZ,#N/D
FA00040L8,RIVERLANDS-2
L988LOZ9LO,STORMLANDS-1
L484LZ8V,NULL
ZVZ44FALOV,DORNE- 2
LL8VV0LOZ,DORNE-3
L9LO9Z9Z0,#N/D
ZVLOFALVFA9,RIVERLANDS-2
LZM8LO984,CROWNLANDS
9000LOV,#N/D
L9LZ4VLLO,#N/D
L4V88044,NORTH
Z0L04VVLO,DORNE-3
LLOL0FALO00,REACH
ZVLOL80V9,NORTH
LLFAFALOZLOV,RIVERLANDS-2
FA0L9LOV8L,#N/D
LVZ0894L,#N/D
LZ9L9800,HOARE
89FA00FA8,HOARE
LO0LOVVLLOZ,REACH
L0VLO0Z9LO,#N/D
LLOFA40FA40,RIVERLANDS-2
LZ0008ZL,RIVERLANDS-2
L988VVL9,DORNE-3
L0FA0FAVFA4,STORMLANDS-1
LZ00V4V8,RIVERLANDS-1
V9LVFA0Z,HOARE
L9LO0LLO08,DORNE-1
LLO0LOZV0L,CROWNLANDS
LVZ0L0V0,#N/D
LVZZLO9VZ,DORNE-1
L40Z0L98,STORMLANDS-1
90084FA09,#N/D
LO0ZV4LO00,#N/D
ZZV904ZFA,RIVERLANDS-2
LV00L9LL,NORTH
LFAZV8LO,NULL
L8V0ZVV4,NORTH
L08FAV84V,CROWNLANDS
LVL8ZV80,RIVERLANDS-1
V409808,DORNE-1
V0Z0ZFALOV,REACH
LFA0804,CROWNLANDS
L9LOFAFAFAZ0,DORNE-1
LL04V0LOZ,STARKS
LVFA088FAZ,DORNE-1
L90FA0ZM9,RIVERLANDS-1
LFAL84LO9FA,CROWNLANDS
LL84FALOFAL,REACH
L00VL880,HOARE
L80940FALO,REACH
LZ48V88V,STORMLANDS-1
80VFA40FA,HOARE
LLL08LO04,STARKS
L89V4ZLOZ,DORNE-1
VLFA9VLOFA,DORNE-1
900V48Z8,#N/D
LVLOFA8LO09,IRONISLADS
ZZ4FA98Z9,NORTH
FA09809FA,HOARE
8VL0V,STORMLANDS-1
888ZVL0,HOARE
800L900V,STORMLANDS-1
LO04L88LO0,DORNE- 2
L8VV9L4Z,#N/D
L4ZLFALV9,HOARE
VFA08LVV,IRONISLADS
L8LOLL0LOZ,REACH
90LFA8LOL9,#N/D
LO0FAZ840FA,CROWNLANDS
LLFA4LOFA0LO,DORNE-3
L80ZZ8,STORMLANDS-1
LZ008494,STORMLANDS-1
LZVLOZ8L0,DORNE-1
LVV048LLO,NORTH
LVL8L000,RIVERLANDS-2
L894FALO,DORNE-1
L09LOVLO4V,IRONISLADS
V0FAFALO90,HOARE
L8Z48LO9L,DORNE-3
LLO0V0LO94,#N/D
FA0ZL444Z,#N/D
LV0LO88LLO,DORNE-3
V0908VFALO,REACH
LVFA9LZ80,CROWNLANDS
L0FA80ZML,STORMLANDS-2
L04009L0,DORNE-1
FA0ZFA4004,#N/D
LL0FAV9LO9,DORNE-3
8009LOFALO4,NULL
L84ZVLO40,DORNE-1
LV8LO0V00,DORNE-1
LLVLOFA0VFA,CROWNLANDS
L4LOFAZ4Z4,DORNE-1
ZLO9ZLV,IRONISLADS
L800V0LO0,RIVERLANDS-1
LO0LOZ4Z00,#N/D
L9L90LFAL,RIVERLANDS-2
L8880400,DORNE-1
Z0ZVV90FA,DORNE-3
LVZZM0L0,NORTH
9009LO4,#N/D
LLOLZFA9LOL,DORNE-1
80L9L8LOZ,NULL
VLOVLO898,IRONISLADS
L8ZZ098V,DORNE-1
LVV00Z98,STORMLANDS-1
L9LOV8V8LO,NORTH
LFAFALOFA8LV,IRONISLADS
LZV0FAZFAFA,#N/D
V0FAVVFALO8,IRONISLADS
L0444V8FA,DORNE-3
LZLO0900V,HOARE
80FA0FAFA40,NULL
L80VLOZFAZ,DORNE-1
L80Z80VL,RIVERLANDS-2
LVVL9049,STORMLANDS-1
80090LOLZ,NULL
80L49800,STORMLANDS-1
Z00V9ZFALO,RIVERLANDS-2
V0LZV90LO,RIVERLANDS-2
L84FALLOFAFA,HOARE
L8ZV89LOV,HOARE
LO04LOVZ0V,CROWNLANDS
L9L8VZL4,REACH
800ZM0FAV,STORMLANDS-1
LLO409880,STORMLANDS-1
L9FAV0LZM,HOARE
L84Z0484,STORMLANDS-1
LLL80ZFAZ,DORNE-1
L4Z0FALO0V,#N/D
LLOV48848,IRONISLADS
L90ZLO40Z,IRONISLADS
LO0V0L40LO,REACH
Z09L88LO9,RIVERLANDS-2
FA0LL80L0,#N/D
LO0490800,AEGON
L080V000,STORMLANDS-1
L4984FA04,HOARE
L8LZFA00FA,CROWNLANDS
LO0LO4L49Z,REACH
Z0Z9Z4VL,DORNE-3
LFA0404Z0,STORMLANDS-2
L04FA0FA0FA,#N/D
LLO8L4ZZ0,DORNE-1
FA0LVZLL0,#N/D
FA00LV0ZV,#N/D
V080LOZ4,IRONISLADS
FALO849LFA,HOARE
LZMLOL80LO,RIVERLANDS-1
L8FAFAVFA,NULL
LVLV4Z8L,REACH
LZVL48Z0,IRONISLADS
LV80FALO,NULL
VFA4Z4,IRONISLADS
LFA8FA988LO,DORNE-1
900FAFA90L,#N/D
L0V00Z0Z,IRONISLADS
L89FALOLFA8,NORTH
L90V8V00,IRONISLADS
LFAFA8LO4LFA,CROWNLANDS
L09ZML,DORNE-1
L88FALOFALFA,DORNE-3
ZZV08004,STORMLANDS-2
L9LO988FA0,DORNE-1
LZZ8FA480,DORNE-1
ZZL0LO8LO0,NORTH
L8090094,STORMLANDS-1
L8V89LVZ,DORNE-3
L0LO0004Z,NORTH
LFAFAZ0080,RIVERLANDS-2
ZZLV8LZ0,STORMLANDS-2
ZZZL0LOVV,NORTH
908ZLOZLO,HOARE
LLFALO00,STARKS
LLLO0FA900,HOARE
8004LOFAFA4,NULL
800FA9FA4V,STORMLANDS-1
Z0L08Z88,STORMLANDS-2
L0L0LOV9Z,STORMLANDS-1
L0800LZ9,STORMLANDS-2
L88FA844FA,DORNE-3
L400VVFA0,#N/D
V40FA0V8,IRONISLADS
Z008FAVVL,DORNE-3
L894LOV9Z,REACH
L9LOLFAL8V,HOARE
LZVZ0948,NULL
VVFA490Z,HOARE
L9LO04498,HOARE
L800Z0FAV,STORMLANDS-1
V00Z4VLOL,RIVERLANDS-2
FA0449VZL,#N/D
LV9ZVLOZL,IRONISLADS
LV98LLLV,REACH
ZZ8L0ZV9,NULL
L9Z0000L,IRONISLADS
FA00LO0V0Z,#N/D
LZZLOFA0ZZ,STORMLANDS-1
80089LO,NULL
L84FA894V,DORNE-3
L8L940L8,DORNE-3
FA009LZV0,STORMLANDS-1
LLOZ90Z9FA,STORMLANDS-1
L48LO9FA0Z,HOARE
L9FA0LLLO9,STORMLANDS-1
LZV8LOL00,IRONISLADS
FA0LZL9LO0,#N/D
ZZZ48LZZ,STORMLANDS-2
LZ80VL8FA,REACH
LLO8ZZ9ZLO,STORMLANDS-2
V000808V,CROWNLANDS
900VZ890,#N/D
L88ZMV04,DORNE-3
L9FA09ZL4,DORNE-3
LOZLO40,IRONISLADS
8000FAV00,STORMLANDS-1
LLO40ZFAV0,DORNE-1
LZ089ZV0,DORNE-1
V0L004VV,RIVERLANDS-2
LFA8LO0LL0,IRONISLADS
L9ZLOVLO80,NULL
L8FA0FALV4,#N/D
VZLO90ZZ,HOARE
LO08VFA0LO0,CROWNLANDS
900FA8LOL8,#N/D
Z0V800LO8,RIVERLANDS-2
LV9L4LL4,DORNE-1
L90FAFAZ0LO,REACH
V0LO44FA84,NORTH
LLOVZVLOLLO,STORMLANDS-1
LLO900LO0LO,DORNE-3
80LV8LOZ0,NULL
FA09ZZVL8,#N/D
LVFA0FAL8LO,RIVERLANDS-1
FA0LO0Z4VLO,#N/D
LFA49ZM00,DORNE-3
LLFAZMZFA8,RIVERLANDS-1
ZZ0FA8VZ4,DORNE- 2
L94L890LO,IRONISLADS
L88VL488,STORMLANDS-2
LZZ00VVL,HOARE
V0LVZFA8L,RIVERLANDS-2
LLO0Z900V,DORNE-3
LZLVL0LOZ,DORNE-1
ZVLOV9LLZ,RIVERLANDS-2
L9LOVV48L,RIVERLANDS-1
LO0VLOVZVLO,STARKS
L40FA8ZFA0,NULL
L0FA0LOZV0,CROWNLANDS
LFALOZLOFAL4,#N/D
LLO89FAZLL,DORNE-3
LLLO0FA900,HOARE
LO0Z849LOFA,DORNE- 2
L9V4LO94L,CROWNLANDS
LVL0FA04L,#N/D
FA0V8ZM00,#N/D
LV8FA8VZ8,DORNE-1
LL8FA0L09,NULL
L9888V0V,IRONISLADS
Z08ZFALO,DORNE-3
LZ0L0V,HOARE
L04LO8408,HOARE
LL0LOFA84FA,DORNE-1
LZ800448,RIVERLANDS-1
LO0ZVFA408,RIVERLANDS-2
LFAZ0ZZZFA,DORNE-3
L8LLO49FAV,NULL
L0FA0ZVLOV,STORMLANDS-1
L90FA04LOV,REACH
LV8LO4808,IRONISLADS
LFALO8V09FA,IRONISLADS
L0094FAZZ,STORMLANDS-1
LO8LO04LL,IRONISLADS
L40L89LO9,HOARE
9000FALZ0,#N/D
LO0L0FAL,IRONISLADS
LFAL0V0L9,IRONISLADS
44098LOFA,HOARE
L94LZ9L0,HOARE
LFAZM089FA,HOARE
V04V09ZFA,REACH
LZZ00VZLO,STARKS
FALOFALOLFALO,HOARE
L9LO0V90FA,STORMLANDS-1
LZLOVLV,STORMLANDS-2
8FAL9ZL8,HOARE
L4V9L04L,IRONISLADS
FA0LOZZ0L8,#N/D
LV4800ZM,REACH
89089L8,IRONISLADS
V0V98809,STORMLANDS-2
LLO9L4Z9L,STORMLANDS-1
L80ZLFA,STORMLANDS-1
LFALLOFA98LO,NULL
Z0FA090FA4,#N/D
LZL840LLO,IRONISLADS
LO0ZV40VFA,#N/D
LZ8V0Z04,STORMLANDS-1
LV0449,DORNE-1
V09LFALO49,REACH
LZ0LOLLO9Z,NORTH
V080LO08LO,REACH
L9VL0L09,HOARE
L8LOZLO090,#N/D
FA0LOFAVZ4FA,#N/D
LZ9ZLOZ9L,STORMLANDS-2
L0LOL00V8,STORMLANDS-1
L9ZMZ04FA,STORMLANDS-2
FA00L409V,STARKS
L80V984Z,NULL
L8L0L80LO,#N/D
LLO8LO0FAFAFA,DORNE-1
L49FAV800,DORNE-3
L8LO09049,RIVERLANDS-1
Z08Z9VLOFA,#N/D
L9FA4LVLO9,DORNE-1
FA040Z4LO8,#N/D
LLO9FAZ0Z0,STORMLANDS-1
LLVLOZVFAFA,#N/D
LO0LVLLOZ9,NULL
FA00V0FA09,#N/D
LFA0LO8FA0V,DORNE-1
LLO9089VL,#N/D
LLOVV0494,DORNE-1
FA0L000VL,#N/D
L9ZFAV088,#N/D
90LZLZ00,#N/D
L49FA0V0L,STORMLANDS-1
LLO8004,RIVERLANDS-1
L9000V0FA,HOARE
L4LO08VFAZ,#N/D
L89VZ40L,RIVERLANDS-2
VLLOLFA0LO,IRONISLADS
LO0Z8FAZ0FA,DORNE- 2
L9FAVV9FA9,RIVERLANDS-2
LO0ZLFA840,AEGON
LVZ0LO0LO0,#N/D
LV090944,HOARE
L8LO8FAZ88,NULL
LLOL9489FA,IRONISLADS
L4V0Z80Z,REACH
L940FAZ,#N/D
80L0ZZ04,NULL
LV90FAZLO9,STORMLANDS-2
L8Z9VVZFA,DORNE-3
FALOZ8444,HOARE
LZLV9ZLLO,HOARE
LOVFAFA04,HOARE
L989LO9FA9,STORMLANDS-1
L8FALOVLO09,IRONISLADS
Z000FA9LO0,STORMLANDS-2
LVVLFAL0LO,STORMLANDS-2
LFA4V4V,RIVERLANDS-2
L90L08FALO,STORMLANDS-1
FA0L0ZLLO8,#N/D
V0FALO00LZ,DORNE-1
L04FA0FA0FA,#N/D
8Z4L8VLO,IRONISLADS
FA0Z09LO4,HOARE
LZM9FAVVZ,NULL
V090048FA,REACH
L0LO9ZLO0Z,STORMLANDS-1
498L4VLO,IRONISLADS
80LZM9ZLO,STORMLANDS-1
LV4LLOV80,STARKS
FA00FA09LO4,STORMLANDS-2
LZFA49LLO8,DORNE-1
8004VL,STORMLANDS-1
LO0LO44ZLO0,AEGON
88VLZ4FA,IRONISLADS
LZLO80VFA0,STORMLANDS-1
LFA8LZ090,HOARE
FA00V8VLOZ,HOARE
9V0L0ZV,DORNE-3
L880VLOFAV,DORNE-3
V08L04LL,REACH
LLOFA4FA490,HOARE
LZ48L8LO0,STORMLANDS-1
L00ZVFALLO,DORNE-3
FA0FA9LOVLFA,#N/D
L0Z80ZLV,STORMLANDS-1
L94VL09V,STARKS
L8VZ0LZFA,STORMLANDS-1
L8ZM09LOL,CROWNLANDS
V089L4LZ,REACH
L44LZ08V,IRONISLADS
L098V48FA,HOARE
L0Z00Z90,IRONISLADS
LO0LOL4LO0Z,#N/D
L00FA0FA44,DORNE-3
V0Z0440Z,REACH
L4V8V49V,STARKS
LZZLFALFA0,HOARE
900V0Z44,#N/D
L0VV0FALO9,#N/D
Z0LO0LZLFA,RIVERLANDS-1
L4ZZ90FAFA,#N/D
L90LV0Z0,STORMLANDS-2
L90L8L00,STORMLANDS-2
LLL0LOV,IRONISLADS
LZLV9ZLLO,HOARE
V08LOL4ZV,REACH
FA0VZ00V8,#N/D
L88L00LFA,HOARE
L8ZZFAFA9L,DORNE-1
LV9FALO4L0,DORNE-1
V08Z0088,REACH
LO0ZV4LZ9,RIVERLANDS-2
LZVLOZFA44,IRONISLADS
L9489LO80,RIVERLANDS-1
V0VLLO9FAL,STORMLANDS-2
L4V000FA9,STORMLANDS-1
L9FAZ0VFAL,STORMLANDS-2
LFAFA94L4V,STARKS
LO0VL,CROWNLANDS
LLOFAL4Z9V,NORTH
80LFA00LOZ,STORMLANDS-1
L9Z0900FA,IRONISLADS
L9Z8Z00Z,DORNE-1
L90ZMLO90,RIVERLANDS-2
80L9FA004,#N/D
ZZFAZ9800,STORMLANDS-2
L0804VL0,CROWNLANDS
L00LOLFAZM,STORMLANDS-1
LZLL8944,RIVERLANDS-2
L9FAZLO880,STORMLANDS-1
LZ4Z0FAZFA,HOARE
L9ZML8FA8,REACH
L8L940L8,DORNE-3
LVFA4LLO,HOARE
LV9ZVV4FA,REACH
L8ZFAZ0LV,HOARE
80LVZ084,NULL
LO04L48VLO,#N/D
8FALOFAZFA0,HOARE
9LOZ0FA08,HOARE
V8ZLO9,IRONISLADS
L8944VZLO,DORNE-1
L489ZLO40,#N/D
L9488900,DORNE-1
ZVLO84L8LO,NULL
L4FA8LOFAV0,DORNE-1
L9Z8FA8ZLO,STORMLANDS-1
LVLV9Z89,IRONISLADS
FA0L9FA8L9,#N/D
LZ49FAFA08,REACH
L4908Z44,STORMLANDS-1
L048VLOVFA,NORTH
L84L98FA4,HOARE
LVV00FAFAZ,NULL
L80Z8LL0,NULL
LZLOLLOFALOFA,STORMLANDS-1
Z009FA400,RIVERLANDS-1
Z0FA8L00V,RIVERLANDS-2
L98FAFA9Z8,HOARE
L8L0L004,HOARE
LZ800000,CROWNLANDS
FA048LO49V,#N/D
L0FA80VLLO,IRONISLADS
LZLO0FAL4L,STORMLANDS-2
8LFA4VFA0,IRONISLADS
LV4Z04LFA,HOARE
L80V0LOFA8,IRONISLADS
904004LO,IRONISLADS
ZZLVZM40,IRONISLADS
L049VL0FA,#N/D
L4VVVZFA4,RIVERLANDS-1
804VVLO0,IRONISLADS
Z000FA80V,DORNE-3
L9L8FAVLZ,RIVERLANDS-2
L48VLOV,DORNE-3
LFA94988Z,STORMLANDS-1
LO0Z9FAFALZ,REACH
L90Z980L,STORMLANDS-1
ZZ0009L4,IRONISLADS
Z0ZLO08VFA,RIVERLANDS-2
L8ZL0FAVZ,IRONISLADS
9LO4Z9LOV,IRONISLADS
L80LO4849,DORNE-1
V00LO4VZFA,STORMLANDS-2
V084LO00V,REACH
L9FALO00LO0,STORMLANDS-2
L8LLOV0VZ,RIVERLANDS-2
L0LLV8FA0,RIVERLANDS-1
L8ZZ0FALLO,STARKS
ZZFAL90LO0,RIVERLANDS-2
LLO98FA4V4,HOARE
L840ZFA4FA,DORNE- 2
L9Z80Z04,DORNE-3
LV400L,DORNE-3
V0V40LV9,STORMLANDS-2
LV98LO9FA8,STORMLANDS-1
L904FA094,STORMLANDS-1
LZVFA0LO0FA,#N/D
LLOZL4VZV,STORMLANDS-1
LLOFA04LO,#N/D
L8LZ9Z09,HOARE
L40ZMFA9V,STORMLANDS-1
LVV0FALOV9,HOARE
L980VVLO0,RIVERLANDS-1
LZ094008,STORMLANDS-2
LVV4090V,DORNE-1
L8Z8098L,DORNE-1
89LO9084,#N/D
L88LOFAL90,NULL
V0ZM404L,NORTH
FA0FA0LOV8L,#N/D
LLOFAZLOL,RIVERLANDS-1
Z080L0V4,RIVERLANDS-1
LO04LOFA8,CROWNLANDS
LLO8FAZFAVFA,STORMLANDS-1
L040LO9LO8,DORNE-1
LLO8L0FAFA0,IRONISLADS
LZFA8804L,STORMLANDS-1
L80L848Z,DORNE-3
LO8LO04LL,IRONISLADS
LLO0Z8400,DORNE-1
L0FALOZ0Z9,STORMLANDS-1
8000FA440,STORMLANDS-1
ZZZM8L8V,DORNE-1
LVZZM0L0,NORTH
L900LOL0LO,STORMLANDS-2
L4FAZ40Z9,DORNE-1
L8L8ZZ40,NULL
L9L08FALOFA,DORNE-3
LO09FALOV00,CROWNLANDS
FA00V8FA0L,#N/D
LLO48VFAFA8,DORNE-1
L494FA04Z,DORNE-1
L8Z4LZ,NULL
ZZ0009L4,IRONISLADS
LVLV9Z84,CROWNLANDS
L98ZFAZLOL,DORNE-1
LZ8LZLOZ4,STORMLANDS-1
LLOL9LOL0L,STORMLANDS-1
LVV8V08LO,STORMLANDS-1
V04V0V44,REACH
9V8Z4,RIVERLANDS-1
L9L8LOVZM,HOARE
V00LOFAZ0LO,STARKS
L0LO0V00FA,CROWNLANDS
LZLO0Z0,RIVERLANDS-1
FA0LZ0FA8LO,#N/D
L8LLOV0VZ,RIVERLANDS-2
LLOVL8LOZ4,REACH
L9V9ZM40,STARKS
800ZV00,IRONISLADS
L9LLLO00Z,STORMLANDS-1
LVVVZMZZ,NULL
LFAL4L4FAZ,STORMLANDS-2
L0V00V00,DORNE-1
LFALLFALV0,DORNE-1
LO0LFA08VZ,CROWNLANDS
L88ZZ0VV,IRONISLADS
LO0FA0Z8Z9,CROWNLANDS
LVLVLFA9FA,DORNE-1
LO04Z44LO4,CROWNLANDS
8ZFAFA90L,DORNE-1
LFALL90VV,RIVERLANDS-1
FA0ZZ9L48,#N/D
L80Z0004,RIVERLANDS-1
LLOL0LO00L,CROWNLANDS
LVZ0V0ZLO,HOARE
LO0ZV8448,NULL
LZ9FAVLFAZ,HOARE
L84VL008,STORMLANDS-1
L0V000ZZ,DORNE-3
ZZZZLO04Z,NORTH
VL80Z80,HOARE
L94Z088L,STARKS
ZZZFAL880,RIVERLANDS-2
ZZLO00Z00,RIVERLANDS-2
L8L4L004,HOARE
LFAFA94L4V,STARKS
LLO0FA98L8,DORNE-1
LLOZFAFA0,#N/D
L84FA9LV4,#N/D
L94FAZV0LO,DORNE-1
LZM8LO0LOZ,RIVERLANDS-2
L084V9ZL,IRONISLADS
LFAFA9L8,#N/D
L4LO4FA8FAZ,IRONISLADS
LVZZ09VFA,IRONISLADS
LZVFA0LO0FA,#N/D
LLOFA0L0LLO,STORMLANDS-2
L8FALOVLO09,IRONISLADS
L0ZLL0Z9,STORMLANDS-1
L8LO9L909,RIVERLANDS-1
L9FAZMZV9,NORTH
8009FA9L4,STORMLANDS-1
LZML0V80,NORTH
9LO09L4L,#N/D
LV0LZVL9,STORMLANDS-1
FA048040V,#N/D
LO0LOLZFALOL,#N/D
V00ZVZLO0,STORMLANDS-2
LV000V00,STARKS
LL40LFAVFA,HOARE
LVLFAFA9ZM,#N/D
L0FALVLV4,DORNE-3
LFA8FA0008,DORNE-1
L80Z9VLO4,#N/D
89V0V84,HOARE
LO0LZ008Z,NULL
L89VLOL40,HOARE
LV48LZ8LO,IRONISLADS
ZZVLOFA480,NORTH
8009LO09L,NULL
ZZVZ80Z4,IRONISLADS
L409LOV9V,REACH
LFAL90FA8FA,DORNE-1
LVVLO0FA80,STORMLANDS-1
LFALOLLO940,RIVERLANDS-2
ZVLO0LVLLO,IRONISLADS
LZM09V4L,STORMLANDS-1
LLLOFAZML9,DORNE-1
L88LOLFA89,DORNE-1
L09V09,HOARE
FA00000ZL,RIVERLANDS-2
L9004LV0,HOARE
VFALO0049,IRONISLADS
L90FA088L,DORNE-1
FA0LZ0FA8LO,#N/D
L09800LV,STORMLANDS-1
V849V00,HOARE
FA0LFA4V0L,#N/D
LV909V4LO,CROWNLANDS
LV84VZ89,DORNE-1
LFALO0089LO,#N/D
9L9L4,HOARE
FA0LV9V,#N/D
L9VFAZ4V8,DORNE-1
LFA90080L,STORMLANDS-2
LLO00LO8FALO,STORMLANDS-1
LZMFALO09L,DORNE-1
L084V9ZL,IRONISLADS
L09LVZL8,RIVERLANDS-1
VFAZ0LO0Z,IRONISLADS
L4808Z,NULL
L9L844,#N/D
LV4800ZM,REACH
ZZ09VVFA9,CROWNLANDS
LLLO0ZV40,HOARE
L08FAV84V,CROWNLANDS
L000LLOZLO,RIVERLANDS-1
L8000V84,STORMLANDS-1
L80LLO9LOV,#N/D
L8880VLL,#N/D
ZZ0ZLOV00,NORTH
LFA00LLZV,HOARE
L9VZV0VFA,STARKS
FA040VLOFA4,#N/D
LLOFA0049FA,IRONISLADS
LV9LOLL90,DORNE-1
L8VLO8ZLOFA,#N/D
LZ4LVVLFA,IRONISLADS
LV498LOFALO,DORNE-3
L9Z984FAV,IRONISLADS
LFA8ZFAFA0L,STORMLANDS-1
L9V04FA40,#N/D
LLO0ZVVFA0,RIVERLANDS-2
L8LLOFALOZ0,RIVERLANDS-1
FA0084L9V,NORTH
LFAZ400LZ,DORNE-3
Z090Z048,STORMLANDS-2
L9Z00Z,DORNE-3
V000ZFAZM,RIVERLANDS-2
L8FALLOZVLO,DORNE-1
ZVZ44FALOV,DORNE- 2
89Z0VVL,DORNE-1
LVVLOLZ40,CROWNLANDS
LZFALLOFALO4,STORMLANDS-1
LVV400,DORNE-3
L0044FAV0,DORNE-3
FA0Z88980,#N/D
L9FA0VZZFA,DORNE-1
849FA489,HOARE
L00L08LOFA,STORMLANDS-1
LZZ4ZM00,IRONISLADS
ZVLOVFA4Z0,DORNE- 2
FA008009V,NULL
LLO98LFALOFA,DORNE-1
LFA4L0FA80,#N/D
L4L84ZLOZ,STARKS
LLFAZ9L90,NULL
FA0444LZ4,#N/D
9L0ZLO88,DORNE-1
LFAFAZLLZFA,DORNE-3
LLO0ZMLOFAL,NORTH
LO0Z8LO0LOL,DORNE- 2
L984LOVL0,NULL
LL0800ZM,STORMLANDS-1
L009V9LO0,NORTH
Z0LOFAV0FAZ,STORMLANDS-2
LV4408Z8,NORTH
FA0LLOV09L,#N/D
LLO0LOV400,HOARE
LLO90FALOL9,RIVERLANDS-1
8FA080V0,DORNE-1
L09LO4004,STORMLANDS-1
L800V8L8,NORTH
FA0LO48FAV9,#N/D
L8VFA8FALO4,STORMLANDS-2
L4FA09ZZV,#N/D
LL040FA80,CROWNLANDS
LFA084LFA0,RIVERLANDS-1
LV400900,IRONISLADS
8009Z040,STARKS
L9Z0949L,RIVERLANDS-2
VFAZ0LO0Z,IRONISLADS
LFAVFAFAFALOL,DORNE-1
L09Z8000,RIVERLANDS-2
LFAFA9VL8LO,RIVERLANDS-1
94ZFA0LO,DORNE-1
LFA0LO8VVL,RIVERLANDS-1
ZZLLFA049,NORTH
LZFAZVVL9,NULL
LLVVFAZ9Z,STARKS
800VLFA0,HOARE
L0LOV9FA4FA,STORMLANDS-2
L9L8L88LO,DORNE-1
L8VLO8FAZ4,STORMLANDS-1
900FA0884,#N/D
80L8Z4FALO,#N/D
ZVLOFAV00V,NULL
LO0L0FAL,IRONISLADS
VVV4L,HOARE
800LOZ80Z,STORMLANDS-1
V0004ZLOV,RIVERLANDS-2
FA00FA8Z08,RIVERLANDS-2
L9L90LFAL,RIVERLANDS-2
LZM80LOVZ,DORNE-3
9LO09440,DORNE-1
LFAVLO8V4Z,HOARE
L908080LO,DORNE-1
L8088ZML,CROWNLANDS
L890VVLO0,IRONISLADS
V00FALO90FA,DORNE- 2
L90FA408L,DORNE-1
L9LO00L8FA,NORTH
ZZLLOLLOZ0,IRONISLADS
LLO0L0VZFA,STORMLANDS-1
L440LVFA0,STORMLANDS-2
LZZ804LOL,DORNE-3
800FA09LOL,NULL
FA0LZLOLFA0,#N/D
LLOV048FA9,RIVERLANDS-1
LLO0Z900V,DORNE-3
V0949L00,STORMLANDS-2
LLOFA0L0LLO,STORMLANDS-2
LL0Z808LO,#N/D
9L4VLLOZ,HOARE
LO04ZLFA8LO,CROWNLANDS
LFAZZLO4LLO,IRONISLADS
LL00V0Z0,#N/D
V0L0Z4L9,DORNE-1
LO0FAZ840FA,CROWNLANDS
LO0ZFA09LO8,DORNE- 2
L9FA00VLOV,#N/D
80FA0FAFA40,NULL
80LV8LOZ0,NULL
LV4LO4FA44,STORMLANDS-1
LFAL4890Z,DORNE-1
L8FALVZ84,NORTH
FA008LO0LZ,AEGON
L44Z80Z4,RIVERLANDS-1
90Z0408,DORNE-1
LZFA8089LO,DORNE-1
FA0LVFAVLOFA,#N/D
L0L049,STORMLANDS-1
L9Z088LV,DORNE-3
LZFA9LZL0,STORMLANDS-1
VFA0L9LFA,HOARE
LZ800000,CROWNLANDS
LL9LLO8LLO,STORMLANDS-1
L840LO90L,DORNE-1
LVV0049Z,DORNE-3
FA0FAV944Z,#N/D
L9LO0V009,RIVERLANDS-2
L8909094,DORNE-1
L404008LO,NULL
LFA98090LO,DORNE-1
L4LO04LO0V,IRONISLADS
V004VZFAV,RIVERLANDS-2
L9V40904,REACH
V08L90L9,REACH
L0400VZM,CROWNLANDS
LLLV9Z8FA,IRONISLADS
LFALOFA8898,DORNE-1
L489088LO,STORMLANDS-1
L0ZLV8LO4,IRONISLADS
V08L8FAFAV,REACH
LO0LO0L4V8,CROWNLANDS
VLOLZ0FALO,HOARE
VZ49040,DORNE-1
FA00V0FA09,#N/D
LZMLZLOL8,RIVERLANDS-2
L9LOVFAZZ4,DORNE-3
LLOV800FA8,#N/D
FA0LOL0VLO4,#N/D
L9FA0LFAZZ,CROWNLANDS
L8ZLOFAFA4LO,STORMLANDS-2
800L0ZLO4,STORMLANDS-1
90VLOL8FA,IRONISLADS
LO0FA0Z8Z9,CROWNLANDS
FA0089VZ0,IRONISLADS
800LOLLOLL,NULL
V9FA98VFA,HOARE
V00L9Z4FA,RIVERLANDS-2
LVLFA80LO4,STORMLANDS-1
LV9ZVV4FA,REACH
90L48VFA8,#N/D
Z009VFAL9,DORNE-3
V080LO488,REACH
LLO9LOVLO9Z,HOARE
LFA0V8VL8,STORMLANDS-1
L9VFAFALO89,RIVERLANDS-2
Z0LOVFA0FA8,STORMLANDS-2
98LO0440,DORNE-3
V00LVZM,IRONISLADS
80V0Z8Z,HOARE
L889V9Z9,HOARE
8V9FAL08,DORNE-1
V000044LO,RIVERLANDS-2
LZ00ZM0Z,HOARE
9LO0V8Z0,DORNE-1
ZZZML989,NORTH
L9LOLFAL8V,HOARE
LLO0Z0FA4LO,HOARE
LZ98V0LO9,STORMLANDS-1
ZZ00FAV80,STORMLANDS-2
LZVVFA9FA8,NORTH
9880040,RIVERLANDS-2
90L0FA090,RIVERLANDS-1
Z000FA0FA4,RIVERLANDS-2
V0V8400Z,DORNE-1
L49LO0Z90,NORTH
FA984LO,HOARE
FA984LO,HOARE
LL90LOV0L,STORMLANDS-1
V08FALFA9LO,REACH
V00LV404,RIVERLANDS-2
V09LOV888,STORMLANDS-2
L8VL0FA04,STORMLANDS-1
L9Z9Z0,#N/D
L8Z90L80,RIVERLANDS-2
L8FAFA0LLOFA,#N/D
LVFALO4940,AEGON
LLOFALOZVZM,NULL
L44498FAV,STORMLANDS-1
LO0L800FA0,NULL
LZZ4ZFAZM,REACH
LO00Z4LOZ4,CROWNLANDS
L80LOVFA,#N/D
L8ZZLO4ZL,DORNE-3
V00ZVZLO0,STORMLANDS-2
Z0ZM9ZFAFA,RIVERLANDS-2
V090L0LOV,REACH
LFAZ09L00,DORNE-3
LZMLOV9L0,DORNE-3
LZVVLOV00,IRONISLADS
8LOLFA9LV,IRONISLADS
LFA4LOL09L,HOARE
L8ZV9FA08,#N/D
LV0Z04V8,RIVERLANDS-2
L80VLLO,STORMLANDS-1
Z0000Z0FA,STORMLANDS-2
FA0FAVL044,#N/D
9FA4000LO,HOARE
LZ00LOLZFA,RIVERLANDS-1
Z0FA0V8FA0,RIVERLANDS-2
L884ZFAFAFA,NULL
L8LO498L9,STORMLANDS-1
ZZ0LOLFA4Z,NORTH
FA0FAV9ZZLO,#N/D
LFA4LO0VLLO,DORNE-1
LLOV048FA9,RIVERLANDS-1
LVVVZMZZ,NULL
800ZV00,IRONISLADS
LZ4LLZ94,STORMLANDS-2
LVZLZLO40,REACH
LV0ZV9V9,CROWNLANDS
ZZFALO000V,#N/D
LFA0404Z0,STORMLANDS-2
L08LVZ0FA,DORNE-3
LO0894LO80,CROWNLANDS
L94L4FALO8,REACH
LLO0L0FAZ0,#N/D
L9FA94FA04,REACH
LVLO489Z9,DORNE-3
LLOV8FAZL9,NULL
LV9Z9FA84,#N/D
L880FA4L9,RIVERLANDS-2
V00V94ZM,NULL
L9V0LZV8,HOARE
LLOV4LV4Z,DORNE-1
L4LOZFA040,CROWNLANDS
L9FA00LO09,AEGON
LV44VZ08,IRONISLADS
FA00LL0LLO,#N/D
849LV49,HOARE
L9VFAFA9V0,#N/D
FA00V4989,DORNE-3
ZZFA4FA4,RIVERLANDS-2
L4FALFAL04,RIVERLANDS-2
V4ZZZFA8,HOARE
L8LOL4VVLO,#N/D
Z048ZL,DORNE-3
L84FA00V0,NORTH
VFA0FAFAZ4,HOARE
LV9ZMFA98,STORMLANDS-1
L9VV09L0,CROWNLANDS
80LFA484Z,STORMLANDS-1
LV88V844,NULL
LLOVV0494,DORNE-1
V0L8FA988,RIVERLANDS-2
808,IRONISLADS
LLO0400V0,STORMLANDS-1
L98V9ZV0,RIVERLANDS-2
Z0FA94FAZM,DORNE-3
LZV9LO900,HOARE
LZ0L9VLOZ,DORNE-1
L4FA09VFA0,STORMLANDS-1
Z000FA888,DORNE-3
LLO8948V9,DORNE-3
Z0VVL4LOV,DORNE-3
LVLV4Z8L,REACH
V08ZZ848,REACH
LO04LO8LO90,CROWNLANDS
9L08000,IRONISLADS
Z0LVZ4V8,RIVERLANDS-1
L4ZFAL0V8,STARKS
L04LLLZV,STORMLANDS-1
8ZMV4,#N/D
LFALLFALV0,DORNE-1
LFAL4890Z,DORNE-1
FA0FALO0V04,#N/D
L8Z084FALO,DORNE-1
90ZLL08,HOARE
L9V00Z8Z,STORMLANDS-1
L9FA4LO800,NORTH
L49LO9FAFA4,STORMLANDS-2
L8L0FAZZ8,RIVERLANDS-1
LZ4LZLO8L,REACH
LLO8948V9,DORNE-3
L90Z9LO0LO,RIVERLANDS-1
V00L8LFA0,RIVERLANDS-2
ZZLLZLVLO,NORTH
FALZ0VZV,DORNE-1
L9LLO8VZ0,DORNE-1
LLOVL8LOZ4,REACH
LO0L9ZFA09,NULL
LVL9LLOL0,STORMLANDS-1
900LOFA0LL,#N/D
LVFA98LO40,REACH
L9V4L940,NULL
80LFALO80V,STARKS
LZ9VFAFAFALO,#N/D
LLOFAL0LO04,STORMLANDS-2
LLLLO8L04,DORNE-1
LL84FALOFAL,REACH
V09L8LOFAL,REACH
90044FA9Z,#N/D
ZZL909LO0,IRONISLADS
LO08Z00ZFA,CROWNLANDS
V0VZVVVFA,STORMLANDS-2
Z04V90V0,RIVERLANDS-2
L0VL04LO8,HOARE
LZMLO8V0V,REACH
L4V000FA9,STORMLANDS-1
ZZ0ZV4V4,STORMLANDS-2
LVL90ZL0,REACH
VVFAL889,HOARE
L0VV8VLL,RIVERLANDS-1
V0ZM404L,NORTH
LVLFAL000,NULL
L9FA089,HOARE
8L0ZL00,IRONISLADS
V00ZV9LZ,RIVERLANDS-2
LFAFA4L080,HOARE
Z09FAZL09,RIVERLANDS-2
L044Z9,NULL
L80L848Z,DORNE-3
L8ZFALOV49,STORMLANDS-1
LV4L8FA0V,STORMLANDS-2
L4VFAZ48L,DORNE-1
Z08FA04VLO,RIVERLANDS-2
LVFAFAZZLO0,REACH
9004FAL89,#N/D
LLO4448V8,RIVERLANDS-1
LZFA88Z00,IRONISLADS
LFA04Z0L8,HOARE
L9LLOZ88V,DORNE-1
Z004LOZZ0,DORNE-3
LLLO940L0,CROWNLANDS
FA00LO0V0Z,#N/D
Z0884Z04,DORNE-3
L9L04Z40,AEGON
80088LFA,HOARE
LVZLO4009,HOARE
L8LOFALFA00,DORNE-1
8FAV09FAFA,HOARE
L98LOFA844,RIVERLANDS-2
LFA44V48L,#N/D
89VLO9FAZ,HOARE
LLOZ0FA00LO,STORMLANDS-2
LFA9VL98LO,STORMLANDS-1
V0FA800,CROWNLANDS
ZZFALO0900,RIVERLANDS-2
LLO44040FA,REACH
800FALOFA8FA,STORMLANDS-1
LLOFA009Z0,IRONISLADS
L944V0Z0,DORNE-3
L90ZV40LO,RIVERLANDS-2
LFAVFAZ9V0,STORMLANDS-1
LV9ZVLOZL,IRONISLADS
8FAL004FA,HOARE
LZ988FALOFA,STORMLANDS-2
L9VLO94ZLO,NULL
L9444VFA0,HOARE
ZZL0Z0LO4,NORTH
LZ48V88V,STORMLANDS-1
V409FA00,HOARE
L90L088L,STORMLANDS-2
L809FAZ4FA,DORNE-1
V094LV88,REACH
L49LO90LO4,DORNE-3
LLLO940L0,CROWNLANDS
FA0LZ4FA0V,#N/D
L94L9L88,HOARE
L909FA04FA,STORMLANDS-1
FA0Z4ZZFAL,#N/D
FA00FA04V0,RIVERLANDS-2
LLOFAFA4V00,DORNE-3
L4ZZ0VLO0,STORMLANDS-1
L80LO80FA0,STORMLANDS-2
9008LOVZZ,#N/D
LFALO040Z9,DORNE-3
LV80ZLL9,DORNE-1
V00V400FA,STARKS
L0000LZFA,IRONISLADS
Z080L0V4,RIVERLANDS-1
LFA4044VL,HOARE
L8ZLV0VL,STORMLANDS-2
V0L09ZLO4,RIVERLANDS-2
L84LOZ8L,DORNE-1
L8FALO00ZL,NORTH
L4LFA8LO4FA,CROWNLANDS
V0908VFALO,REACH
LZFA9LL80,DORNE-1
L4FAZL9,DORNE-3
L90L044V,CROWNLANDS
LLO040044,RIVERLANDS-1
LZ8FA0V9V,NORTH
LL800LLFA,RIVERLANDS-2
LL4L90,IRONISLADS
ZZ4FA98Z9,NORTH
VLFA9VLOFA,DORNE-1
LO09V8VFA9,CROWNLANDS
LO0ZZ4V88,REACH
LL09Z088,CROWNLANDS
8LZ44,HOARE
8FA9LOLV0,IRONISLADS
L940LOFAVV,DORNE-3
L98FA4LL9,DORNE-3
LZVLOVFA84,NULL
LZZ90ZZL,HOARE
V0080LOVFA,NULL
L9VFAZ0ZV,HOARE
L0L8FAL8V,DORNE-1
LLOFALOFALLLO,CROWNLANDS
L9LVZFAZ4,#N/D
8Z4L8VLO,IRONISLADS
LLO900LOV0,REACH
L8LZ9Z09,HOARE
L900Z088,CROWNLANDS
L000V9FAFA,STORMLANDS-1
L4ZFA9Z04,HOARE
LVFAZ8VZM,IRONISLADS
80044,IRONISLADS
L9888V0V,IRONISLADS
L89ZZMZV,NULL
V08LFA089,REACH
L94LOFA900,DORNE- 2
L0LOVLVFAL,HOARE
L8LOV9ZVLO,RIVERLANDS-2
LVZVLO8LFA,CROWNLANDS
LZFA8804L,STORMLANDS-1
LLLO0Z0VFA,CROWNLANDS
V00LO0LFA8,RIVERLANDS-2
LFALO04VLO8,HOARE
ZVZM4Z0L,NULL
LFAFAZLO4FAL,NORTH
L0LLLOZ00,NORTH
V084V840,REACH
98V404Z,DORNE-3
LZMLZLOL8,RIVERLANDS-2
LFAZLO0V,REACH
L800FA9,NULL
L9FA8ZFA0FA,STORMLANDS-1
L8LZM000,DORNE-1
L4LOZ4L0FA,STORMLANDS-1
90LZZM0LO,#N/D
LLOFA0ZLLL,HOARE
LLFA00VFA9,IRONISLADS
LO0ZZ09LL,DORNE- 2
ZZLO849LO0,RIVERLANDS-2
8LZ0ZFA0,HOARE
L9FAFA9VZ8,STORMLANDS-1
L80ZLO08Z,STORMLANDS-1
L9FA90Z90,DORNE- 2
LFAV4V0LO4,STORMLANDS-1
LLOVV90LV,STORMLANDS-1
L8LOFA9L9FA,DORNE-3
L800V0LO0,RIVERLANDS-1
V0VL9LO,CROWNLANDS
89V40,HOARE
LV9LO09FA0,DORNE-1
LZV08LV8,STORMLANDS-2
FA0LFA440LO,#N/D
L9LZLZ8FA,#N/D
9000V0FA4,RIVERLANDS-1
LZ89FA4VFA,NORTH
LVLFAVVLZ,STARKS
L400LO00LO,#N/D
L09LOVLO4V,IRONISLADS
L4Z00VL8,STORMLANDS-2
L9VZV0VFA,STARKS
L4LO84988,#N/D
L840ZFA4FA,DORNE- 2
Z09LV8LFA,#N/D
L40LOZLVV,DORNE-3
80LOZ0V,DORNE-1
LVFALO4940,AEGON
L94Z088L,STARKS
Z0VV9009,DORNE-3
ZFAZ49LV,HOARE
LVVVZMZZ,NULL
L9V8890Z,RIVERLANDS-2
LLO4L8FA89,DORNE-3
LVLO88L4Z,STORMLANDS-1
L9LZL890,DORNE-3
Z00V09VFA,DORNE-3
80ZVLO48,IRONISLADS
988V49LO,RIVERLANDS-1
LLOL9000V,HOARE
9FA4L808,IRONISLADS
L90VZ8LLO,DORNE-1
LLO4Z0L04,#N/D
VL0V88FA,IRONISLADS
Z04040V4,RIVERLANDS-1
LLO0FA4VLO9,HOARE
L00Z80LOZ,STORMLANDS-1
LZ00409FA,#N/D
FA0LOZFAV9Z,#N/D
Z0ZV0L0LO,DORNE-3
LO0ZVLOL0Z,RIVERLANDS-2
V0L4LFAFALO,RIVERLANDS-2
ZZLFA04,NULL
LO0LOFAZZV8,#N/D
ZZ4FA0FA44,NORTH
LZ0LO08FA9,NORTH
LLO04LZ,STORMLANDS-1
V49FA0,DORNE-3
LLO00LO0ZFA,DORNE-1
LZ0FA4V49,NULL
V49FA0,DORNE-3
LO04Z0LFA4,CROWNLANDS
LL0000VZ,DORNE-1
V08ZZL9Z,REACH
ZZLO0LOL80,CROWNLANDS
L88LL4Z9,DORNE-1
LFAFA8LFAV8,HOARE
LFALVV0FAFA,#N/D
L8V80FA90,DORNE-1
L9FALFA044,IRONISLADS
8Z90909,DORNE-1
L9L08ZZ0,DORNE-3
L9LO0FAVZZ,DORNE-1
L08LO0LVFA,RIVERLANDS-1
Z004FA9LZ,DORNE-3
L0Z94L8LO,DORNE-1
L9LOFALO800,IRONISLADS
L84LO9VZ4,DORNE-1
LFA9LO0Z0Z,STORMLANDS-1
80L9L8LOZ,NULL
Z008Z008,DORNE-3
L8L4000FA,DORNE-3
LV0094V4,STORMLANDS-1
LV9LO0VZV,HOARE
9008Z8VFA,RIVERLANDS-1
4048804,HOARE
LFA0LZ0LO0,HOARE
LVZ8ZLO,STARKS
ZZV00094,RIVERLANDS-2
V0009V00,NORTH
L9ZLOZ49L,STORMLANDS-1
LV44FAFA00,CROWNLANDS
LV890FAZ0,RIVERLANDS-1
L4LLLO89Z,RIVERLANDS-1
L8098040,STARKS
ZZ009FA0L,NORTH
L880ZMFA4,RIVERLANDS-2
LLOVFA09LOZ,DORNE-3
LOZLO40,IRONISLADS
L408LO0ZV,DORNE-3
FA0FA8V0FAV,#N/D
FA0VZVFAFAFA,#N/D
LV4000,STORMLANDS-1
8000LVLZ,STORMLANDS-1
LZFA8LZV4,REACH
LZV49VVLO,HOARE
L0LFALFALV,RIVERLANDS-2
LZ0LO09LOV,NORTH
FA0488Z8Z,#N/D
L0L8LZ40,STORMLANDS-1
ZZZ8L080,STORMLANDS-2
LZFAL40FA9,STORMLANDS-1
LL0LZ9FA0,CROWNLANDS
LOFA0FAV9,HOARE
L9FA8Z8Z0,DORNE-1
FA0FA48Z0LO,#N/D
80L800LO0,STARKS
L4ZL0080,HOARE
LV08V0Z0,IRONISLADS
V0V000Z,HOARE
LZ89V80LO,NULL
L9VLOV808,DORNE- 2
L000LLOZLO,RIVERLANDS-1
LO0LZ8ZLO0,NULL
LFA4ZZL00,#N/D
80804ZFA,IRONISLADS
9LO00049,DORNE-3
LVZLO0FA,IRONISLADS
ZZLO00Z00,RIVERLANDS-2
LFA88098Z,DORNE-3
FA009L0,CROWNLANDS
LO04Z0LOZLO,CROWNLANDS
L8FALLOZ,RIVERLANDS-2
LO049004FA,AEGON
L9090VZLO,#N/D
FA0FAL0000,#N/D
8ZFA844V,IRONISLADS
80LZMZZM,NULL
L9LOFA04V8,IRONISLADS
LZMLOV9L0,DORNE-3
L4V90VVLO,DORNE-1
V080LO488,REACH
LV80ZLL9,DORNE-1
LVVL008L,#N/D
LLO04FAFA04,STORMLANDS-1
FA0FA00ZVFA,#N/D
L8ZLV0VL,STORMLANDS-2
LFALO889LL,NORTH
V0FA908LO9,STORMLANDS-2
LFA940ZVFA,STORMLANDS-1
Z0L0FAV9FA,DORNE-3
L4FA04VLOFA,REACH
Z08FALOFALL,DORNE-3
LZZ844V0,STORMLANDS-1
L9FA908ZZ,NULL
LVV909FA0,STORMLANDS-1
L8L0940V,HOARE
L9L90LFAL,RIVERLANDS-2
L9ZFA0FA4Z,DORNE-3
8FAFA00,HOARE
84VFA8,HOARE
V84Z0FAV,HOARE
LV44VFALO0,RIVERLANDS-2
LL08V900,CROWNLANDS
Z0909VZ4,DORNE-3
L4ZM440L,IRONISLADS
LLO0Z98LO0,REACH
FA0ZV89LO4,#N/D
LLOZL0L49,STORMLANDS-1
LFA08880LO,NULL
LFAFA0L098,HOARE
LO0ZL98VZ,REACH
ZVLOZLOL40,NULL
L09LVZL8,RIVERLANDS-1
FA89LVV,HOARE
L0040VV0,STORMLANDS-1
L0444V8FA,DORNE-3
LLOZ4ZMLO9,DORNE-1
L4ZZ940Z,STORMLANDS-1
LZ0VFAV04,HOARE
LLO00ZFA89,#N/D
LVLZFA4LZ,NULL
LVLZFA4LZ,NULL
LFALO94LO90,STORMLANDS-1
V0Z88Z40,DORNE-1
L909FAV0V,NORTH
L09V09,HOARE
LV8VLOL00,NULL
LO0LOLLOZZ0,#N/D
L88Z0LFAL,STORMLANDS-1
FA0FAFA00VZ,#N/D
V084LO00V,REACH
L0FA00LV8,HOARE
L8FAFAFA084,#N/D
L4LO9L800,NORTH
L88ZFA988,DORNE-1
V0949L00,STORMLANDS-2
L908FAFAVV,STORMLANDS-1
LLO08LV,IRONISLADS
L9FAFAVVFA,DORNE-1
LO0L8V8VLO,NULL
V0L0V0Z0,RIVERLANDS-2
L80FA0LZ9,STORMLANDS-2
L9LO09VFA8,RIVERLANDS-1
LV0LVLLO8,REACH
V098L000,STORMLANDS-2
LL00V0Z0,#N/D
LLO9FAVL80,DORNE-1
L9L0LO844,DORNE-1
L08VV04Z,DORNE-1
L09ZL80FA,HOARE
L8V4ZVZZ,IRONISLADS
LLOV0Z9LO9,RIVERLANDS-2
Z00448FA0,RIVERLANDS-2
LL8FA0L09,NULL
FA00984V8,#N/D
LO0LO0LLO09,#N/D
LFA808900,#N/D
L0LO0004Z,NORTH
LO04FA8V0Z,AEGON
LO0Z00LLO9,AEGON
LFALO0FAZ44,IRONISLADS
LZ80LOZZ8,HOARE
LZLVLOL44,STORMLANDS-1
LFAVFA4LV4,IRONISLADS
L0LO0LO948,HOARE
ZZ80FAZ9FA,STORMLANDS-2
80LVZ084,NULL
LFAFAZLLZFA,DORNE-3
L9LO000FAZ,RIVERLANDS-2
L809FAL0LO,IRONISLADS
L0Z80LO04,RIVERLANDS-1
LO0VL0004,REACH
LZ48LOVFAV,NULL
L9LLOFA8LO9,STORMLANDS-1
L98VFA94FA,STORMLANDS-1
FA00ZLO00L,NORTH
8000FA440,STORMLANDS-1
L98FA4LL9,DORNE-3
L404LOVFALO,DORNE-3
L904VZVLO,RIVERLANDS-2
L9VLZ4LO9,RIVERLANDS-2
LZFA9LFAFAV,REACH
LFALOV4V,STARKS
LO04LZ0LO8,DORNE- 2
LLOZ8000Z,STORMLANDS-2
L0L8FAL8V,DORNE-1
LLOL80V0V,IRONISLADS
FA00LZ00V,RIVERLANDS-1
LLV9LOLZM,NORTH
L8LOLV9Z0,STORMLANDS-2
V098LOFA,CROWNLANDS
8LOZLO4,HOARE
V0Z4FAZLFA,REACH
LV8LO98V8,NORTH
L80FAV0,DORNE-1
L80LO4FAL4,IRONISLADS
Z0LOVFA0FA8,STORMLANDS-2
L48FA9LOL8,HOARE
L4LLV9VZ,STORMLANDS-2
LFALO0V09LO,#N/D
LO0LOLZFALOL,#N/D
LLO08ZZZZ,HOARE
V00LOZFAFAL,STORMLANDS-2
L0L8LO8LOL,STORMLANDS-1
L94900FAFA,STORMLANDS-1
L84Z9Z9V,#N/D
L9LOLZ094,STARKS
LO0Z9ZM08,CROWNLANDS
LFA94988Z,STORMLANDS-1
LFALOVZL90,HOARE
L400ZLLFA,REACH
V0LOFALO4LO,IRONISLADS
LLLO9VVZL,HOARE
900LO8V0,DORNE-1
L9FA08098,STORMLANDS-1
FA0VLOZL0Z,#N/D
LVLO009FA4,DORNE- 2
L00ZVFALLO,DORNE-3
LO00088FA0,CROWNLANDS
9Z8L04FA,RIVERLANDS-1
L40L89LO9,HOARE
LO00088FA0,CROWNLANDS
L484FALO8LO,IRONISLADS
LLVFA0LOL0,RIVERLANDS-1
L4FA048FA0,#N/D
LZ48LOVFAV,NULL
L04FALL84,IRONISLADS
LLO448L9Z,DORNE-3
L4L9LVZ4,STORMLANDS-1
LVZ0008L,IRONISLADS
L9Z80Z04,DORNE-3
LFALOV88FAL,NORTH
LLOZV9V8V,HOARE
LZFA4Z890,STORMLANDS-1
FA0LO080FA0,#N/D
L809V984,CROWNLANDS
LL9LV8FA9,DORNE-1
FA009L0,CROWNLANDS
L9L0FALV0,CROWNLANDS
LLOFA09FA,DORNE-1
LFALO4Z880,IRONISLADS
FA00VV48V,#N/D
LFAV908ZLO,IRONISLADS
ZZ40V0LOL,NORTH
L40ZLOV8V,RIVERLANDS-1
VFA90ZMFA,HOARE
LZZ48Z40,DORNE-1
L8FA0ZFA0LO,CROWNLANDS
LV9L90Z9,RIVERLANDS-2
L8LOFA04ZFA,STORMLANDS-1
FA004L494,#N/D
Z04ZV944,DORNE-3
L8LZV8LLO,#N/D
L88FA84Z9,STORMLANDS-2
89V40,HOARE
L4Z90FA09,DORNE-1
LVLFA8LOZL,RIVERLANDS-2
L88FA84Z9,STORMLANDS-2
LV48FA009,HOARE
LFAV0ZVLOV,STORMLANDS-1
LO0VFA90FA0,STARKS
LFAZVLOVLO0,IRONISLADS
VL4ZVZ0,DORNE-1
LV4LLOV80,STARKS
L900L0ZZ,DORNE-1
L0ZLOLFALO0,RIVERLANDS-2
L98V9ZV0,RIVERLANDS-2
L00FAZ90Z,STORMLANDS-2
L0000L,RIVERLANDS-1
FA004L4LOZ,CROWNLANDS
Z00VZ9LL,RIVERLANDS-2
LVLL940FA,NORTH
900V0004,#N/D
L908FALO0V,IRONISLADS
V0804LOLV,REACH
FA0ZL00,#N/D
LLOZ008LOL,DORNE-3
Z0ZFA8V0L,DORNE-3
Z0ZV0L0LO,DORNE-3
V089Z090,#N/D
L894FALO,DORNE-1
L484LOFA0Z,STORMLANDS-2
V084V840,REACH
L9LOLZ0V0,DORNE-1
V08L9L94,REACH
L4FALO4048,STORMLANDS-1
L804V9ZV,#N/D
ZZ0ZV4V4,STORMLANDS-2
L9VZV0VFA,STARKS
L90940L0,HOARE
LFAFAZLO4FAL,NORTH
FA0VLO9LZ4,#N/D
ZZ44L8L8,NORTH
LZL0V449,DORNE-1
L094L04Z,DORNE-1
80Z8L9LO,DORNE-1
L8V80FA04,RIVERLANDS-2
V00Z4LOL9,RIVERLANDS-2
LFALO080Z4,STORMLANDS-2
LFA0LOLLV4,IRONISLADS
ZZLOV488Z,CROWNLANDS
LZ9L0L0FA,DORNE-1
LLOVZ8Z4Z,STORMLANDS-1
LL0LOL94Z,DORNE-3
V0ZFA0LO84,REACH
VVVVFAZM,IRONISLADS
L9LZLZ8FA,#N/D
FA044FAZFA0,#N/D
L800FA0FA4,#N/D
LV09FA984,REACH
V080VFAZ8,REACH
L84FA9LV4,#N/D
LVLLV4L8,IRONISLADS
L9VZ0LFA0,#N/D
LO0FA08LOFA4,NULL
L80FAFA0FA0,IRONISLADS
LFAVZ09LO8,IRONISLADS
L0ZL0FA90,DORNE-1
LVVVFAVZLO,STORMLANDS-1
L00LO4Z0LO,STORMLANDS-1
LVLO0FA8V4,RIVERLANDS-1
L8LOFAL900,DORNE-1
LV9L4LL4,DORNE-1
FA0004VZZ,DORNE-1
8ZFAFA90L,DORNE-1
LFA084FA4LO,DORNE-3
ZZLO4FAFA8V,STORMLANDS-2
L80FA4900,IRONISLADS
L84LO88LO8,DORNE-1
LVV9LOVV9,REACH
FA00ZZFA0Z,STORMLANDS-1
L844ZZ,STORMLANDS-1
4ZMZMFA8,HOARE
800000LO9,NULL
L0ZFA0L8LO,DORNE-1
LV0LFALO8V,STORMLANDS-2
L890VVLO0,IRONISLADS
V0ZLOFAZ00,DORNE-1
LVLOLVZZV,RIVERLANDS-2
V08400FAV,REACH
L4L0FAFA0L,HOARE
L404008LO,NULL
L9ZMV4L4,DORNE-3
8FA909LO0,HOARE
V08400FAV,REACH
FA00V4LZL,DORNE-3
8LFA9,DORNE-3
9L08LO8FA,IRONISLADS
L8V0088Z,#N/D
ZZ0FA00ZFA,IRONISLADS
Z0LO0LZLFA,RIVERLANDS-1
LZLOZ448FA,#N/D
LVLO9FAV,IRONISLADS
LZFAV48LO9,DORNE-3
FA0L4VFA8LO,#N/D
L0FAFA0V49,RIVERLANDS-1
L4VFAZMFALO,NULL
L90VLOFA8LO,RIVERLANDS-2
800ZLOLZFA,STORMLANDS-1
9ZZ0LV0,DORNE-3
VZL009V,HOARE
LZM80LOVZ,DORNE-3
V0LZLZ90,RIVERLANDS-2
8LL09FA4,IRONISLADS
L9V009V0,HOARE
L0FA44LOZ9,DORNE-1
L09Z4LLO9,CROWNLANDS
V0V8400Z,DORNE-1
LV90FA40V,RIVERLANDS-1
L98FA0V,STORMLANDS-1
LFAZLOL4ZV,NORTH
L000888FA,STORMLANDS-1
L980Z04FA,DORNE-1
L8VZ98V4,IRONISLADS
L9LOZ808L,STORMLANDS-1
LLOL0FALO00,REACH
LO00L4L,CROWNLANDS
LZMFA8L,STORMLANDS-1
LV09FALO0L,#N/D
L940LZ8L,STORMLANDS-1
8004089,HOARE
ZZ000Z0V,STORMLANDS-2
ZZ0ZV00L,IRONISLADS
L9FA8ZV49,HOARE
FA00ZV009,RIVERLANDS-1
L98Z90ZV,NORTH
LZFA4FA400,HOARE
FA009VZZ8,#N/D
LZFA9FA9,STORMLANDS-2
L8ZV9FA08,#N/D
800ZZLOFAFA,STORMLANDS-1
LFA0LLZFAV,DORNE-1
L00FAZ90Z,STORMLANDS-2
L9404LO8FA,STORMLANDS-1
V00ZV9LZ,RIVERLANDS-2
L4LO09LV9,RIVERLANDS-1
Z009FA400,RIVERLANDS-1
LLV008V8,NULL
LV0L0V,RIVERLANDS-2
LFAFAZM8V9,RIVERLANDS-2
LLO8VZL4FA,IRONISLADS
LZVV48FA0,STORMLANDS-1
LO08V084FA,CROWNLANDS
900FA9ZZFA,#N/D
V040LO0LO8,STORMLANDS-2
9FA08LO4LO,IRONISLADS
L89V4ZLOZ,DORNE-1
LLZLFAL09,HOARE
LZ409V0FA,RIVERLANDS-2
V0LLO49V0,#N/D
900FA09Z,DORNE-1
L4VV9LO90,RIVERLANDS-2
90LO0FALOZ,DORNE-1
FA0ZZ9L48,#N/D
Z094LFA00,DORNE-3
L00LO8FA,STORMLANDS-1
LLO4Z98,REACH
LLO0LOZLLLO,DORNE-1
80LLOVFAZLO,STORMLANDS-1
L9LO40L48,#N/D
FA008009V,NULL
8LOL4409,IRONISLADS
LO0ZMZ800,#N/D
LZFA0ZVLL,IRONISLADS
LVFAFA090LO,IRONISLADS
LFAZZFAZZM,STORMLANDS-1
900FALO8LLO,#N/D
LLO88L4,NORTH
8L88VFAL,HOARE
L009LFA,IRONISLADS
FA00FA8V44,NORTH
FA04VFALO80,#N/D
L8L0LLOVL,STARKS
LLO98FA4V4,HOARE
L800ZMFAFA,IRONISLADS
L4FA0LO090,RIVERLANDS-1
Z00LLO0Z4,RIVERLANDS-1
800FA9448,NULL
LLO8FALOFA0,IRONISLADS
L8L09FA8V,NULL
LLOZ8LFAVZ,HOARE
LO0LZ00ZM,NULL
ZZ4LFALO0FA,STORMLANDS-2
LV40ZMLO0,CROWNLANDS
L90LO9FAVFA,STORMLANDS-1
L8008L0Z,DORNE-3
80L4V840,NULL
LFALLLO0FA0,DORNE-1
LL80L00LO,RIVERLANDS-2
V08L8LLO9,REACH
LLOVFA0VZFA,NORTH
L8VFAV4,NORTH
V0040LO08,RIVERLANDS-2
LV90V490,IRONISLADS
LFALOV48FAL,STARKS
L4L0ZLL0,CROWNLANDS
FA0FAL4FAV0,#N/D
L400VVFA0,#N/D
L9ZM90LO0,HOARE
VLOFA8VFALO,DORNE-1
LO0FAFAZ00V,NULL
LLLVZMFA8,HOARE
L0LVFA0FA4,RIVERLANDS-1
8FA840VV,HOARE
V89LLO08,DORNE-1
L0440LO00,STORMLANDS-1
L4940V0L,STORMLANDS-1
L4L9LVZ4,STORMLANDS-1
LVLFA8LOZL,RIVERLANDS-2
LZZFA4VZ8,STORMLANDS-1
L9LOVFA80Z,RIVERLANDS-1
94Z4988,IRONISLADS
L94FAV809,HOARE
LZ0VFA9FA4,IRONISLADS
LZ8LO08LV,DORNE-1
Z0890V98,DORNE-3
80LLO4Z0L,NULL
LLOZ00LO0L,#N/D
LZV980Z0,NULL
LVLFAVFAVFA,HOARE
L8V94LO0FA,STORMLANDS-1
L4LVLOLVLO,DORNE-1
LV848ZVLO,#N/D
L4Z90L8LO,CROWNLANDS
LLO9089VL,#N/D
8FA9ZLOZZ,DORNE-1
V00LZLVFA,RIVERLANDS-2
LO0LOFA40FAFA,#N/D
L4VZ8L,IRONISLADS
V098LOFA,CROWNLANDS
L9ZZ44LOZ,HOARE
ZZFA9LO000,NORTH
LL800LLFA,RIVERLANDS-2
Z004V8ZLO,RIVERLANDS-2
LO048ZZ44,AEGON
V0FAL98Z,IRONISLADS
FA004LO0LOZ,IRONISLADS
LZ8LZ9Z0,NORTH
LFA9FALOVZ4,REACH
FA0ZFAV498,#N/D
L008LLVLO,RIVERLANDS-1
FA0FAZVFA40,#N/D
Z0VVLL90,DORNE-3
LV08ZLLO9,IRONISLADS
800VLOL08,STORMLANDS-1
FA0440L8L,#N/D
VLOVLO898,IRONISLADS
90ZZ89FA,HOARE
8FAL9ZL8,HOARE
LZZ90ZZL,HOARE
LV9Z0Z,DORNE-1
L88VLO848,IRONISLADS
VZL009V,HOARE
LO0LO008Z4,CROWNLANDS
LLO08ZLZ4,DORNE-1
V0ZM84L0,NORTH
V09L8LOFAL,REACH
LV89VZ44,DORNE- 2
LV804VZ0,STORMLANDS-1
L89ZZ890,NULL
8ZFALOVLFA,HOARE
LL80LL9V,STORMLANDS-1
L09VLOL8L,STORMLANDS-1
LV98LLLV,REACH
FA0080ZV0,#N/D
LZ84LO404,IRONISLADS
Z04FA8LZL,RIVERLANDS-1
V09049V8,NORTH
8FAV09FAFA,HOARE
Z0V9ZL0L,DORNE-3
L4Z90FA09,DORNE-1
L04Z0ZVLO,DORNE-1
LFA90080L,STORMLANDS-2
LLOZZL04V,STORMLANDS-1
L9L9FALL4,STORMLANDS-1
L488L9LLO,DORNE-1
V00LO0098,RIVERLANDS-2
LFALOFAZVVV,RIVERLANDS-2
LLO040FA08,STORMLANDS-1
ZLOFALO40LV,HOARE
L9ZVV4Z0,IRONISLADS
ZZLOLFA009,NORTH
V0LLV000,RIVERLANDS-2
FA0FALO0V04,#N/D
LO0ZFA9LO89,AEGON
FA004LO0LOZ,RIVERLANDS-1
L4ZLLOZLZ,STORMLANDS-1
ZZLLOZ90L,NORTH
L0490LOL8,#N/D
L0LO0LFA0V,DORNE-1
LLO9VL00FA,CROWNLANDS
LLOV00FA,RIVERLANDS-2
V0848LLO9,REACH
90LO0FALOZ,DORNE-1
V090Z9,REACH
LFA9LOVZVV,REACH
L00V90LV,RIVERLANDS-1
L94FA80LOFA,NULL
LFA4LO0VLLO,DORNE-1
FA0FA8ZL00,#N/D
V0L049V0,RIVERLANDS-2
LV0ZL4FA8,DORNE-3
L400FALO4FA,DORNE-3
L80V984Z,NULL
L9L0LO049,RIVERLANDS-1
V9FA009L,HOARE
L8FA4Z90Z,RIVERLANDS-2
LLO0Z4Z94,DORNE-3
LLOFA0L0LLO,STORMLANDS-2
L4V00ZLV,NORTH
L0V00L40,#N/D
L8ZZ9LL9,IRONISLADS
L9L9Z08FA,DORNE-1
LV0FA808V,STORMLANDS-2
L80FA0V9LO,#N/D
LZ4ZZ889,HOARE
V0LO08L09,HOARE
L00Z00Z4,IRONISLADS
LZV84ZLOV,STORMLANDS-1
LO04FA900L,AEGON
FA00LZ00V,RIVERLANDS-1
L8LOFA44Z9,DORNE-1
LVFAFA090LO,IRONISLADS
8LZ498L,IRONISLADS
V000FA4,CROWNLANDS
LVFA80908,NULL
ZZ8L4LOFA9,RIVERLANDS-2
FA00L8VL0,HOARE
VLV0ZLFA,IRONISLADS
Z004V8ZLO,RIVERLANDS-2
L98Z084LO,STORMLANDS-2
L9FALLOFALO0,STORMLANDS-2
VZ49FAFAV,DORNE-1
L9VLOLV8FA,STORMLANDS-1
L8048400,DORNE-1
L9V08ZV4,DORNE-1
V8Z08FA0,HOARE
FA0V44L,#N/D
LZ9804FAV,REACH
LVV08VLO9,STARKS
800FAL8LO0,STORMLANDS-1
L4FA0L094,STORMLANDS-1
L9Z0Z080,IRONISLADS
LVLFAL000,NULL
V8ZVVLOZ,HOARE
LV0Z04V8,RIVERLANDS-2
LFAV8FA0ZLO,DORNE-3
ZZ0VLO989,NORTH
LLO400VZ0,STARKS
FA04FAL0VV,#N/D
L4L9Z0ZFA,HOARE
FA0LO0LOL8V,#N/D
L880LFA08,STORMLANDS-2
LO0FA8FA0FA0,NULL
VLOFA8VFALO,DORNE-1
8094V08,DORNE-1
LL80LL9V,STORMLANDS-1
880LO04LO,DORNE-1
L4ZV9090,RIVERLANDS-2
V0FAL98Z,IRONISLADS
ZZVFA4LO9LO,NORTH
LL00Z94Z,STORMLANDS-1
L0LO0FAZZ0,IRONISLADS
94FAFAFAFA0,DORNE-3
V8LLOLLO9,DORNE-1
LV8FA0ZFALO,STORMLANDS-1
4Z0Z8L,HOARE
L8008L0Z,DORNE-3
LL48040V,DORNE-3
L9VLO0008,RIVERLANDS-2
L08894LZ,STORMLANDS-1
FA0FAZ8VZ9,#N/D
FA00FA8FALOL,HOARE
L8LO4Z094,RIVERLANDS-2
9V08V0L,HOARE
89089L8,IRONISLADS
L4849L40,NORTH
LZFALLOFALO4,STORMLANDS-1
LZ8890ZV,NORTH
L8VZM8LO0,IRONISLADS
V9LOFAZ98,HOARE
ZZ0LL9FAV,STORMLANDS-2
LO0Z8LO0LOL,DORNE- 2
FA0Z84084,#N/D
LZ9LO8V,RIVERLANDS-2
V00LOZ944,STARKS
LZM4ZVV8,IRONISLADS
Z0FAZV00L,DORNE-3
LO0Z9FAFALZ,REACH
LVZM0000,NULL
LO00094L8,CROWNLANDS
LZ0VFA4FAV,CROWNLANDS
FA00FAFAFA,#N/D
L8L4V90FA,NORTH
988L80,IRONISLADS
8LOLFA9LV,IRONISLADS
ZVZMLO8LZ,NULL
LZ8FAV0V4,IRONISLADS
L40ZMFA9V,STORMLANDS-1
L48FAVLO94,IRONISLADS
LZFA08989,DORNE-1
LV0040FA4,REACH
LLZZ44L0,REACH
L9V94FA90,REACH
LV8VL0LO8,NULL
L98L0FA49,NULL
L80LOZ0LV,HOARE
V000FALL9,DORNE- 2
LFA08880LO,NULL
Z84Z,IRONISLADS
L0FALOZ0Z9,STORMLANDS-1
90988L0,IRONISLADS
800L4LFAL,STORMLANDS-1
L84040L0,NULL
L04040VV,IRONISLADS
LV984LOVZ,DORNE-1
900ZZFAFA9,#N/D
L890FAL0L,RIVERLANDS-1
LFALO8LLOFA4,HOARE
L80048FAV,STORMLANDS-1
LZVLOZFA44,IRONISLADS
LLO408ZM9,IRONISLADS
8V8LLOL4,IRONISLADS
LZ9FAVFA,NORTH
900FALO8LLO,#N/D
LL04L840,IRONISLADS
LL04L840,IRONISLADS
LZ8LO08LV,DORNE-1
L9498FA84,STORMLANDS-1
L9FA90Z90,DORNE- 2
ZZ444004,RIVERLANDS-2
LV89LOZ88,RIVERLANDS-2
ZZZ4L44FA,NORTH
LVLOZ0840,DORNE-3
ZZFA9LO0FALO,NORTH
L480LLZ0,DORNE-1
LO0ZFAFA4ZV,REACH
FA00V9LL0,RIVERLANDS-1
Z008000Z,DORNE-3
FA0FALV00FA,#N/D
LLFA4FA9ZM,HOARE
Z0LZM9V4,RIVERLANDS-1
L9L9LO4FA0,IRONISLADS
FA0LFA80LOL,#N/D
8V49FAV0,HOARE
ZZVFA4LO9LO,NORTH
LV0ZL890,STORMLANDS-1
L840Z909,HOARE
LVV09FA88,HOARE
LV9ZVLOZL,IRONISLADS
L40Z9L00,RIVERLANDS-2
9004L089,#N/D
V0ZVVLO0Z,DORNE-1
L84VVL98,IRONISLADS
ZZLOVVFAVZ,NORTH
FA004LOZ40,DORNE-1
FA04L4LOZV,#N/D
LV9Z0Z,DORNE-1
LLOVVL9Z9,RIVERLANDS-1
L9LZLO490,DORNE-1
LLOVZFAV,RIVERLANDS-2
VVLLO4LO,IRONISLADS
L00FA9L0Z,RIVERLANDS-2
LV944LL0,HOARE
L440,IRONISLADS
L9040V00,STORMLANDS-1
LZ4FAV904,HOARE
L84LOLFAZFA,REACH
LOV0V4V,IRONISLADS
L9FA00040,#N/D
LLO90L04L,RIVERLANDS-2
FA0LO8000Z,#N/D
L00Z80LOZ,STORMLANDS-1
80008ZV0,NULL
ZZ00FA449,STORMLANDS-2
8FA9FAL9LO,HOARE
LZM09V4L,STORMLANDS-1
ZZFA0ZL8FA,NORTH
L9FAV0LZM,HOARE
ZZL404VV,RIVERLANDS-2
LZV9LOFA8LO,NULL
L8L4VLOL0,HOARE
V00Z9L0Z,STORMLANDS-2
L8V0088Z,#N/D
9LOZ0490,HOARE
LZVLOZVV8,STORMLANDS-1
LV9ZLO04LO,#N/D
LVLFA8FAFA0,IRONISLADS
Z0VZ80Z9,DORNE-3
L9ZZZZZ4,STORMLANDS-1
LVL0LO89LO,STORMLANDS-1
LVZZ8Z,NORTH
Z08LOZVV9,RIVERLANDS-2
LLO989V48,NULL
LVVZLOZZ4,STORMLANDS-1
LVV049VFA,DORNE-1
L8LVZFAL8,IRONISLADS
LL0V098LO,NORTH
LLO0ZV4VL,STORMLANDS-1
LV9LO0VZV,HOARE
L49FA0FAFA0,REACH
L90844,#N/D
LV4800ZM,REACH
LLO80LFA0L,DORNE-3
VLO0FA9FAL,HOARE
L80FALO09L,RIVERLANDS-2
L9LO0L48L,#N/D
LZM8LV0L,IRONISLADS
LLLV4LL0,STARKS
LLO4ZZV04,DORNE-1
L9VFAFA9V0,#N/D
LV09FALO0L,#N/D
LLOL9ZL04,#N/D
L80FALOV8FA,CROWNLANDS
LLO490L09,#N/D
LVFA0FAL8LO,RIVERLANDS-1
L9LOVFA04LO,STORMLANDS-2
L944Z0LLO,RIVERLANDS-2
LVLOFA4Z89,HOARE
ZVZ9LO8VLO,NULL
Z0L04809,DORNE-3
V090L0LOV,REACH
LVV8LV4V,DORNE- 2
8V8LLOL4,IRONISLADS
900LL4FA0,#N/D
LVFA0Z89LO,CROWNLANDS
LLZVL404,RIVERLANDS-2
L4L4FAZ88,STORMLANDS-1
L4LL9Z08,NORTH
Z00080ZFA,RIVERLANDS-2
L08V49ZM,STORMLANDS-1
L880L80L,#N/D
L0L9L9VL,IRONISLADS
8094V08,DORNE-1
LLO0LOVLO8Z,DORNE-3
LVZ0008L,IRONISLADS
FA0Z00090,#N/D
V04FALO0FAV,STORMLANDS-2
FA04L44ZFA,#N/D
800040LL,STORMLANDS-1
LVFA940FALO,NORTH
FA00Z0VLOV,STORMLANDS-1
FA0449VZL,#N/D
L9LLO00V0,#N/D
L409FALLO4,#N/D
L00V98VV,HOARE
L48FA9088,NORTH
L9V08ZV4,DORNE-1
90Z8404,IRONISLADS
L8LOFALFA00,DORNE-1
80000FA0FA,STORMLANDS-1
L9LOZ0LZ8,NORTH
L9L044V8,NULL
LV08V0FA4,DORNE- 2
L004FAZZL,STORMLANDS-1
LZV9L8LO9,STORMLANDS-1
L80VLLOFA0,NORTH
LFA00LLZV,HOARE
V0ZMV4FA0,NORTH
L9L04L49,STORMLANDS-2
LV8Z0ZL4,NULL
L849LOLZ0,STARKS
FA0FAL4LO4L,#N/D
9LO89ZMFA,RIVERLANDS-1
LZL80LO00,DORNE-1
FA0L9FA8L9,#N/D
L0LOFALOZFA0,DORNE-3
LLFA8ZVL4,DORNE-3
LZZ844V0,STORMLANDS-1
FA00Z0089,NORTH
L808FA0FA0,DORNE-3
L8LOFA0FA00,NULL
V8ZVVLOZ,HOARE
L9VLOLV8FA,STORMLANDS-1
LO8V889V,HOARE
V0FA9V94V,STORMLANDS-2
V08L9L94,REACH
L4L8LO9LOFA,STORMLANDS-1
L0FAVZZ0L,DORNE-3
LO0LOZ009Z,AEGON
FA0FAZVFA40,#N/D
V08LO0LOVLO,REACH
L8L004FA0,STORMLANDS-1
LLO884FA88,DORNE-3
L40ZMV9V,STORMLANDS-1
L40044LO9,DORNE-3
FA04L4LOZV,#N/D
L4V9L04L,IRONISLADS
LO0L090LFA,NULL
L9L0FA4Z8,DORNE-1
L94ZZFALO0,RIVERLANDS-1
9004040Z,#N/D
VVVVFAZM,IRONISLADS
LZFA0VV90,DORNE-3
ZVZ0VV09,IRONISLADS
LV4Z0LO9LO,NULL
LO049LOFALO0,CROWNLANDS
LLOLLL44V,RIVERLANDS-2
ZVZFA0808,NORTH
FA048V9FA0,#N/D
LO00FAZFALOFA,CROWNLANDS
VLO48L0V,HOARE
LLOVL40L4,REACH
LZ9LOLLFAL,#N/D
LV40LLOZV,IRONISLADS
80L90004,STARKS
FA0LFAV8L9,#N/D
FA0Z0004FA,#N/D
LO00004LV,#N/D
VLOVZLLOV,DORNE-1
9009L0LO,HOARE
V004FAFA00,RIVERLANDS-2
ZVLO0LVLLO,IRONISLADS
L80Z0FAL9,RIVERLANDS-2
LO000FAVLOFA,CROWNLANDS
L00LLO8FAV,IRONISLADS
LO0V0L40LO,REACH
V0LLO89LO0,RIVERLANDS-2
ZZL4VZM0,STORMLANDS-2
FA0FAFAL040,#N/D
LO04LO0ZLFA,CROWNLANDS
Z0FA80VLZ,RIVERLANDS-2
L94Z9LO00,STORMLANDS-1
L900L0ZZ,DORNE-1
L8940LOLL,RIVERLANDS-2
LO0ZMFA904,AEGON
L4040FA88,IRONISLADS
FA00LO8804,HOARE
LVZV090LO,RIVERLANDS-2
9009L0LO,HOARE
800V9ZV4,STORMLANDS-1
LLO009VLZ,NULL
VZL40LO0,HOARE
Z0FALO0FA0V,DORNE-3
Z0VVL4LOV,DORNE-3
ZZ4LO8004,NORTH
FA0004L00,DORNE-1
V0FAZ8V04,DORNE-1
ZZVZ80Z4,IRONISLADS
LO00FAVLVV,CROWNLANDS
LO0FA40Z90,CROWNLANDS
LLZ00Z0V,DORNE-3
L9LOV49Z9,RIVERLANDS-2
LO0000Z04,CROWNLANDS
LZZ8FALOL4,HOARE
LVL9LLOL0,STORMLANDS-1
L9V0FAFAZV,NULL
L94L4FALO8,REACH
L8LOFAVLOV9,IRONISLADS
L90V804LO,DORNE-1
L8VVFA98L,#N/D
L80ZL9LO0,STORMLANDS-2
LO04Z80L4,CROWNLANDS
LLVLOZVFAFA,#N/D
FA0400980,#N/D
9000440LO,#N/D
LFAV80ZFA8,#N/D
V00LOVFAFA4,STARKS
L9FA8ZFA0FA,STORMLANDS-1
Z0Z94Z0Z,DORNE-3
L800FALLOV,#N/D
LL8VVLZLO,CROWNLANDS
LL9LZ0,IRONISLADS
FA04FA488FA,#N/D
LLOZZ09L8,HOARE
LO0ZZV890,RIVERLANDS-2
L9LZ4VL9,HOARE
LLO080LO48,DORNE-3
L090800LO,#N/D
LV0LO89VZ,DORNE-1
V0ZLOFA8LO4,HOARE
LZ89V80LO,NULL
Z009L8LOZ,RIVERLANDS-2
L8LO4Z094,RIVERLANDS-2
L94V88FA0,NORTH
LVL0FAZ9FA,IRONISLADS
L9FALO9FA00,IRONISLADS
L49V4VFAL,DORNE-3
L90L4FA0Z,#N/D
LLO8FA0FA0Z,HOARE
LFA48V8ZLO,IRONISLADS
ZZL04Z,NULL
L4FAL0LO0V,HOARE
L9FAVZLVV,DORNE- 2
L840LO90V,STORMLANDS-1
L009FA949,IRONISLADS
L8FA404,RIVERLANDS-2
LV84LZMLO,#N/D
L9084V0LO,STORMLANDS-2
84VLOVV9,#N/D
LZ80400V,HOARE
L908LOFALOZ,NULL
FA004LO0LOZ,RIVERLANDS-1
FA0FALO9490,#N/D
9VV4FAZLO,RIVERLANDS-1
ZZVLO49LO0,NORTH
LO040Z8V4,CROWNLANDS
V00FALO90FA,DORNE- 2
LL0LVLZLO,DORNE-1
LL40Z00LO,STORMLANDS-1
FA0FA8L8L8,#N/D
9008LOVZZ,#N/D
L88ZFA988,DORNE-1
ZLOFA44VV0,IRONISLADS
L400ZFA00,RIVERLANDS-1
90L80L00,#N/D
L8440VLV,DORNE-3
L9090VZLO,#N/D
L84L0440,RIVERLANDS-2
L8Z4L000,RIVERLANDS-2
L9LVVLO40,NORTH
ZZ4809ZL,NORTH
LV88ZFAFAV,NULL
FA04000VLO,#N/D
LFA9FAL09V,STORMLANDS-1
FA0V4LOVFAV,#N/D
ZFA80L,HOARE
LL08Z040,IRONISLADS
90ZLZV9,IRONISLADS
V008LO0LO9,RIVERLANDS-2
LVLO0FA8V4,RIVERLANDS-1
LO0Z9ZM08,CROWNLANDS
L0009VLOV,IRONISLADS
9498V0V,#N/D
LLZ904,STORMLANDS-1
L8ZLOZLO,STARKS
LLO80L8FAV,DORNE-3
LZLLV90FA,STORMLANDS-1
V009Z8VL,DORNE- 2
L4084VV4,DORNE-1
L8LO8V4LOL,RIVERLANDS-2
8000V9VL,NULL
LLO4LOVLFAV,RIVERLANDS-2
LFAFA9800V,DORNE-1
800000LO9,NULL
L90LO9Z04,NULL
8000FALO,NULL
8FAFA9V9Z,IRONISLADS
L49Z9LO0V,STARKS
Z0LO0FAVFA8,DORNE-3
V09V49ZV,STORMLANDS-2
L400048LO,STORMLANDS-1
LVLV9Z89,IRONISLADS
LV9Z90LOV,STORMLANDS-1
L8ZVZ8ZLO,STORMLANDS-1
LFALV0Z00,DORNE-3
L9LOV449Z,CROWNLANDS
V0Z4LOFALFA,REACH
V0ZMLV,STORMLANDS-2
9000LVFAL,#N/D
ZZFALO0900,RIVERLANDS-2
LLOL04FAV0,RIVERLANDS-1
Z0000Z89,RIVERLANDS-2
ZZZML989,NORTH
LZ98V0LO9,STORMLANDS-1
FA0FALZ0,#N/D
L4L8LO9LOFA,STORMLANDS-1
L80LOLL4LO,REACH
LV80004Z,REACH
L90FA044FA,DORNE-1
LVZ8LOL8V,RIVERLANDS-2
FA0LVZ8LO9,#N/D
LL90098FA,STORMLANDS-2
L0FALOVFAZ0,STORMLANDS-1
ZZZ4FAV0V,NORTH
L8949LO09,NORTH
L809L8FA0,HOARE
L9V08049,HOARE
V800ZL4,HOARE
L94LZ9L0,HOARE
V0V0LZFA4,STORMLANDS-2
80ZFA0LOL,HOARE
L9Z00LFAZ,#N/D
FA000989L,HOARE
L4L8009Z,#N/D
L9LL0V09,DORNE-1
Z0FAZ9Z0FA,RIVERLANDS-2
FA00LO8LO00,CROWNLANDS
LV904V0LO,#N/D
L94FAZV0LO,DORNE-1
FA0ZFA80LOL,#N/D
L8089V0Z,STARKS
L90ZLO4LOZ,IRONISLADS
LV4LFAV8FA,#N/D
LO0ZLLOVL4,#N/D
L9VFA0L0FA,REACH
Z09LO9LZV,RIVERLANDS-2
L8ZZ0FAZ8,HOARE
FA0L9LOV8L,#N/D
V080VFAZ8,REACH
9000V804,#N/D
L9FA4LO800,NORTH
ZZ0Z4VLO8,#N/D
L449V0Z0,DORNE-1
LLOL0VVLLO,REACH
Z0Z0V800,DORNE-3
Z00LOVZFA0,RIVERLANDS-1
94FAFAV,DORNE-3
LV09FA084,NORTH
LFAZLOZ09Z,STORMLANDS-1
V4V000LO,IRONISLADS
LVFALO8ZLOZ,STORMLANDS-1
800008LO0,STARKS
LVVLO8V80,RIVERLANDS-2
LLOLFA80,RIVERLANDS-1
LZ9FAVLFAZ,HOARE
LO04Z040LO,CROWNLANDS
LV0FA00FAFA,NORTH
FA0084FAFA0,#N/D
L8009800,DORNE-1
LLOL0LO00L,CROWNLANDS
L88LOLFA89,DORNE-1
V004FAFA00,RIVERLANDS-2
LO040LZ0V,CROWNLANDS
L8009800,DORNE-1
V08FA4LO00,REACH
890V0FAFA,DORNE-1
L0FALOV0LFA,IRONISLADS
L400Z080,STORMLANDS-1
L940VLO08,HOARE
L89LOVLO9LO,HOARE
L49V8000,STARKS
L9V9ZM40,STARKS
LOVLO00,STORMLANDS-1
LVLVVV09,NULL
900V04L,HOARE
FA0LLZ4Z8,#N/D
9FA0FALLV,DORNE-1
9L409L8,HOARE
FA0004ZZ4,DORNE-3
L9ZML8FA8,REACH
LVLO000LO8,STORMLANDS-1
L0V0LO004,IRONISLADS
L8V80FA90,DORNE-1
L9V4FA090,DORNE-3
L9LOFAFAFAZ0,DORNE-1
LO0Z40909,AEGON
LZFA090LO0,DORNE-3
LL9LO88Z0,HOARE
V0ZFAL4VFA,REACH
L9000ZFA0,STORMLANDS-1
L8004004,IRONISLADS
LVLOLZV44,DORNE-1
LV88V844,NULL
FA0LLO9LOFA9,#N/D
L090800LO,#N/D
LVFALO048V,STORMLANDS-1
LO0V400LZ,STARKS
L84V909Z,DORNE-3
L904ZZL9,NORTH
89FA00FA8,HOARE
Z00ZV0L4,DORNE-3
L90ZLLOFAL,REACH
L4LFALLOZ4,NORTH
L8FA4FAZZL,STORMLANDS-2
LL4ZZ0Z8,#N/D
L4LFA98L0,HOARE
FA0Z4049L,#N/D
L90V08FALO,AEGON
LLLOV880LO,STARKS
L0L9Z9FAFA,STORMLANDS-1
L9FA40L89,STORMLANDS-2
FA0ZFAFA90V,#N/D
LZ9LOFA4,RIVERLANDS-1
L94000,IRONISLADS
LFAFA8Z90L,DORNE-1
L9LO8VZ00,DORNE-1
LO00Z4804,CROWNLANDS
Z04VLOZZLO,RIVERLANDS-1
ZVLOL9ZMV,RIVERLANDS-2
L80FAFA0FA0,IRONISLADS
L0LOLL9FALO,NORTH
LFA0ZV8LO8,RIVERLANDS-1
V0L8FA988,RIVERLANDS-2
L98Z90ZV,NORTH
LO0VFA90FA0,STARKS
Z0490Z8L,RIVERLANDS-1
L409V80LO,RIVERLANDS-2
L900FALO89,DORNE-3
L9848V98,REACH
LFAZLOZ0,REACH
9FAFAFALO0V,DORNE-1
LO0LZ008Z,NULL
LV409V,CROWNLANDS
L4LVL0Z0,DORNE-1
LZML9L4LO,NULL
V408FALOL,IRONISLADS
LZ0LO0ZFAL,STORMLANDS-1
LO0L8LLO04,NULL
L40000Z4,STORMLANDS-1
L9FAFA0FAFAV,DORNE-1
804488FA,IRONISLADS
V00LOFA944,STARKS
LZVV8ZVZ,STORMLANDS-1
L09LO0FALV,STORMLANDS-1
LO0L04Z8V,NULL
LZZ00FA4L,DORNE-1
8LO0LO0,HOARE
L8FAFAFA084,#N/D
VVLOL000,HOARE
Z0Z8V488,DORNE-3
900LLVLO9,#N/D
LL0840ZZ,CROWNLANDS
L9LVZMLZ,IRONISLADS
V09V49ZV,STORMLANDS-2
V0V0LZ98,NORTH
L9LO040FAZ,RIVERLANDS-2
L0VV0FALO9,#N/D
L9VV88FAL,STORMLANDS-1
LO0L800FA0,NULL
L08ZFA0LO0,NORTH
L8FA90FA49,STORMLANDS-2
L90V00LOFA,HOARE
Z0V9LOFALV,DORNE-3
LFA49VLO0L,RIVERLANDS-2
FA0Z89004,#N/D
LLVV00Z0,IRONISLADS
ZZ0ZLOFA0FA,NULL
L4FALFAL04,RIVERLANDS-2
LZ08V0L0,NULL
LVLO84FAV8,RIVERLANDS-2
LVVVLVFAFA,REACH
L8Z9VV88,RIVERLANDS-1
Z009FAL08,STORMLANDS-2
LL8FA0L09,NULL
800900LZ,STORMLANDS-1
L0V444LZ,DORNE-3
LZ08FAFA44,NORTH
L90FA04LOV,REACH
FA00L044Z,STORMLANDS-1
980FA9LO4,IRONISLADS
FA0L9L4L9,#N/D
V0LLO49V0,#N/D
8894LO,HOARE
LO0ZMZ800,#N/D
900VZM0Z,#N/D
L0FA04LOZFA,DORNE-1
LO0Z94V4LO,DORNE- 2
FA0LL8LO0LO,#N/D
ZZ40LO0FA9,STORMLANDS-2
V09LLOFAFAL,REACH
LLOV00ZM4,REACH
L49LLZ84,STORMLANDS-1
98809Z8,IRONISLADS
LO0LLFA4FA4,CROWNLANDS
L904LO00Z,RIVERLANDS-1
L0LO0LOL0LO,STORMLANDS-1
L44Z80Z4,RIVERLANDS-1
L404FA89LO,NORTH
V00L44LO8,RIVERLANDS-2
FA00LL000,HOARE
L89LOFAZFAV,STORMLANDS-2
FA00FA0FAVFA,STORMLANDS-1
FA0004L00,DORNE-1
L00L490Z,RIVERLANDS-1
LV0L0Z8Z,STARKS
L9L8VZL4,REACH
L9FAVFALL0,STORMLANDS-2
ZZLVZM40,IRONISLADS
FA00FALOZ90,#N/D
9ZVZLO,#N/D
84VLOV8Z,#N/D
LV8ZFA0VL,RIVERLANDS-1
L9Z8000L,NULL
L9ZMFAZ80,STORMLANDS-1
LLV4LZZM,DORNE-1
L8LOFAVLLO9,#N/D
LLOV09L,#N/D
LL9FA0ZM4,HOARE
84FA94ZZ,DORNE-1
L8L8ZZ40,NULL
L9L0LO049,RIVERLANDS-1
ZVLOVFA494,NORTH
LV4408Z8,NORTH
80LV04FAFA,STORMLANDS-1
90084FA09,#N/D
LZ4L0Z00,#N/D
LLO08ZLZ4,DORNE-1
LFALOV4V,STARKS
L00Z9ZLO0,STORMLANDS-2
L08008VLO,HOARE
LLOL40FA,#N/D
LFAZM90LFA,#N/D
L90480LLO,#N/D
L9LO4080FA,DORNE-1
LFA9Z8898,IRONISLADS
L0ZLO48,NULL
800V9408,STARKS
L9LO0L48L,#N/D
LL4V4ZFAZ,#N/D
L0LO90LOFAL,STORMLANDS-1
FA04LLO4V0,#N/D
LO04FAL888,DORNE- 2
LLOFAVV44L,STORMLANDS-1
LZM4VLFA4,STORMLANDS-1
LZM0904FA,IRONISLADS
LZ9V90LO0,#N/D
90LO89VL,IRONISLADS
LO0LO4904L,AEGON
LLOZ4Z00LO,STARKS
V0LZ4ZZL,DORNE-1
V09V0VL9,STORMLANDS-2
800480VLO,STORMLANDS-1
L80498LL,STORMLANDS-2
LLO4LZL,IRONISLADS
80Z0000,HOARE
LLO00LO0ZFA,DORNE-1
Z0ZL0LO0V,RIVERLANDS-2
L984L88L,IRONISLADS
LV40LLOZV,IRONISLADS
L04Z0ZVLO,DORNE-1
L9FA40L89,STORMLANDS-2
L9Z0900FA,IRONISLADS
ZZFALFAVV0,NORTH
FA0Z88980,#N/D
L8L4L098,DORNE-1
V0LO9LLOV0,STORMLANDS-2
Z04Z0009,DORNE-3
9V894FALO,DORNE-1
L80LOZ0LV,HOARE
84ZL9Z0,DORNE-1
LLO4L9LL0,HOARE
V0LZ0V4,HOARE
LLLO4LLLFA,RIVERLANDS-1
VV8ZZ8V,HOARE
LLOLFALOZ40,#N/D
LVFAZ8VZM,IRONISLADS
948ZVLZ,DORNE-3
L0094FAZZ,STORMLANDS-1
ZVLOFAV00V,NULL
Z000849Z,RIVERLANDS-1
80040LZ0,NULL
LFAFA4L080,HOARE
L809FAL0LO,IRONISLADS
L8VZLZLOFA,STORMLANDS-1
V0VVLO88Z,STORMLANDS-2
L9Z0V9FA4,#N/D
L9Z8000L,NULL
LVZFAZ44L,#N/D
Z0ZZZ484,DORNE-3
ZZZ9LO0LO0,NULL
L0000V80,DORNE-3
L80Z9480,NULL
LLO4VLO9FALO,#N/D
LLV0FA84L,HOARE
ZZLO849LO0,RIVERLANDS-2
8FA9V090,DORNE-1
V04LLOZ48,STORMLANDS-2
L8FAV0L9LO,DORNE-3
FA0FA8Z409,#N/D
L8480LO4L,HOARE
894LOLL9,HOARE
LLO9FAVLO04,HOARE
L9V0L0V9,STORMLANDS-2
L8ZMV9,STORMLANDS-1
VLLL440,IRONISLADS
L000888FA,STORMLANDS-1
V8ZLO9,IRONISLADS
8L9V4V,HOARE
FA000LVZ0,IRONISLADS
LV900800,DORNE-3
L94V4FA0L,NULL
L89049ZFA,DORNE-1
LVL04ZZV,IRONISLADS
Z0ZZV89V,RIVERLANDS-1
800ZLOLZFA,STORMLANDS-1
L0440LO00,STORMLANDS-1
L8Z4LZ,NULL
L9L00FA08,DORNE-1
L8V4008L,CROWNLANDS
LL04LOL84,CROWNLANDS
L400FALO4FA,DORNE-3
L09LVZL8,RIVERLANDS-1
FA00L4LO4L,CROWNLANDS
LO0LO0LOFA0FA,CROWNLANDS
L904Z0Z0,CROWNLANDS
LLOZ0400LO,#N/D
Z08VLO4,DORNE-3
LVLLOZ0LZ,REACH
L88ZZVFA4,DORNE-1
LZML0Z80,STORMLANDS-1
LV0LOFAZVZ,STORMLANDS-2
L94Z9LO00,STORMLANDS-1
L8V8VFALOFA,REACH
L8V900LV,DORNE-1
ZZLL9884,NORTH
L4LFAV40FA,STORMLANDS-1
V900FAL4,IRONISLADS
V0L08L8L,RIVERLANDS-2
LZLLFAFA00,REACH
LLOZV448FA,RIVERLANDS-2
LZFA4FA400,HOARE
80L00VFA9,NULL
L9LO0LO09LO,HOARE
L89ZZMZV,NULL
L90L4ZLO9,RIVERLANDS-1
L0L8LO8LOL,STORMLANDS-1
LFA0FALFA80,DORNE-3
LVZLO0V9L,STARKS
90V08FA8,HOARE
L0Z0ZFA48,#N/D
940LO09V,HOARE
LLO84LO0LZ,RIVERLANDS-2
8VZLO00L,IRONISLADS
L90L48LL,CROWNLANDS
V0FA84LO8Z,STORMLANDS-2
V09888LOV,NORTH
LZM4FAVFA9,STARKS
V09ZL090,STORMLANDS-2
LZL04V4FA,STORMLANDS-1
9000V04FA,#N/D
800LO4ZVLO,STORMLANDS-1
LO0FA8Z490,CROWNLANDS
L0LOLL8V8,NORTH
9FA8ZVZ9,IRONISLADS
LZLO0Z0,RIVERLANDS-1
LZL04V4FA,STORMLANDS-1
L8LOZZ8L9,DORNE-3
Z0VZM04L,DORNE-3
L84Z0484,STORMLANDS-1
V984080,HOARE
L9ZZ04L4,IRONISLADS
V004ZM49,RIVERLANDS-2
LVFAFAFALV8,RIVERLANDS-1
LFALOFA04ZL,STARKS
V00LOVFAFA4,STARKS
8FAZ8VLO9,IRONISLADS
LFA0404ZFA,NORTH
L00Z9ZLO0,STORMLANDS-2
L8LO4LOVV0,STARKS
FA008988V,DORNE-3
LVV40LO48,NORTH
LO0FAZM4VV,CROWNLANDS
LVZMV9Z0,RIVERLANDS-2
LV9ZMFA98,STORMLANDS-1
LFA8ZFAFA0L,STORMLANDS-1
L9LVVLO40,NORTH
LZFA9LFAFAV,REACH
L9V88489,RIVERLANDS-2
L4V040Z4,DORNE-1
LVLOLFAL0V,DORNE-1
LV8LVV,DORNE-3
900V0LOL0,#N/D
900ZMLOZLO,#N/D
L4ZL8L89,HOARE
ZZ0Z4VLO8,#N/D
V008Z09V,STARKS
V0Z8ZFAL,HOARE
V0880000,REACH
Z0VZ004LO,RIVERLANDS-1
L4LFAV40FA,STORMLANDS-1
ZZLO8FA8FA4,DORNE-1
LVZ488Z0,IRONISLADS
VZ0FA80FA,DORNE-1
LV80800L,RIVERLANDS-2
80V4LLO9,IRONISLADS
L00FA880Z,IRONISLADS
904004LO,IRONISLADS
ZZVFAV9FALO,NORTH
800008LO0,STARKS
LLZ0VLO0Z,IRONISLADS
Z0VV9009,DORNE-3
V0L0LO84L,RIVERLANDS-2
L9Z8984LO,STORMLANDS-1
LLO8FA4LOZ8,IRONISLADS
9000V0FA4,RIVERLANDS-1
LZV9LOL8V,IRONISLADS
80L4L0Z,HOARE
L440LZ9L,STORMLANDS-1
LLV008V8,NULL
LZLO09FAFA9,RIVERLANDS-1
L8909LO0V,CROWNLANDS
FA004L4LOZ,CROWNLANDS
L0V000ZZ,DORNE-3
LZFA8LZV4,REACH
L9FAFA0ZL0,STORMLANDS-1
V0V0ZV9FA,STORMLANDS-2
9009FA04L,#N/D
L9Z9FA009,STORMLANDS-1
L0LOL40L0,RIVERLANDS-1
Z009ZLO04,RIVERLANDS-1
L98L098L,STARKS
L44ZZ0LO9,#N/D
LLOZZL0FAZ,NULL
FA00L9FA09,HOARE
FA00400ZFA,RIVERLANDS-1
L94LOZFA90,DORNE- 2
V08FA4LO00,REACH
V0VZLOL00,STORMLANDS-2
LFA4V4V,RIVERLANDS-2
L094L04Z,DORNE-1
L9404840,DORNE-1
L4VV98VLO,DORNE-1
8000FAV00,STORMLANDS-1
L90LLOV4LO,HOARE
FA0049LOFA8,DORNE-3
FA0LLZ4Z8,#N/D
900040LV,#N/D
FA009LZZZ,DORNE-3
9ZL0V9Z,DORNE-3
L880VLO4Z,#N/D
L98Z0L0LO,DORNE-3
FA0L4FA00V,#N/D
LL09Z94L,#N/D
L4FA009FA0,NORTH
Z0LZFA0LOV,DORNE-3
LO0LO408LO0,AEGON
LLO0LZ9LOZ,RIVERLANDS-1
L9LFAL880,DORNE-1
LZFAZL98L,STORMLANDS-2
LV8Z008FA,DORNE-3
LL9ZZL8L,RIVERLANDS-2
FA08LZZ4FA,#N/D
L4FALL4ZFA,NORTH
V0009V00,NORTH
L4LO90LLL,HOARE
LVZ488Z0,IRONISLADS
L0ZM9L4FA,DORNE-1
LLLLO40VZ,STORMLANDS-1
V00V9ZLL,STARKS
V08V8LO04,REACH
L90ZV90L,#N/D
LFAL90FA8FA,DORNE-1
9ZL480FA,DORNE-3
LO0ZZFA8V0,REACH
LVL90LOZL,HOARE
FA0FA904,#N/D
V0LOFA00FA9,NORTH
80LZMFAFAFA,STORMLANDS-1
LLO4FA844L,IRONISLADS
Z0Z4L8Z9,DORNE-3
LZLOLLO4FA0,STORMLANDS-1
LO0ZLO40ZFA,RIVERLANDS-2
LFA900904,STORMLANDS-1
LV98VLO80,HOARE
LO00VL8L9,CROWNLANDS
LZVLO40VV,NULL
Z084FA9FA8,DORNE-3
Z084FA9FA8,DORNE-3
L8LOFAVLOV9,IRONISLADS
LV0LO8V49,DORNE-1
LZ9L8L8L,DORNE-1
ZZ0VFA94V,NORTH
LLO88L408,HOARE
L040LO9LO8,DORNE-1
800Z0LO00,STORMLANDS-1
LLO4FAZL0FA,CROWNLANDS
Z0ZM8V9LO,RIVERLANDS-2
FA008ZL4LO,#N/D
L4LO0LLV9,DORNE-1
L0V898,DORNE-1
LFALO9LO80LO,DORNE-1
L8Z090,STARKS
V000LV90,#N/D
L8LO8LVVL,DORNE-1
L4LOL00,HOARE
LFAFA4L8L8,HOARE
FA0LOVZZVFA,#N/D
ZZLO09LO44,RIVERLANDS-2
LVVZLOZZ4,STORMLANDS-1
V00Z0908,RIVERLANDS-2
L8L0Z480,STORMLANDS-1
LV9094FALO,#N/D
L9FAVFALZL,STORMLANDS-1
L9ZLOVLO80,NULL
ZLOFA40009,IRONISLADS
80L90004,STARKS
V09LV84L,REACH
V00ZFA0L0,RIVERLANDS-2
FALOZL90,HOARE
L4ZVLO9LO9,DORNE-3
L8LOFAL900,DORNE-1
FA0080889,HOARE
L0LFA9Z49,RIVERLANDS-2
900VFA,DORNE-1
ZZ0LLO8L0,DORNE- 2
LV9FA40FAV,DORNE-3
LLO4VV9FA8,STORMLANDS-1
LZ490ZM0,IRONISLADS
80L0ZZ04,STORMLANDS-1
L009FALOV0,RIVERLANDS-1
LLO8LO0LOLV,RIVERLANDS-1
LLVLOFA0VFA,CROWNLANDS
L0VLOL090,STORMLANDS-1
L08LO0FA09,RIVERLANDS-1
8V044ZFA,HOARE
L0LVFAVL0,DORNE-3
LLOFAZLOL,RIVERLANDS-1
LLLO0Z0VFA,CROWNLANDS
LO0000Z0Z,CROWNLANDS
LLOZLFALLO0,DORNE-1
FA0V00LOL0,#N/D
LZ8V400LO,RIVERLANDS-1
LO00089L8,CROWNLANDS
L9L90LFAL,RIVERLANDS-2
FA04LO80LO4,#N/D
80084LO9,IRONISLADS
V0008408,DORNE- 2
LLO8L0FAFA0,IRONISLADS
LLO0Z0FALO0,IRONISLADS
LZ948080,STORMLANDS-1
8FAL9ZL8,HOARE
90L0FA090,RIVERLANDS-1
L4480409,STORMLANDS-2
LLZVFAZZM,NORTH
L0V4VVFA0,STORMLANDS-1
L04FALOVVV,REACH
800FAZ088,STORMLANDS-1
L4404V8LO,REACH
L8L40Z49,IRONISLADS
VFA08LVV,IRONISLADS
LLO8FA4LOZ8,IRONISLADS
ZZLO04VFA8,#N/D
LFA0LZ0LO0,HOARE
L8FA4Z90Z,RIVERLANDS-2
V0098V09,DORNE- 2
LV09FALO0L,#N/D
L9FAZ0VFAL,STORMLANDS-2
FA000LV9L,DORNE-1
V0ZMLZ40,NORTH
8004VZ4V,NULL
LLOZZ09L8,HOARE
LLOLZV0LO0,RIVERLANDS-1
8FAZZ8LO4,DORNE-1
LVVLO0FA80,STORMLANDS-1
LO009404FA,CROWNLANDS
ZZFALOL000,RIVERLANDS-2
LLOLFA000FA,NULL
FA0FAFA00VZ,#N/D
V0V0LZ98,NORTH
FA0LO0LFA0FA,#N/D
L9V4LZLO0,STARKS
L9VZ9Z80,IRONISLADS
Z00FALOLFAZ,RIVERLANDS-1
VLOL8L90,DORNE-1
LLLO0ZFAL0,STORMLANDS-1
V0ZZZFA,NORTH
L90L9Z0Z,IRONISLADS
L09LO9LOFAV,IRONISLADS
LZ84944Z,#N/D
LO0ZVFA8FALO,RIVERLANDS-2
L0FA98ZML,DORNE-3
L0FA0989V,IRONISLADS
Z044FAZ80,RIVERLANDS-1
LFAVZZ048,DORNE-1
LZ49LLOVL,NORTH
LLO00FAV00,STORMLANDS-1
LO0LO48Z0L,AEGON
8FA89FAL9,IRONISLADS
L9V0LZV8,HOARE
L9FA888FA0,IRONISLADS
L9V00404,DORNE-1
L9V490L4,NULL
L98FA4FA0FA,DORNE-1
LV9V0LO88,DORNE-1
LLFA4FA9ZM,HOARE
ZZFA9VZLOFA,NORTH
FA0V48ZZ0,#N/D
LL4Z40FA0,HOARE
ZZZ9LO0LO0,NULL
ZZZ9LO0LO0,NULL
L90LO0L48,HOARE
L8898VLO9,STORMLANDS-1
8098FAZZ,DORNE-1
L098V48FA,HOARE
Z0Z40LOZ4,RIVERLANDS-2
LZVVFA9FA8,NORTH
V0FA8LVV0,STORMLANDS-2
V0V8400Z,DORNE-1
L9LFAL880,DORNE-1
LO0L4949L,NULL
LLZLO4909,IRONISLADS
LO0LOV0FAV8,AEGON
L0LOFA0Z8Z,#N/D
VLLLOVFAZ,DORNE-1
80ZLO040,IRONISLADS
LLOFAZ4LZ9,REACH
FA0FAVL4FAZ,#N/D
LVL8ZFALO8,NULL
L0LOFALOZFA0,DORNE-3
Z0LZM9V4,RIVERLANDS-1
LLO8LV8VLO,REACH
V0LLOVLV0,RIVERLANDS-2
V0404498,STORMLANDS-2
LFA09LFA9FA,HOARE
LO0FAZLZ,NULL
LVLOV8900,IRONISLADS
90L0044Z,#N/D
Z0LV0L90,RIVERLANDS-1
V0VZVLO08,STORMLANDS-2
LZ9V0LO9LO,IRONISLADS
L040LO08V,STORMLANDS-1
LLOL49L,IRONISLADS
LZVVL989,IRONISLADS
ZZ0L0L80,NORTH
L0LOFA4FA0LO,IRONISLADS
8LZ44,HOARE
8LZ94LV,IRONISLADS
FA0L9Z844,#N/D
90ZZ89FA,HOARE
ZZZLVZ9FA,STORMLANDS-2
L9FA00LVZ,HOARE
L9Z009FA0,STARKS
L940LOV9LO,STORMLANDS-1
LO0V90L8L,STARKS
FA00ZLOLZ4,STORMLANDS-2
V00V8890,STARKS
LO0LOZLOV4FA,AEGON
L900LOZZL,HOARE
FA0ZLO0LOL9,#N/D
L8L48FA4Z,HOARE
L0VFA98V,HOARE
LZLFA9088,IRONISLADS
LFA90VL0LO,IRONISLADS
ZZZLVZ9FA,STORMLANDS-2
FA0LOZ0Z04,#N/D
FA0449FALFA,#N/D
L444L00V,STORMLANDS-2
90044FA9Z,#N/D
ZL4V80,IRONISLADS
L08008VLO,HOARE
ZL4V80,IRONISLADS
L90VLO9V4,DORNE-3
44LO4FA8,IRONISLADS
L94LLOL0FA,NORTH
ZVLOFA0V0LO,RIVERLANDS-2
L9V0FA4L0,RIVERLANDS-1
L98Z04L0,REACH
V0LVLOV40,RIVERLANDS-2
LZ9ZLO94L,RIVERLANDS-1
LO0ZLOV0,RIVERLANDS-2
V0L0Z4L9,DORNE-1
LL8LOFAZVLO,#N/D
V000084V,RIVERLANDS-2
L9VLOV808,DORNE- 2
L4L0VFAZ4,STORMLANDS-1
L88ZZVFA4,DORNE-1
V09L09FAV,REACH
L900ZM04,STORMLANDS-1
FA0ZV9ZL8,#N/D
LO0004Z0V,CROWNLANDS
800ZVLFAL,STORMLANDS-1
LFALO9FA8ZLO,DORNE-1
L40ZZZZ9,RIVERLANDS-1
L00VLO0,#N/D
L94Z4VFALO,RIVERLANDS-1
L8498FA08,STORMLANDS-2
ZVZFA0808,NORTH
LV0LZ08L,STORMLANDS-1
V0LOV4488,REACH
L909V9LOL,#N/D
LO0LO0VLV0,CROWNLANDS
LFA009FAL9,CROWNLANDS
L0LO08LOLZ,IRONISLADS
LLO00FAL89,STORMLANDS-2
FA00FAFAFA,#N/D
LV009FAZ0,NULL
904V90Z,HOARE
L9LO4FA4L4,HOARE
LO04FA098L,#N/D
LL8LO9VLZ,STORMLANDS-2
L94LL0LO0,DORNE-1
LVZLLV9V,RIVERLANDS-2
LLO09Z9LO8,STORMLANDS-1
Z08404ZLO,DORNE-3
LO049004FA,AEGON
LO0ZLOV0,RIVERLANDS-2
L0FA04LOZFA,DORNE-1
Z0VZZ089,DORNE-3
LO0VLO04LO0,#N/D
LFA0LOLLV4,IRONISLADS
LO0LOVLO00FA,#N/D
FA0FAV0L98,#N/D
L90ZMLO90,RIVERLANDS-2
FA0LLZ4Z8,#N/D
ZZV904ZFA,RIVERLANDS-2
L848LOZLL,NULL
LVV09L00,DORNE-3
LV9LOLL90,DORNE-1
V0490FAL4,#N/D
V00FA980FA,RIVERLANDS-2
L8VLO049LO,RIVERLANDS-1
LFALOV88FAL,NORTH
L9FAV0Z9Z,NORTH
L9LVL90LO,RIVERLANDS-1
LFAVZ0V8FA,DORNE-3
LFAV4V0LO4,STORMLANDS-1
LV8800FAZ,DORNE-3
LO04FA8V0Z,AEGON
V0LOFAL8,NORTH
L900FA4LOFA,STORMLANDS-1
LZ88LO0,HOARE
L0FA8Z9Z4,RIVERLANDS-1
FA0008L4V,STORMLANDS-1
LVLVFAL80,DORNE-1
L94Z04,DORNE-1
LLLLOZFA0Z,RIVERLANDS-1
V08FAZ00LO,REACH
L9LOFAVLO09,DORNE-3
L9V0FAFAZV,NULL
FA0LOFA9008,#N/D
FA0LL80L0,#N/D
LFAV4VFAV0,HOARE
LO0LLV0LO0,NULL
LL0VLL,STARKS
LZ0L404FA,IRONISLADS
FA0LLZZ88,#N/D
FA0LLZZ88,#N/D
LLO00FAV00,STORMLANDS-1
L9LFA0LO8V,DORNE-1
L9ZM94Z8,RIVERLANDS-2
LLO4FAZ04Z,RIVERLANDS-2
L9Z4LZ00,STORMLANDS-1
L90L48LL,CROWNLANDS
L90400L0,NORTH
LLO000LO0L,STORMLANDS-1
L004L9,AEGON
L8FA800FA0,HOARE
LZL0LO940,CROWNLANDS
L9ZM90LO0,HOARE
LLOLZFALOZV,IRONISLADS
L404LOVFALO,DORNE-3
L0FA0Z0LO8,#N/D
V0LOZFA8Z,DORNE-1
FA09809FA,HOARE
89V88FAFA,IRONISLADS
LV0Z94,STORMLANDS-2
L80400FA0,CROWNLANDS
ZZZLVZ9FA,STORMLANDS-2
L940FAZ,#N/D
LZ9LZ98V,#N/D
LZV88FA89,DORNE-3
L84400VZ,DORNE-3
VLO090Z0,DORNE-1
80L4L0Z,HOARE
L49408ZFA,NORTH
ZZFA4ZMZ4,IRONISLADS
Z009LV49,RIVERLANDS-2
LLLLLOL00,DORNE-3
L89LOFA9FA0,STARKS
98LOZ88Z,#N/D
V8000Z8,HOARE
LLLO44LO09,NORTH
L9V08Z40,STORMLANDS-2
FA0LLOFAL0Z,#N/D
LO0Z9FAFALZ,REACH
FALOZL90,HOARE
V0FA0L0FAV,DORNE-1
Z0L09V09,STORMLANDS-2
VL0V88FA,IRONISLADS
80L0L0VLO,NULL
LLOZ089,RIVERLANDS-2
LZLO80VFA0,STORMLANDS-1
L04LOZ098,STORMLANDS-2
VL4ZFALL,DORNE-1
LVZLOL04Z,CROWNLANDS
V0V4LO80V,STORMLANDS-2
L4V00FA0FA,STORMLANDS-1
V0ZLOFAZ00,DORNE-1
LLV980VZ,STORMLANDS-1
V00LFA00FA,RIVERLANDS-2
Z0V0FAFA80,DORNE-3
Z0888L00,DORNE-3
LV0FAVZFA9,NORTH
L8LO8V4LOL,RIVERLANDS-2
LLO44VZLOV,RIVERLANDS-2
LO0LO4VLOFA8,AEGON
LZLV9ZLLO,HOARE
9LOFALVFA4,RIVERLANDS-1
LL0LZ9FA0,CROWNLANDS
V00LL9VZ,RIVERLANDS-2
L084LO809,IRONISLADS
ZZ4VLLO,IRONISLADS
LZZL9V9FA,STORMLANDS-1
900LLVLO9,#N/D
Z0LOL4LZ4,DORNE-3
LLOL0LO0L4,DORNE-1
LZLOZLFA88,NULL
LO0ZVL08FA,RIVERLANDS-2
LZFA0ZVZZ,IRONISLADS
LL8L4L84,RIVERLANDS-1
84FA0008,HOARE
L9LOLZ49FA,STORMLANDS-1
LVVLZ0LV,HOARE
L808FA0FA0,DORNE-3
V00ZLO9FA4,DORNE-1
V80FA0L9,IRONISLADS
LO0LO0V4,CROWNLANDS
L8L44Z84,#N/D
L40Z9L00,RIVERLANDS-2
FA09Z4FAVL,#N/D
LO00Z88,CROWNLANDS
LO0LO090LO0,CROWNLANDS
L9040LO00,NULL
L44LO90FA0,HOARE
LO0LOZ90FA4,#N/D
L8008L0Z,DORNE-3
ZVLO44FAV0,DORNE-1
LZZFA080FA,STORMLANDS-1
LZ00Z49Z,DORNE-1
L00V4L9LO,IRONISLADS
L804404L,HOARE
V44Z948,HOARE
LLOZ0400LO,#N/D
Z0FAZFALOL0,RIVERLANDS-2
LFA9FAL0,STORMLANDS-1
Z0Z8L9LO8,DORNE-3
LO0LOVLOL98,AEGON
FA0ZLL90FA,#N/D
LLOZLO00ZL,REACH
94FAFAV,DORNE-3
LLLO0LOFA00,STORMLANDS-1
LLOFAFAFAFALO8,CROWNLANDS
LVVLO0FA80,STORMLANDS-1
L44ZM049,CROWNLANDS
V08LOZ0VV,REACH
ZVZMFAFA,NULL
9004FAL89,#N/D
L0LOZLLOFAFA,STORMLANDS-1
LVZLO0V9L,STARKS
800FALOL08,#N/D
LZ8890ZV,NORTH
L90FA408L,DORNE-1
Z0VLLO0Z0,RIVERLANDS-2
ZZVFAV9FALO,NORTH
FA0LLO90LL,#N/D
L0LOL40L0,RIVERLANDS-1
FA09VFA9V4,#N/D
LFALZ988V,RIVERLANDS-1
L898FA8V4,STORMLANDS-2
L4LO8LO48LO,HOARE
L0LL9LO,HOARE
FA0LFA4V0L,#N/D
L8FAFAFA084,#N/D
L44L0404,STORMLANDS-1
LLOL000LO4,RIVERLANDS-1
LVLOV8900,IRONISLADS
V0004ZLOV,RIVERLANDS-2
LVLOFA9000,NORTH
V040LO0LO8,STORMLANDS-2
LO0ZZ4V88,REACH
LLO09L490,NULL
LL0904FA8,HOARE
L4LFAV844,REACH
Z0L4VFA88,DORNE-3
L080VZM8,RIVERLANDS-2
L00FALO8FA4,DORNE-3
V4LOVV88,IRONISLADS
FA00LO8804,HOARE
L0L8LZ40,STORMLANDS-1
LFA4FA0FAVZ,STORMLANDS-1
Z0FALO0FA0V,DORNE-3
800ZM0FAV,STORMLANDS-1
V00LO080LO,STORMLANDS-2
L890Z0,DORNE-1
LLOZ4Z00LO,STARKS
Z0L94L09,RIVERLANDS-1
LO0ZLO0ZLO4,RIVERLANDS-2
V8ZZZ40,IRONISLADS
ZZ0FA8VZ4,DORNE- 2
FA0FAVZVFA9,#N/D
LLO98049LO,DORNE-1
FA0LV00Z0,#N/D
FA0V0Z0L8,#N/D
L880VLOFAV,DORNE-3
FA0484L0FA,#N/D
LZ0L0ZV9,STORMLANDS-1
9ZM4FA00,RIVERLANDS-2
L4LZ4988,STORMLANDS-2
V0LOFAL0FAFA,NORTH
Z0FA0040V,DORNE-3
890LV,HOARE
L9000Z0V,#N/D
Z0VL8ZLZ,DORNE-3
LO040ZZV0,NULL
V0VZ0LVZ,STORMLANDS-2
V889LOFAFA,DORNE-1
800FA09LOL,NULL
80LFALO80V,STARKS
LFA089FAV0,STORMLANDS-1
LZZZZLOL0,NULL
L90L8L00,STORMLANDS-2
VVFA0FALOL,HOARE
VFA00ZV9,HOARE
LO0LLV0LO0,NULL
LVLLV4L8,IRONISLADS
LLV89FA44,NORTH
FA04L000FA,#N/D
L80LLOFAV0,IRONISLADS
LLO904LO0L,#N/D
LLO0L0FAZ4,HOARE
L000V0,HOARE
LZ9LO8V,RIVERLANDS-2
LVZ0LLOV0,NULL
L4FALO8VZ9,HOARE
LFA40LOFAFALO,IRONISLADS
L80949Z8,REACH
LVVZ98VL,IRONISLADS
LLFALO9FALO0,DORNE-1
LO04L89V4,CROWNLANDS
LV0Z4FAFA4,RIVERLANDS-1
9ZVLOLL8,RIVERLANDS-1
FA04LOZ0ZL,#N/D
L9V0Z8LO4,REACH
V009Z8VL,DORNE- 2
L894VV08,IRONISLADS
FA000980V,CROWNLANDS
LZLO08409,NORTH
V049VFA80,REACH
LFA0Z4ZFAZ,STORMLANDS-2
FA0008Z04,STORMLANDS-2
L80LO4849,DORNE-1
ZFAZ49LV,HOARE
LZZ4LOFALFA,DORNE-1
94LO8VL4,DORNE-3
V08Z98FALO,REACH
L9FALO0FA,#N/D
L98FA84,#N/D
LLOV800FA8,#N/D
L8Z04Z04,STORMLANDS-1
VZ8LZ90,IRONISLADS
94008VFA,DORNE-1
LFAFAVV89FA,HOARE
L9LFAZ8LZ,#N/D
V0FA9Z040,STORMLANDS-2
FA0FAFA80LO8,#N/D
L4V0L0LOFA,IRONISLADS
LZMLOV9L0,DORNE-3
Z0L8FAZV8,RIVERLANDS-1
FA009ZFA4LO,RIVERLANDS-1
LFA4L0FA80,#N/D
LLOFAZ80V8,RIVERLANDS-1
LZ84ZVL4,HOARE
9004FA4V0,#N/D
L408ZLOL8,HOARE
LL004ZVZ,STORMLANDS-1
LZ80V98L,STORMLANDS-1
LV0LL000,DORNE-1
L90L08FALO,STORMLANDS-1
LLV49ZZ9,HOARE
FA0Z98008,#N/D
LFA0LLZFAV,DORNE-1
L094LL09,STORMLANDS-1
L9ZZ44LOZ,HOARE
ZZ400Z90,RIVERLANDS-2
L4FALZ48L,#N/D
Z04ZLL89,DORNE-3
ZLOFALOZZLZ,IRONISLADS
LLO80FA9L9,RIVERLANDS-2
V0Z4FAZLFA,REACH
LLO008ZZL,DORNE-3
FA00ZVL,NULL
LVLO0ZZ9V,DORNE-3
FA0FAVLOZFAL,#N/D
ZZ0VFA94V,NORTH
8LVFAFA0L,IRONISLADS
L0L0V8L9,STORMLANDS-1
L9LO000FAZ,RIVERLANDS-2
L8FA8L4Z9,CROWNLANDS
LO0LO40FA0V,DORNE- 2
LZ0LO8FALOFA,IRONISLADS
L8V400V0,HOARE
LVFA0LVFA0,STARKS
LO0VLO04LO0,#N/D
L880LFA40,NULL
LLL0FAV9L,NORTH
L84L0FA8V,DORNE-1
FA0480V84,#N/D
LVVVFAVZLO,STORMLANDS-1
LLO80LO89Z,HOARE
FA0480V84,#N/D
L9LFA8V0LO,STORMLANDS-1
LO0Z9ZM08,CROWNLANDS
LV9V9L9V,STARKS
V8Z0FAZ0,DORNE-1
L080VZM8,RIVERLANDS-2
FA0LLOZLOL0,#N/D
VLOVZLLOV,DORNE-1
Z04800V0,RIVERLANDS-2
LLOFAVLOZ84,DORNE-3
L09LO8LO4L,DORNE-1
L8L0LZL0,HOARE
LFALOLLO89L,IRONISLADS
LV4V08Z4,HOARE
LLOZLOLLOZ9,#N/D
L900Z94V,NORTH
LZLVFAL00,#N/D
L9LFA0LO8V,DORNE-1
V0LOFALVFAZ,NORTH
L800L4V4,STORMLANDS-2
LLO90Z0FAFA,HOARE
FA0FA400V0,#N/D
ZZLL00VZ,NULL
L0FAVZZ0L,DORNE-3
LZM4FAVFA9,STARKS
L0FALZ4LLO,RIVERLANDS-1
L80Z80VL,RIVERLANDS-2
Z0LFAL0FALO,STORMLANDS-2
LO04L4FALOFA,DORNE- 2
FA00VFAFALOL,HOARE
FA098FA909,#N/D
L0LV9L00,DORNE-1
ZZZML989,NORTH
L800V0LO0,RIVERLANDS-1
L4FAZLO94L,STORMLANDS-2
LZ4VVLO94,IRONISLADS
L8898VLO9,STORMLANDS-1
L8FA84800,DORNE-3
90084LOL0,#N/D
LFALV0Z00,DORNE-3
LFAFAVVFA49,CROWNLANDS
V08LO0FAZ0,REACH
LFAFA00L4LO,CROWNLANDS
L0LO4Z900,STORMLANDS-2
LVLOZ8FALOFA,NORTH
LLOLV0LOV4,IRONISLADS
LZZ844V0,STORMLANDS-1
FA0V0444FA,#N/D
L4ZFAL0LV,REACH
LV08ZLLO9,IRONISLADS
LO0490ZFA9,CROWNLANDS
80ZZL8FA,IRONISLADS
800LO8FAL,IRONISLADS
L8ZLOFAFAVLO,REACH
LLOZL0LO0Z,HOARE
LZL48ZZL,REACH
L9FAVZ4FA4,IRONISLADS
FA000V49V,NORTH
V409FA00,HOARE
LZ8VV800,#N/D
LFAV00V4L,DORNE-1
LZ009FA00,DORNE-1
Z0L0FA090,RIVERLANDS-1
LZZ8LO00FA,DORNE-3
L0LFALO904,STORMLANDS-2
FA0LZ90FA8,#N/D
9VZ0LOZZ,DORNE-1
L98L0LO84,IRONISLADS
ZZ0Z4VLO8,#N/D
L8FAVZFAZ0,RIVERLANDS-1
V00LOVFAFA4,STARKS
L8L0L80LO,#N/D
ZVZLZVZ0,DORNE-1
ZZLOZ9FA89,HOARE
LLLFA00LL,RIVERLANDS-2
L9FA888FA0,IRONISLADS
L9ZL8404,STORMLANDS-2
L0FA4LOZ00,HOARE
FA0ZLOVFA00,#N/D
L0000LZFA,IRONISLADS
L89ZZMZV,NULL
L988000FA,HOARE
LO0Z4Z4ZFA,AEGON
LVLO09409,STORMLANDS-2
LO0FALO4LV0,CROWNLANDS
LFA04LFA8L,STORMLANDS-1
L8LO000,NORTH
LO04LV9Z0,DORNE- 2
LLOZLO0ZFA8,HOARE
LZMLFALV8,REACH
800ZFAZVV,NULL
LZZ90ZZL,HOARE
FA00FA0FAFA4,NORTH
LZLO40FALO9,STORMLANDS-1
FA084900Z,#N/D
LV89ZZ4L,STORMLANDS-2
LZ089ZV0,DORNE-1
8LO40FALO0,#N/D
L494FA04Z,DORNE-1
L49FA0V0L,STORMLANDS-1
L0Z04LO,RIVERLANDS-2
L98LLO8,HOARE
LLVFAL0ZFA,NULL
FA0FALOV904,#N/D
LVZ0VLO,DORNE-1
FA0VZFA0Z0,#N/D
L9FAFAVVFA,DORNE-1
LZLO09FAFA9,RIVERLANDS-1
LVVVFAVZLO,STORMLANDS-1
LVZ00ZLOV,REACH
80L0LFA80,STORMLANDS-1
Z044L0FAL,RIVERLANDS-2
LO0LFA0L48,NULL
L94LV9FA9,STARKS
LL8Z4FAFA0,IRONISLADS
L80FALLOV9,STORMLANDS-1
L8FALO44L9,RIVERLANDS-2
L40LOFAFA9LO,RIVERLANDS-1
L9VV09L0,CROWNLANDS
LZL0V449,DORNE-1
80LFA484Z,STORMLANDS-1
ZLO4ZM40FA,CROWNLANDS
L0V9FA808,NORTH
LLO900LO0LO,DORNE-3
L9LOFAFALOZL,REACH
LLO80LO89Z,HOARE
8LLOL8ZL,HOARE
LVLO98LO,#N/D
VZ0LLZ0,IRONISLADS
L80FALO000,NORTH
L40ZVLO,RIVERLANDS-1
L80Z0FAL9,RIVERLANDS-2
ZZ4L8LLO4,NORTH
V00FA4FALO4,RIVERLANDS-2
V49FA90Z,DORNE-1
9LOZ0490,HOARE
Z04LOL849,DORNE-3
FA00V9804,DORNE-1
L9FA0ZZM0,HOARE
LZLLOZ89V,HOARE
FA00ZM0VZ,#N/D
L800V80LO,STORMLANDS-1
LL40Z00LO,STORMLANDS-1
9ZM4FA00,RIVERLANDS-2
L98FA0V,STORMLANDS-1
L8V980LLO,#N/D
L0LOL4FAZV,RIVERLANDS-1
L00400FA0,STORMLANDS-1
LZ484ZVLO,STORMLANDS-1
LZZ0LFAV0,STORMLANDS-1
LO08ZFA80FA,#N/D
V0V0LFAV8,STORMLANDS-2
LZ844080,STORMLANDS-1
L094LOVZ9,DORNE-1
LFAFAZM8V9,RIVERLANDS-2
LO0LOV0LO8L,#N/D
VZFA00L0,IRONISLADS
L9ZVL90V,IRONISLADS
LLOLV0LOV4,IRONISLADS
L9ZV8V8LO,DORNE-1
L0Z90FAVLO,HOARE
L0FAZ4008,NORTH
Z0ZFA8V9LO,DORNE-3
L0VZL494,STARKS
L0FAV4ZLOZ,NORTH
V008ZFALOFA,DORNE-1
LLO0Z448V,CROWNLANDS
L4Z48L9Z,IRONISLADS
L408L4V4,STORMLANDS-1
LZ9Z0LOZFA,IRONISLADS
LV8Z0ZL4,NULL
L94LFAZML,#N/D
L8494ZFA0,IRONISLADS
L808LZVFA,RIVERLANDS-2
L90400L0,NORTH
Z009FAZ0L,STORMLANDS-2
LFA4L8Z04,HOARE
LLO8LO0LOLV,RIVERLANDS-1
L44V948FA,REACH
LL0ZFALL9,IRONISLADS
L89Z0Z9LO,STARKS
FA0FA900ZL,#N/D
LO09V8VFA9,CROWNLANDS
LO00ZZ0L9,CROWNLANDS
L9LO44890,RIVERLANDS-2
L9VLLO009,IRONISLADS
ZVZM4Z0L,NULL
Z08LO894Z,DORNE-3
L88LFAV,IRONISLADS
90L09LL,DORNE-1
8FAFALOZ,HOARE
L9FA890VV,REACH
L8LLOFA0,STORMLANDS-1
V09FAFAL0FA,REACH
LL8FAVV8FA,CROWNLANDS
V00LOZFAFAL,STORMLANDS-2
LLO8Z000Z,STORMLANDS-2
FA048084Z,#N/D
LV4840VZ,DORNE-3
LLOFAFALO,DORNE-1
L9VV0V8V,STORMLANDS-2
L8Z404VV,DORNE-1
VV0LZM0,HOARE
LZ9FAVFA,NORTH
V048V8ZM,REACH
LLOVZ4040,DORNE-3
L0FALOZ4VV,RIVERLANDS-2
FA080LOFA0LO,#N/D
LO084LO48V,CROWNLANDS
L0L8LO8LOL,STORMLANDS-1
LVVVZ9LFA,DORNE-1
800ZZLOFAFA,STORMLANDS-1
LO0Z84808,REACH
LVV4090V,DORNE-1
L9ZM94Z8,RIVERLANDS-2
V08FA8Z40,REACH
LL88VLO04,NORTH
LZLOLLOFALOFA,STORMLANDS-1
ZZLZ0ZZM,RIVERLANDS-2
LLO09FA80V,DORNE-3
LZ8488FA9,STORMLANDS-2
L9LO40LZLO,STARKS
FA0FAZ8L0Z,#N/D
80LFA00LOZ,STORMLANDS-1
Z0809V4LO,RIVERLANDS-1
VFA4LOZFAL,HOARE
LLZL08FA0,HOARE
9000LVFAL,#N/D
FA04V0FAFAFA,#N/D
90L0044Z,#N/D
L4VFAZ48L,DORNE-1
LLO0Z8400,DORNE-1
900LVLOL9,#N/D
L0804LO,NORTH
8ZFALOVLFA,HOARE
ZZ08LOVLV,NORTH
L4ZFAVL48,HOARE
L88LO4LFA8,STORMLANDS-2
LV80004Z,REACH
FA0V9V008,#N/D
800LZ8L0,STARKS
VL4V00FA,IRONISLADS
V09VL4FA0,STORMLANDS-2
L908L9VL,STARKS
LFA0FA9LOFA4,IRONISLADS
LFA88V88LO,HOARE
L8LLOV008,DORNE-3
LO008LO04V,CROWNLANDS
L8VV0ZVZ,NULL
L8FA0FA49LO,#N/D
L88LO04,#N/D
ZZ4LVV9V,NULL
L8VFA8FALO4,STORMLANDS-2
L0LO4Z900,STORMLANDS-2
L048VLOVFA,NORTH
V090048FA,REACH
9LO88ZLZ,DORNE-3
LV00L0,IRONISLADS
LVFA0LFA0V,IRONISLADS
LLO8LO988V,HOARE
L09LO,STORMLANDS-2
L0Z0ZFA0FA,HOARE
L448090FA,STORMLANDS-2
L80LOZ04Z,STORMLANDS-1
L89FA0FA4Z,STORMLANDS-2
L88LO4Z4FA,STARKS
L8L80LO40,REACH
V00FA090L,RIVERLANDS-2
Z094LFA00,DORNE-3
L9LOLZ094,STARKS
L9ZLOV048,STORMLANDS-1
L9Z984FAV,IRONISLADS
LVL490LLO,DORNE-1
Z0VZL4FA8,RIVERLANDS-2
ZZ4L000L,NULL
90L09840,#N/D
L0LO9ZLO0Z,STORMLANDS-1
VLO4LOV09,IRONISLADS
V0FA9LOV9,IRONISLADS
V408FALOL,IRONISLADS
LLZ00Z0V,DORNE-3
L80V0L9Z,IRONISLADS
LO0LOL4LO0Z,#N/D
ZZ000FA8LO,RIVERLANDS-2
L00V88V4,DORNE-3
L0ZL9LZLO,IRONISLADS
LO8LL0ZZ,HOARE
LLZZVL09,DORNE-3
LFA844FA00,DORNE-1
FA0094LO40,REACH
L90LV0Z0,STORMLANDS-2
LZZ8FA480,DORNE-1
L8FALLOZ,RIVERLANDS-2
LLOFA0049FA,IRONISLADS
L90VFALVL,NULL
L9ZLFA0LO0,STORMLANDS-2
L90FA9LLO0,#N/D
LFA0LZ0LO0,HOARE
LLOV0L000,DORNE-1
9V08V0L,HOARE
V0ZM84L0,NORTH
LFA4VFAFAV4,HOARE
L8LOFAVLLO9,#N/D
ZVLO0Z0LV,RIVERLANDS-2
FA0LLZZ88,#N/D
LVLO08948,DORNE-3
LV8LLLZM,RIVERLANDS-1
LO0LOZZ89Z,#N/D
800LLO4V9,STORMLANDS-1
LZMV00VV,RIVERLANDS-2
L9FA40ZL0,IRONISLADS
Z00LOVZFA0,RIVERLANDS-1
L9848V98,REACH
LZFA8089LO,DORNE-1
LOZ8LO89,IRONISLADS
LFALOLZZ0LO,NORTH
LV4Z09Z0,STARKS
V0890Z8V,NORTH
LLO940090,HOARE
Z0VLOV9Z0,STORMLANDS-2
L8V0VV,#N/D
FALOFAVFA4L,DORNE-1
VLOFAVL,HOARE
L84VLLO40,#N/D
LLO0Z080,HOARE
LFAV0LO9FALO,STORMLANDS-1
L9FA0LFAZZ,CROWNLANDS
LLOFALOVL,IRONISLADS
LO0LO0FAL4LO,CROWNLANDS
FA08LLOFA88,#N/D
Z0V49404,RIVERLANDS-1
L4LO0LLV9,DORNE-1
LLFA9ZM00,STORMLANDS-1
ZZ00FA80LO,NORTH
LV40L000,REACH
Z0FA80VLZ,RIVERLANDS-2
V00Z9VVLO,STORMLANDS-2
FA0LLOZLOL0,#N/D
LFAV8LOVLOZ,STORMLANDS-1
LZ9ZLO94L,RIVERLANDS-1
L8FA89FA4Z,RIVERLANDS-2
LFA8ZFAFA0L,STORMLANDS-1
L0LFALO904,STORMLANDS-2
L8FAZLO0L4,STORMLANDS-2
LLLOZ98V4,DORNE-1
LZ08V0L0,NULL
LV08V0Z0,IRONISLADS
LV4Z0V44,HOARE
LFAL8908L,STORMLANDS-1
LLOZ88FAL9,HOARE
LVFAVLOZ,CROWNLANDS
L0ZZ00FAZ,IRONISLADS
FA0Z0LOFALZ,#N/D
ZZZ98V8L,NORTH
L4LO0ZZFAV,#N/D
FA0LVZLL0,#N/D
LLO00FA0LL,IRONISLADS
V404ZZV,IRONISLADS
LL0FA04VV,STARKS
L84VZLO,IRONISLADS
L8000LO00,#N/D
LZ800000,CROWNLANDS
L8V9004V,HOARE
V0LO9LLOV0,STORMLANDS-2
L9ZVZ4,CROWNLANDS
ZZ00L0LL,STORMLANDS-2
ZZLZZM0LO,CROWNLANDS
8004VZ4V,NULL
L8LLO9Z0LO,DORNE-3
L80ZL9LO0,STORMLANDS-2
V0Z04LO00,REACH
L00V04V8,IRONISLADS
L890LO94LO,HOARE
L9ZLFA0LO0,STORMLANDS-2
LL04L4FAV,NULL
L094LOVLFA,#N/D
L9ZLVVVLO,REACH
FA08LLOFA88,#N/D
L9Z0FALOV4,RIVERLANDS-1
Z0LZ94LV,RIVERLANDS-2
FA00VZ0VLO,#N/D
LV4ZLO9L4,#N/D
LLLOZ44Z0,#N/D
L8V00LZV,HOARE
800VVLZL,STARKS
L9L9Z08FA,DORNE-1
LZ89Z400,STARKS
L9L090Z0,HOARE
L9040LOFA9,HOARE
LL0904FA8,HOARE
L8FA0Z0VLO,NORTH
FA00VZ0VLO,#N/D
9ZVZLO,#N/D
VLFA0ZL0,IRONISLADS
L484LZ8V,NULL
LZFA0VV90,DORNE-3
LV9ZMFA98,STORMLANDS-1
L0LO8L444,DORNE-1
L0898FAV0,STORMLANDS-1
8000Z89L,NULL
L9V4VZ80,#N/D
LO0004Z0V,CROWNLANDS
L90FAFAZ0LO,REACH
LZLO80VLO0,#N/D
4LLOVLFA0,DORNE-1
L8L4V90FA,NORTH
LLOV490Z8,NULL
LO0ZLOVV08,RIVERLANDS-2
FA0Z09LO4,HOARE
LVZ9FA8LO0,IRONISLADS
V0L0V0Z0,RIVERLANDS-2
LL40Z800,STORMLANDS-1
LV4ZMFA00,HOARE
80LFA9Z98,#N/D
LO04FA098L,#N/D
LV4ZMFA00,HOARE
80FA0400LO,NULL
LV449008,STARKS
LO0Z40LOL4,AEGON
LLO8LLOV0LO,DORNE-3
LL9808LO4,DORNE-3
V08LOZ0VV,REACH
LLO0FA4VLO9,HOARE
LV9V0LZ4,#N/D
L9Z0LO9LOV,#N/D
L4LOLLZLZ,HOARE
FA009804Z,#N/D
L90V08FALO,AEGON
89LO80LO4,DORNE-1
L00FA9048,HOARE
L8ZLOZ8V0,HOARE
V080LO009,REACH
L890LO94LO,HOARE
L0000FAZV,RIVERLANDS-1
LVL9VZZFA,STORMLANDS-1
L8FA0Z0VLO,NORTH
900FAV0V8,#N/D
L80LOVZ8FA,#N/D
ZZFA44LO48,NORTH
LVLFA80LO4,STORMLANDS-1
LL8FA00VV,NORTH
FA008Z9Z4,NORTH
ZLOFALOV9FALO,HOARE
L9LO04V84,RIVERLANDS-1
ZZ48VZMFA,STORMLANDS-2
80048FA8,IRONISLADS
LV0080LL,NULL
L9888V0V,IRONISLADS
L048VLOVFA,NORTH
LV00L0,IRONISLADS
LLVLZFA0LO,DORNE-1
LZ09Z4ZFA,#N/D
LL88VLO04,NORTH
FA0FA4900FA,#N/D
LLVFA0LOL0,RIVERLANDS-1
V0LO090L,IRONISLADS
LV90Z084,RIVERLANDS-2
L9ZFA0Z4V,RIVERLANDS-2
V000LOVLL,NORTH
LZ44L0FALO,STORMLANDS-1
L9V4L0VV,IRONISLADS
V0404498,STORMLANDS-2
LZ84LO404,IRONISLADS
L404ZM4Z,DORNE-1
FA09ZZ0Z4,#N/D
V0ZLOZ894,HOARE
ZVZFALO0LOL,NULL
L44LO90FA0,HOARE
LLL0VZFAZ,HOARE
L4849L40,NORTH
L4L80FALZ,HOARE
L80LOVFA,#N/D
84VLOV8Z,#N/D
L8L0LLOVL,STARKS
FA049L4VFA,#N/D
LO04FAFA4Z0,DORNE- 2
LVLOFAZ4,STORMLANDS-1
LLO0V0LO94,#N/D
LFAZ00ZLL,CROWNLANDS
L8LOLV9Z0,STORMLANDS-2
FA0FALOV948,#N/D
LLO8Z8Z49,RIVERLANDS-1
V0884080,REACH
LV9LVFA9L,#N/D
LZ84ZVL4,HOARE
L88LO04,#N/D
900V0V9FA,#N/D
LO080VLFA4,STARKS
L98LLFA40,REACH
Z0LLO8ZFALO,RIVERLANDS-2
909LOZ08,IRONISLADS
LVV4V0FAL,DORNE-1
L0Z94L8LO,DORNE-1
900V80V4,#N/D
L0LVFA0FA4,RIVERLANDS-1
LV840FA0Z,DORNE-3
44098LOFA,HOARE
L8989FAV8,IRONISLADS
90L09LL,DORNE-1
V90L0FAZ,IRONISLADS
L9FA94FA04,REACH
L9L000ZV,STORMLANDS-2
FA00FA8940,RIVERLANDS-2
L080L400,STORMLANDS-1
LLO88ZVL9,#N/D
900404LOZ,#N/D
LLO4ZFALL8,REACH
L40490VL,DORNE-1
L90LLOV4LO,HOARE
LZFAV00FAFA,STORMLANDS-1
L8Z48LO9L,DORNE-3
V00FAFAFA80,RIVERLANDS-2
LO0094VFALO,CROWNLANDS
L0ZLV8LO4,IRONISLADS
L89V8088,NULL
LLOZZZ8LZ,REACH
V04V40FA,HOARE
L00FA8ZL9,RIVERLANDS-1
L9LOLZ0V0,DORNE-1
LVVZL009,IRONISLADS
8000LZ0FA,STORMLANDS-1
90049409,#N/D
V0LO0FA408,HOARE
LLO940Z0Z,RIVERLANDS-1
L8L0Z890,NORTH
L00VZZMLO,IRONISLADS
Z0LOVZZV0,RIVERLANDS-2
L8LFA0408,STORMLANDS-1
VZ0FA000,HOARE
FA0FAZVFA40,#N/D
LO09LO00VLO,CROWNLANDS
L9LOFA8ZM0,CROWNLANDS
8ZFAFA9LO0,IRONISLADS
FALLOFA4,DORNE-3
V08Z400,HOARE
L8FAZ8LVZ,HOARE
L80LOZZZ8,STARKS
L0L9L9VL,IRONISLADS
L98V0LOL8,IRONISLADS
L80ZFA9FAV,STORMLANDS-1
LLOFAZLV,STORMLANDS-1
800LZ8L0,STARKS
L40LLZ9Z,RIVERLANDS-1
LLLO00LO80,DORNE-1
LL4Z80LO9,#N/D
FA009VZZ8,#N/D
LO0ZLOV888,RIVERLANDS-2
LVLOFAFA8LOZ,IRONISLADS
L90084V9,DORNE-1
LFA9VL98LO,STORMLANDS-1
L09FA0Z,RIVERLANDS-2
L0ZFAFA90V,STORMLANDS-1
FA0L8LOL4,DORNE-1
L08ZL009,RIVERLANDS-1
V00LO0LFA8,RIVERLANDS-2
FA00V8FA0L,#N/D
Z0V89ZV8,DORNE-3
LFALO48FAZ8,#N/D
V0LV0LV0,DORNE- 2
LFALO440FA9,STORMLANDS-2
LV00V80LO,STORMLANDS-2
LLOFALOFA9FALO,NORTH
LV0FA0FALO9,STORMLANDS-1
LVFA9LO8LOL,STORMLANDS-1
L0FALOZVFAFA,NORTH
LL44000LO,IRONISLADS
8ZL8Z9V,HOARE
LLO98FA4V4,HOARE
800090ZL,NULL
LL9FA0ZM4,HOARE
80L49Z,STORMLANDS-1
LVZ090LO4,NORTH
FA0FA98LO08,#N/D
FA048ZZ0Z,#N/D
LZ44V9Z0,CROWNLANDS
LLLZZFAVV,HOARE
LVLLO8L0FA,DORNE-1
L90LO84FAL,RIVERLANDS-2
LO04LO0ZLFA,CROWNLANDS
LZM8LO984,CROWNLANDS
8004VZL4,STORMLANDS-1
LL90LOV0L,STORMLANDS-1
LZ8V0Z04,STORMLANDS-1
LO0ZL8Z88,DORNE- 2
ZZ000Z0V,STORMLANDS-2
LVFA0LZLOV,NORTH
LVZM4LOVL,HOARE
FA0LFA80LOL,#N/D
L988000FA,HOARE
LLLO8FALO0V,STORMLANDS-2
VFAL0LVFA,HOARE
9LOLZ4V4,DORNE-1
L8VFA8FALO4,STORMLANDS-2
FA0ZLOVFA00,#N/D
V00V0LO04,STARKS
L9ZLLO0V9,NORTH
L40LO40Z0,STARKS
LZVZ0948,NULL
L09VLOL8L,STORMLANDS-1
L0Z0ZFA0FA,HOARE
FA0VZ48FAFA,#N/D
890Z0Z8,HOARE
LL0LOL04Z,STORMLANDS-1
L00FAZ0Z9,IRONISLADS
FA00844ZV,STORMLANDS-1
L04FALL84,IRONISLADS
8LOVL4,IRONISLADS
LZ090ZL0,STORMLANDS-1
LLFA9ZM00,STORMLANDS-1
89V88FAFA,IRONISLADS
L98FA4LL9,DORNE-3
V0LZ000LO,RIVERLANDS-2
V909L88,#N/D
FA0FAFA0VL8,#N/D
LZFA090LO0,DORNE-3
LVFALO0LO,STORMLANDS-1
L9VLO94ZLO,NULL
FA0L4VZ80,#N/D
LFA9LO0L9Z,IRONISLADS
L0LO48LOZ4,RIVERLANDS-1
L4900LV0,STORMLANDS-1
LLO00FAL04,RIVERLANDS-2
LFAL90FA8FA,DORNE-1
L8LO0VLV4,DORNE-1
FA009VLL4,#N/D
LFAFAL0L8L,NULL
L84FALLOFAFA,HOARE
L4ZZVL,REACH
LO0Z9FAVZ0,REACH
LO0490800,AEGON
LLO49V44LO,STARKS
LZ0840Z0,RIVERLANDS-1
L90Z40LZ,NORTH
LZ48LO898,REACH
L9Z0FALO,IRONISLADS
L0L0L4LV,RIVERLANDS-1
LVLO9ZL48,HOARE
L49ZV0Z0,STORMLANDS-2
ZZ4LFALO0FA,STORMLANDS-2
LV8L0LO00,DORNE-1
LZLO8VLO,#N/D
Z0FA0040V,DORNE-3
LVLVZFALO9,STORMLANDS-1
Z0VLOFALLO9,DORNE-3
L9LO40FALFA,STORMLANDS-1
LZZVZL,RIVERLANDS-2
VFAZ0LO0Z,IRONISLADS
Z08V488LO,DORNE-3
L9LO8VZ00,DORNE-1
L8ZMV9,STORMLANDS-1
L0Z00LO0LO,RIVERLANDS-1
L0Z9FA980,#N/D
LFAFAVZ840,NULL
LFA80VL0V,STORMLANDS-1
L08LO0FA09,RIVERLANDS-1
8VZLO00L,IRONISLADS
LL49L40L,#N/D
ZZ00FAV80,STORMLANDS-2
Z00000VFA,DORNE-3
V00Z4VLOL,RIVERLANDS-2
V0L008LL,RIVERLANDS-2
ZZV48908,NULL
V00L8084,CROWNLANDS
L90FA040Z,RIVERLANDS-2
LVVLLLOZV,REACH
L400FAZZZ,RIVERLANDS-2
LZLO40FALO9,STORMLANDS-1
L88FALL9,HOARE
V0FA449FA,HOARE
8ZFA0Z80,IRONISLADS
L9FAL984L,STORMLANDS-2
FA04V0FAFAFA,#N/D
LFA0FAVVLO8,IRONISLADS
FA00L8VL0,HOARE
L00ZL0FALO,RIVERLANDS-2
Z0FAV0L90,RIVERLANDS-1
L0FA4LOZ00,HOARE
800VLFA0,HOARE
VFAZMLO9Z,IRONISLADS
L8Z9Z4Z8,#N/D
L8FA84800,DORNE-3
FA00V8Z0L,#N/D
L08V49ZM,STORMLANDS-1
Z008FAVVL,DORNE-3
L9LO8ZZL0,NORTH
LFA08FALLZ,RIVERLANDS-1
Z004LOZZ0,DORNE-3
LLOLZFALOZV,IRONISLADS
FA0Z4V004,#N/D
V8LO0LOL9,HOARE
V0090LO0L,DORNE- 2
L9FA0ZL8FA,STARKS
L98LOFA844,RIVERLANDS-2
LO8LO89Z0,DORNE-1
ZZ08FA0LO4,STORMLANDS-2
L9LOFALZM9,IRONISLADS
ZZ0L0L80,NORTH
ZVLO480V9,NULL
LZV9L8LO9,STORMLANDS-1
L80VLLOFA0,NORTH
L08ZZ0FA0,CROWNLANDS
LLOFA04LO,#N/D
L9V84LLOZ,STORMLANDS-2
L94004,#N/D
LZ80LLOZZ,STARKS
LZV8VLOFAV,STORMLANDS-1
LO0L4FA0FA8,NULL
90L04ZZ0,#N/D
LLLLO40VZ,STORMLANDS-1
8LLOL8ZL,HOARE
LVLOZLOZVL,#N/D
LVLOLVZZV,RIVERLANDS-2
LL8FALZ0V,NULL
L90LO0FA98,DORNE-1
8FA909LO0,HOARE
L9VV88FAL,STORMLANDS-1
V080ZM8V,REACH
LFA940Z0V,RIVERLANDS-1
80LZMFAFAFA,STORMLANDS-1
Z004VLO80,#N/D
LLO890ZMLO,NULL
L98LLOVVL,DORNE-1
L8004004,IRONISLADS
L8FALLOZ,RIVERLANDS-2
LFALZZFAZM,#N/D
Z0LOL4V49,RIVERLANDS-2
L9Z04008,NORTH
L4L904L9,STORMLANDS-1
FA0004LO4FA,STARKS
ZZ00ZZ8L,DORNE- 2
8000V80L,NULL
V0FALO00LZ,DORNE-1
LVFA0LZLOV,NORTH
LO0Z00LLO9,AEGON
LFAV908ZLO,IRONISLADS
V0LZV8VL,RIVERLANDS-2
LVVL0LLOZ,NULL
4400940,IRONISLADS
80LVZ084,NULL
VLFA00V9,DORNE-1
LFA0LO8VVL,RIVERLANDS-1
L8Z9Z4Z8,#N/D
L800LO0VL,STORMLANDS-2
VVFA490Z,HOARE
LLOFAV9Z4Z,STORMLANDS-1
V0004ZLOV,RIVERLANDS-2
LLO9844ZM,NORTH
LLO0ZL0Z9,IRONISLADS
VZ9LOL08,IRONISLADS
LV0LO4FAVFA,HOARE
LV8LO0ZZM,DORNE-1
ZZV90V84,STORMLANDS-2
LO0LOFA84VZ,AEGON
44FA048FA,DORNE-1
V009VLO8Z,DORNE- 2
V04VLO9ZV,REACH
L4LFAFA0Z4,STORMLANDS-1
90L0FA090,RIVERLANDS-1
L8L4Z09FA,NULL
V0LV4FA94,RIVERLANDS-2
LV9LO9098,#N/D
L94LZ0Z0,#N/D
L4LLOFAZ00,STARKS
FA04049FA0,#N/D
L80L8V,NORTH
LV0V00FAFA,RIVERLANDS-2
L890FAL0L,RIVERLANDS-1
ZVLO0ZL04,HOARE
FA0Z0LOLLOZ,#N/D
L98FAFA9Z8,HOARE
L8Z4FAZ4Z,DORNE- 2
V04FA04LO8,STORMLANDS-2
LZ40FA9ZL,CROWNLANDS
L8L0L004,HOARE
L0004FAL9,STORMLANDS-1
LFALOLLO89L,IRONISLADS
LFAFA4ZVFA0,DORNE-1
FA0FALO9490,#N/D
90080FA0,IRONISLADS
LZZVZV90,REACH
LZV49VVLO,HOARE
LFA8FAVLO4V,CROWNLANDS
L09LO8LO4L,DORNE-1
ZZLFA04,NULL
FA0408LZV,#N/D
LLOV8ZZ00,DORNE-1
LO0LO0FA949,CROWNLANDS
LVV9V8VFA,REACH
Z00V4V9V,RIVERLANDS-1
LO9LO8940,HOARE
L90LO0FA98,DORNE-1
Z0LFA8Z80,RIVERLANDS-1
L00LLO8FAV,IRONISLADS
V00FAV4LO8,DORNE- 2
LO0V949LFA,STARKS
LFA9FAL0,STORMLANDS-1
FA08Z0FAVL,#N/D
FA0Z8LO0LOZ,#N/D
L0FA0LFAZLO,DORNE-3
Z0L04VVLO,DORNE-3
L84400VZ,DORNE-3
FA0LO800Z0,#N/D
800FAVL00,STORMLANDS-1
LLO9889LO4,STARKS
L484LZ8V,NULL
V0V8VFA0Z,DORNE-1
LVV0LLFAL,RIVERLANDS-2
LLOVL88V8,NULL
LLV0FALV4,#N/D
LFA009FAL9,CROWNLANDS
L8L0V9VFA,DORNE-3
L8LOLL8LO0,REACH
8L00LO09,HOARE
90004Z8V,#N/D
L9LLOL98V,IRONISLADS
ZLO4LOV0ZM,RIVERLANDS-2
LLOLLL44V,RIVERLANDS-2
LVZ0L8Z4,IRONISLADS
L8VVFA98L,#N/D
LFA44V04LO,#N/D
80LFA00LOZ,STORMLANDS-1
LFALOL9FA40,DORNE-1
LO0ZLLOVL4,#N/D
LLV89FA44,NORTH
LO0L00LO0Z,NULL
L9ZL44LO8,#N/D
LO0Z0FA000,CROWNLANDS
800FAZ0Z,HOARE
LLO89LO449,STORMLANDS-2
LFAV08L,RIVERLANDS-2
LZM8LV0L,IRONISLADS
LV0L0LO00,DORNE-1
L90LO008LO,RIVERLANDS-2
LVFA90VZFA,#N/D
LLO904LO0L,#N/D
L9FA8V0L0,DORNE-1
LLOV800FA8,#N/D
L8LOZ90FAZ,DORNE- 2
L4FA040LFA,STORMLANDS-1
LLVV00Z0,IRONISLADS
L0L0Z4V0,#N/D
LLLOZ44Z0,#N/D
L80L4LLO0,DORNE-1
V98Z094,HOARE
L90940L0,HOARE
ZZLO00Z00,RIVERLANDS-2
L8FA8LO9LOL,HOARE
LLOV00FA89,STORMLANDS-1
L940LZ8L,STORMLANDS-1
LVVLOZFALOL,HOARE
LVFA04L,DORNE-1
L4LOZ88LFA,DORNE-3
9080409,DORNE-1
FA00VFAFALOL,HOARE
L90988VV,STORMLANDS-2
LZMFAVVFA0,REACH
Z0FA4LOFA88,RIVERLANDS-1
L8LO80VZ9,NORTH
LLO08LOZ89,HOARE
LV9V894LO,DORNE-1
LLOVLO0FA0LO,REACH
L8VLO049V,STORMLANDS-1
ZZLO09LO44,RIVERLANDS-2
8000LZ0FA,STORMLANDS-1
L9LO08LOVFA,STORMLANDS-1
LO0Z0LOFA04,AEGON
Z04LO09FAL,DORNE-3
LVFA0FAZ0L,DORNE-1
L80V0L9Z,IRONISLADS
L00LO8940,IRONISLADS
80LFA00FA8,STARKS
LO48Z409,IRONISLADS
LZ0LO0ZFAL,STORMLANDS-1
80L49LO0Z,STARKS
LO0ZFAL00FA,DORNE- 2
LLLO984LOV,STORMLANDS-1
L88L0LO0LO,STORMLANDS-2
Z04ZLO9ZM,RIVERLANDS-1
L8ZZ0FALLO,STARKS
L9FALOLLOLFA,RIVERLANDS-1
LZ8ZLVZ9,NULL
LZ80V98L,STORMLANDS-1
LL0L90L8,#N/D
88VVFAV0,IRONISLADS
V009Z989,RIVERLANDS-2
Z009FAL08,STORMLANDS-2
Z0L8FAZV8,RIVERLANDS-1
L9FAL904Z,CROWNLANDS
LLO8Z8Z49,RIVERLANDS-1
L8V90ZFALO,STORMLANDS-1
L44V948FA,REACH
Z0FAL88L0,RIVERLANDS-2
V000808V,CROWNLANDS
LV400FAL4,RIVERLANDS-2
LFA8LZ090,HOARE
LFA8Z9ZVZ,STARKS
LLFA0449Z,NULL
L4L0LOL90,REACH
LFAZM09VV,IRONISLADS
L84Z4ZML,STORMLANDS-2
LLOFA8Z8L4,STORMLANDS-1
9LZ0FA8L,DORNE-1
L40ZM808,IRONISLADS
LV9LOZ00LO,STORMLANDS-1
V0400Z,STORMLANDS-2
L8LOZLL0FA,NULL
80LZ4FA0LO,NULL
L0LFAFAFA4LO,HOARE
LVVFA4904,STORMLANDS-1
LFA9VZ40LO,IRONISLADS
L0Z0ZFA48,#N/D
FA0VLV0LO0,#N/D
ZZLO09LO44,RIVERLANDS-2
LLOFA00LO9LO,STORMLANDS-1
V0LOV4488,REACH
VVVVFAZM,IRONISLADS
LZ8V0Z04,STORMLANDS-1
V0LO40Z4L,NORTH
84LO00L0,HOARE
L9FAZFAZZV,STORMLANDS-1
FA0FA0400L,#N/D
LFALO4Z0V0,RIVERLANDS-1
84LOV4Z0,IRONISLADS
FA0L8LOFAFA0,#N/D
LFALFALZ4,HOARE
LOV0V4V,IRONISLADS
FA008VV8Z,DORNE-1
LO0L090LFA,NULL
LFALOLLO940,RIVERLANDS-2
L94LL0LO0,DORNE-1
LLOV4VFA0LO,STORMLANDS-1
V00Z9FA0,IRONISLADS
LV4LLOLLFA,HOARE
LLOZFA00FA9,NULL
LFA0LOZFAZL,STORMLANDS-1
L090VLO00,STORMLANDS-1
ZZ4FA0FA44,NORTH
L8FAZ4ZVL,RIVERLANDS-1
LLOFA9L0ZV,DORNE-3
Z0LOZ8Z9FA,RIVERLANDS-2
LZ80FA8FA0,NULL
ZZVFAV9FALO,NORTH
Z00LZVLZ,RIVERLANDS-2
L0LOV0LL9,DORNE-1
L4LO0LFA9V,DORNE-3
Z0ZM0440,RIVERLANDS-1
L944Z0LLO,RIVERLANDS-2
LLO4ZZ48L,NORTH
LV9Z90LOV,STORMLANDS-1
LLLOVZ0LO0,HOARE
L90FA0809,RIVERLANDS-2
Z00LLLLOV,DORNE-3
LFALO9LO80L,DORNE-1
8LO44,IRONISLADS
LLLOV880LO,STARKS
L800ZMFAFA,IRONISLADS
LZ9VLZ8V,RIVERLANDS-1
L9LZLZ8FA,#N/D
LV00ZZ40,RIVERLANDS-2
9LO0VFA00,HOARE
LFAFAZLO4FAL,NORTH
LO0ZLFA840,AEGON
L80VFALZ0,DORNE-3
ZZ04FA84L,NORTH
LFALO080Z4,STORMLANDS-2
V0V8VFA0Z,DORNE-1
V0L0Z4L9,DORNE-1
LVLLO8L0FA,DORNE-1
LLOL9ZL04,#N/D
800LLO0V4,STARKS
LLOZ40LO,HOARE
LVFA80908,NULL
LLO89FAZLL,DORNE-3
FA009FAFAV4,DORNE-3
LFALOLVFAVL,DORNE-3
L0LOFALOZFA0,DORNE-3
LVZ00008,AEGON
LZ0FAFA8ZZ,IRONISLADS
L090L44LO,NORTH
LZM9FAVVZ,NULL
LFAZVL9LO4,RIVERLANDS-2
LFA0LO98FAZ,NULL
LZ0LFA0,RIVERLANDS-1
V008VL,DORNE- 2
8FA9V9Z0,IRONISLADS
LLO000LO0L,STORMLANDS-1
L0084V00,IRONISLADS
FA0094ZZ0,#N/D
L8Z0V4FAFA,STORMLANDS-1
V0880000,REACH
FA004L4LOZ,CROWNLANDS
LZMV00VV,RIVERLANDS-2
LO0ZMFA904,AEGON
L9Z49890,HOARE
L0V84LLO4,DORNE-1
LV90FA40V,RIVERLANDS-1
L80V0LOFA8,IRONISLADS
LLO44VZLOV,RIVERLANDS-2
LZFA8VZ9Z,STORMLANDS-2
VLO40ZL8,IRONISLADS
LLLO0LOFA00,STORMLANDS-1
LZ409V0FA,RIVERLANDS-2
L984L840,NORTH
LV848ZVLO,#N/D
LO04L88LO0,DORNE- 2
LZLOFALOZ0FA,STORMLANDS-2
V09ZZ9FAFA,STORMLANDS-2
LLV49ZZ9,HOARE
L0FA0989V,IRONISLADS
LZ8FAV0V4,IRONISLADS
LVZFAVFAFALO,STORMLANDS-1
LL494FALLO,STARKS
Z04FALO448,DORNE-3
LZ0VFA9FA4,IRONISLADS
FA0L00LL8,#N/D
V0FA9Z040,STORMLANDS-2
LVL8V9FALO,NULL
LV44VZ08,IRONISLADS
L8VV0ZVZ,NULL
ZVLOZLO89L,NORTH
LL0LOFA84FA,DORNE-1
Z08FALOFALL,DORNE-3
L40LO40Z0,STARKS
LV4FA80VL,#N/D
900LOZ88,DORNE-1
9V00Z04,DORNE-1
LL0FAZLOV0,STARKS
LZ00V4V8,RIVERLANDS-1
LVLOFA9000,NORTH
L9LO04498,HOARE
L044Z9,NULL
L8940848,CROWNLANDS
FA0VLOVZ04,#N/D
Z84Z,IRONISLADS
900Z04LOZ,#N/D
LFA4FA9LOZFA,STORMLANDS-1
LZ048V0Z,NORTH
LLO8FA0FA0Z,HOARE
L9V4FA090,DORNE-3
L84VLLO40,#N/D
LO0ZZV890,RIVERLANDS-2
LZVZL48L,DORNE-1
L90V4VVFA,RIVERLANDS-2
FA0L8FALO8FA,#N/D
LFALOZLLO8L,STORMLANDS-2
Z0409LZM,RIVERLANDS-2
L40LOFA8,#N/D
ZVLOZLOL40,NULL
9FA40VV9,#N/D
FA008988V,DORNE-3
L0LO48LOZ4,RIVERLANDS-1
V089Z090,#N/D
L800V809,STORMLANDS-1
FA0LFA440LO,#N/D
L98L0LO84,IRONISLADS
80L90L8,IRONISLADS
L00LOL48L,RIVERLANDS-2
90LLFAZ09,#N/D
LV4ZLOFAFA0,DORNE-3
L4FA009FA0,NORTH
LO0ZL98VZ,REACH
LFAVLO8VFA0,STORMLANDS-1
LZ80VL8FA,REACH
LFAFALL90FA,DORNE-1
LLLO8FALO0V,STORMLANDS-2
LZ8LOVZ4V,IRONISLADS
L94Z0LL9,IRONISLADS
V9VZVFAV,IRONISLADS
Z0Z9490L,DORNE-3
V0889V0FA,REACH
LVV089LFA,#N/D
L09LO9LOFAV,IRONISLADS
L00Z080V,NORTH
V00ZLO9FA4,DORNE-1
L90LOLLO8V,AEGON
L9LL0408,STORMLANDS-2
LLO8L0FAFA0,IRONISLADS
L4V04V49,DORNE-1
FA00FA8Z08,RIVERLANDS-2
ZZFAZL888,DORNE-1
V09VL4FA0,STORMLANDS-2
LO000VVVFA,CROWNLANDS
900Z04LOZ,#N/D
LZZ00VZLO,STARKS
L00V98VV,HOARE
800VL498,NULL
L9L0LO049,RIVERLANDS-1
LZLOVL440,STORMLANDS-1
FA0LZ9804,#N/D
ZZ44L8L8,NORTH
FA0LO09V04,#N/D
L804404L,HOARE
900V0LOL0,#N/D
909FA440,DORNE-1
L4LOZ0ZM4,DORNE-3
L9VFA0L0FA,REACH
L90L0LO88,NORTH
L00LV00L,#N/D
LO09LO49V0,CROWNLANDS
LLOZV9V8V,HOARE
L94904L8,NORTH
L940LOV9LO,STORMLANDS-1
LO0Z90FA9LO,DORNE- 2
8V8LLOL4,IRONISLADS
LVFA4LLO,HOARE
LVFAZ44,#N/D
8000V80L,NULL
ZZFA9VZLOFA,NORTH
FA000VLO08,HOARE
LLO8LO0LOLV,RIVERLANDS-1
LLO8098,IRONISLADS
LLOFAL0LO9FA,HOARE
948ZVLZ,DORNE-3
LFA0LO90LO0,HOARE
800900LZ,STORMLANDS-1
VFAZMLO9Z,IRONISLADS
FA09ZVLO0FA,#N/D
FA0L8Z800,#N/D
4V40ZVZ,HOARE
LO040ZMFA0,NULL
LZFA88Z00,IRONISLADS
LV80004Z,REACH
90Z8404,IRONISLADS
LVLFALOV,HOARE
90LFA0L8LO,#N/D
L80909Z9,DORNE-1
FA004LO0LOZ,IRONISLADS
LFAFALOFA8LV,IRONISLADS
LZL49000,IRONISLADS
VL9V888,HOARE
LFA90V4V8,NORTH
V8LLOLLO9,DORNE-1
L94L0080,NORTH
FA0FAFA0VL8,#N/D
Z0VLOV9Z0,STORMLANDS-2
LL0FA08,RIVERLANDS-1
L9Z00LFAZ,#N/D
L9L409ZM,RIVERLANDS-1
L8Z04Z04,STORMLANDS-1
LV0ZL890,STORMLANDS-1
LFALO9VZM9,IRONISLADS
FA0FALZ0,#N/D
ZZZ4FAV0V,NORTH
48FAZ0L8,HOARE
LO04FA8V0Z,AEGON
ZVZMV0V4,NULL
FA009Z498,DORNE-3
FA00V00,#N/D
LVFA940FALO,NORTH
FA00LL0LLO,#N/D
80FA0FALO9L,NULL
ZZV9FALLOFA,NORTH
LL9LO4LOL4,STORMLANDS-1
L840089V,RIVERLANDS-1
ZZ04FA40FA,STORMLANDS-2
LFA8LLO8FA0,DORNE-3
L9LLOFAZFA0,HOARE
L844LO4Z0,RIVERLANDS-1
L8FA09V04,IRONISLADS
9V00Z04,DORNE-1
80004VLFA,STARKS
L8ZM4008,RIVERLANDS-2
LFA09FAZ0L,#N/D
Z00ZLOZLOV,RIVERLANDS-2
LFAZFA8LO9V,REACH
V00L88LL,RIVERLANDS-2
L0Z88L9LO,HOARE
L80LOLL0L,STORMLANDS-1
LL09ZLO80,CROWNLANDS
L9FA0ZM0FA,NULL
L8V0ZVV4,NORTH
L9VV9LO08,DORNE-1
L8ZVZ4FA9,AEGON
V000FALL9,DORNE- 2
800FA0L89,NULL
LV0LO840LO,NORTH
LZMLFALV8,REACH
LLO900LOV0,REACH
LVL449VFA,#N/D
V00LO9LZZ,STARKS
L449FAZZFA,STORMLANDS-2
V04V40FA,HOARE
FA0ZLO080Z,#N/D
L80Z90LO8,DORNE-3
L90FA0809,RIVERLANDS-2
9840V8FA,RIVERLANDS-1
V904V8Z,HOARE
LFAZM089FA,HOARE
L94LO088L,NULL
L89V0VLLO,STARKS
800FAZ088,STORMLANDS-1
LZ0VFA9FA4,IRONISLADS
L9ZVLVLOFA,REACH
FA00VV48V,#N/D
LZZ09404,HOARE
9Z4LLO4L,IRONISLADS
L89090V8,HOARE
LO0LLO0FA00,CROWNLANDS
LFA4449VV,IRONISLADS
FA00LOFAL4Z,DORNE-3
L8Z890FAL,STARKS
L4LOZ88LFA,DORNE-3
ZZVZ0Z98,DORNE-1
LVFA9LO8LOL,STORMLANDS-1
LO0LO084,CROWNLANDS
L08L8FA9V,IRONISLADS
ZZ8L4LOFA9,RIVERLANDS-2
LO0Z4Z4ZFA,AEGON
L090L44LO,NORTH
LO0FAZLZ,NULL
L94ZLOZVV,DORNE-1
L9VLLO009,IRONISLADS
LLZ0FALO94,STORMLANDS-1
90L0LO0VV,#N/D
L4Z48LO0FA,STORMLANDS-1
L0FA0FAVFA4,STORMLANDS-1
LVV4V0FAL,DORNE-1
L8484908,HOARE
L84Z4ZML,STORMLANDS-2
FA00ZLO00L,NORTH
L940LOFAVV,DORNE-3
LO00FAVZ09,CROWNLANDS
L90VLOFA8LO,RIVERLANDS-2
ZZV90V84,STORMLANDS-2
V090LO4FA9,REACH
L00L80LFA,HOARE
80088V44,STARKS
LZV4FAV09,HOARE
FAFA8LO08Z,HOARE
LO0LO008Z4,CROWNLANDS
L84LO0ZLOZ,HOARE
LVFA0FA9,IRONISLADS
L8089V0Z,STARKS
LZMFAL8V0,IRONISLADS
Z0LO88LO,RIVERLANDS-2
LZ4ZM444,HOARE
LVLLOZ0LZ,REACH
L0Z9FA980,#N/D
V000004Z,DORNE- 2
L0L0Z4V0,#N/D
L8ZV0LO08,#N/D
LZM00L89,STORMLANDS-1
90LO89VL,IRONISLADS
LZZMV9FA0,CROWNLANDS
ZZLO09VV8,STORMLANDS-2
LO008LO04V,CROWNLANDS
80094ZLOV,NULL
L904FA094,STORMLANDS-1
ZZ09FAFAFALO,#N/D
L8004988,STARKS
V0ZZ8LL0,DORNE-1
V004VZFAV,RIVERLANDS-2
LV0ZV9V9,CROWNLANDS
LLZL00L4,RIVERLANDS-2
L0VZ0Z8Z,RIVERLANDS-2
ZZ0V0ZFA0,NORTH
LLZL00L4,RIVERLANDS-2
4FA4LFA,RIVERLANDS-2
LVVZ44LV,NORTH
LZVFA0LO0FA,#N/D
80FA0FA08,#N/D
90L80FAV0,#N/D
LVV9LOZZ0,DORNE-1
FA0FA9800L,#N/D
FA00L4LO4L,CROWNLANDS
900ZVLOVLO,#N/D
LZ9VFALOFAZ,STORMLANDS-1
9V0L9V4,RIVERLANDS-1
L98Z0L0LO,DORNE-3
FA0LOV80V0,#N/D
L88ZFA49L,HOARE
Z00L88L4,DORNE-3
L8VLZ80V,IRONISLADS
ZZLL00VZ,NULL
FA0084LFALO,DORNE-3
L00LO,NORTH
Z0Z0094V,RIVERLANDS-2
LLOZFA00FA9,NULL
FA00Z8LV0,CROWNLANDS
L0FA0LFAZLO,DORNE-3
LZ000V0V,HOARE
LZ0L000Z,IRONISLADS
80L49FAVFA,NULL
8LL08FAFA,HOARE
L8Z0ZFA8V,STORMLANDS-2
LLZLO4909,IRONISLADS
LV8LO98V8,NORTH
L0ZZMLZV,STORMLANDS-1
LVFAVLO840,DORNE- 2
FA0L8LOL4,DORNE-1
LO0LOV0LO8L,#N/D
V40FA0V8,IRONISLADS
L9FA09ZL4,DORNE-3
L048FAZ9FA,STORMLANDS-2
L9FAZL0ZL,DORNE-1
900LZLOV4,#N/D
LLFALO4ZLV,#N/D
L48Z0808,STORMLANDS-1
L9888V0V,IRONISLADS
L0LO0FALOVL,CROWNLANDS
Z008FAVVL,DORNE-3
LFA4LOLFA90,DORNE-1
ZLO9ZLV,IRONISLADS
L9LOLFAL8V,HOARE
L0LVFA0FA4,RIVERLANDS-1
L0LO8FAL9LO,RIVERLANDS-1
LZ9000VLO,IRONISLADS
V0ZVVLO0Z,DORNE-1
LFA80FA048,DORNE-3
L8LO4L0VL,HOARE
LFAL9Z04L,STORMLANDS-1
L8V900LV,DORNE-1
LO8LO89Z0,DORNE-1
ZZZ048LV,NORTH
LO0FAFA9880,CROWNLANDS
9FA8FAFA08,DORNE-1
LZ40FA8V4,DORNE-3
L4LLLZ80,DORNE-1
LO0Z9FAVZ0,REACH
88LO4VV9,HOARE
FA0LZ4FA0V,#N/D
V08Z0Z0L,REACH
LV04ZZ9FA,IRONISLADS
L40FAZ0FAL,REACH
4FALO94Z0,HOARE
LO04FA4V00,DORNE- 2
LZ08LL09,STORMLANDS-1
80L0ZZ04,STORMLANDS-1
L8VLOL0Z4,IRONISLADS
ZZ009Z4L,STORMLANDS-2
L84FAFALO44,HOARE
L0FALOZ4VV,RIVERLANDS-2
LO0LOFA40FAFA,#N/D
LZ44089LO,HOARE
V0LLOVLV0,RIVERLANDS-2
LO0VL0004,REACH
LLO000LO0L,STORMLANDS-1
Z88988,IRONISLADS
FA00V8Z0L,#N/D
L0FA0089LO,STORMLANDS-1
Z0V9ZL0L,DORNE-3
Z0ZM8V9LO,RIVERLANDS-2
L9009L0FA,STORMLANDS-1
L80FAV88V,STORMLANDS-1
L8ZVZ4FA9,AEGON
LLOVLO00V0,NULL
L8FA909Z0,HOARE
L00LO9VFAZ,HOARE
L9VL80,HOARE
VLOFA9V08,HOARE
L8LO9LVZZ,#N/D
LLLOZZVZ8,#N/D
ZZVZZ88Z,IRONISLADS
Z0L04VVLO,DORNE-3
V0004880,RIVERLANDS-2
LFA9V0Z8FA,HOARE
FA0LO09V04,#N/D
L8LOL4LZM,NORTH
L9V94FA90,REACH
L80FALOV8FA,CROWNLANDS
L494FA04Z,DORNE-1
VV9890L,IRONISLADS
L9LV9LO0LO,STORMLANDS-2
900988V4,#N/D
L8009404,RIVERLANDS-2
L4FAZLO94L,STORMLANDS-2
LZ0VFA4FAV,CROWNLANDS
80ZVLO48,IRONISLADS
FA008VV8Z,DORNE-1
L94089FA0,RIVERLANDS-2
FA0408LZV,#N/D
L09LOL9Z0,DORNE-1
LO0LLO0FA00,CROWNLANDS
L940FA9LO0,IRONISLADS
9ZZMFAL4,RIVERLANDS-1
LV9V894LO,DORNE-1
LZ9440L4,DORNE-1
L4LLV9VZ,STORMLANDS-2
980Z4V4,RIVERLANDS-1
L8LLO8FA8FA,DORNE-3
L4V0LO048,DORNE-3
Z004FAFALO0,DORNE-3
9FA0FALLV,DORNE-1
Z04VLOZZLO,RIVERLANDS-1
V89LO484,DORNE-1
LO0LO0ZLOLLO,CROWNLANDS
FA0000LO89,NULL
8ZV4084,HOARE
L80L0L9L,STARKS
L908080LO,DORNE-1
LLO00ZFA89,#N/D
L9LLOFA8LO9,STORMLANDS-1
L8098ZZ9,NORTH
LVV89VV0,#N/D
LFA08V880,STORMLANDS-1
Z00VFA0,RIVERLANDS-1
LZFA4FA400,HOARE
LFAL04V00,NULL
900FA9ZZFA,#N/D
LV4Z09Z0,STARKS
L8ZZV0VZ,RIVERLANDS-2
FA04LLO4V0,#N/D
Z0008FAFAFA,RIVERLANDS-2
LZ90489LO,STORMLANDS-1
FA00040LL,RIVERLANDS-2
L0904FA,STORMLANDS-1
LVLL00FA4,IRONISLADS
ZZ4840FAV,NULL
900V4LOVL,#N/D
80004FA0L,STORMLANDS-1
VLOL8L90,DORNE-1
LZ9LO9LOFA4,RIVERLANDS-2
LLO0ZZ8Z8,HOARE
LO00FA9FAVZ,CROWNLANDS
L08LFA0LO8,RIVERLANDS-2
LZ804LOFAFA,DORNE-1
LO9LO8940,HOARE
L8VLOFAFA0L,STARKS
LLFAZ8L0Z,NULL
LZVV0LO94,DORNE-3
9LO0900Z,DORNE-3
L800FAFA40,#N/D
LV40LLOZV,IRONISLADS
L8FAZ0V,RIVERLANDS-2
L40490VL,DORNE-1
L09LOFA0ZL,IRONISLADS
LO04LZ0LO8,DORNE- 2
L8FAVZFAZ0,RIVERLANDS-1
LO0LOL9044,REACH
LVZ0L8Z4,IRONISLADS
LZV0FAZFAFA,#N/D
L8848LOZZ,HOARE
V00L9Z4FA,RIVERLANDS-2
LFALO9LO80L,DORNE-1
8L9V9FA0,DORNE-1
LO0LOFA40FAFA,#N/D
Z0L0V984,DORNE-3
L0V4FAVVL,IRONISLADS
V048V8ZM,REACH
L9FAL904Z,CROWNLANDS
VLOFA440FA,HOARE
LLV4Z08V,DORNE-1
VLFA00V9,DORNE-1
LLO9FAL8V8,IRONISLADS
L8L0940V,HOARE
LLOL49L,IRONISLADS
LO008ZZ04,NULL
LZ9Z9VLZ,REACH
84LLZ9V,DORNE-1
L9LOFAFAFA04,#N/D
LO0Z80LO,REACH
8849Z0Z,IRONISLADS
V0LL00ZFA,DORNE-1
FALOV80L8,HOARE
Z00L988FA,STORMLANDS-2
FA0L9LO40Z,#N/D
LFAVLO8V4Z,HOARE
ZZLOLFAZ08,NORTH
L9LOVFA04LO,STORMLANDS-2
LVFA0FA9,IRONISLADS
LO09FA0VZFA,CROWNLANDS
94Z40ZZ,HOARE
L9ZVZ4,CROWNLANDS
L98FA989LO,REACH
800FAVL00,STORMLANDS-1
Z0LO44Z40,DORNE-3
FA00LZ900,STARKS
LV88V844,NULL
4ZLV888,HOARE
84FA4ZZ8,IRONISLADS
L8LOZZ04Z,DORNE-3
L090FAL8FA,DORNE-1
FA0LO0LOL8V,#N/D
V0LV9LO4FA,#N/D
8894LO,HOARE
LVZLO9VLO0,IRONISLADS
LO004L94FA,CROWNLANDS
LLZZ09V9,DORNE-3
LZL0ZLLOFA,RIVERLANDS-2
V089Z090,#N/D
90094VFA9,#N/D
L9V0ZM00,HOARE
FA0LLOFAV9Z,#N/D
V04ZVZ89,STORMLANDS-2
LZVLOZ8L0,DORNE-1
L089VVL9,IRONISLADS
L8LO4040LO,RIVERLANDS-1
L0LO8L444,DORNE-1
LZV9LOL8V,IRONISLADS
8009LZ,STARKS
L0898FAV0,STORMLANDS-1
L90FA4084,STORMLANDS-1
LLO9Z9004,#N/D
ZZ0ZV4V4,STORMLANDS-2
L4LO8FAV88,DORNE-3
FA0FAZ44,#N/D
L8ZVFALZLO,#N/D
L8V00LO9FA,DORNE-3
LZLO0809Z,STORMLANDS-1
L0LOFA4Z00,RIVERLANDS-1
L40FA0090,HOARE
9009L4Z8,#N/D
8ZV4084,HOARE
L89LOFAZFAV,STORMLANDS-2
Z0LVL40L,RIVERLANDS-1
V0LO9VFAFAL,STORMLANDS-2
FA04000VLO,#N/D
V00ZLZ8LO,RIVERLANDS-2
ZZV0V0,NORTH
ZZV0V0,NORTH
LZLOVLO8ZL,DORNE-1
Z0LO4VFAL8,RIVERLANDS-1
VZ0Z044,HOARE
ZZLLFAZFAL,STORMLANDS-2
V04ZFALV0,STORMLANDS-2
L4VZ8909,DORNE-3
ZZ00ZZ0L,NORTH
90ZLL08,HOARE
90L48LOZ0,#N/D
LZVV8ZVZ,STORMLANDS-1
FA00040LL,RIVERLANDS-2
V0088LL0,STORMLANDS-2
90084FA,#N/D
90L4LO4,#N/D
LLO04FA9FALO,NULL
LV8FALFA9V,IRONISLADS
FA04L0808,#N/D
800L4LFAL,STORMLANDS-1
LV0L0LO00,DORNE-1
9LOZ0FA08,HOARE
L9ZV0Z94,RIVERLANDS-2
L8ZLO9LOV9,IRONISLADS
VLLOLFA0LO,IRONISLADS
L900ZFAL0,STORMLANDS-1
8004LOFAFA4,NULL
FA0LLLO9LO4,#N/D
88VLZ4FA,IRONISLADS
Z0ZML9FAL,RIVERLANDS-2
L4ZZ0VLO0,STORMLANDS-1
LLO0L0VZFA,STORMLANDS-1
LFA8980FA0,HOARE
V00LOLFAZ0,STARKS
L90ZLO40Z,IRONISLADS
V0Z9LLO8LO,DORNE-1
VLOL8L90,DORNE-1
FA00ZM0VZ,#N/D
LZ84V8LOL,NULL
LV984L48,NORTH
LLO889ZZZ,CROWNLANDS
L8804LO4L,IRONISLADS
FA0LOVZZVFA,#N/D
LO04Z0LOZLO,CROWNLANDS
L40LOLVVZ,STORMLANDS-1
L9ZMZ98LO,REACH
VV8ZZ8V,HOARE
900VZ,DORNE-1
LFAL4890Z,DORNE-1
LV04LO9LO9,REACH
L0ZFA4LZM,STORMLANDS-1
L88VLOVFA9,STORMLANDS-1
8009Z000,STARKS
9V4LFAFA0,IRONISLADS
L0ZZ00VLO,IRONISLADS
L9LOZV4LO9,HOARE
L08ZL009,RIVERLANDS-1
LZ0Z400FA,NORTH
80040LZ0,NULL
ZZLO9LO8V0,NORTH
80L0FA0LO0,STORMLANDS-1
LZ0ZZ094,IRONISLADS
L880LFA08,STORMLANDS-2
9094LOL8,IRONISLADS
VL440VV,IRONISLADS
L8FALLO8V0,HOARE
L8LO8FAZ88,NULL
L890FAV08,DORNE-1
Z0LOFAL48V,RIVERLANDS-2
L49V04L4,HOARE
LFA0044LO9,RIVERLANDS-1
Z00V4VV9,RIVERLANDS-1
80LL04VLO,NULL
LLOVV0ZLZ,#N/D
LLOFALOVL,IRONISLADS
LFAFAV890LO,IRONISLADS
LZLOVL44FA,HOARE
LLOZ90Z9FA,STORMLANDS-1
L8Z09ZZ8,NULL
L4008FA0V,DORNE-1
VLLLOVFAZ,DORNE-1
8004ZZLV,STORMLANDS-1
FA0V0444FA,#N/D
Z0890V98,DORNE-3
LLO0FA888V,HOARE
V00V0LO04,STARKS
FA09LOVLZZ,#N/D
94008VFA,DORNE-1
L89FA0FA4Z,STORMLANDS-2
LVV4V0FAL,DORNE-1
FA0LLZ4Z8,#N/D
LZLOL4LO00,STORMLANDS-2
L9ZV04V0,REACH
LO0LOV409Z,CROWNLANDS
FA984LO,HOARE
L00VL880,HOARE
LVLO444,REACH
L9LOLFALOV4,STORMLANDS-1
L0848Z40,STORMLANDS-2
VZFA0LOZ0,DORNE-1
L9L8L88LO,DORNE-1
LO09L448LO,CROWNLANDS
8040FA0V,HOARE
LV9LOZ00LO,STORMLANDS-1
L900LOZZL,HOARE
L9FA9ZLO84,REACH
L8FA4FAZZL,STORMLANDS-2
8004V49V,NULL
LZ80FAVLOL,STORMLANDS-1
Z00V4V9V,RIVERLANDS-1
L8FALOV080,DORNE-1
FA0LLOFAV9Z,#N/D
LLO0080VFA,#N/D
LLO940VV0,#N/D
LV0LZ088,REACH
LLO940VV0,#N/D
L0FA0FAVFA4,STORMLANDS-1
L4FAFA04LZ,STORMLANDS-1
V90LLOVV,IRONISLADS
LL09ZLO80,CROWNLANDS
LZ4VVLO94,IRONISLADS
V00LO0LZLO,RIVERLANDS-2
LFAV98Z44,DORNE-3
L80Z8LL0,NULL
LLOVFA80FA0,#N/D
L4Z04LO9Z,REACH
LZ00LOLZFA,RIVERLANDS-1
LZFAZLO09V,REACH
80L8Z4FALO,#N/D
LV8048FA8,CROWNLANDS
LVFA48Z00,HOARE
L090ZFAZ4,NORTH
80L4FA,IRONISLADS
9V00FALOFA,DORNE-3
9VV9FA00,RIVERLANDS-1
FA0VLOFA0LZ,#N/D
L90LO9048,DORNE-1
L0FA89098,RIVERLANDS-1
Z044FAZ80,RIVERLANDS-1
LVL8L8VFA,STORMLANDS-2
LLOFAFALO,DORNE-1
L00LO09LV,IRONISLADS
L900VLOL4,CROWNLANDS
L9V08ZV4,DORNE-1
ZZLV9LO08,NORTH
L900VLOL4,CROWNLANDS
L0Z0ZLL4,IRONISLADS
L4LO08V,HOARE
L80084LO8,RIVERLANDS-1
L48FA9088,NORTH
LFALO00Z0Z,NORTH
8LOVL4,IRONISLADS
80088LFA,HOARE
L90FAV90L,DORNE-3
L8LO0VL94,DORNE-3
V0LO8V989,STORMLANDS-2
L9LO09VFA8,RIVERLANDS-1
LVZM0000,NULL
LO0L9FA8L4,CROWNLANDS
LZFA49LLO8,DORNE-1
Z008000Z,DORNE-3
ZZ4LVV9V,NULL
LFA0LO490V,IRONISLADS
L9FA0ZL8FA,STARKS
LZ894FAFAZ,RIVERLANDS-2
L009V4LZ,HOARE
LZ9Z9VLZ,REACH
V9FA49FAFA,IRONISLADS
LFAFA094LO8,DORNE-3
ZZ00FAV80,STORMLANDS-2
LO0Z04FA0LO,CROWNLANDS
V040ZV09,STORMLANDS-2
L04Z0890,STORMLANDS-1
9V0L0ZV,DORNE-3
L94ZZFALO0,RIVERLANDS-1
LLO04VZL8,RIVERLANDS-1
900ZLO090,#N/D
ZZ08LOL04,NULL
FA0FA44VLL,#N/D
LZ0ZV8V0,NULL
L9FA9ZLO84,REACH
LLOVV0494,DORNE-1
LL8Z4FAFA0,IRONISLADS
L9040V08,IRONISLADS
LFA00VLOZ4,#N/D
L9Z9FA009,STORMLANDS-1
Z009ZZVL,RIVERLANDS-1
LL0LZZLZ,RIVERLANDS-1
LFA80Z0,DORNE-1
L9FA00040,#N/D
9FA8ZVZ9,IRONISLADS
LV840Z49,STORMLANDS-1
LO00Z4LOZ4,CROWNLANDS
LFA9ZLVZ0,DORNE-1
LVFALVLZLO,NORTH
ZZV08004,STORMLANDS-2
LLO4L4FA49,STORMLANDS-2
ZZ80L404,STORMLANDS-2
849LL0FA,HOARE
LO00LL884,CROWNLANDS
L9LOL09VL,DORNE-3
LV80Z8LOL,NORTH
L9LOLZ094,STARKS
L449V0Z0,DORNE-1
L440LOFA00,CROWNLANDS
LLOV490Z8,NULL
90VLOL8FA,IRONISLADS
FA0L0V0LLO,#N/D
LFA08LO8FAZ,CROWNLANDS
L0FAZZ0LO9,DORNE-1
FA0V40LVFA,#N/D
L8L44Z84,#N/D
800FAL8LO0,STORMLANDS-1
LL0V0VLO0,STORMLANDS-1
FA0ZL444Z,#N/D
LVLV0Z08,STORMLANDS-2
Z00448FA0,RIVERLANDS-2
L900LO08L,DORNE-1
LL8VVLZLO,CROWNLANDS
LV0ZL4FA8,DORNE-3
LO0Z0FA000,CROWNLANDS
FA000FALOL4,RIVERLANDS-1
Z08ZFALO,DORNE-3
ZZ4LVV9V,NULL
L9FAVLL,#N/D
ZZLLL8LOZ,IRONISLADS
800VLOV8FA,STORMLANDS-1
LL9LO4LOL4,STORMLANDS-1
LO0ZZLOZ0FA,DORNE- 2
LFA0FAVVLO8,IRONISLADS
LVV00FAFAZ,NULL
LV9LO0FA4LO,STORMLANDS-2
L9004848,STORMLANDS-2
V00Z04VV,NULL
L890Z4ZV,STARKS
LFA8LOFA0LOL,HOARE
LZ4098L0,IRONISLADS
VLFA0VFA0,DORNE-1
L8Z0ZFA8V,STORMLANDS-2
LFA940ZVFA,STORMLANDS-1
LV4FALVFA0,IRONISLADS
L8Z8ZZM8,DORNE-3
L00ZL0FALO,RIVERLANDS-2
L4VZ8L,IRONISLADS
V08LO0FAZ0,REACH
L098V48FA,HOARE
L9LL0408,STORMLANDS-2
L90L8LO00,STORMLANDS-1
84Z9V9L,IRONISLADS
L4VFAZ48L,DORNE-1
ZZV48908,NULL
L004L9,AEGON
L908FALOV8,STORMLANDS-1
V4ZM0LFA,HOARE
LLOZ089,RIVERLANDS-2
VL44LFA0,DORNE-1
LZZ00VVL,HOARE
90L04ZZ0,#N/D
LO0FA40Z90,CROWNLANDS
FA00040LL,RIVERLANDS-2
Z00LOFALLOZ,RIVERLANDS-1
L4800Z90,CROWNLANDS
Z08VFAFALFA,DORNE-3
V04ZFALV0,STORMLANDS-2
LLOL098LOL,STORMLANDS-2
VZ0LLZ0,IRONISLADS
L49LO90LO4,DORNE-3
LLO8L9VZV,STARKS
LVFA0FAL8LO,RIVERLANDS-1
LZ8FA9L,RIVERLANDS-1
V000L049,#N/D
VV9890L,IRONISLADS
L4ZVLO9LO9,DORNE-3
LV0LO840LO,NORTH
LLV4LV4V,#N/D
900L0FALL,#N/D
ZZ000LLLO,STORMLANDS-2
89VLO9FAZ,HOARE
L88VLOVZFA,RIVERLANDS-1
LFAVVL490,DORNE-1
LO0ZFAFA4ZV,REACH
L8LLOZLO09,DORNE-3
90L09840,#N/D
L4FALO8VZ9,HOARE
L0ZLVLZM,DORNE-1
8004VVVLO,NULL
80V4LLO9,IRONISLADS
L80LL800,CROWNLANDS
LO0LOFAZZV8,#N/D
L9LO880V9,IRONISLADS
9FAFA408L,HOARE
LO0LO0FA949,CROWNLANDS
LV0L0Z8Z,STARKS
L0V0FAZLFA,DORNE-3
LFAV4VFAV0,HOARE
ZZ4840FAV,NULL
L09800LV,STORMLANDS-1
LVVZ98VL,IRONISLADS
V0LO9VFAFAL,STORMLANDS-2
L0FA09Z,NORTH
L8L9ZL,DORNE-3
LFA8FA988LO,DORNE-1
LFAFAV88LL,DORNE-1
LV9LZ944,STORMLANDS-1
900VLO804,#N/D
8ZMLO4ZZ,HOARE
LLOFA0FAZ04,STORMLANDS-2
LVLOFAZ8VL,REACH
L0LOVFA008,IRONISLADS
4LFA04L0,IRONISLADS
L440Z8Z0,DORNE-3
LO4V4LFA4,#N/D
FA00984V8,#N/D
LZZFA0VLO8,IRONISLADS
L4VL408FA,DORNE-1
L8L04488,STORMLANDS-1
L90400L0,NORTH
V04490L0,STORMLANDS-2
LLOLFA9LO04,DORNE-3
LLOZ00FAVL,CROWNLANDS
L8V0FALFAL,NORTH
Z0VFA04,RIVERLANDS-1
LO0LO040ZFA,CROWNLANDS
L8Z0Z8Z9,STORMLANDS-1
L8FALO44L9,RIVERLANDS-2
LZLOVL440,STORMLANDS-1
Z04080LV,DORNE-3
FA04FA488FA,#N/D
L9L000ZV,STORMLANDS-2
LFAV04ZVZ,IRONISLADS
L0L40LOLFA,IRONISLADS
LO0L4949L,NULL
LFALV9V9LO,HOARE
FA080ZLL4,#N/D
LFAFAZ0080,RIVERLANDS-2
LZ4FA4Z9Z,HOARE
LV4Z0LO9LO,NULL
Z0LOFAVVV9,DORNE-3
8Z0LFA8Z,IRONISLADS
L9ZZ0Z09,STORMLANDS-1
8FA9VFA0LO,HOARE
L894LOV9Z,REACH
84FA4ZZ8,IRONISLADS
Z0FALOLV80,STORMLANDS-2
LZ40V484,DORNE-3
LZ89V009,NULL
LLO88L4,NORTH
LL4V4ZFAZ,#N/D
L4ZFA8VFAFA,STORMLANDS-1
LV9LO04LO0,#N/D
FA0Z0LO9LL,#N/D
L0LZZVLLO,STORMLANDS-2
FA04444Z0,#N/D
L9Z09VVL,CROWNLANDS
LVV89VV0,#N/D
L94LVV94,DORNE-3
L48V8Z8V,STORMLANDS-2
L9LZ4VL9,HOARE
L8L4L004,HOARE
L0LO4ZLOVV,STORMLANDS-1
LFALO8LLOFA4,HOARE
LLOZ40LO,HOARE
V0LO090L0,NORTH
FA0FA0LOV8L,#N/D
LO0Z84808,REACH
FA0LO9LO,HOARE
ZVLOFA0FA0LO,HOARE
FA009FAFAV4,DORNE-3
L908ZFA08,DORNE-3
LLOFA0FAZ04,STORMLANDS-2
FA0FA0FALLZ,#N/D
V0090LO0L,DORNE- 2
LZML4009,CROWNLANDS
LL00Z08V,STARKS
L00VLOV4V,RIVERLANDS-2
Z0LO8Z980,DORNE-3
L44ZM049,CROWNLANDS
LZ8Z4LFA4,CROWNLANDS
L94LV9FA9,STARKS
FA048090V,#N/D
LFAV4LO80LO,DORNE-1
L4ZZMZ40,IRONISLADS
LLO04Z0L0,NORTH
L8FAFA8V9LO,DORNE-1
FA0L0LO8L9,#N/D
L48LLZZL,STORMLANDS-1
L900FA0FAFA,NULL
FA0LZ0989,#N/D
L9V4L940,NULL
V9VLO09FA,HOARE
L9FAZ8V0LO,#N/D
L09ZML,DORNE-1
LZML0V80,NORTH
L8V0LFA0Z,NORTH
LVV08VLO9,STARKS
L8FA0V8LOZ,#N/D
8LO44,IRONISLADS
904VFA44,HOARE
Z0V89400,DORNE-3
LLO04FAFA04,STORMLANDS-1
VFA08ZM0,HOARE
V008V9LOFA,RIVERLANDS-2
L8Z8098L,DORNE-1
L9ZLOL00V,RIVERLANDS-1
Z0L0LO048,DORNE-3
L494ZLO0LO,DORNE-1
L0ZZMLZV,STORMLANDS-1
L8V90ZFALO,STORMLANDS-1
V9VZVFAV,IRONISLADS
LO0FAFAZ00V,NULL
LZZ89440,IRONISLADS
FA0ZLL800,#N/D
LZL0LO940,CROWNLANDS
L9LO90ZLO4,#N/D
LL9V0ZFA8,STORMLANDS-1
L8Z4LZ,NULL
900V84FA8,#N/D
FA0LVFALO80,#N/D
V0LOZFALO0FA,NORTH
Z04LO09FAL,DORNE-3
Z00FALV0FA,RIVERLANDS-1
V00Z9FA0,IRONISLADS
FA0408LZV,#N/D
L08LO0Z,STORMLANDS-2
8LLOL8ZL,HOARE
V08ZZL9Z,REACH
L0LZ0VVV,RIVERLANDS-2
ZZLO0LOL80,CROWNLANDS
Z0Z00L00,RIVERLANDS-2
Z0ZML9FAL,RIVERLANDS-2
FALOZ8444,HOARE
LZVV0LO94,DORNE-3
V00940LO9,#N/D
V00Z900V,RIVERLANDS-2
ZVLO48800,RIVERLANDS-2
Z00L988FA,STORMLANDS-2
V09LFA0LOFA,REACH
ZVLO84Z80,RIVERLANDS-2
LO04LOFA890,CROWNLANDS
L8440084,IRONISLADS
L848LLO80,#N/D
L4LLV9VZ,STORMLANDS-2
L44L8ZZZ,#N/D
LLOVLLOL0V,CROWNLANDS
LZ8FA0V9V,NORTH
880LO04LO,DORNE-1
LV8048FA8,CROWNLANDS
L8Z0L980,IRONISLADS
L94L0080,NORTH
L0400ZFAV,RIVERLANDS-1
80008LO00,STORMLANDS-1
L84FA894V,DORNE-3
ZZZ8FA0LO9,NORTH
L9L8FAVLZ,RIVERLANDS-2
LL09Z088,CROWNLANDS
L9LOFAZZLOFA,RIVERLANDS-1
LZ0VLOFA09,NORTH
Z08V9048,DORNE-3
L9VLVV00,DORNE-1
L0FA9ZVZ8,RIVERLANDS-2
LLO90L04L,RIVERLANDS-2
L9FAVFALL0,STORMLANDS-2
FA0484L0FA,#N/D
LZ9LO0ZL9,IRONISLADS
80LFALO000,NULL
LO0LZVLO98,CROWNLANDS
LO00LVFA90,CROWNLANDS
L9LOV49Z9,RIVERLANDS-2
V04FA940Z,STORMLANDS-2
L8LZ44Z8,STORMLANDS-1
LFA0LL4LOZ,RIVERLANDS-2
900808,#N/D
9VFA80ZV,DORNE-3
L9ZMV4L4,DORNE-3
LZZ4LOFALFA,DORNE-1
LO00VLVFAFA,NULL
LLO0FAZLO80,NORTH
LLO80LOL80,NULL
V00L09FAL,RIVERLANDS-2
LVLOZLO800,STORMLANDS-1
LO00LO980Z,CROWNLANDS
ZVZL9V04,NORTH
ZZV9FALLOFA,NORTH
LO0LOV0LO8L,#N/D
800VLOV8FA,STORMLANDS-1
LVVL008L,#N/D
8LZ498L,IRONISLADS
L0LO0ZZ,STORMLANDS-1
L8LO89490,STORMLANDS-1
L0090Z,NORTH
L4LFAFA089,DORNE-3
L408ZM04,NORTH
ZZFA48Z00,NULL
9000L8FA,HOARE
L0FA0ZV48,NULL
L840LO40FA,IRONISLADS
L0Z0Z00V,CROWNLANDS
LZZLFALFA0,HOARE
L89LO0FAFAL,NULL
V08L90L9,REACH
LZZ4ZFAZM,REACH
900FA980FA,#N/D
9090FAVZ,IRONISLADS
VL0VL0V,HOARE
FA0FAFAL040,#N/D
ZZ0ZV044,NORTH
LV08L4ZM,STORMLANDS-1
FA00ZFA08L,DORNE-3
LFAZZ0098,#N/D
ZVLO44FAV0,DORNE-1
L90Z4404,NORTH
FA00LOLL9FA,IRONISLADS
LO0LOL8LO4LO,AEGON
LLV089V4,STORMLANDS-1
8FA9FAL9LO,HOARE
LV0FAVZFA9,NORTH
LLZL0LOZ9,STORMLANDS-1
L80FA4900,IRONISLADS
L8Z48LO9L,DORNE-3
FA00FA8VLLO,#N/D
LO0LOV409Z,CROWNLANDS
L0L8FA0V4,NORTH
V84LOL,IRONISLADS
L0Z9LLO8LO,RIVERLANDS-1
LV8L0LO00,DORNE-1
Z0ZL0LO0V,RIVERLANDS-2
Z00LZLZLO,DORNE-3
800FA4ZMLO,STORMLANDS-1
L9ZZZZZ4,STORMLANDS-1
L8FAZ800V,IRONISLADS
90LZ04V0,#N/D
LV80LLO90,RIVERLANDS-2
Z00FA84VFA,RIVERLANDS-1
L804LLO8Z,HOARE
L44L0404,STORMLANDS-1
L0VLL09FA,IRONISLADS
LFA0FALZZ9,STORMLANDS-1
L4ZLO4FAFAL,RIVERLANDS-1
LZMFA8L,STORMLANDS-1
8FA8Z40,HOARE
LFALOV4ZLO4,#N/D
L8L40Z49,IRONISLADS
Z008VFA0L,DORNE-3
LLO0L0L40,DORNE-1
909FALOVLO,HOARE
L9ZL8404,STORMLANDS-2
ZVLOL9L0FA,RIVERLANDS-2
VLOFA440FA,HOARE
L9L090Z0,HOARE
9490L0V,DORNE-3
Z0L4098V,DORNE-3
LLO008ZZL,DORNE-3
L8ZVV0FALO,HOARE
L9LOZV4LO9,HOARE
9490L0V,DORNE-3
844LOZ00,HOARE
LLOFA0Z00LO,HOARE
LVLO988LL,STORMLANDS-2
Z44FA0FA,IRONISLADS
LZ9ZLO808,DORNE-3
L8898LO88,RIVERLANDS-1
V08890,CROWNLANDS
L900L090,RIVERLANDS-1
FA0FALOZ09V,#N/D
L00V0FAFA9,IRONISLADS
LLV00VZ0,STORMLANDS-1
L4V04V49,DORNE-1
Z00FAFA4LO9,DORNE-3
L9L044V8,NULL
V0Z8L44V,HOARE
LZVVLOV00,IRONISLADS
FA000LVZ0,IRONISLADS
LLOZ88FAL9,HOARE
LFA08FAZ4Z,RIVERLANDS-1
V080LO488,REACH
Z04FALO448,DORNE-3
LFALO8LLOFA4,HOARE
L98FA989LO,REACH
LZ0Z98VZ,CROWNLANDS
L8ZLV0VL,STORMLANDS-2
900FA0LV4,RIVERLANDS-1
LV400FAL4,RIVERLANDS-2
LVFA4L9VFA,NORTH
LZFALO0904,STARKS
48V0LZM,IRONISLADS
LV90LOL0Z,STORMLANDS-2
L9ZMV0,DORNE-3
L4FALO4048,STORMLANDS-1
LLO9LVFA0FA,#N/D
Z0Z0V40LO,DORNE-3
L8L48ZV0,STARKS
LVLOFAL0FAV,#N/D
FA0ZL9ZVL,#N/D
L840VZ00,STORMLANDS-2
80L90040,NULL
LFA8LOFA0LOL,HOARE
FA009Z498,DORNE-3
LFAV0ZLLOV,STORMLANDS-1
L8Z0ZFA8V,STORMLANDS-2
VLOL0488,HOARE
LLV49ZZ9,HOARE
L9LO00090,DORNE-1
88LOZVFA9,HOARE
L94FAV809,HOARE
FA009ZFA4LO,RIVERLANDS-1
Z0FAL88L0,RIVERLANDS-2
800900LZ,STORMLANDS-1
LZFAZVVL9,NULL
L09FA0Z,RIVERLANDS-2
9V08LFAFA,HOARE
L09VL0V0,IRONISLADS
8000LOZLOFA,STORMLANDS-1
LO0ZMFA00Z,REACH
L80Z8LL0,NULL
L909V9VZ,DORNE-3
Z00ZFAL00,DORNE-3
L9LLO0LLO4,NULL
LLO90080Z,REACH
V00LO0VFA,HOARE
LVVLLLOZV,REACH
ZZ08LOVLV,NORTH
LVL0FALOZ8,IRONISLADS
LV0LO0VFALO,IRONISLADS
FA0LO48FAV9,#N/D
V0V808,HOARE
LL49L40L,#N/D
900V80V4,#N/D
Z00Z9Z0LO,RIVERLANDS-2
L0ZMLOV04,RIVERLANDS-2
L90LO9048,DORNE-1
LLL0Z0LOV,DORNE-3
FA0LZ0804,#N/D
LV0LOVZFAFA,#N/D
LV9ZZ8V9,DORNE-3
LZ9LOLLFAL,#N/D
LZLOFA0880,RIVERLANDS-2
ZVZLZVZ0,DORNE-1
L0Z0ZFA48,#N/D
LV8ZFA0VL,RIVERLANDS-1
LLO080Z9Z,CROWNLANDS
FA009804Z,#N/D
L0LO4ZLOVV,STORMLANDS-1
ZZFA8Z0VFA,DORNE- 2
LLO0LO9Z04,NULL
L90L48LL,CROWNLANDS
L0ZFAFA90V,STORMLANDS-1
L80V984Z,NULL
LVFALO8FAVFA,IRONISLADS
V0ZV8VZ,HOARE
90FALOZ0V,IRONISLADS
L94FA8FA9FA,DORNE-1
L9VZ0VZV,STARKS
L84FA4LLO0,DORNE-3
FA0Z8LOL8Z,#N/D
FA0FAFA9FAZ0,#N/D
L84FAFA4,DORNE-1
84FA94ZZ,DORNE-1
L9FALO9FA00,IRONISLADS
Z09L908FA,STORMLANDS-2
L4984ZV0,#N/D
LV4FA84,DORNE-1
80L90L8,IRONISLADS
LLO4LO40FA8,#N/D
L40490VL,DORNE-1
LLO08FAVZ0,DORNE-1
LVV049VFA,DORNE-1
L94FA8FA9FA,DORNE-1
L8ZV9V49,DORNE-1
L9FA8ZFA0FA,STORMLANDS-1
LV904V0LO,#N/D
L8ZZ9LL9,IRONISLADS
LZLZLO80LO,NORTH
L9Z8FA48FA,HOARE
L8Z0V9VLO,NORTH
LLFA8ZVL4,DORNE-3
VLV0ZLFA,IRONISLADS
4LFA04L0,IRONISLADS
LZ40FA9ZL,CROWNLANDS
LV8LLLZM,RIVERLANDS-1
ZZLO4FAFA8V,STORMLANDS-2
800VLOV8FA,STORMLANDS-1
L9L9FALL4,STORMLANDS-1
L8048Z84,IRONISLADS
L9V9490L,STORMLANDS-1
FA088L489,#N/D
V00V98L0,STARKS
Z00ZM9L4,DORNE-3
90LFA88V9,#N/D
90LLZFA4Z,#N/D
LLFAZ9080,STORMLANDS-1
ZZVFAFAFA8FA,IRONISLADS
L0LO0V00FA,CROWNLANDS
LO0LOV0FA4Z,AEGON
L8LLOZL,RIVERLANDS-1
L98Z09Z0,DORNE- 2
ZZL0Z0LO4,NORTH
LV4Z0Z90,REACH
L9FAV0ZFA4,DORNE-1
LVLVZFALO9,STORMLANDS-1
FA00LO809L,#N/D
V0LFAZLO8L,DORNE-1
LL0LVLZLO,DORNE-1
FA0LL80L0,#N/D
L9V0FAFAZV,NULL
V0ZLV4V0,REACH
9ZFA09ZFA,DORNE-1
LFA0LO4LO8L,REACH
LV84VZ89,DORNE-1
90L48404,#N/D
FA0L000VL,#N/D
L9L9FALL4,STORMLANDS-1
V00940LO9,#N/D
V0404498,STORMLANDS-2
L040LO9LO8,DORNE-1
V00ZLO9FA4,DORNE-1
V000044LO,RIVERLANDS-2
84Z9V9L,IRONISLADS
ZZFAZL888,DORNE-1
Z08FA04VLO,RIVERLANDS-2
FA0000LO89,NULL
L8LOFA00LO9,STORMLANDS-2
LLO8FAZFAVFA,STORMLANDS-1
L9ZFA9LOZZ,RIVERLANDS-2
ZVZ98Z49,#N/D
L9ZVZM8LO,RIVERLANDS-2
LZMLZ4FA0,STARKS
VVFAFALV9,DORNE-1
L8440VLV,DORNE-3
LO0Z088V0,AEGON
LV9L094L,DORNE-3
LZ4Z0ZZLO,STARKS
ZZ4VLLO,IRONISLADS
LLOFAFA4V00,DORNE-3
L89LO0FAFAL,NULL
L908VLFA4,RIVERLANDS-1
L9FA4LO0L4,#N/D
LV04ZZ9FA,IRONISLADS
LLLLOZFA0Z,RIVERLANDS-1
LFA40V49L,IRONISLADS
L9LO040FAZ,RIVERLANDS-2
LV909VV4,RIVERLANDS-2
L0FALOZVFAFA,NORTH
L9V00V,DORNE-1
L4LO8LO48LO,HOARE
4L4L4,#N/D
LV498LOFALO,DORNE-3
LO0900V9LO,CROWNLANDS
L0009LOFA8,IRONISLADS
LZMLOL80LO,RIVERLANDS-1
FA0Z0LOLLOZ,#N/D
LLLO9L004,CROWNLANDS
L0Z0FALO4L,HOARE
8080FAZ4,DORNE-1
9LO90ZV8,HOARE
LLO9LZLOZ0,#N/D
L880ZLO09,RIVERLANDS-1
L0Z0FALO4L,HOARE
V9LOL8V8,HOARE
L40LOV8VV,DORNE-3
LV49LZVV,IRONISLADS
L9FAFA0FAFAV,DORNE-1
L9LOVFA04LO,STORMLANDS-2
FA008080V,RIVERLANDS-2
L90L0V89,STORMLANDS-1
LLO0094ZLO,REACH
LFALOV48FAL,STARKS
L0LO0ZM09,HOARE
L0LFA9Z49,RIVERLANDS-2
Z00LLLLOV,DORNE-3
LO04FAZV4LO,AEGON
849LL0FA,HOARE
LLOZ00FAVL,CROWNLANDS
L90LO4V40,HOARE
800LO980V,STORMLANDS-1
LVVL008L,#N/D
L9L40FALZ,DORNE-3
LO0LO0ZLOLLO,CROWNLANDS
LL90098FA,STORMLANDS-2
LLVFA0LOL0,RIVERLANDS-1
L94Z409Z,STORMLANDS-1
FA0VZ4LO0LO,#N/D
LV9FA4L8LO,HOARE
LV8FA0ZFALO,STORMLANDS-1
8040FA0V,HOARE
V4ZM0LFA,HOARE
L0LOFA4FA0LO,IRONISLADS
LO04LV9Z0,DORNE- 2
FA9FA0LOZ8,IRONISLADS
8FAV09FAFA,HOARE
LO04FAL0,DORNE- 2
V0ZLLZ,CROWNLANDS
L90L8FA0Z,IRONISLADS
L4LO08V,HOARE
L0LL9LO,HOARE
V0VZ0LVZ,STORMLANDS-2
LLO44ZFA40,DORNE-3
FA0FAV4L8V,#N/D
LV049ZL9,STORMLANDS-1
9Z0Z0Z0,IRONISLADS
L908FAFAVV,STORMLANDS-1
LFALO040Z9,DORNE-3
L08L0080,RIVERLANDS-1
V0ZLFAZ,REACH
L0V00L40,#N/D
L8FAFAFA0LFA,STORMLANDS-1
LV48L890,#N/D
L9Z0L8ZFA,IRONISLADS
ZLOFA9VFAZ0,IRONISLADS
L80LL800,CROWNLANDS
L844ZZ,STORMLANDS-1
LO0L0L0LL,CROWNLANDS
LVV9LOVV9,REACH
LO0ZFA888Z,AEGON
LFA4084V9,STORMLANDS-2
L0LL9LO,HOARE
800VLO4LO0,NULL
V0LLO89LO0,RIVERLANDS-2
LZ84V8LOL,NULL
LV9FAVZV9,REACH
FA008VZ0FA,#N/D
L4L0ZLL0,CROWNLANDS
FA0FA8489FA,#N/D
L90FA4084,STORMLANDS-1
FA04VV9V0,#N/D
ZVLOVFA494,NORTH
FA0LZ4V4L,#N/D
L880FA4L9,RIVERLANDS-2
FA000Z0V0,IRONISLADS
Z00FAVLO89,DORNE-3
Z04L8LVL,DORNE-3
L9ZL98L4,#N/D
LO04Z8094,CROWNLANDS
L980LOLL0,RIVERLANDS-2
L4V4L4LO0,CROWNLANDS
L009LFA,IRONISLADS
L444L00V,STORMLANDS-2
ZZ48LO48LO,NORTH
L9ZFAV088,#N/D
LFA48FA8FA8,STORMLANDS-2
LO0Z9ZM08,CROWNLANDS
L8LO90LO40,RIVERLANDS-1
L4988LVLO,IRONISLADS
LLLOFAZFA08,STORMLANDS-2
L9FAZML9Z,NORTH
9ZZZVLZ,DORNE-3
LZ8Z900V,DORNE-3
L8ZFAZ40V,REACH
L8VLO40LO0,STORMLANDS-2
L090VLO00,STORMLANDS-1
L9Z09LO40,RIVERLANDS-1
Z04040V4,RIVERLANDS-1
LLOZ4Z00LO,STARKS
L94V8LO04,NORTH
LFAL00L00,HOARE
LLO0V049V,IRONISLADS
FA00LL000,HOARE
L9400LO0FA,IRONISLADS
LO0ZMFA904,AEGON
V00LOZ944,STARKS
ZZ0V4090,NORTH
L9040V00,STORMLANDS-1
Z040ZV8L,RIVERLANDS-2
L9FAVFALL0,STORMLANDS-2
LLOV8ZZ00,DORNE-1
LO0LOL4LO0Z,#N/D
V04FA0ZMV,#N/D
LVZ4Z8LV,NORTH
L4L98V,DORNE-1
LO0LO00V9LO,CROWNLANDS
VLLL440,IRONISLADS
L8ZV9V49,DORNE-1
FA00L008LO,NORTH
LLOZFAZL9L,DORNE-1
LLO9LVFA0FA,#N/D
LFAL4ZLO,IRONISLADS
LLO9FAVZLO0,DORNE-1
L8L0L80LO,#N/D
L9ZV04V0,REACH
ZZ0ZLOFA0FA,NULL
LFAVZV9FA0,HOARE
FA00V4VL9,IRONISLADS
9L40404,HOARE
LV9FA0Z0LO,#N/D
FA0Z00Z98,#N/D
LZ0LO4V48,RIVERLANDS-1
ZZ804LVZ,NORTH
L9Z0FAFAFA0,#N/D
800VV408,STORMLANDS-1
V0L049V0,RIVERLANDS-2
FA0ZLOLLO0L,#N/D
L48LOVLFAFA,STORMLANDS-1
ZZ004L9V,STORMLANDS-2
FA0V000FALO,#N/D
FA0L09FAZL,#N/D
L4L0488L,STORMLANDS-1
LL00LLZ4,#N/D
LV84LZMLO,#N/D
L0Z9V0VZ,DORNE-1
L9L84LOFAZ,REACH
LLO4LVVZM,DORNE-3
L90ZFAFA44,NORTH
LLOV00ZM4,REACH
L9FAV00Z8,HOARE
L9FA40ZL0,IRONISLADS
L8900LOZ0,STORMLANDS-1
LFA9049LOV,STORMLANDS-2
L8L0V9VFA,DORNE-3
FA04L8LZFA,#N/D
L4ZVL944,NULL
L0ZLOLFALO0,RIVERLANDS-2
V0LO8V989,STORMLANDS-2
9V0FALO0V,RIVERLANDS-1
Z0ZFA8V0L,DORNE-3
L9FAFAFA909,DORNE-1
L9ZFA0ZFA0,STARKS
L9004098,#N/D
LVZ909V0,DORNE-1
V0FAV98FAL,STORMLANDS-2
LO00L9LOFAV,CROWNLANDS
LVLO9ZL48,HOARE
V0084V9L,NULL
LFAL0880LO,DORNE-1
84LO4VFA8,IRONISLADS
L88Z0LFAL,STORMLANDS-1
LL400889,DORNE-3
L94Z00FAV,RIVERLANDS-2
L49L90FAZ,IRONISLADS
LV9LZ944,STORMLANDS-1
L009004V,DORNE-1
LFALO440FA9,STORMLANDS-2
L0FALOLLOL0,NORTH
VFA0L9LFA,HOARE
9ZLZ9LFA,HOARE
FA00000ZL,RIVERLANDS-2
LZLZL0FAFA,HOARE
FA09FA0840,#N/D
L4LZ9898,STARKS
L0VV0440,IRONISLADS
800L8FA8,IRONISLADS
9Z0LO,IRONISLADS
890V0FAFA,DORNE-1
800LFA0V0,STORMLANDS-1
FA0FA98LO08,#N/D
L9LO40FALFA,STORMLANDS-1
90LO08VLO,IRONISLADS
80L4880FA,STORMLANDS-1
V0LFA944LO,RIVERLANDS-2
LLO98049LO,DORNE-1
80L49LO0Z,STARKS
L04LOVZLO4,IRONISLADS
L4LOZVL40,STORMLANDS-1
L9VVV08FA,REACH
FA048090V,#N/D
LVZM88VZ,DORNE-1
L9898LO88,DORNE-1
LLO00909V,DORNE-3
L9V00V,DORNE-1
80LLLFAZ9,STORMLANDS-1
L94Z088L,STARKS
L4ZL4009,RIVERLANDS-1
9000444V,#N/D
LZ4ZL800,NULL
LLOL0VZ4Z,IRONISLADS
LVFALO4940,AEGON
80LL04VLO,NULL
ZZ09L8FAL,RIVERLANDS-2
L890L880,#N/D
LLOVV0ZLZ,#N/D
LV89L40LO,#N/D
L8Z0L4VZ,HOARE
80FALO040,IRONISLADS
L0L0LFA08,DORNE-3
FA00ZLZZ9,STORMLANDS-1
V8Z0LZZ,#N/D
V00LO09LOFA,#N/D
L8409ZFA0,STORMLANDS-1
L8L0Z480,STORMLANDS-1
L880FA4L9,RIVERLANDS-2
LV90Z000,NORTH
LZ48900FA,HOARE
FA0LFAL9VFA,#N/D
LZ8FA9L,RIVERLANDS-1
LO0ZV8ZLOZ,NULL
LZLO40Z80,REACH
V0LOFALO4LO,IRONISLADS
L00FAZ90Z,STORMLANDS-2
L9VLLOZVV,DORNE-1
L98Z90ZV,NORTH
LFA08V880,STORMLANDS-1
L8LZ48FAFA,STORMLANDS-1
LVZV9040,RIVERLANDS-2
8004FAZ9V,NULL
FA0V04V00,#N/D
L49LO90LO4,DORNE-3
LLZL0LOZ9,STORMLANDS-1
LO9000L0,HOARE
9009VFA49,#N/D
LLO98049LO,DORNE-1
LV4Z04LFA,HOARE
ZZVFAFAFA8FA,IRONISLADS
LV9ZFAL48,DORNE-1
8004Z9LZ,STORMLANDS-1
L0LO0049Z,HOARE
VLOL8L90,DORNE-1
LL4FAV9FAV,STORMLANDS-2
LFA98LFA,NORTH
L8LOZ08LOL,RIVERLANDS-1
L8ZZFAFA9L,DORNE-1
LV404Z0L,STORMLANDS-2
V00FA4FALO4,RIVERLANDS-2
8FAZ8VLO9,IRONISLADS
ZVLOVFA4Z0,DORNE- 2
L4L88V0LO,DORNE-1
LVZM4980,#N/D
L900Z94V,NORTH
LL8ZZ9V9,STORMLANDS-1
ZLOFALO40LV,HOARE
V040LO9,CROWNLANDS
LZL48ZZL,REACH
L0004FAL9,STORMLANDS-1
L449ZFA44,DORNE-1
L88VLOVFA9,STORMLANDS-1
FA0L0L04Z,#N/D
L0Z80ZLV,STORMLANDS-1
LVLOFA8LO09,IRONISLADS
LZLO9Z89FA,HOARE
L4Z90L8LO,CROWNLANDS
LL0FA948V,STORMLANDS-1
LFALLFALV0,DORNE-1
L0LO90LOFAL,STORMLANDS-1
L8ZLOFAFAVLO,REACH
LZZLO98LLO,NULL
LLOFA8Z8L4,STORMLANDS-1
L0FA8Z9Z4,RIVERLANDS-1
LZ8808V9,HOARE
L40LZL00,DORNE-1
LZ0Z98VZ,CROWNLANDS
LFA808900,#N/D
90Z44Z0,IRONISLADS
LZ89ZMVV,IRONISLADS
ZZFA9VZLOFA,NORTH
LO0ZVL0Z0,REACH
L090L44LO,NORTH
LO0ZLOL900,RIVERLANDS-2
L80094,NULL
VLO0LO4,DORNE-1
LLO8098,IRONISLADS
LLZ49FAFAL,DORNE-1
800FA9448,NULL
ZZ8L4LOFA9,RIVERLANDS-2
L98LLFA40,REACH
L04FA00,DORNE-3
LZ0804LOZ,NORTH
L94900FAFA,STORMLANDS-1
LFA4LOL09L,HOARE
Z00L8LOFA8,STORMLANDS-2
LL0ZFALL9,IRONISLADS
V949094,DORNE-1
V0V94,DORNE-1
9V00FALOFA,DORNE-3
L80909Z9,DORNE-1
VVVFA0FAZ,HOARE
90044FA9Z,#N/D
LLOZVZFA89,DORNE-3
LLO88L4,NORTH
L0LZM9LO8,DORNE-1
FA0FAL00,#N/D
L8804FA0FA,#N/D
LVV9LOZZ0,DORNE-1
LV08V0Z0,IRONISLADS
V00Z9VV0,STORMLANDS-2
V0804448,REACH
LZ048LO9V,STORMLANDS-2
L009LFA,IRONISLADS
Z0FA408ZZ,RIVERLANDS-1
LFAFA8Z90L,DORNE-1
Z00ZLO004,RIVERLANDS-1
V000Z944,RIVERLANDS-2
LFA84Z484,RIVERLANDS-2
L00Z8800,STORMLANDS-1
L90ZLLOFAL,REACH
L8LO8FAZ88,NULL
LV9ZZ88LO,STORMLANDS-2
LV9FA0Z0LO,#N/D
LLOVLLO88L,STORMLANDS-2
LLO9008V0,STARKS
FA0Z08ZLOFA,#N/D
LFALZZFAZM,#N/D
Z0Z0LLO9LO,DORNE-3
9Z08VL4,DORNE-3
V0LOZL,DORNE-1
LV0VZM08,IRONISLADS
L844LLO98,IRONISLADS
ZZL984Z8,STORMLANDS-2
LO0ZLFA0Z0,AEGON
V00440FALO,RIVERLANDS-2
Z0Z94Z0Z,DORNE-3
LFALO48VV0,#N/D
LV90Z084,RIVERLANDS-2
900V48Z8,#N/D
LZ4ZZ9V8,HOARE
9FAFAZ040,IRONISLADS
9FA008FAFA,DORNE-1
V09LFA0LOFA,REACH
ZZ44V8L4,#N/D
8FA008V8,DORNE-1
90L09FA49,#N/D
FA00VZFA84,NORTH
V044FA9VL,STORMLANDS-2
LFAZ9Z84Z,STORMLANDS-1
Z00LO4LV0,RIVERLANDS-1
LVV049VFA,DORNE-1
LLOFALO0ZLO4,STORMLANDS-1
LFA09V09LO,IRONISLADS
9004LO4ZFA,#N/D
L8098040,STARKS
L44Z04ZV,REACH
L00L4FA89,DORNE-1
L9LO9Z9Z0,#N/D
FA0FA8FALO4L,#N/D
8440FA0V,HOARE
LO0LZ8ZLO0,NULL
LO0LOVLO00FA,#N/D
LFAFA89LZ0,DORNE-1
LO0ZL98VZ,REACH
L9L8LLO4LO,#N/D
ZVLOFA0V0LO,RIVERLANDS-2
LLOV980ZFA,STORMLANDS-1
L9V4FAFA0L,STORMLANDS-1
8LOLL400,HOARE
800LLVZ,HOARE
LO0LO4LOL08,AEGON
L90ZMLO90,RIVERLANDS-2
V0Z4L08FA,REACH
LL04V8,#N/D
L4LOZ4L0FA,STORMLANDS-1
L908008Z,DORNE-1
FA00ZFAFA88,IRONISLADS
L9FAVLL,#N/D
FA0ZV9ZL8,#N/D
LV0L4LO0LO,IRONISLADS
L9LOZ9FAZ4,CROWNLANDS
LVZV9040,RIVERLANDS-2
ZZ00FA80LO,NORTH
L88004FA8,DORNE-1
9ZZZVLZ,DORNE-3
LZ0VFAV04,HOARE
Z00VFA0,RIVERLANDS-1
LLO9498LOL,RIVERLANDS-2
V08ZZ848,REACH
FA04008L8,#N/D
V0LO800FA,DORNE-1
L84Z9Z9V,#N/D
L4L004,RIVERLANDS-1
LFA94988Z,STORMLANDS-1
L89LLOZL8,DORNE-1
LVV890LL,CROWNLANDS
LZ0LO980L,STORMLANDS-1
FA0098L04,NORTH
90084LOL0,#N/D
LLLOFAZFA08,STORMLANDS-2
LZVVFA0LLO,DORNE-1
Z0VLVL88,DORNE-3
LFAZLOZ09Z,STORMLANDS-1
L90LOVL90,DORNE-1
LLO44VZLOV,RIVERLANDS-2
LO0LOZ0LLOFA,AEGON
FA0FA0LFA8L,#N/D
L8FA80LO9FA,NORTH
LVZFA0LOZ0,STORMLANDS-1
L49L90FAZ,IRONISLADS
LO00LLOFA90,CROWNLANDS
LO0Z8LFA,DORNE- 2
L048940LO,STORMLANDS-1
LFALOLZZ0LO,NORTH
L80Z0004,RIVERLANDS-1
FA04LOL40Z,#N/D
LZ48L8LO0,STORMLANDS-1
Z040Z80Z,RIVERLANDS-1
ZZL8L44L,NORTH
FA0FA8VL0,HOARE
LLL98Z04,STARKS
L00FA9FAZV,STORMLANDS-1
L48ZL90V,NULL
LO04Z0LFA4,CROWNLANDS
Z09ZL0LO0,DORNE-3
FA0008044,STARKS
9L40404,HOARE
LV4LO4FA44,STORMLANDS-1
V004FAFA00,RIVERLANDS-2
80LFA9Z98,#N/D
FA000800LO,NULL
LZLLO008L,IRONISLADS
LFA0049VLO,HOARE
9ZLZ9LFA,HOARE
L9L04Z40,AEGON
LLOFAVZ90FA,IRONISLADS
80LFALFAFAV,#N/D
LLLLO40VZ,STORMLANDS-1
L00FAZMZ8,DORNE-1
L0FA0L000,IRONISLADS
LZZ00VVL,HOARE
LL08V900,CROWNLANDS
LZMLO0VZLO,NORTH
LZV49VVLO,HOARE
LO0LO4VLOFA8,AEGON
LVLZV4Z0,DORNE-1
LV80LLO90,RIVERLANDS-2
V00L0V80,CROWNLANDS
90LL980,#N/D
LLO9889LO4,STARKS
L98L0FA49,NULL
L90ZFA0,IRONISLADS
LZLOVVLOFAV,NORTH
LLFALOZ90L,STORMLANDS-1
8V0FA8LO4,IRONISLADS
ZFAZ49LV,HOARE
L40LOLVVZ,STORMLANDS-1
L8LLVL4FA,STORMLANDS-1
LO0ZLOV0,RIVERLANDS-2
L8490Z0LO,DORNE-3
LFAVFA4LV4,IRONISLADS
V08Z0Z8Z,REACH
80LZM90Z,STORMLANDS-1
LLOFA0ZLLL,HOARE
ZZZZ09LOV,IRONISLADS
ZZLL00VZ,NULL
L9LO0LO09LO,HOARE
FA000FAFAZLO,#N/D
94LO9090,HOARE
L8FAV9LZV,DORNE-1
V088ZVFAV,DORNE-1
LZ00Z08LO,DORNE-1
L9Z8FA48FA,HOARE
LFAZLL0FAFA,NORTH
V0909V9FA,REACH
LO0LO0V844,CROWNLANDS
9094LOL8,IRONISLADS
L0LOV8VFA4,STARKS
8000VFAFAV,STORMLANDS-1
LO0Z80LO,REACH
FA008ZL4LO,#N/D
LLL0VZFAZ,HOARE
LFAZL8040,STORMLANDS-1
84LZZFA8,DORNE-1
Z000FA0FA4,RIVERLANDS-2
FA0LZ08ZFA,#N/D
Z08V9048,DORNE-3
L88LFAV,IRONISLADS
LLO884FA88,DORNE-3
LZ8LO08LV,DORNE-1
LFAVZ0V8FA,DORNE-3
L0LO0LO948,HOARE
FA00Z0VLOV,STORMLANDS-1
L0Z08LVZ,HOARE
LFA0LO490V,IRONISLADS
80L00ZLO0,STORMLANDS-1
L890ZM9V,#N/D
L908ZFA08,DORNE-3
L8LLO8FA8FA,DORNE-3
LZFALLOFALO4,STORMLANDS-1
LV848ZVLO,#N/D
LZVFA00ZLO,STARKS
LVZ0VLO,DORNE-1
L0ZL0FA90,DORNE-1
L00LO,NORTH
900VVLOLV,#N/D
V0L4LFAFALO,RIVERLANDS-2
LLO8L9VZV,STARKS
VL44840,HOARE
L900V0ZV,REACH
LLOZZL0FAZ,NULL
8ZMFA0LO4,IRONISLADS
L980Z8LO4,RIVERLANDS-2
ZZZFA4L4V,NULL
LO00LOFAL04,CROWNLANDS
ZFAZ49LV,HOARE
LLO949LO94,DORNE-3
LLZLO0V48,RIVERLANDS-1
L88909LO0,REACH
LVFA000FAFA,NORTH
L8FA8FA4VL,REACH
LO00044FAV,CROWNLANDS
LO00FALLO8L,CROWNLANDS
L8L8VV,HOARE
L88FA00LZ,NORTH
LZ94VFAFA9,#N/D
9FA0FALLV,DORNE-1
L0LO4LO0,#N/D
LZML0V80,NORTH
L00Z9ZLO0,STORMLANDS-2
L84L008Z,STORMLANDS-1
FA000LVZ0,IRONISLADS
L9FA9FAFA,IRONISLADS
VLFA00V9,DORNE-1
LZFA9FA9,STORMLANDS-2
900FA80LL,#N/D
L0LO008,STARKS
Z00VZ84FA,#N/D
L80LZ0Z0,NULL
L84LO0ZLOZ,HOARE
LLOV0ZLOZ9,#N/D
L804404L,HOARE
FA0004ZZ4,DORNE-3
L8ZV0LO08,#N/D
L0LL00LO0,HOARE
V0000LO00,DORNE- 2
V0FA8LO9V0,STORMLANDS-2
Z00080ZFA,RIVERLANDS-2
V0FA8LO9V0,STORMLANDS-2
L890FAL0L,RIVERLANDS-1
LLOFAZ4LZ9,REACH
9000LVFAL,#N/D
9009090Z,#N/D
V08V00FA0,REACH
L40LLZZZ,NORTH
L8V9004V,HOARE
L0L004FAL,STORMLANDS-1
L9ZZVZLO0,DORNE-1
L90480LLO,#N/D
LZ0ZL49L,REACH
LVLO08948,DORNE-3
L4FA0Z0LZ,DORNE-1
FA00VLO88FA,IRONISLADS
L840LO90V,STORMLANDS-1
LLO0FA8Z40,HOARE
LLO940090,HOARE
L8FA84ZLOFA,STORMLANDS-2
9404VV8,IRONISLADS
FA009FAFAV4,DORNE-3
L98FA4FA0FA,DORNE-1
LV0080LL,NULL
L8L0Z890,NORTH
LZFAZLO09V,REACH
L94ZVLOV4,HOARE
LZZLO98LLO,NULL
888LO000,DORNE-1
LFALOLFAFA40,IRONISLADS
L40LO40Z0,STARKS
FA0449VZL,#N/D
LO0Z4LOV8LO,DORNE- 2
L40LO40Z0,STARKS
LLZLO0400,IRONISLADS
888LO000,DORNE-1
FA004LO8LOZ,STORMLANDS-2
Z0Z98LO0LO,RIVERLANDS-2
LFAZL8040,STORMLANDS-1
FA00ZLO00L,NORTH
L8FA909Z0,HOARE
LLZ04L8V,DORNE-1
V04Z0ZZFA,STORMLANDS-2
LVZ0ZV0Z,STORMLANDS-1
LLO9FAVL80,DORNE-1
LO04L48VLO,#N/D
L48V04V8,STARKS
LFA88FAV9LO,IRONISLADS
LO0LO084,CROWNLANDS
Z040409LO,RIVERLANDS-1
V0004044,DORNE-1
L0L8090Z,STORMLANDS-1
L0ZLLV94,NORTH
L9ZFA0Z4V,RIVERLANDS-2
L80V8880,CROWNLANDS
LZ8LZ9Z0,NORTH
L0LVFA0FA4,RIVERLANDS-1
LFALO48VV0,#N/D
L80LOZ04Z,STORMLANDS-1
L9FAVZ4FA4,IRONISLADS
Z080ZZFA8,RIVERLANDS-2
L8LO4FA008,RIVERLANDS-1
L800ZM4L,NORTH
FA0409LO4V,#N/D
L90800Z8,CROWNLANDS
L0V040,STORMLANDS-1
LVV08VLO9,STARKS
V0LZV8VL,RIVERLANDS-2
LFA08FAZ4Z,RIVERLANDS-1
LVVFALO90Z,NULL
LV984L48,NORTH
VLO0FA8L0,HOARE
V0ZZVVLL,DORNE-1
L0LOFA0Z8Z,#N/D
L0LO0LO948,HOARE
L4LL9Z08,NORTH
LO04LOZLO09,CROWNLANDS
FA0LO0ZL4Z,#N/D
FA0FAL8ZM0,#N/D
V0Z4FAZLFA,REACH
L8VL00V0,STORMLANDS-2
90094880,RIVERLANDS-1
L000LOVVFA,NORTH
LLOL0VFA89,IRONISLADS
VLO498V0,HOARE
L800LO9Z0,CROWNLANDS
L4L0488L,STORMLANDS-1
98094LOL,RIVERLANDS-1
L0Z80LO04,RIVERLANDS-1
L890L0L9,RIVERLANDS-1
L0LZ4940,STORMLANDS-1
L8LOFALFA00,DORNE-1
8LL09FA4,IRONISLADS
FA044088L,#N/D
FA0ZV8FALO9,#N/D
888ZVL0,HOARE
ZZV90V84,STORMLANDS-2
ZZFA8ZLO,HOARE
LL00Z94Z,STORMLANDS-1
L00VZZMLO,IRONISLADS
90094880,RIVERLANDS-1
L8VZ0LZFA,STORMLANDS-1
Z0FAZV9FA4,DORNE-3
8Z9LO0V9,HOARE
V8LO0LOL9,HOARE
L80Z9480,NULL
LZ8V400LO,RIVERLANDS-1
L84LO9VZ4,DORNE-1
89Z0ZFAZ,IRONISLADS
L9LO08V0Z,STORMLANDS-1
L9LZV08L,DORNE-3
LVFA48Z00,HOARE
LO808LO,IRONISLADS
L0ZMZ9FA9,HOARE
LO0L4FAZ,NULL
L9VV9LO08,DORNE-1
L9480LO44,RIVERLANDS-2
L9FAZLO880,STORMLANDS-1
VLOFALOFA0LO,IRONISLADS
FA0FAVLOZFAL,#N/D
FA0LL0LLO4,#N/D
LLO90080Z,REACH
L94Z0LL9,IRONISLADS
80L888FA,IRONISLADS
L8FA404,RIVERLANDS-2
800V0L0Z,STORMLANDS-1
L000LOVVFA,NORTH
LL9V0ZFA8,STORMLANDS-1
8V9FAL08,DORNE-1
V04V0LOFA8,REACH
LFA8LLVLLO,NORTH
LVL490FA8,STORMLANDS-1
V0V490L9,STORMLANDS-2
L00LO09ZZ,DORNE-1
L9ZM90LO0,HOARE
L0Z890LOL,HOARE
L84L4LO04,HOARE
V00LO0LZLO,RIVERLANDS-2
L89LLOZL8,DORNE-1
LO0Z984V8,CROWNLANDS
LV40ZMLO0,CROWNLANDS
L90LOZ040,#N/D
LV0000FA9,STORMLANDS-1
8V9LO049,DORNE-1
L8894VLO9,CROWNLANDS
LV0FAVFAZFA,DORNE-3
L9LV0L49,RIVERLANDS-2
L0ZLLV94,NORTH
L988000FA,HOARE
80L0FA0LO4,NULL
L84LZL8L,DORNE-1
LLO8LV8VLO,REACH
L94900FAFA,STORMLANDS-1
L00Z080V,NORTH
LFAV000L0,HOARE
L9FA44LOLLO,RIVERLANDS-2
V0LFA9Z00,DORNE-1
LZ098VVZ,IRONISLADS
L8V0ZVV4,NORTH
LVV00Z98,STORMLANDS-1
L9LLOFA8LO9,STORMLANDS-1
L90490L9,RIVERLANDS-2
Z00FALO404,RIVERLANDS-2
80804ZFA,IRONISLADS
Z0884Z04,DORNE-3
LVVFA800Z,IRONISLADS
LZFA80489,REACH
Z08LO894Z,DORNE-3
V0L08L8L,RIVERLANDS-2
Z008Z008,DORNE-3
L0Z0ZLL4,IRONISLADS
L400ZLLFA,REACH
LV89Z8Z4,STARKS
L0LOLLZML,HOARE
Z00LV4,RIVERLANDS-1
LL40Z800,STORMLANDS-1
FA00ZLFAV8,#N/D
LV0V44V9,RIVERLANDS-2
ZZZFA4L4V,NULL
LFA4449VV,IRONISLADS
LO0894LO80,CROWNLANDS
LLOZ89Z08,DORNE-1
8000080LO,STARKS
LV4Z04LFA,HOARE
L49FA4LO48,REACH
LFAL4L804,CROWNLANDS
LLO4LFALO4FA,DORNE-1
LLOFAFA0ZFAV,STORMLANDS-1
LLOV9L4LLO,IRONISLADS
9009VFA49,#N/D
FA0FAV9ZZLO,#N/D
LLZZM0,RIVERLANDS-2
Z00Z940Z,RIVERLANDS-1
FA0LOL049V,#N/D
L00LO8LO0V,DORNE-3
Z00FAV0L9,RIVERLANDS-1
L0VL04LO8,HOARE
FA04049FA0,#N/D
L840VZ00,STORMLANDS-2
L9V0FALFA0,RIVERLANDS-1
LZM8LV0L,IRONISLADS
L9ZLVVVLO,REACH
900V0LOL0,#N/D
L4089VVLO,STORMLANDS-2
L8L0LZFAFA,DORNE-1
LV0449,DORNE-1
LO0LZ8ZLO0,NULL
VFA0FAFAZ4,HOARE
VLL08LO4,IRONISLADS
LZ0V9LO0V,NULL
9V4LFA,RIVERLANDS-1
980Z4V4,RIVERLANDS-1
FA004ZV0V,#N/D
VLOLZ0FALO,HOARE
LVZMZLOLZ,STORMLANDS-1
V00844L8,STARKS
LZZVZL,RIVERLANDS-2
ZZZ04L40,NORTH
Z04VLOZFAZ,RIVERLANDS-1
LO0Z4LVFA4,AEGON
Z009FA400,RIVERLANDS-1
FA00LOL09Z,DORNE- 2
LV8LOZ4LLO,STORMLANDS-1
900Z89FAFA,#N/D
LZ4FAV904,HOARE
LFALO94LO90,STORMLANDS-1
FA0FA489Z0,#N/D
LZLO0FAL4L,STORMLANDS-2
LZ90489LO,STORMLANDS-1
V009Z8VL,DORNE- 2
LVFAZ8Z00,DORNE- 2
9V0FALO0V,RIVERLANDS-1
LLOZ90L4FA,REACH
FA0040FALO8,DORNE-3
L9LOVL88V,DORNE-1
LZV9LOFA8LO,NULL
LO0L4FA0FA8,NULL
Z0ZV0L0LO,DORNE-3
LO09FA8LOL0,CROWNLANDS
LZ9LLLFA0,#N/D
LLOL0FA4LL,REACH
FA0080FAFA0,#N/D
L8VFAZ980,CROWNLANDS
90LFALOZV0,#N/D
L904VL0L,RIVERLANDS-2
L000FALO80,IRONISLADS
8FAZ88FAZ,IRONISLADS
L408049V,DORNE-1
LLOLFAZ48Z,NORTH
V00080FA9,#N/D
L0V908LOFA,IRONISLADS
L89LOV004,DORNE-3
L08894LZ,STORMLANDS-1
LZLO04FA90,IRONISLADS
VFA00ZV9,HOARE
L9LO0880LO,RIVERLANDS-2
Z09098LV,DORNE-3
V04FAV900,STORMLANDS-2
L844LO4Z0,RIVERLANDS-1
LV44VFALO0,RIVERLANDS-2
80LZ4LOFA0,STARKS
L8LOV9ZVLO,RIVERLANDS-2
L408LO0ZV,DORNE-3
V008L0,NULL
L8Z08000,STORMLANDS-1
LLLO4LLLFA,RIVERLANDS-1
L08V9Z84,NULL
L0LFAFAFA4LO,HOARE
8L0009V,HOARE
L4ZFAL8LO4,STORMLANDS-1
L88LO0FA9L,NULL
LLFA9ZM00,STORMLANDS-1
LFALL90VV,RIVERLANDS-1
L8LV098Z,STORMLANDS-1
800LO400LO,STORMLANDS-1
L0FAFA0V49,RIVERLANDS-1
FA0FALOV904,#N/D
LFALFAL8FA4,#N/D
80L0FA0LO4,NULL
LZLO80VLO0,#N/D
FA008VV8Z,DORNE-1
LLOL0VVLLO,REACH
LFAV00V4L,DORNE-1
L9FAL0L04,STORMLANDS-2
LLOVVFA8,STORMLANDS-1
L94V40LO0,DORNE-3
LVZ9L808,RIVERLANDS-2
L800L804,CROWNLANDS
FA000LFA0V,STARKS
V00L09FAL,RIVERLANDS-2
V09LO9LZFA,STORMLANDS-2
L08848,DORNE-1
LVLOL0VLOFA,CROWNLANDS
LLOL0FAFA8L,HOARE
LFAZZ9LZM,IRONISLADS
800V0L0Z,STORMLANDS-1
L40ZVLO9Z,CROWNLANDS
FA0LLLO04V,#N/D
4400940,IRONISLADS
LLZ904,STORMLANDS-1
L900Z088,CROWNLANDS
ZLOFA9VFAZ0,IRONISLADS
L4009ZM0,STORMLANDS-1
Z0V00Z0V,DORNE-3
V0LLO9VLFA,DORNE-1
LL0LLOL9Z,STORMLANDS-2
FA0FA0FALLZ,#N/D
FA00FA90LL,DORNE- 2
80LZMZZM,NULL
V0089V9L,RIVERLANDS-2
LLO00LO00L,RIVERLANDS-2
L0090Z,NORTH
LLOZ00LO0L,#N/D
LFAVZZ048,DORNE-1
LL00Z08V,STARKS
L494VLV0,DORNE-1
V0V9LOZVL,NORTH
L9V4L0VV,IRONISLADS
L8LL00LO8,#N/D
LZ8FA090LO,STORMLANDS-1
Z0LV0L90,RIVERLANDS-1
909LOZ08,IRONISLADS
LLOZ0FA00LO,STORMLANDS-2
LV084VLV,REACH
LV0098LO9,HOARE
LZ4LO0LOV8,DORNE-3
L8ZV9V49,DORNE-1
900VLZ0LO,#N/D
LO09FA0VZFA,CROWNLANDS
L90ZLLOFAL,REACH
FA00004LZ,REACH
L9FA8FA808,#N/D
8FAZ94FALO,DORNE-1
80LFAV80LO,NULL
L9LV9LO40,NORTH
90LL40V8,#N/D
LLLLO40VZ,STORMLANDS-1
L848ZM,STORMLANDS-2
FA00ZV098,RIVERLANDS-2
L9FA44LOLLO,RIVERLANDS-2
90080FA84,#N/D
V0ZLOFAZ00,DORNE-1
ZZFAZL888,DORNE-1
LVV09FA88,HOARE
L90FA044FA,DORNE-1
LZML9L4LO,NULL
LZ0FALLOZZ,IRONISLADS
LLOFALOFA9FALO,NORTH
L0Z9LLOV8,HOARE
800040LL,STORMLANDS-1
LLOZ90L4FA,REACH
LZZMZZ84,IRONISLADS
LLO4FA844L,IRONISLADS
FA00V000V,IRONISLADS
L9489489,REACH
LZZ4LOFALFA,DORNE-1
LLOFAFA4V00,DORNE-3
FA04LO94L9,#N/D
LLZVFAZZM,NORTH
L8FAFALO9FA8,HOARE
LO0L00LO0Z,NULL
LO0ZZV890,RIVERLANDS-2
L0FAL04Z8,STORMLANDS-1
ZZ4Z8LO80,NORTH
L90LO008LO,RIVERLANDS-2
FA000L408,DORNE-3
LLOFAVLOZ84,DORNE-3
L8LO8V4LOL,RIVERLANDS-2
LV049FA49,DORNE-3
L08LO0Z,STORMLANDS-2
Z08VFAFALFA,DORNE-3
L84LO0800,AEGON
LO9000L0,HOARE
LL9VL9LO4,STORMLANDS-1
ZZZV00ZL,NORTH
LVZ909V0,DORNE-1
L94VL09V,STARKS
LO04LOVZ0V,CROWNLANDS
80LFAV80LO,NULL
LO9000L0,HOARE
FA0LZ0FA8LO,#N/D
LO00VL0FA0,CROWNLANDS
ZZ4FA4ZLOFA,DORNE- 2
V00FA44LL,RIVERLANDS-2
L0V908LOFA,IRONISLADS
LFA98LFA,NORTH
80LZFAZ8V,STARKS
900L9LO8V,#N/D
LLO0L0VZFA,STORMLANDS-1
LL4FAV9FAV,STORMLANDS-2
LV9LO0V,HOARE
L04ZMFA00,STORMLANDS-1
L8944VZLO,DORNE-1
LLZ8Z09FA,STORMLANDS-1
LL00V0Z0,#N/D
L9V04FA40,#N/D
V00LLOZZLO,NORTH
LZLO0ZM98,DORNE-1
LZV0FAZFAFA,#N/D
L90VLO9V4,DORNE-3
L9LOLLO0VZ,NORTH
L0LOL00V8,STORMLANDS-1
LLOZZFAZLOV,RIVERLANDS-1
LO0Z4LLO,DORNE-1
L484LZ8V,NULL
L0000FAZV,RIVERLANDS-1
80Z8L9LO,DORNE-1
L8L4V90FA,NORTH
L88004FA8,DORNE-1
L8040044,STORMLANDS-1
V0009V00,NORTH
FA0LZM9LZ,#N/D
80L0L0VLO,NULL
Z00FA0LO98,RIVERLANDS-2
L4LLLZ80,DORNE-1
Z0LO4VFAL8,RIVERLANDS-1
LO00FA0LO09,CROWNLANDS
LV9LOLLLL,#N/D
LV8088LO4,HOARE
L80V0LO0Z,HOARE
LLOZFA00FA9,NULL
LV00009Z,STORMLANDS-2
V00LOFAZ0LO,STARKS
L9LLOLZFA8,STORMLANDS-2
Z00LOFALLOZ,RIVERLANDS-1
LZL8409V,STORMLANDS-1
Z00ZM9L4,DORNE-3
LO040LZ0V,CROWNLANDS
L0948Z88,DORNE-3
ZZVFA9ZFA9,NULL
LO0FAFAZ4LO9,NULL
L8000LOZV,#N/D
9LOV8FA,RIVERLANDS-1
800VLZLO0,NULL
L840LL90,DORNE-3
L0LOV0LL9,DORNE-1
L9008LZV,NULL
L0VZ0Z8Z,RIVERLANDS-2
LZFAV48LO9,DORNE-3
LV4FAFAV,CROWNLANDS
LV04LZML,STORMLANDS-2
LVVVLVFAFA,REACH
LLO0FALO9,CROWNLANDS
LO0LO40FA0V,DORNE- 2
LVLOFA4Z89,HOARE
LVZ0FA80L,STORMLANDS-2
L8Z9V9Z9,#N/D
LVZ0FALLOV,IRONISLADS
FA04089FAV,#N/D
LLO8909V9,#N/D
L9LVZFAZ4,#N/D
LFAZFA0890,IRONISLADS
LFAZ90FAVLO,DORNE-1
LZ0880,IRONISLADS
LV890FAZ0,RIVERLANDS-1
LZ44LLOFA0,STORMLANDS-1
ZL4V80,IRONISLADS
L894FALO,DORNE-1
89VLO9FAZ,HOARE
VLZFA00LO,IRONISLADS
ZZZ44VZFA,STORMLANDS-2
L80LOVFA0Z,IRONISLADS
Z0V800LO8,RIVERLANDS-2
LO0Z0LOFA04,AEGON
L40VV0FA0,DORNE-1
FA0FA8V0FAV,#N/D
L98V9ZV0,RIVERLANDS-2
FA0L9Z9FAZ,#N/D
FA00V00L4,REACH
900400FAZ,#N/D
L0004Z09,RIVERLANDS-2
LLOFALOFA9FALO,NORTH
LFA49ZM00,DORNE-3
80L0LFA80,STORMLANDS-1
L8LL4FAFAL,NULL
LV0LZ0FAFA,STORMLANDS-1
LO0Z40LOL4,AEGON
Z0FALO09Z0,DORNE-3
V00LL9Z8,NORTH
L0Z9LLOV8,HOARE
L44488V8,DORNE-1
L09LO0FALV,STORMLANDS-1
L404FA040,STORMLANDS-2
LFAL9ZZLV,STORMLANDS-1
8404FA4L,IRONISLADS
ZZV84L89,NORTH
FA0094LO40,REACH
L0LOLZM9L,HOARE
LZ404900,IRONISLADS
LO0LOLLOZZ0,#N/D
V0LFA0LL9,#N/D
L8440VLV,DORNE-3
LZFAV48LO9,DORNE-3
VVFA0FALOL,HOARE
LV40040LO,#N/D
L8FALOFA088,AEGON
LFALO9LO80LO,DORNE-1
V00Z8ZZ4,RIVERLANDS-2
L4089VVLO,STORMLANDS-2
LO0ZL8Z88,DORNE- 2
V009VZ8,HOARE
L89009LOL,REACH
LVFAFA8Z00,#N/D
LZ0LOLLO9Z,NORTH
FA0400980,#N/D
L9000FAL9,#N/D
9LOZ0FA08,HOARE
LO0LOVVLLOZ,REACH
900FAFAFALOZ,#N/D
L8LFAFA0Z0,#N/D
L980VVL4,STORMLANDS-2
L4ZFAL8LO4,STORMLANDS-1
L8040444,STORMLANDS-2
LO0Z00LFA9,AEGON
L4V008LOFA,RIVERLANDS-1
L8LOZ9LOL0,DORNE-1
80LFALFAFAV,#N/D
LV48FA009,HOARE
V000L049,#N/D
LLOVZVLOLLO,STORMLANDS-1
9080409,DORNE-1
L49LOL9VV,REACH
ZZVLOFA480,NORTH
V0VZVVVFA,STORMLANDS-2
LZM8LO0LOZ,RIVERLANDS-2
L90L8FAZ4,CROWNLANDS
L0FAZZ0LO9,DORNE-1
L94LLOL0FA,NORTH
L000V0FAL,NORTH
Z0048FALO0,RIVERLANDS-2
L4Z08FA9Z,STARKS
LLOZ4098FA,REACH
L48L4090,DORNE-3
LZ0FAFA8ZZ,IRONISLADS
L9FA00VLOV,#N/D
LVV40LO48,NORTH
V09L09FAV,REACH
LLO0980Z0,STORMLANDS-1
L49FA4908,STORMLANDS-1
L090800LO,#N/D
L40FAFAZ0Z,NORTH
L44Z04ZV,REACH
ZZ44L8L8,NORTH
L0LV9LLO0,#N/D
Z009LV49,RIVERLANDS-2
L080L400,STORMLANDS-1
Z0809V4LO,RIVERLANDS-1
L09FA0LOZFA,HOARE
L8ZZLO004,HOARE
LV900LOLZ,#N/D
V00080FA9,#N/D
L8ZLO8LZ8,NORTH
L90LOLLO,CROWNLANDS
L88LO08FAZ,DORNE-1
L9ZZ00VZ,RIVERLANDS-1
L80Z9VLO4,#N/D
Z0FA40FALOL,RIVERLANDS-1
LLOVZVLOLLO,STORMLANDS-1
LL0LLOL9Z,STORMLANDS-2
LFALO94LO90,STORMLANDS-1
LZ0VFAV04,HOARE
LZLO9Z89FA,HOARE
988L80,IRONISLADS
Z04LOZVL8,RIVERLANDS-1
V08LOVL9FA,REACH
LZ80LLOZZ,STARKS
V00LOZ944,STARKS
L00VFA9FAFA,DORNE-3
LVFAZ8FA4L,NULL
ZZL08LLFA,RIVERLANDS-2
Z009ZLO04,RIVERLANDS-1
LVV0049Z,DORNE-3
L4LOZVL40,STORMLANDS-1
LL90ZV,RIVERLANDS-2
L94LOFA900,DORNE- 2
LLO8LO08V9,STORMLANDS-2
LO0Z4LOV8LO,DORNE- 2
V04V9FALO,IRONISLADS
LLZ04L8V,DORNE-1
LLO8L80LLO,#N/D
LL08LZFALO,STORMLANDS-1
LZFA090LO0,DORNE-3
LLL0FA0,DORNE-3
L089FAZ4Z,STORMLANDS-1
V00900FAV,STORMLANDS-2
L4Z0FALO0V,#N/D
LFA00VFALO8,DORNE-1
VFAFA0980,HOARE
Z0VZ80Z9,DORNE-3
L9ZZ8LO4FA,RIVERLANDS-2
Z0FA0040V,DORNE-3
LVLOZ8FA4L,IRONISLADS
L9V049LFA,CROWNLANDS
FA00Z0494,#N/D
900V4LOVL,#N/D
VL0VL0V,HOARE
LLO8Z0L0LO,IRONISLADS
V0LLOZLOFA4,RIVERLANDS-2
L480Z9FA0,HOARE
LV00LZMLO,HOARE
LLO9LOVLO9Z,HOARE
L88ZMV04,DORNE-3
LZ0804LOZ,NORTH
FA0VFAZ0L0,#N/D
VL9FA044,HOARE
FA00FALOZ90,#N/D
V0Z0440Z,REACH
LFAZFAZLLV,DORNE-3
L0V898,DORNE-1
L0LO8Z904,HOARE
V00940LO9,#N/D
LVL900LO8,DORNE-1
800VL498,NULL
L980VVL4,STORMLANDS-2
LFA48ZFA8FA,HOARE
LLOFAL4Z9V,NORTH
800LLO0V4,STARKS
L0FA0LFAZLO,DORNE-3
94ZFA0LO,DORNE-1
L408L4V4,STORMLANDS-1
LO00L4L,CROWNLANDS
L9Z04008,NORTH
LL9LO88Z0,HOARE
LO0LVLLOZ9,NULL
90LLO0LOZ8,#N/D
ZZL984Z8,STORMLANDS-2
L0LOFA900FA,RIVERLANDS-1
LVLO84L,HOARE
L98Z04L0,REACH
LVZ98FAFALO,STORMLANDS-2
L8LO4V8LFA,REACH
809FAL8,IRONISLADS
LVLL0ZFA9,IRONISLADS
LV9FA9000,NULL
84009LO9,DORNE-1
LV90VV0V,DORNE-1
LO0Z4LVFA4,AEGON
L9LOV0L08,REACH
L84Z0LLFA,IRONISLADS
LV8088LO4,HOARE
9Z4VVFAFA,HOARE
LFA400888,HOARE
890LV,HOARE
LLFAZ8L0Z,NULL
V0009ZZLO,CROWNLANDS
4FA4LFA,RIVERLANDS-2
L48LLZZL,STORMLANDS-1
L0LOVVL00,IRONISLADS
V08Z0088,REACH
LLO9FAVLO04,HOARE
LVFALO8ZLOZ,STORMLANDS-1
L900FALO89,DORNE-3
L49V04L4,HOARE
LL0Z808LO,#N/D
8LOL4409,IRONISLADS
LFA88FAV9LO,IRONISLADS
Z0V4V04Z,DORNE-3
LFA08FAZ4Z,RIVERLANDS-1
FA0L8FALO8FA,#N/D
L4FA0L094,STORMLANDS-1
LLO08L4FAFA,STARKS
FA0L8FALO8FA,#N/D
L0LVFAVL0,DORNE-3
Z009FAZ0L,STORMLANDS-2
LVLOZ8FALOFA,NORTH
L0Z90FAVLO,HOARE
FA00L049Z,HOARE
FA00Z0089,NORTH
L800Z8LZ,HOARE
L8080V88,NORTH
L0LOVFA008,IRONISLADS
Z0FA0LOL0Z,DORNE-3
LVL0FALOZ8,IRONISLADS
L0FAZ80ZFA,STORMLANDS-1
LLO0LFALO0FA,DORNE-1
L88LO4LFA8,STORMLANDS-2
L4ZV9090,RIVERLANDS-2
L0FAL0LO0Z,RIVERLANDS-2
V4V84FAZ,DORNE-1
84V0LLLO,IRONISLADS
L090ZFAZ4,NORTH
V0LZ000LO,RIVERLANDS-2
L9Z009FA0,STARKS
V8LLOLLO9,DORNE-1
FA0VV49LO0,#N/D
V0LL00ZFA,DORNE-1
L88VL0LOV,NORTH
LZLOZ80Z9,RIVERLANDS-1
FA040LOLFA4,#N/D
Z0FA0FALO09,DORNE-3
L9FAZLZ40,RIVERLANDS-2
L4L90049,CROWNLANDS
Z00V8L8LO,DORNE-3
LO00004LV,#N/D
V00LOFAZ0LO,STARKS
LO0ZV8448,NULL
L4V4VZ98,DORNE-1
9000008,HOARE
L0FAVLVLO9,STORMLANDS-1
FA0LZ4LO90,#N/D
LO040Z8V4,CROWNLANDS
9LO44VVL,RIVERLANDS-2
LV9LZLFAL,STARKS
VLV890Z,HOARE
V044FA090,#N/D
LFAL89Z94,RIVERLANDS-1
L0VL8LO00,DORNE-3
LL8LLOZVFA,NORTH
Z0ZMLO0L0,RIVERLANDS-1
L9LOFAVLO09,DORNE-3
L4ZFALOV4LO,STORMLANDS-1
Z09FA4LO00,DORNE-3
L8LO8LVVL,DORNE-1
LVL0FAZ9FA,IRONISLADS
L09L98LO8,DORNE-1
LLOLFA0V80,STORMLANDS-1
L80LLO904,#N/D
LLO8FAFALO40,IRONISLADS
V00080FA9,#N/D
L8LLO8FA8FA,DORNE-3
V00Z4LOL9,RIVERLANDS-2
L0L9Z9FAFA,STORMLANDS-1
V00FAFAFA80,RIVERLANDS-2
L900LOZLOFA,STORMLANDS-1
L9ZLFA0LO0,STORMLANDS-2
L9V94004,STORMLANDS-2
LLOFALO0ZLO4,STORMLANDS-1
80Z4LOV8,HOARE
L90V889Z,#N/D
LVZV0V0Z,DORNE-1
L8ZLO8LZ8,NORTH
L900Z900,IRONISLADS
L4VZZ0,HOARE
FA0LLLO9LO4,#N/D
L9LOL09VL,DORNE-3
FA00V0LOL0,#N/D
ZZ040408,#N/D
L800FA9,NULL
L4L4LFAL8,IRONISLADS
L09ZFA94V,NORTH
900V49V4,#N/D
LZ0VFA9FA4,IRONISLADS
L8FAFAFA4V8,STORMLANDS-2
L8VZLFAV4,DORNE-1
LLOV00ZM4,REACH
L40ZLOV8V,RIVERLANDS-1
LL494FALLO,STARKS
LZ8889L0,DORNE-3
LV4Z80L0,RIVERLANDS-2
LZ0LO980L,STORMLANDS-1
VLO0LO4,DORNE-1
Z04VFAZZ4,RIVERLANDS-1
LFALOVZL90,HOARE
V9409FA8,IRONISLADS
L9FAZML9Z,NORTH
L9FAL0V0V,NORTH
8ZZ4Z0LO,IRONISLADS
L8040044,STORMLANDS-1
LFA0FALFA80,DORNE-3
9ZVLOLL8,RIVERLANDS-1
LO0LZ008Z,NULL
VL4ZVZ0,DORNE-1
L0ZLLV94,NORTH
V0LVFAL44,DORNE- 2
849V98Z,IRONISLADS
V04LOFA04L,STORMLANDS-2
LO0L0L0LL,CROWNLANDS
800LO4ZVLO,STORMLANDS-1
V408FALOL,IRONISLADS
94008VFA,DORNE-1
89Z0ZFAZ,IRONISLADS
FA0L909Z9,#N/D
LV8FALFA9V,IRONISLADS
LLO9FAVL80,DORNE-1
LZZ8LO00FA,DORNE-3
8LL00LOL,IRONISLADS
L8FALOZ0ZM,HOARE
L9LO0FA8V8,#N/D
L0FAL0LO0Z,RIVERLANDS-2
LLO0FALO8V9,STORMLANDS-2
L844ZZ,STORMLANDS-1
89Z0ZFAZ,IRONISLADS
LLZLO0400,IRONISLADS
Z0ZZZ484,DORNE-3
L890Z0,DORNE-1
LZVL48Z0,IRONISLADS
L0LFA9Z49,RIVERLANDS-2
L9FA4ZM,DORNE-3
984FAFA,HOARE
L0V44000,NORTH
Z0FA0V00V,DORNE-3
V0900LO4,DORNE-1
ZZ40V0LOL,NORTH
LV000V00,STARKS
9000VV0,DORNE-1
FA009LZV0,STORMLANDS-1
LLO900LOV0,REACH
L08L8FA9V,IRONISLADS
L4LFA8LO4FA,CROWNLANDS
80ZLO040,IRONISLADS
LZ8889L0,DORNE-3
Z00LLO0Z4,RIVERLANDS-1
LV4FAZVZ9,HOARE
ZZVZM8VZ,NORTH
V000FA4,CROWNLANDS
L4LO80ZZV,RIVERLANDS-2
9V08LFAFA,HOARE
LLO400VZ0,STARKS
LV49LLO4FA,STORMLANDS-2
L94LO0FAFAV,STORMLANDS-1
LLO0LOV448,HOARE
LZZFAFAFA,IRONISLADS
L94Z0LL9,IRONISLADS
800040L0,NULL
L40FAVZL0,DORNE-1
L9LO4ZZ44,RIVERLANDS-1
LZ8FA090LO,STORMLANDS-1
L8FA00494,IRONISLADS
L9L9840V,DORNE-3
LVZV0V0Z,DORNE-1
LO0Z0L9LO8,AEGON
L09L98LO8,DORNE-1
L4VLO9090,IRONISLADS
8Z409V0,HOARE
L0080V44,NORTH
LO0894LO80,CROWNLANDS
V0LFA0LL9,#N/D
L0804VL0,CROWNLANDS
LV0L4V00,REACH
LLL0FA0,DORNE-3
LLO0FALO9,CROWNLANDS
V0LO090L0,NORTH
L8LZ9Z09,HOARE
FA0FAL8ZM0,#N/D
L4V0LOLFAL,HOARE
FA0FA400V0,#N/D
V00Z9L0Z,STORMLANDS-2
LVZLZLO40,REACH
LFALOV084FA,RIVERLANDS-1
9V8LO9,IRONISLADS
LO0Z84808,REACH
L0VV4FAZ8,NORTH
VLFA00V9,DORNE-1
L80V8V00,RIVERLANDS-1
LVFA0LOZ88,STORMLANDS-1
ZVLOZLO89L,NORTH
LLFAFA4400,NULL
L409FAZ4LO,RIVERLANDS-1
94LZ000,#N/D
LLOZL0LO0Z,HOARE
FA00L04V8,NULL
LLO0ZL0Z9,IRONISLADS
Z00L0FALV,RIVERLANDS-1
Z44FA0FA,IRONISLADS
ZZFA40009,RIVERLANDS-2
L0VZ9L0L,IRONISLADS
VL9V888,HOARE
L08L84LOFA,IRONISLADS
LFA88V88LO,HOARE
800ZFAZVV,NULL
LZZ00VZLO,STARKS
LZZLOZ8VZ,STORMLANDS-1
L0VLOL090,STORMLANDS-1
L0V880,STORMLANDS-2
Z0L0LO4LO8,RIVERLANDS-1
LZ98V0LO9,STORMLANDS-1
ZZ8LFA4V0,STORMLANDS-2
4ZLV888,HOARE
LO00089L8,CROWNLANDS
LZ4VLL4L,DORNE-1
V0LLFAZZL,RIVERLANDS-2
L8FA49L0Z,CROWNLANDS
VL0LO8FAV,DORNE-1
LVLVLFA9FA,DORNE-1
V84Z0FAV,HOARE
FA0Z80LLV,#N/D
V0LOZFALO0FA,NORTH
L89009LOL,REACH
900LOZ88,DORNE-1
V0LO8VZZ,HOARE
Z0888L09,DORNE-3
LZLL88LOV,HOARE
L9V0LLVL,RIVERLANDS-1
LL9LLO8LLO,STORMLANDS-1
900VLO804,#N/D
LZ0LO08FA9,NORTH
LVLOZ0840,DORNE-3
LV0FA0FALO9,STORMLANDS-1
LFA9LLO0ZL,IRONISLADS
L8LO980FAV,DORNE-1
VL9VFA00,IRONISLADS
Z0ZFA8V9LO,DORNE-3
LVLZZ4LO0,#N/D
Z0L0LO048,DORNE-3
Z0FA00Z0FA,RIVERLANDS-1
LV4VZ808,STORMLANDS-2
L9Z84ZLLO,STARKS
FA0Z09LO4,HOARE
LV4ZLOV0LO,STORMLANDS-1
V08FA8Z40,REACH
FA0FAVL4FAZ,#N/D
L4Z48LO0FA,STORMLANDS-1
L9Z8LL44,IRONISLADS
ZZFA9LO0FALO,NORTH
L480Z8LL,IRONISLADS
L09V0000,NORTH
80L90040,NULL
LFA0L89Z4,DORNE-1
V8Z0FAZ0,DORNE-1
V00Z9L0Z,STORMLANDS-2
L494FA40FA,DORNE-1
LLOZZL90FA,IRONISLADS
80004FA0L,STORMLANDS-1
LO0L9ZFA09,NULL
88LO4VV9,HOARE
L8000LOZV,#N/D
Z0804049,#N/D
L9LOVV48L,RIVERLANDS-1
L4L0Z49V,STORMLANDS-2
LZVLFA9L8,HOARE
LFA4084V9,STORMLANDS-2
FA000FA0LOL,DORNE-1
L00V0FAFA9,IRONISLADS
L9LLOL98V,IRONISLADS
L8944VZLO,DORNE-1
Z009VV0V,DORNE-3
L08LOZ8FA9,IRONISLADS
LLOZZMFA04,STORMLANDS-1
FA0ZLOVFA00,#N/D
LZ0FA08FA0,DORNE-1
FA008Z9Z4,NORTH
LZ44089LO,HOARE
80L4880FA,STORMLANDS-1
LO0LO00LOFALO,CROWNLANDS
L48ZZFALOZ,HOARE
L80FALO000,NORTH
80094ZLOV,NULL
80L0LFA80,STORMLANDS-1
Z0098LZL,RIVERLANDS-1
ZZZZLO04Z,NORTH
L9LO0FA884,#N/D
V8908VFA,IRONISLADS
LZZ04FA0LO,STORMLANDS-1
LZ0LO09LOV,NORTH
L44LZ08V,IRONISLADS
LLO00FAFA09,RIVERLANDS-2
L9VFAZ8FAZ,STORMLANDS-1
LLL8ZL9V,STORMLANDS-1
LZVZZLO,STORMLANDS-1
L9V40LOLZ,DORNE-1
80LOLL8L,IRONISLADS
Z0LO0VFAZ9,RIVERLANDS-2
LZ404900,IRONISLADS
L09LOVLO4V,IRONISLADS
L048LOV0FA,#N/D
LV800000,DORNE-3
LZZZLO8LO0,NORTH
LVLO84FAV8,RIVERLANDS-2
ZVLOVFA494,NORTH
FA00088Z4,DORNE-3
LV80LLFAL,#N/D
L00008FAFA,RIVERLANDS-1
FA4FA80,HOARE
V090L0LOV,REACH
FA04FALO48LO,#N/D
LL0V098LO,NORTH
FA040LOLFA4,#N/D
9080409,DORNE-1
L8090LO09,STORMLANDS-1
V0ZFA0LVL,REACH
LL08Z040,IRONISLADS
L90Z980L,STORMLANDS-1
L4ZVL944,NULL
LO0LOZZ89Z,#N/D
L88V8VLLO,STORMLANDS-1
L949Z4,RIVERLANDS-2
80L90004,STARKS
L8VZ98V4,IRONISLADS
LFALO0V09LO,#N/D
Z0ZM9ZFAFA,RIVERLANDS-2
L844FA8FALO,DORNE-1
80L08ZL9,STARKS
LZ9LO8V,RIVERLANDS-2
LV00VZ,IRONISLADS
Z04800V0,RIVERLANDS-2
L84ZVL00,IRONISLADS
L84LOLFAZFA,REACH
80ZVLO48,IRONISLADS
Z04L94Z4,RIVERLANDS-2
Z0FA40FALOL,RIVERLANDS-1
Z0VZL4FA8,RIVERLANDS-2
LVZZZV9V,STORMLANDS-2
LO0L8V8VLO,NULL
ZZLO00V00,NORTH
LVZM88VZ,DORNE-1
8ZMFA0LO4,IRONISLADS
LL0V4VFAL,DORNE-3
LFA0FALO4FALO,NORTH
80L4880FA,STORMLANDS-1
8LLL094,IRONISLADS
LZ00409FA,#N/D
LLOFAVV44L,STORMLANDS-1
LVFAFAFALV8,RIVERLANDS-1
LO0Z0FAL4V,AEGON
L889LLV9,HOARE
LZLVL0LOZ,DORNE-1
LO0Z0FAL4V,AEGON
V0VLO0904,STORMLANDS-2
LO0ZLO88FA4,RIVERLANDS-2
94800LO0,DORNE-1
8V0FA8LO4,IRONISLADS
V08400FAV,REACH
ZZ0ZV044,NORTH
L90L8L00,STORMLANDS-2
L90LO0L90,DORNE-1
LZ9LLLFA0,#N/D
L4L0ZLL0,CROWNLANDS
Z0Z9Z4VL,DORNE-3
LO0948FA84,CROWNLANDS
LLOFA0L98LO,RIVERLANDS-1
L8LFA84V0,CROWNLANDS
L44LZ08V,IRONISLADS
L90V09L9,NULL
L0Z9L8,RIVERLANDS-1
L98Z09Z0,DORNE- 2
LZ90489LO,STORMLANDS-1
FA0LOV0409,#N/D
L88FALO0ZL,HOARE
L9Z49890,HOARE
Z009L00Z,RIVERLANDS-2
80094Z4Z,STORMLANDS-1
L9L0V0L0,NORTH
80Z0000,HOARE
L40FA9090,CROWNLANDS
LFAL0880LO,DORNE-1
L9409V08,RIVERLANDS-1
LVV0V08Z,NULL
LFA44FA4LO0,REACH
Z00LLLLOV,DORNE-3
LLOVFAFA08FA,DORNE-1
LZ08LL09,STORMLANDS-1
FAFAV4LO,STORMLANDS-1
Z0LO80LOZ0,DORNE-3
94LO9090,HOARE
ZLOFALOV9FALO,HOARE
Z04ZLL89,DORNE-3
V989409,HOARE
LZM9FAVVZ,NULL
VVFAL889,HOARE
Z0FA00Z0FA,RIVERLANDS-1
V0LVLL80,DORNE- 2
LZZ009ZLO,HOARE
V0Z4Z0L4,REACH
LLO9FALFAV9,STORMLANDS-1
L9LO8ZZL0,NORTH
9V0L0ZV,DORNE-3
L0FALOVFAZ0,STORMLANDS-1
LVFA8LO0Z9,NORTH
LV0LZ088,REACH
LL089044,STORMLANDS-2
FA00LV94L,DORNE-1
L40FAVZL0,DORNE-1
LZ098V44,STORMLANDS-1
90L08ZZ,IRONISLADS
LO0Z80LO,REACH
900LO00,#N/D
V004049LO,DORNE-1
LVL0000V,NORTH
LZMLOFAL8Z,NORTH
Z00V4V9V,RIVERLANDS-1
L4V8LO4VZ,IRONISLADS
Z04080LV,DORNE-3
LLOLZ0LOZFA,DORNE-1
LO0ZLZLO80,DORNE- 2
80LV8FAZ0,NULL
8004VZL4,STORMLANDS-1
V0LO808LOV,#N/D
FA040ZLOZ,DORNE-1
L0LO0004Z,NORTH
LLOV8FAZL9,NULL
L4FAL0LO0V,HOARE
L0VLOVFA00,DORNE-1
FA0L88L0L,#N/D
LVL4VVLLO,RIVERLANDS-2
LO0LO4LOL08,AEGON
80L800LO0,STARKS
FA0004LO4FA,STARKS
LLO408ZM9,IRONISLADS
LLOZ0FALO0LO,RIVERLANDS-1
ZZFA44LO48,NORTH
LVFAFA090LO,IRONISLADS
8V8LL84,IRONISLADS
L94Z8LLO4,STARKS
ZZLLFA049,NORTH
Z000Z940,DORNE-3
8V49FAV0,HOARE
L48FALO80Z,RIVERLANDS-2
L94L40Z0,STORMLANDS-2
LFA9LO4404,HOARE
LZZ09404,HOARE
LLO8LO9FALOL,HOARE
L0ZLO0LLV,STORMLANDS-2
LO0LO04L09,CROWNLANDS
LVFAVLO840,DORNE- 2
LL4L90,IRONISLADS
900V48Z8,#N/D
V40FAZ,STORMLANDS-1
FA04444Z0,#N/D
800040L0,NULL
LFAZZV8,CROWNLANDS
LO008ZZ04,NULL
FA0L0L04Z,#N/D
L0VLFA8LL,NULL
L80LOZZZ8,STARKS
Z00ZLOZLOV,RIVERLANDS-2
L809FAZ4FA,DORNE-1
LLO9844ZM,NORTH
FA004LO8LOZ,STORMLANDS-2
L8ZFA440LO,REACH
ZZZ8FA0LO9,NORTH
LO09L448LO,CROWNLANDS
L04FALL84,IRONISLADS
L408LO0ZV,DORNE-3
Z04V9LO04,DORNE-3
LO0ZV944Z,NULL
L80LZLVZ,DORNE-1
L9ZLOVZ88,DORNE-1
L0ZFAV9V8,IRONISLADS
ZZ0LO9V8Z,NORTH
L8VV0L0L,NORTH
LZ098VVZ,IRONISLADS
LFAL9Z04L,STORMLANDS-1
ZVZFA8FAL0,NORTH
L0LOFA4FA0LO,IRONISLADS
ZFAFA,DORNE-1
L9L0FA80FA,DORNE-1
LFA4V4V,RIVERLANDS-2
L90900LV,HOARE
LFA0ZLL04,#N/D
ZZLOFAFAV0LO,NORTH
V0LL00ZFA,DORNE-1
L4ZVLOVLOV,RIVERLANDS-1
L98Z84,REACH
L9L00090,CROWNLANDS
L8LO9FA448,HOARE
LZ8LOV094,HOARE
V09LV84L,REACH
L40ZM808,IRONISLADS
LO0ZLOV90Z,RIVERLANDS-2
V9409FA8,IRONISLADS
FA00LOL09Z,DORNE- 2
LLOZV448FA,RIVERLANDS-2
L480FA00V,NULL
FA00LOL09Z,DORNE- 2
LZL4Z08LO,HOARE
V0LO8VZZ,HOARE
LLV4LZZM,DORNE-1
LZML0Z80,STORMLANDS-1
L890Z4ZV,STARKS
LFAZ80LO00,HOARE
Z0ZM9ZFAFA,RIVERLANDS-2
L9V0VFA,STARKS
L90084V9,DORNE-1
L84FAFALO44,HOARE
LO0Z8LO0LOL,DORNE- 2
LL40ZLFA0,#N/D
LLO00FAV00,STORMLANDS-1
LO0LOZ009Z,AEGON
LZ49LO0LOV,RIVERLANDS-2
V00L8084,CROWNLANDS
V040LO0LO8,STORMLANDS-2
L08FAV84V,CROWNLANDS
L80084LO8,RIVERLANDS-1
V009VLO8Z,DORNE- 2
LLOVZ0LOFA4,STORMLANDS-2
9009L4Z8,#N/D
L9408448,DORNE-3
V0LZ9LFA9,RIVERLANDS-2
LLOZLV8LO9,IRONISLADS
FA00FA0FAVFA,STORMLANDS-1
9FALOFALOLL,IRONISLADS
FA0V0Z0L8,#N/D
LVLO98LO,#N/D
L8948FA08,NULL
8889ZFA0,DORNE-1
ZZLLFAZFAL,STORMLANDS-2
LZFA8VZ9Z,STORMLANDS-2
ZZ0LZ0ZLO,NORTH
L9V049LFA,CROWNLANDS
LLO00LV9L,RIVERLANDS-2
LV04VL40,STORMLANDS-1
L9008LZV,NULL
FA00ZFA08L,DORNE-3
LZ0840Z0,RIVERLANDS-1
LL4FAV9FAV,STORMLANDS-2
LZ9LO9LOFA4,RIVERLANDS-2
V0LL0L98,RIVERLANDS-2
L084LO809,IRONISLADS
V00L0V80,CROWNLANDS
LFALOFA04ZL,STARKS
V00LOFAL8Z,STARKS
L0ZMZ9FA9,HOARE
900048FA0,#N/D
LO0LOZ90FA4,#N/D
LV9LOZ00LO,STORMLANDS-1
L0080ZVFA,NORTH
V809VFAL,HOARE
V0ZMV4FA0,NORTH
L8L0LZFAFA,DORNE-1
L80LOVZ8FA,#N/D
V0FA9V94V,STORMLANDS-2
V0V4Z0FAV,STORMLANDS-2
90LL980,#N/D
L9LV0Z4Z,NORTH
LZMLOFA9LO9,DORNE-1
Z0Z000FAZ,RIVERLANDS-2
L0444V8FA,DORNE-3
FAL89LO4LO,IRONISLADS
804VVLO0,IRONISLADS
98809Z8,IRONISLADS
LZFA08LZ8,STARKS
800LO4ZVLO,STORMLANDS-1
FA00V00L4,REACH
LV4V08Z4,HOARE
LV904009,NULL
LV0LFALO8V,STORMLANDS-2
LZLOL4LO00,STORMLANDS-2
FA0FA9L48V,#N/D
ZZ009FA0L,NORTH
ZZ40V0LOL,NORTH
L800FA0FA4,#N/D
Z0VLLO0Z0,RIVERLANDS-2
8004VVVLO,NULL
LO0LLFAFA88,NULL
LLO4LZL,IRONISLADS
L840LL90,DORNE-3
ZZL4VZM0,STORMLANDS-2
L0Z9LLO8LO,RIVERLANDS-1
L4Z49L90,IRONISLADS
LV0844Z0,STARKS
L0LO0049Z,HOARE
LV9FALO4L0,DORNE-1
L94V88FA0,NORTH
LZZVZL,RIVERLANDS-2
L8VLFAVZFA,DORNE-3
FA0008044,STARKS
L48V8Z8V,STORMLANDS-2
LL49LZLFA,DORNE-3
Z0LOLLO0VLO,RIVERLANDS-2
L9400Z0FA,STORMLANDS-1
L908FALO0V,IRONISLADS
L4FALVZ00,DORNE-1
L9444VFA0,HOARE
LV0FA00FAFA,NORTH
L4FAVV008,#N/D
L4FALVZ00,DORNE-1
L8FA0LOL80,#N/D
LZ90LOVLLO,DORNE-1
LLOLFA8FAVL,RIVERLANDS-2
V8ZLVLOZ,IRONISLADS
LZFAZL98L,STORMLANDS-2
LV8LOZ4LLO,STORMLANDS-1
80LFALVVL,#N/D
L8040044,STORMLANDS-1
800LLO4V9,STORMLANDS-1
LZFA80489,REACH
L400ZFA00,RIVERLANDS-1
LFALOFA04ZL,STARKS
L88LL4Z9,DORNE-1
L9FAZLLLFA,RIVERLANDS-2
L9409V9L,DORNE-1
L4LO04LO0V,IRONISLADS
Z089048V,DORNE-3
LO0LO0ZZFA0,CROWNLANDS
L0LOLZZFAL,STORMLANDS-1
894LL8L,IRONISLADS
L98ZFALZ4,STARKS
LZL40L,RIVERLANDS-1
V04FA940Z,STORMLANDS-2
LO0FA0VFAL8,NULL
VZMFALFA8,IRONISLADS
LV490L48,NULL
FA04Z04VV,#N/D
LZFALLOFALO4,STORMLANDS-1
Z0LO00FAZLO,RIVERLANDS-1
LFA4ZZL00,#N/D
L4044Z8Z,CROWNLANDS
FA0FAL00,#N/D
L8FA8L4Z9,CROWNLANDS
L8LLVL4FA,STORMLANDS-1
LLO0984Z0,STARKS
FA0FALO00V4,#N/D
L9LOLLO0VZ,NORTH
L4L9LOZ0LO,STORMLANDS-1
900VLO8FAL,#N/D
LV44FALO9V,RIVERLANDS-2
80L0ZZ04,STORMLANDS-1
9000VV0,DORNE-1
LZ8LO08LV,DORNE-1
FA0L498LOL,#N/D
LLOVLFALO80,STORMLANDS-1
9809VLO4,NORTH
LLO489Z0Z,HOARE
ZVLO04FA49,NORTH
L80094,NULL
L9FA908ZZ,NULL
ZZ0LL9FAV,STORMLANDS-2
FA0000Z9V,IRONISLADS
FA00400ZFA,RIVERLANDS-1
FA0LOL90V9,#N/D
90L09FA49,#N/D
L94904L8,NORTH
V0V0LZFA4,STORMLANDS-2
V0V0LZFA4,STORMLANDS-2
FA00V4LZL,DORNE-3
9ZFA09ZFA,DORNE-1
L080L0FAL,DORNE-3
LO0LO0VZ08,CROWNLANDS
V08FA4LO00,REACH
L0L908V0,RIVERLANDS-1
LLO9ZV94FA,NULL
L94940LFA,HOARE
ZZVV0LFAV,NORTH
Z08FA8V00,RIVERLANDS-1
890LV,HOARE
L8LO8LVVL,DORNE-1
L8LV0VZZ,#N/D
L9LOLZ0V0,DORNE-1
L4ZFAL0V8,STARKS
L9Z8FA8ZLO,STORMLANDS-1
FA0FAZ44,#N/D
LLOLFAFA09Z,DORNE-1
LFA9LO0L9Z,IRONISLADS
FAL89LO4LO,IRONISLADS
90098LO0Z,#N/D
L9LV9LO0LO,STORMLANDS-2
LZ40FA9ZL,CROWNLANDS
LLO000ZVZ,STORMLANDS-1
ZZ4L000L,NULL
LLOL0VVLLO,REACH
L949V488,#N/D
Z0FA4FAZL4,RIVERLANDS-1
ZZ4LO8004,NORTH
9LO8849FA,DORNE-3
LFA0LLO00FA,RIVERLANDS-1
9LO44VVL,RIVERLANDS-2
LL0V4VFAL,DORNE-3
L8LLO0LFA0,IRONISLADS
LLLOL88LFA,NULL
LVZFALO9LO9,CROWNLANDS
8000V9VL,NULL
FA00LO00,NULL
V4LVV4Z,IRONISLADS
L944V0Z0,DORNE-3
ZVLOFAL9VZ,RIVERLANDS-2
LVLO0V4FALO,STORMLANDS-1
L90L04ZV,STARKS
L0Z0Z00V,CROWNLANDS
FA00FA04V0,RIVERLANDS-2
L9FA00FA4L,NULL
L908FAFAVV,STORMLANDS-1
L908008Z,DORNE-1
LFALO0VVLO9,IRONISLADS
90L00ZMV,#N/D
VFA4LOZFAL,HOARE
L9LOFA48L0,NORTH
L40FAFAZ0Z,NORTH
800VVL00,NULL
V000ZFAZM,RIVERLANDS-2
L0000FAZV,RIVERLANDS-1
V0LZLO0V4,RIVERLANDS-2
L94V4FA0L,NULL
L00FA8ZL9,RIVERLANDS-1
L09L40ZZ,CROWNLANDS
L0Z88FALL,STORMLANDS-1
LLFA00VFA9,IRONISLADS
ZZ04FA84L,NORTH
L40LOFAZMV,STORMLANDS-2
80L49Z,STORMLANDS-1
LLOLZV0LO0,RIVERLANDS-1
L94ZV484,RIVERLANDS-2
L09LO4004,STORMLANDS-1
LLO4ZLO0V4,HOARE
L80FALO09L,RIVERLANDS-2
LFALO44LOZ0,NORTH
LV8ZVL40,DORNE-3
9Z4VVFAFA,HOARE
LVFA8LVFAL,NORTH
L9ZMFAZ80,STORMLANDS-1
L8FAFA0LLOFA,#N/D
L0Z800VL,DORNE-3
L4900LV0,STORMLANDS-1
L8ZLOFAFA4LO,STORMLANDS-2
80LL04VLO,NULL
Z0FAV9Z,RIVERLANDS-1
L84ZV9FA0,IRONISLADS
LVZ0FA80L,STORMLANDS-2
90L48404,#N/D
V09L09FAV,REACH
ZVLOZLOZ90,DORNE- 2
L98Z04L0,REACH
LLO08LO8FAL,NULL
L40FAVVZ4,HOARE
LLZ4FAFA,STORMLANDS-1
V04ZV4FA0,STORMLANDS-2
L00LOL48L,RIVERLANDS-2
LO0FA884FAFA,NULL
LLZVL404,RIVERLANDS-2
Z00L440FA,RIVERLANDS-1
L94900ZM,DORNE-1
LO0LOL90L0,AEGON
FA00LO0Z0Z,DORNE-3
V08L04LL,REACH
LZFA8804L,STORMLANDS-1
L0LZZVLLO,STORMLANDS-2
LL88VLO04,NORTH
LVLO988LL,STORMLANDS-2
89ZL089,HOARE
LZVVL989,IRONISLADS
L0880LOL0,NORTH
L40ZMV9V,STORMLANDS-1
LZ94V984,DORNE-3
V00V8890,STARKS
FA440V,DORNE-1
LLO448L9Z,DORNE-3
LV89Z8Z4,STARKS
LZMLVFA0Z,STORMLANDS-1
LLO0FAL0,NORTH
Z009VV0V,DORNE-3
L490FAL40,DORNE-1
LFAV08LOZ8,STORMLANDS-1
800VVZ4V,NULL
LLOL9ZL04,#N/D
L9FA4LVLO9,DORNE-1
LLOVFA044Z,IRONISLADS
LV4LOLV04,HOARE
800FAVL00,STORMLANDS-1
L4L0908Z,NULL
LVLO0ZLOZ4,DORNE-1
LVZ0LO0LO0,#N/D
V0Z8ZFAL,HOARE
Z00VV009,DORNE-3
9008V000,#N/D
LLVFA8LOZ4,RIVERLANDS-2
LZV9LO900,HOARE
L80LOVFA0Z,IRONISLADS
Z0L090,DORNE-3
Z0FA0FALO09,DORNE-3
LLO9LO8FA00,DORNE-3
L4FA8408L,STORMLANDS-2
FA0LOLV8Z0,#N/D
LLFA0Z8Z0,IRONISLADS
L9V4909V,HOARE
L90L0ZL9,HOARE
LZVLO40VV,NULL
LZ0L000Z,IRONISLADS
LV9LVZ0Z,#N/D
VLZFA00LO,IRONISLADS
L400ZLLFA,REACH
L98LLO8,HOARE
L8Z4FAZ4Z,DORNE- 2
L8Z9VV88,RIVERLANDS-1
LO08VFA9,CROWNLANDS
ZZ00LO0FA4,NORTH
L080LV04,IRONISLADS
VLO0FA9FAL,HOARE
LV44LO89FA,IRONISLADS
LFA9V0Z8FA,HOARE
900LZ948,#N/D
L908LO0L4,CROWNLANDS
FA080FAV8FA,#N/D
V0VFA40V0,NORTH
V08L0FAVFA,REACH
L44LOFA8LO9,HOARE
L900LOZZL,HOARE
ZZ08LOL04,NULL
L88ZLO90LO,STORMLANDS-1
Z0Z98LO0LO,RIVERLANDS-2
LVZZLO9VZ,DORNE-1
LFAZL8040,STORMLANDS-1
LLOV8LV00,DORNE-1
ZZZ0V809,IRONISLADS
FA0ZLO0LOL9,#N/D
ZZFAZLOZLO9,NORTH
LFAZZZ94L,STORMLANDS-1
90L4V0FALO,#N/D
LZ4FALZ90,REACH
L9VV0V8V,STORMLANDS-2
LLO04LOL8FA,NORTH
V0LZV8VL,RIVERLANDS-2
L8LLO49FAV,NULL
L9FAL904Z,CROWNLANDS
LZ9Z9V9L,NULL
LV49LLO4FA,STORMLANDS-2
8000Z4FAL,NULL
LVV44000,IRONISLADS
LV0LO0VFALO,IRONISLADS
VLO0LO4,DORNE-1
V000FA4,CROWNLANDS
L9LO08V0Z,STORMLANDS-1
L9FA40L89,STORMLANDS-2
L8FA8LO9LOL,HOARE
L8LO0L9V0,STARKS
LFAZZZ94L,STORMLANDS-1
Z008VFA0L,DORNE-3
V08L8FAFAV,REACH
L00Z84,STORMLANDS-1
V0L004VV,RIVERLANDS-2
L84VZLO,IRONISLADS
LO0ZMZL9FA,#N/D
9LO084L,HOARE
LZ04L988,DORNE-3
LZV0FA0,IRONISLADS
8LOZLO4,HOARE
L84ZVLO40,DORNE-1
L04Z09L8,IRONISLADS
V0L8L8FALO,DORNE- 2
8LZ498L,IRONISLADS
FA00LOV08FA,HOARE
8000VFAFAV,STORMLANDS-1
L900FA0V0,HOARE
VLO9Z9LV,IRONISLADS
LV08V0Z0,IRONISLADS
8004LO8L4,NULL
L4Z4FALO90,DORNE-1
V000084V,RIVERLANDS-2
LZ0ZML00,IRONISLADS
L40LOFAFA9LO,RIVERLANDS-1
LVLOFAZ4,STORMLANDS-1
LO0FAFA8LVFA,CROWNLANDS
LO00094L8,CROWNLANDS
LFA4FA0FAVZ,STORMLANDS-1
FA0040FALO8,DORNE-3
FA04LLO4V0,#N/D
LLO09Z9LO8,STORMLANDS-1
LOZLLO098,IRONISLADS
94Z4988,IRONISLADS
L40Z0084,STORMLANDS-1
8000LVLZ,STORMLANDS-1
9V4LFAFA0,IRONISLADS
L9FA0449L,DORNE-1
V0VZVLO08,STORMLANDS-2
L40L89LO9,HOARE
Z00ZFAL00,DORNE-3
LVFA8LO0Z9,NORTH
VZ49FAFAV,DORNE-1
LVFA00LOZV,STORMLANDS-1
FA00LO0V0Z,#N/D
V0400Z,STORMLANDS-2
Z0V49404,RIVERLANDS-1
L9FA9ZLO84,REACH
LVVLOLZ40,CROWNLANDS
V048LO00Z,REACH
LFALFAL4,STORMLANDS-1
L890VL,STARKS
900ZL9Z,HOARE
LLO004VLOFA,REACH
LO0LFA08VZ,CROWNLANDS
FA0LVVFA8Z,#N/D
L8LOZVLO9LO,NULL
LZ490LO8LO,RIVERLANDS-2
LO0Z0LZFAZ,AEGON
L4LL0FAFA9,DORNE-1
900FA8LOL8,#N/D
LO0LO4LLZ4,AEGON
LZFAZZZ0L,STORMLANDS-1
V04FA04LO8,STORMLANDS-2
LO0L8V8VLO,NULL
90LLZFA4Z,#N/D
L8FAFA8V9LO,DORNE-1
ZZZ98V8L,NORTH
L94FAZV0LO,DORNE-1
VLOFA9V08,HOARE
L04FA44V0,IRONISLADS
V0098V09,DORNE- 2
LV0ZL4FA8,DORNE-3
9000ZMFAZ,#N/D
V0FA9040V,#N/D
V0LV8908,#N/D
FA0L00FA8L,#N/D
L4ZFA09FA4,STARKS
LO049004FA,AEGON
L00L98Z0,RIVERLANDS-1
L80FALOV8FA,CROWNLANDS
L8LOZ9LOL0,DORNE-1
L4L0908Z,NULL
FA00Z0VLOV,STORMLANDS-1
LO0LOV0FAV8,AEGON
V009L94Z,RIVERLANDS-2
LLOV00ZZV,REACH
L8LO090FA4,RIVERLANDS-2
V000044LO,RIVERLANDS-2
Z004V8ZLO,RIVERLANDS-2
LZ9VZM8L,STORMLANDS-2
L80LOZZZ8,STARKS
900VZM0Z,#N/D
LZ84944Z,#N/D
80L4FA,IRONISLADS
LO040ZMFA0,NULL
V00LO0LFA8,RIVERLANDS-2
L0000LL8,RIVERLANDS-1
Z0FA0ZM48,DORNE-3
9LO09440,DORNE-1
Z0ZZV89V,RIVERLANDS-1
LVZZLO9VZ,DORNE-1
ZZZ0V809,IRONISLADS
LLOVL804L,IRONISLADS
L8Z0V9VLO,NORTH
L0FAFA04ZFA,CROWNLANDS
V0ZFA0LVL,REACH
L88ZZ0VV,IRONISLADS
L89LOFAZFAV,STORMLANDS-2
L94FA9FA08,DORNE-1
FA0Z0LOLLOZ,#N/D
9ZLZ9LFA,HOARE
LV4Z0Z90,REACH
V4LVV4Z,IRONISLADS
L094449Z,STORMLANDS-1
V008L084,STARKS
L84Z0484,STORMLANDS-1
FA4ZFA404,IRONISLADS
L00LOVL8L,STORMLANDS-1
LO0Z8LFA,DORNE- 2
L8VLO40LO0,STORMLANDS-2
L4ZLLOZLZ,STORMLANDS-1
L0FA8LOV,NORTH
ZZ4LOLFA8L,NORTH
L89FA0LLO0,RIVERLANDS-1
LFALO0VZ94,DORNE-1
FA0Z98008,#N/D
LFAVZ0V8FA,DORNE-3
LLOZ0FA9ZV,DORNE-1
LZ0LO9L9L,DORNE-1
LVZM9VFALO,RIVERLANDS-1
ZLOFALOV9FALO,HOARE
L0FA80ZML,STORMLANDS-2
V0FA080L0,DORNE-1
FA00V0LO04,DORNE-1
LZV980Z0,NULL
LVZ00008,AEGON
L004L9,AEGON
L8FA09V04,IRONISLADS
LZ800LOL0,DORNE-3
ZZLZ0ZZM,RIVERLANDS-2
V4ZM0LFA,HOARE
LFAZLL440,DORNE-3
L94LO088L,NULL
L8LO4L0VL,HOARE
L4L4ZFAVL,STORMLANDS-2
LFA08LO8,NULL
V089LZ90,REACH
8004LO8L4,NULL
LO08VFA0LO0,CROWNLANDS
89V0V84,HOARE
V04VFAZZ,HOARE
FA008LO0LZ,AEGON
L94LZ4Z4,STORMLANDS-2
LLVLOV0Z0,STORMLANDS-2
Z0LO9000FA,DORNE-3
LLOL0L4L8,#N/D
L4V4VZ98,DORNE-1
90L00ZMV,#N/D
L0444ZM9,RIVERLANDS-2
ZZ00LO0FA4,NORTH
FA008080V,RIVERLANDS-2
LVLO4L0L9,RIVERLANDS-2
V0V90809,REACH
L4V44LV8,STORMLANDS-2
L4FAV4V08,STORMLANDS-2
L89009LOL,REACH
L00944Z4,DORNE-3
V0L08LOLL,#N/D
L9FALLO94L,STORMLANDS-2
LO0ZLFA840,AEGON
L880Z9FA9,DORNE-3
LLL0V400,DORNE-1
FA0080FAFA0,#N/D
L89090V8,HOARE
L40Z08Z8,NORTH
900FA0000,#N/D
VFA0FAFAZ4,HOARE
LLO4ZLO0V4,HOARE
V098L000,STORMLANDS-2
LZ44V9Z0,CROWNLANDS
FA0VLO4LO0L,#N/D
Z0LZ94LV,RIVERLANDS-2
L800V809,STORMLANDS-1
Z0FAZ9Z0FA,RIVERLANDS-2
LLO8FA4LOZ8,IRONISLADS
LFA4VLOL00,STORMLANDS-2
L90V08FALO,AEGON
FA00FA8VLLO,#N/D
LLOLLL44V,RIVERLANDS-2
80L0ZZ04,NULL
L4VVLOZ90,#N/D
800LO44L0,STORMLANDS-1
L0LOL4FAZV,RIVERLANDS-1
LFA4LOL09L,HOARE
LZ9V0LO8L,NULL
LFA0LO98FAZ,NULL
LLOFAZLOL,RIVERLANDS-1
L8FA84ZLOFA,STORMLANDS-2
LLOZ0FA9ZV,DORNE-1
LV4FAZVZ9,HOARE
L0FALVZ4Z,RIVERLANDS-1
LLFAZ9L90,NULL
LFA0LO8VVL,RIVERLANDS-1
FA048VZ9Z,#N/D
LZ80VL8FA,REACH
L90LO4V40,HOARE
VL904ZLO,HOARE
LZ800448,RIVERLANDS-1
LFAFA00L4LO,CROWNLANDS
9444Z08,IRONISLADS
L0L8ZZ84,DORNE-3
L8Z4L000,RIVERLANDS-2
LO008VZ04,CROWNLANDS
L4L80FALZ,HOARE
LV4Z0FAV0,#N/D
V0ZV8VZ,HOARE
LLO08404V,HOARE
L44ZZ0LO9,#N/D
LV400900,IRONISLADS
LFAVFAFAFALOL,DORNE-1
L0490LO0FA,IRONISLADS
L9040FA9FA,CROWNLANDS
L09FA0LOZFA,HOARE
L9Z0FALOV4,RIVERLANDS-1
LLOV880V0,IRONISLADS
L800V80Z,RIVERLANDS-1
LV0LO4FAVFA,HOARE
LZ4ZZ9V8,HOARE
LLO88L408,HOARE
LZVZ0948,NULL
L809V00Z,DORNE-3
LV98LLLV,REACH
LLZLFAL09,HOARE
V000FA9ZLO,DORNE-1
LZ4FA0ZZ0,STORMLANDS-1
L4FAFA0Z,NORTH
LVFAFA8Z00,#N/D
LLO489L,IRONISLADS
Z0LOFAL48V,RIVERLANDS-2
Z0FAZFALOL0,RIVERLANDS-2
ZZFA4FA4,RIVERLANDS-2
FA0Z00Z98,#N/D
LL4VLO9LZ,NORTH
L9FALFA044,IRONISLADS
LLVFA4LO84,DORNE-3
FA0480V09,#N/D
FA00VV48V,#N/D
90084FA09,#N/D
LFA09FAFAV4,RIVERLANDS-1
LZZ0LO8Z4,STORMLANDS-1
LLL0FAV9L,NORTH
L90LO008LO,RIVERLANDS-2
L8FAZ0V,RIVERLANDS-2
Z008LO0LL,DORNE-3
LO0LOFA84VZ,AEGON
LVL000LOZ,STORMLANDS-1
LLOL9489FA,IRONISLADS
FA0VZLO90V,#N/D
V00FAFALOZ,HOARE
L94L0080,NORTH
FA0VZ8VZM,#N/D
L8L8ZZ40,NULL
LVZ0LO0LO0,#N/D
LLO4ZZ48L,NORTH
Z004FA4LFA,RIVERLANDS-2
LZLOFALOZ0FA,STORMLANDS-2
Z009FAZ0L,STORMLANDS-2
LFA8LZ090,HOARE
L04FA00,DORNE-3
9FA4000LO,HOARE
V949094,DORNE-1
V098LOFA,CROWNLANDS
L00Z0LO44,DORNE-3
ZZZ48LZZ,STORMLANDS-2
LV44VFALO0,RIVERLANDS-2
L80ZFA9FAV,STORMLANDS-1
LV8VFAL00,DORNE-1
V0V94,DORNE-1
V0L08L8L,RIVERLANDS-2
LFA9LO0Z0Z,STORMLANDS-1
8000FAVZFA,STARKS
L808V8Z9,IRONISLADS
LL904LOZ8,STORMLANDS-1
LZLOZL40Z,REACH
LFA0404ZFA,NORTH
LVL8L000,RIVERLANDS-2
LLOVVFA890,NULL
L0LO08LOLZ,IRONISLADS
LLLO9L004,CROWNLANDS
Z00V8L8LO,DORNE-3
80FAL000,HOARE
LO0Z804V9,REACH
L9040V08,IRONISLADS
L0FA9ZVZ8,RIVERLANDS-2
L80L9LOV8,#N/D
LO0ZFAFAZLV,DORNE- 2
900400FAZ,#N/D
L90VZ00FA,CROWNLANDS
8ZMFA0LO4,IRONISLADS
L809L480,REACH
L9VFAL9FA0,STORMLANDS-1
L8FA88LOFA4,STORMLANDS-1
FA009LZZZ,DORNE-3
LV90LOL0Z,STORMLANDS-2
V0FAFA00,DORNE-1
L9VZ00V9,STARKS
LLZV0LO9V,RIVERLANDS-2
9FAVFA000,DORNE-1
LV4V088V,#N/D
V0ZFAL4VFA,REACH
FA0Z08ZLOFA,#N/D
LZMLVFA0Z,STORMLANDS-1
L8ZLOZ8V0,HOARE
L84FAZ89LO,DORNE-3
L9LO0LV48,HOARE
L09LO9LOFAV,IRONISLADS
LZM4409Z,IRONISLADS
V0VL9LO,CROWNLANDS
LO09LO00VLO,CROWNLANDS
LV0LO4FAVFA,HOARE
ZVZ0VV09,IRONISLADS
900VZ,DORNE-1
L9LVZFALOZ,HOARE
LO0490ZFA9,CROWNLANDS
L84L008Z,STORMLANDS-1
LFA09V8FALO,STORMLANDS-1
L8ZVZ8ZLO,STORMLANDS-1
LO0ZMZ800,#N/D
FA0LFA08LLO,#N/D
L40Z4LO0L,CROWNLANDS
L8VLOL0Z4,IRONISLADS
LL8FAVV8FA,CROWNLANDS
LV9LVFA9L,#N/D
LFA0V8VL8,STORMLANDS-1
LLO8Z0VFAFA,STORMLANDS-2
LV94FAZLV,CROWNLANDS
FA00LL0LLO,#N/D
L400VVFA0,#N/D
Z0VZ09L0,RIVERLANDS-1
L009V9LO0,NORTH
L9ZLOV048,STORMLANDS-1
L9ZFAV448,DORNE-3
L40FAZZ9L,DORNE-1
L900V40V,NULL
ZZV4Z484,DORNE-1
LL9LZ0,IRONISLADS
LO00FAZFALOFA,CROWNLANDS
LV8ZFA0VL,RIVERLANDS-1
80L0ZM9FA,NULL
9LOFA9FA8L,NORTH
V00V400FA,STARKS
LLO09VVFALO,HOARE
L0FALOVFAZ0,STORMLANDS-1
Z0Z9490L,DORNE-3
LZZ89440,IRONISLADS
LLO9LOVLO0L,STORMLANDS-2
L809L8FA0,HOARE
LO00088FA0,CROWNLANDS
V00FAFALOZ,HOARE
90ZZ89FA,HOARE
V089LO0FALO,STORMLANDS-2
LLO908LO4V,HOARE
9008LO98V,#N/D
L8884980,DORNE-3
FA008800LO,NORTH
L40FAZVZ0,RIVERLANDS-1
L0Z0FAVFALO,#N/D
LVL4V0,STORMLANDS-2
LVZL0908,NORTH
9ZZZVLZ,DORNE-3
L0LO4LZ98,STORMLANDS-1
L4L0FAVZ0,HOARE
L0L9ZMVZ,IRONISLADS
LFA8FAVLO4V,CROWNLANDS
9FA8LOLLOV,DORNE-3
LVL90LOZL,HOARE
LO0Z804V9,REACH
LLO9VL00FA,CROWNLANDS
FA00LO00,NULL
FA00Z8LV0,CROWNLANDS
L908LOFALOZ,NULL
L80498LL,STORMLANDS-2
L0V908LOFA,IRONISLADS
LLOV048FA9,RIVERLANDS-1
LFAL00L00,HOARE
V0LVZFA8L,RIVERLANDS-2
V04400Z9,STORMLANDS-2
L08FA8L9Z,#N/D
L9LO00LOZ,DORNE-1
900V0Z44,#N/D
L89LO8FAFA4,NORTH
LVLFAZ40L,AEGON
LFA44FA4LO0,REACH
L8LO00049,IRONISLADS
L844LLO98,IRONISLADS
FA00FALOZ49,DORNE-1
80L4V840,NULL
L8L80LO40,REACH
Z00FAFA4LO9,DORNE-3
FA0LVZZLOFA,#N/D
800LFA0,NULL
L8ZM8,DORNE-1
L8V4008L,CROWNLANDS
LLZ8049V,NORTH
LLOFAVZ90FA,IRONISLADS
LZ9LO8V,RIVERLANDS-2
LFALOLFAV90,IRONISLADS
L8LO0VL94,DORNE-3
V0FAVVFALO8,IRONISLADS
L04LLLZV,STORMLANDS-1
4LLOVLFA0,DORNE-1
LO0Z4Z800,#N/D
Z0FAZV00L,DORNE-3
FA00LOFAZVLO,AEGON
L8094FA44,DORNE-1
L8Z0L404,STORMLANDS-1
L9LO0V440,STARKS
LLOVFA00LFA,DORNE-3
L0LO90LOFAL,STORMLANDS-1
L4LOZ88LFA,DORNE-3
4LLOVLFA0,DORNE-1
V09ZZ9FAFA,STORMLANDS-2
LLO4VV9FA8,STORMLANDS-1
LFA88FAV9LO,IRONISLADS
L8894VLO9,CROWNLANDS
L8VV9L4Z,#N/D
L04LLLZV,STORMLANDS-1
LL8FA00VV,NORTH
LO0ZZZFAVFA,DORNE- 2
LZ48900FA,HOARE
ZZFA4ZMZ4,IRONISLADS
L09ZFA94V,NORTH
FA0L00LL8,#N/D
L90LOLV0V,NULL
VV0LZM0,HOARE
LFAFALO4VFA9,STORMLANDS-1
V0FAV849Z,IRONISLADS
L0FA80ZML,STORMLANDS-2
L80094,NULL
LZ9ZLO808,DORNE-3
V00LO09LOFA,#N/D
LV8ZM80L,RIVERLANDS-1
L9FA0LFAZZ,CROWNLANDS
ZZ4Z8LO80,NORTH
LV80FAL8V,CROWNLANDS
FA009Z498,DORNE-3
LZ8FAV0V4,IRONISLADS
FA0080889,HOARE
LO0ZLOL900,RIVERLANDS-2
LV0Z0LO,STORMLANDS-1
L9ZZ0Z09,STORMLANDS-1
LL0LOFA84FA,DORNE-1
80LVLO9Z0,STARKS
L8LO80VZ9,NORTH
L9LOL09VL,DORNE-3
LLLOLFAFALO0,STORMLANDS-2
9ZMVL9LO,IRONISLADS
L9ZV8V8LO,DORNE-1
V0FAVVZV4,IRONISLADS
Z0L08Z88,STORMLANDS-2
L000Z90Z,IRONISLADS
L09048LO0,STORMLANDS-1
L8LZ98FAL,IRONISLADS
FA0FA4900FA,#N/D
V0804448,REACH
L9Z8L904,STARKS
FA0040LO00,RIVERLANDS-1
LZ8488FA9,STORMLANDS-2
FA0004LZL,#N/D
FA009FA9VLO,#N/D
LO0LO090LO0,CROWNLANDS
LFA9009FAFA,CROWNLANDS
FA0008044,STARKS
L9L0LZ98,STORMLANDS-1
LFA80VL0V,STORMLANDS-1
Z00LLO0Z4,RIVERLANDS-1
L0Z08LZZ,STORMLANDS-1
L9LOVZZ8FA,IRONISLADS
LZFA9FA9,STORMLANDS-2
L0L0LOV9Z,STORMLANDS-1
Z0480LO,RIVERLANDS-2
LLO90080Z,REACH
L9Z8L904,STARKS
L89Z8948,REACH
FA0809VLOV,#N/D
L8LLO4L90,NORTH
ZZZ4Z0ZV,IRONISLADS
L98VFA94FA,STORMLANDS-1
L40044LO9,DORNE-3
L9LOV449Z,CROWNLANDS
98FA0Z40,DORNE-1
L8LL4884,IRONISLADS
LFAFA4ZV49,STORMLANDS-2
LZM0FAFA9FA,#N/D
80FA0FALO9L,NULL
Z04ZLL89,DORNE-3
L9ZL8404,STORMLANDS-2
L0LO4Z900,STORMLANDS-2
LLOV40LO40,STARKS
V0FA8LO9V0,STORMLANDS-2
V089LFAVV,STORMLANDS-2
LLO00FAV00,STORMLANDS-1
L444L00V,STORMLANDS-2
L4V0Z80Z,REACH
L9LO0LO09LO,HOARE
L494ZLO0LO,DORNE-1
FA0Z488L0,#N/D
LLO08840V,HOARE
L08VVL04,#N/D
LZ480ZZFA,RIVERLANDS-2
L9LO0LO09LO,HOARE
LVLO009FA4,DORNE- 2
ZZV904ZFA,RIVERLANDS-2
L0040ZVLO,#N/D
FA04ZLOL90,#N/D
9VV9FA00,RIVERLANDS-1
L4LOZ0L89,#N/D
L808800Z,DORNE-1
LVFAL900LO,IRONISLADS
LV0LZ08L,STORMLANDS-1
L90900LV,HOARE
LFAZLFAFALZ,STORMLANDS-1
FA0FAZ44,#N/D
L40LOLVVZ,STORMLANDS-1
L8004004,IRONISLADS
FA0LLO9LOFA9,#N/D
LZZ0LO8Z4,STORMLANDS-1
L0VVFAVZ9,STORMLANDS-1
ZZ80LFA8L,NORTH
L800ZM4L,NORTH
L04L40ZM,#N/D
LVLOFAL0FAV,#N/D
LFA4VLOL00,STORMLANDS-2
LO00LO980Z,CROWNLANDS
L9FA400,RIVERLANDS-2
800ZZLOFAFA,STORMLANDS-1
L8FA000V4,DORNE-1
ZZ0Z00V0,IRONISLADS
FA048008V,#N/D
V008VL,DORNE- 2
V0FAVVZV4,IRONISLADS
LV4FAZVZ9,HOARE
LLOFAZLOL,RIVERLANDS-1
LVFA8L04FA,RIVERLANDS-2
800LZ8L0,STARKS
LZ8FA090LO,STORMLANDS-1
LLOFAFA0V,IRONISLADS
L4L900LOFA,STORMLANDS-1
FA0080ZV0,#N/D
V09ZLO9Z0,STORMLANDS-2
8LL09FA4,IRONISLADS
L9848LZL,DORNE-1
V00FAZ9VLO,DORNE-1
LLOFA0049FA,IRONISLADS
LFA0L9V0,#N/D
L09ZFA94V,NORTH
FA000LVZ0,IRONISLADS
ZVLOZLOZ90,DORNE- 2
L8L0LO08Z,REACH
L0FA008,STORMLANDS-1
8Z4L8VLO,IRONISLADS
LFAZZFAZZM,STORMLANDS-1
LZFA08989,DORNE-1
L9Z0Z080,IRONISLADS
V0FA8LO9V0,STORMLANDS-2
FA0FAVL044,#N/D
FA0FAVL044,#N/D
L9ZLLO0V9,NORTH
LVFA8FAFA0FA,CROWNLANDS
Z0L4098V,DORNE-3
LFA40FA400,HOARE
9LOFA9490,HOARE
LFAZ4FALL8,HOARE
V0LZLO4L,IRONISLADS
LFA4LOLFA90,DORNE-1
LFAZ44988,STORMLANDS-1
L0488,IRONISLADS
LZM4FAVFA9,STARKS
LLO8FAZFAVFA,STORMLANDS-1
FA0000LO89,NULL
800VLOL08,STORMLANDS-1
LLOLZL0Z9,REACH
L08ZZ0FA0,CROWNLANDS
LFAV80ZFA8,#N/D
LZ8Z09V0,REACH
L9488FAL9,#N/D
9008940Z,#N/D
FA04ZML90,#N/D
LLOFAZ80V8,RIVERLANDS-1
LO0ZFA9LO89,AEGON
LO0Z0LZFAZ,AEGON
ZVZ8V890,NORTH
80LFALVVL,#N/D
FA00LV0ZV,#N/D
9000008,HOARE
FA0LV00Z0,#N/D
LLO9FA0LO9V,HOARE
LO0ZFAV9LL,REACH
8FA9FAL9LO,HOARE
80008ZV0,NULL
V000FA0LO0,RIVERLANDS-2
LLOV0880V,DORNE-1
LVZ4LOZZL,IRONISLADS
V0LL0L98,RIVERLANDS-2
L00FA804V,NORTH
L94FA80LOFA,NULL
V090LOFA00,REACH
L49LOZ8V0,CROWNLANDS
LZVLOZVV8,STORMLANDS-1
LZFAL40FA9,STORMLANDS-1
LFA0LO8FA44,IRONISLADS
LO88VV,DORNE-3
LVVLO04Z8,IRONISLADS
LLO440VVFA,NORTH
FA0LLO0ZM9,#N/D
L8Z09ZZ8,NULL
LVFA0Z89LO,CROWNLANDS
L8VL00V0,STORMLANDS-2
FA0Z84084,#N/D
L8490V9L,HOARE
L4L00V9Z,DORNE-3
LFA4L8Z04,HOARE
L84ZVLO40,DORNE-1
908ZLOZLO,HOARE
8FAZL44Z,HOARE
L04009L0,DORNE-1
LO0LOZ8ZZ0,AEGON
L9ZL8404,STORMLANDS-2
V09ZL090,STORMLANDS-2
ZZ0V0FAFALO,CROWNLANDS
LFAL0V0L9,IRONISLADS
Z0LOFAV0FAZ,STORMLANDS-2
L00FA0FA44,DORNE-3
LVL04ZZV,IRONISLADS
L004L9,AEGON
L40L89LO9,HOARE
FA00004,STARKS
FA0ZFAFA48Z,#N/D
L00004LFA,IRONISLADS
LZZFAFAFA,IRONISLADS
V9FA88LO8,HOARE
FA0FA4LV90,#N/D
LLOVFALO49LO,RIVERLANDS-2
LO0ZZLOFAFAZ,REACH
L98VFA94FA,STORMLANDS-1
LZ84LO404,IRONISLADS
LLO4Z98,REACH
L04FAV0FA4,IRONISLADS
LFAFA9VL8LO,RIVERLANDS-1
L4089VVLO,STORMLANDS-2
L40FAZVZ0,RIVERLANDS-1
8000LFAFAFA,NULL
L8098ZZ9,NORTH
LV8VLOFALO0,CROWNLANDS
LZ0L9VLOZ,DORNE-1
800L0ZLO4,STORMLANDS-1
89V0V84,HOARE
L08FAVL44,DORNE-3
V0LO44FA84,NORTH
L9ZFAV0FA0,#N/D
V00Z9FA0,IRONISLADS
L4FAVV008,#N/D
LV840Z49,STORMLANDS-1
LLLOFAZML9,DORNE-1
LFAV4LO80LO,DORNE-1
L0L049,STORMLANDS-1
LFAFAV88LL,DORNE-1
L8FA80LO9FA,NORTH
L90V09L9,NULL
L0FALOLLOL0,NORTH
LVV8V08LO,STORMLANDS-1
L4V4FA009,RIVERLANDS-2
LFAZ4LOL4V,STORMLANDS-2
LO0VLOVZVLO,STARKS
LVVVZMZZ,NULL
FAZ08LOFAL,#N/D
LFA44FA4LO0,REACH
VLO48L0V,HOARE
V080Z8LO8,REACH
FA004V8,#N/D
LV80FAL8V,CROWNLANDS
LLOFAFALO,DORNE-1
VFAZMLO9Z,IRONISLADS
V098LOFA,CROWNLANDS
L000Z9FAFA,RIVERLANDS-1
4ZL88FAL,IRONISLADS
8VZLO00L,IRONISLADS
L8490V9L,HOARE
Z0904LO9Z,STORMLANDS-2
L89ZZ890,NULL
ZZLO9LO8V0,NORTH
900V8ZML,#N/D
FA00LV94L,DORNE-1
LLOZV80FAZ,DORNE-3
L988VVL9,DORNE-3
ZVLOFAV00V,NULL
V040ZV09,STORMLANDS-2
L48LO0FA94,STORMLANDS-1
L84VFAZZ9,HOARE
FA00FA8Z08,RIVERLANDS-2
89FALO0FAL,HOARE
L8484908,HOARE
LVLFA8LOZL,RIVERLANDS-2
L0ZMZ9FA9,HOARE
L0444800,DORNE-1
LO04FA4V00,DORNE- 2
L4VLO9090,IRONISLADS
LZ89ZMVV,IRONISLADS
Z0000Z0FA,STORMLANDS-2
V009LO04Z,RIVERLANDS-2
L08LO0FA09,RIVERLANDS-1
V0000LO00,DORNE- 2
LLOLFA9LO04,DORNE-3
FA0VFAZ0L0,#N/D
L0V4FAVVL,IRONISLADS
L84L0V94,STORMLANDS-1
FA008LO044,RIVERLANDS-2
L8080V88,NORTH
LZ89V009,NULL
V9FA49FAFA,IRONISLADS
V00LO0Z0LO,STORMLANDS-2
L84L0VL0,DORNE-1
LVVZZZZ0,IRONISLADS
L4FAFA04LZ,STORMLANDS-1
LFAV4Z488,STARKS
90094VFA9,#N/D
9004ZMV9,#N/D
LLOL9489FA,IRONISLADS
L800V809,STORMLANDS-1
90048LLOL,#N/D
LL088809,#N/D
L90FAVL00,RIVERLANDS-2
L4Z08FA9Z,STARKS
LL080FALOZ,NORTH
LVLOZZ809,HOARE
V4ZZZFA8,HOARE
LFAV4FAVFAL,#N/D
L4ZFAVFAFA0,#N/D
LZ048V0Z,NORTH
L8L8Z4Z4,#N/D
LV800Z00,CROWNLANDS
ZVLOFA0V0LO,RIVERLANDS-2
L49VZ00FA,STORMLANDS-1
L90L0LO88,NORTH
LL0L90L8,#N/D
FA0L00FA8L,#N/D
L0LFAFAFA4LO,HOARE
L4FA0Z0LZ,DORNE-1
LZLLZMFA8,#N/D
V00Z0908,RIVERLANDS-2
L808LO0VFA,STARKS
LZFA40FA,STARKS
Z08490LL,DORNE-3
LLO8Z000Z,STORMLANDS-2
FA0FA0LOLFA4,#N/D
VLOL0488,HOARE
V09LO9LZFA,STORMLANDS-2
FA0FA0LOLFA4,#N/D
L8ZV00VFA,HOARE
8008898FA,STORMLANDS-1
L8FAV9LZV,DORNE-1
LO0V890VZ,STARKS
LFAZ0ZZZFA,DORNE-3
LVLO444,REACH
L0804LO,NORTH
LO0LOZ4Z00,#N/D
L40LLZ9Z,RIVERLANDS-1
L8Z0L980,IRONISLADS
L9VZVZZM,RIVERLANDS-2
Z04809LOV,DORNE-3
L8L8Z4Z4,#N/D
L0LOVLVFAL,HOARE
L0L0FA0,DORNE-3
90L40FAFAFA,#N/D
L4FA0Z0LZ,DORNE-1
LZLL4008,REACH
LLO04VZL8,RIVERLANDS-1
V0LOZFA8Z,DORNE-1
8L00LO04,DORNE-1
LV9LOVZLLO,DORNE-1
VZ89008,HOARE
LFAL9Z04L,STORMLANDS-1
L4LOZ4L0FA,STORMLANDS-1
LZ0L000Z,IRONISLADS
LLO4LO40FA8,#N/D
LO0ZMZL9FA,#N/D
L940LOFAVV,DORNE-3
LO000VVVFA,CROWNLANDS
900940FALO,#N/D
LLV4LV4V,#N/D
LL0FAZ9LL,NULL
L9Z0VLO08,AEGON
LLO0VV84L,#N/D
ZZFAZ9800,STORMLANDS-2
L49V0Z8FA,HOARE
LVZZMZMFA,IRONISLADS
FA0FAL4FAV0,#N/D
LLO90Z0FAFA,HOARE
L4VLO8ZLL,DORNE-1
LFALO9LO80LO,DORNE-1
LFALOLVFAVL,DORNE-3
L980VVLO0,RIVERLANDS-1
LO0LO00090,CROWNLANDS
L8Z8ZZM8,DORNE-3
L9LO80LO0LO,IRONISLADS
L008Z004,#N/D
8LLO8448,HOARE
L090FAL8FA,DORNE-1
V0LZLO4L,IRONISLADS
LZ09Z4ZFA,#N/D
V0L0LV49,RIVERLANDS-2
LFA80440Z,CROWNLANDS
V09V0LLOV,STORMLANDS-2
LV9LO09FA0,DORNE-1
V409808,DORNE-1
LFAV98Z44,DORNE-3
FA0VZM49FA,#N/D
LLO0LO9LO44,CROWNLANDS
V0LO0L0,CROWNLANDS
L400FAVZL,HOARE
LZL90Z4Z,RIVERLANDS-1
900098FA,DORNE-1
9008LL0FA,#N/D
FA0L9FA8L9,#N/D
LV89LOZ88,RIVERLANDS-2
LLOZ4ZLOFA4,DORNE-1
L984LOVL0,NULL
L048FAZ9FA,STORMLANDS-2
L0LOVFA008,IRONISLADS
L9FAL984L,STORMLANDS-2
L800Z8LZ,HOARE
V0FA800,CROWNLANDS
VLLLOVFAZ,DORNE-1
LLO8Z8Z49,RIVERLANDS-1
L9V0VFA,STARKS
FA080LOFA0LO,#N/D
FA0808LO98,#N/D
L4908Z44,STORMLANDS-1
LO0ZMFA00Z,REACH
8Z9LO0V9,HOARE
L4FA048FA0,#N/D
9FAFAZ040,IRONISLADS
V09ZL090,STORMLANDS-2
V0404498,STORMLANDS-2
FA0L4VFA8LO,#N/D
LVFA48889,REACH
L0FA0Z0LO8,#N/D
L00L80LFA,HOARE
LL48Z804,STORMLANDS-1
8040FA0V,HOARE
LO808LO,IRONISLADS
L9V94FA90,REACH
LZZ0V44Z,#N/D
ZZL984Z8,STORMLANDS-2
LO0LO00VLOV,#N/D
L8L4L098,DORNE-1
ZZLOV9LOL0,#N/D
LLO0L0FAZ0,#N/D
LFAFALO4VFA9,STORMLANDS-1
LLO0L0L40,DORNE-1
8V8LL84,IRONISLADS
FA009LZV0,STORMLANDS-1
8L89480,IRONISLADS
L808FA0FA0,DORNE-3
L84LOZ8L,DORNE-1
80LVV09LO,NULL
V090048FA,REACH
LV0Z04V8,RIVERLANDS-2
8L0ZL00,IRONISLADS
V0ZZVVLL,DORNE-1
LVLOZ8FALOFA,NORTH
LZ909FA00,NORTH
LL0ZFALL9,IRONISLADS
L4VLO8ZLL,DORNE-1
V0LVFAL44,DORNE- 2
LFAL0V04V,#N/D
80044,IRONISLADS
Z0ZFA8V9LO,DORNE-3
L40Z9L00,RIVERLANDS-2
LO00LVFA90,CROWNLANDS
Z089L090,DORNE-3
LV0FAVLLO0,STORMLANDS-1
LLFAV9480,STORMLANDS-1
LL44000LO,IRONISLADS
V889LOFAFA,DORNE-1
L4FA04FA4V,RIVERLANDS-2
Z04L8LOFA0,DORNE-3
L800L809,#N/D
L8V0LOV9FA,HOARE
LLOL0LO0L4,DORNE-1
80LOZ0V,DORNE-1
L0FAV9FA09,CROWNLANDS
L9FAVV9FA9,RIVERLANDS-2
FA0FAV0L98,#N/D
FA0Z8LO0LOZ,#N/D
LLO9FAVL80,DORNE-1
Z0VLOV9Z0,STORMLANDS-2
Z04VLOZZLO,RIVERLANDS-1
LFAV8LL98,RIVERLANDS-2
LO0000Z0Z,CROWNLANDS
LLOVLL008,IRONISLADS
Z0480LO,RIVERLANDS-2
V08Z0088,REACH
Z0LOFAV0FAZ,STORMLANDS-2
LZ0ZZ094,IRONISLADS
LFA9LO0Z0Z,STORMLANDS-1
LZLOVLV,STORMLANDS-2
LLOVLO00V0,NULL
LOZ88FA,STORMLANDS-1
LV00FA8LL,CROWNLANDS
LZLO40FALO9,STORMLANDS-1
L0080ZVFA,NORTH
LV000LO08,STARKS
L9L40840,REACH
LO0LOLV400,AEGON
L880FALV4,HOARE
LVFA4L9VFA,NORTH
V00ZVZLO0,STORMLANDS-2
L9L0LZ98,STORMLANDS-1
V0LVFAL44,DORNE- 2
L9V490L4,NULL
L4ZFA9Z04,HOARE
LLO098040,IRONISLADS
L0V4004FA,HOARE
L489088LO,STORMLANDS-1
L9LOFA48L0,NORTH
9Z98FA44,#N/D
L8FAL9Z40,#N/D
LVZ04ZLO4,#N/D
L8V9004V,HOARE
L498Z0,DORNE-1
V08904V0,STORMLANDS-2
L80LLFALOZ,#N/D
9LOL00LO4,DORNE-3
L880ZMFA4,RIVERLANDS-2
LLFA8VFA89,IRONISLADS
80L00VFA9,NULL
V0FAVVFALO8,IRONISLADS
LO0LFA08VZ,CROWNLANDS
L404FA89LO,NORTH
LO00LLOFA90,CROWNLANDS
V0LO0LZFA9,NORTH
L8LFA84V0,CROWNLANDS
LO0LOV0FA4Z,AEGON
LLLO0LOFA00,STORMLANDS-1
FA0LLO90LL,#N/D
FA0VFAZ809,#N/D
L090404L,NORTH
Z04ZLO9ZM,RIVERLANDS-1
L009FA0VLO,IRONISLADS
LFA8980FA0,HOARE
9Z0LO,IRONISLADS
L8ZLO8LZ8,NORTH
ZZFAVV89LO,HOARE
LLL0Z0LOV,DORNE-3
L94LFA0FALO,REACH
FA0L4FA00V,#N/D
LLOV9L00FA,DORNE-3
L89VZ40L,RIVERLANDS-2
L4L80844,STARKS
LL9Z8V40,STORMLANDS-1
L8V80FA90,DORNE-1
L9FAV00Z8,HOARE
LZ000V0V,HOARE
L94V40LO0,DORNE-3
LO00LFA0LLO,CROWNLANDS
ZZ0LLO8L0,DORNE- 2
LO0LOFA0V0V,AEGON
L9040V00,STORMLANDS-1
FA000VLO08,HOARE
Z00LOVZFA0,RIVERLANDS-1
L80088VLO,DORNE-3
LO0ZFAFA4ZV,REACH
L8L0940V,HOARE
9L0ZLO88,DORNE-1
V040LO9,CROWNLANDS
90L09840,#N/D
FA0FAVL044,#N/D
9004ZL90,#N/D
L89LLOZL8,DORNE-1
FA0LFAV8L9,#N/D
Z0VZ09L0,RIVERLANDS-1
L0ZL0FA90,DORNE-1
V0V94,DORNE-1
80L49800,STORMLANDS-1
ZZFAZL888,DORNE-1
V8LZ904,HOARE
LFAFA094LO8,DORNE-3
LVLO444,REACH
L0FA0ZV48,NULL
L984L840,NORTH
80FA0400LO,NULL
L0V0FAZLFA,DORNE-3
L9LL84L4,DORNE-3
L0FALZM00,IRONISLADS
L0094FAZZ,STORMLANDS-1
Z00V9FA,DORNE-3
V08904V0,STORMLANDS-2
L88ZFA94Z,NORTH
FA0L94L04,#N/D
L949FAFA80,DORNE-1
LVFA088FAZ,DORNE-1
FA0Z0L0Z0,#N/D
LO00ZVL9LO,CROWNLANDS
L40LOFAZMV,STORMLANDS-2
FA04Z000LO,#N/D
LV8LOFAL88,HOARE
L9Z0949L,RIVERLANDS-2
ZZ40LO0FA9,STORMLANDS-2
LVLO08888,DORNE-3
LV8ZVL40,DORNE-3
LZLOLLOFALOFA,STORMLANDS-1
LVZLOL04Z,CROWNLANDS
4ZMZMFA8,HOARE
L0LOVLVFAL,HOARE
L9400Z0FA,STORMLANDS-1
L0FAVLVLO9,STORMLANDS-1
90LFA88V9,#N/D
LFA04LFA8L,STORMLANDS-1
Z0ZZZ484,DORNE-3
LFA0FA9LOFA4,IRONISLADS
L9LOVLLOLV,DORNE-1
LZ098VVZ,IRONISLADS
80089LO,NULL
LO0LOFA84VZ,AEGON
ZZLO0LOL80,CROWNLANDS
LO0LVV000,CROWNLANDS
L0LO9L9LOZ,DORNE-1
L00Z9L0V,HOARE
FA0ZZ90ZFA,#N/D
LFALFALZ4,HOARE
L889LLV9,HOARE
FA0ZFA8VVV,#N/D
LLFALOZ90L,STORMLANDS-1
LZV08LV8,STORMLANDS-2
LZ098VVZ,IRONISLADS
L9FALO00LO0,STORMLANDS-2
80094Z4Z,STORMLANDS-1
L980Z8LO4,RIVERLANDS-2
L9LZLO490,DORNE-1
LO808LO,IRONISLADS
LL0FA08,RIVERLANDS-1
L88FA00LZ,NORTH
L89LOV004,DORNE-3
LZ89LOLFAZ,STORMLANDS-1
LLOLLZ9VL,NORTH
LFA9VZ40LO,IRONISLADS
L0VFAVV4Z,STORMLANDS-1
L8L4000FA,DORNE-3
800VV408,STORMLANDS-1
LVV09L00,DORNE-3
ZZZ0948V,NORTH
L890FA0L9,RIVERLANDS-2
L9V84LLOZ,STORMLANDS-2
L0LO48LOZ4,RIVERLANDS-1
L9ZV0L0LO,RIVERLANDS-1
LZVVFA0LLO,DORNE-1
ZVZ8V890,NORTH
LZM4ZVV8,IRONISLADS
Z0FAZV00L,DORNE-3
LFA0ZV8LO8,RIVERLANDS-1
FA009LZZZ,DORNE-3
L084V00Z,STORMLANDS-1
LFA00ZMLL,HOARE
L9VFAZ0ZV,HOARE
L9V8L049,#N/D
LZLOFA0880,RIVERLANDS-2
Z0FA0V00V,DORNE-3
894LZV4,HOARE
L8V0440Z,STORMLANDS-2
LLOLFAZ48Z,NORTH
LLO4ZLO08FA,DORNE-3
LO0FAFA8LVFA,CROWNLANDS
FA0ZZ9L48,#N/D
L9LLOLZFA8,STORMLANDS-2
LZZVZV90,REACH
L88LO00LFA,RIVERLANDS-1
L8004988,STARKS
LLO00FAFA09,RIVERLANDS-2
LV049FA49,DORNE-3
LV09049Z,#N/D
LZ0L0ZV9,STORMLANDS-1
LZ9489ZFA,RIVERLANDS-2
LVLO8LLO8FA,#N/D
FA0008Z04,STORMLANDS-2
LLVFA808FA,STORMLANDS-1
LZ4Z0ZZLO,STARKS
ZZZ9VFAZ8,IRONISLADS
LZZ90LOZL,HOARE
LFAZ0LOFA90,IRONISLADS
LVVZL009,IRONISLADS
LZLOFA8FA48,DORNE-1
L00ZLO0LOV,RIVERLANDS-1
LO00L4L,CROWNLANDS
L0FA00V9L,IRONISLADS
LVV40LO48,NORTH
ZZ8L8LOFALO,RIVERLANDS-2
LLO080LO48,DORNE-3
V0V000Z,HOARE
LVV9ZLL8,STORMLANDS-1
ZZFAVV89LO,HOARE
L0FAZZ0LO9,DORNE-1
LL04V0LOZ,STARKS
LO0ZZ48V0,REACH
L98V90LOL,DORNE-1
LFA0LOLLV4,IRONISLADS
L400LOVFA4,DORNE-1
LLO4FA4Z94,#N/D
LVLO9FAV,IRONISLADS
LV9FAVZV9,REACH
LO0FAZVV9Z,CROWNLANDS
LFAZZ0098,#N/D
VFAZ0LO0Z,IRONISLADS
L9LOFA4FA4LO,NORTH
LZ80FAVLOL,STORMLANDS-1
V00FAZ40V,RIVERLANDS-2
LZ9440L4,DORNE-1
L9LFA988Z,HOARE
LVLOZLO800,STORMLANDS-1
L8VZLFAV4,DORNE-1
LO04FA8V0Z,AEGON
LLVVLOLLOL,NORTH
LZ49FAFA08,REACH
L9LFA988Z,HOARE
LZ89ZMVV,IRONISLADS
LLOL80V0V,IRONISLADS
LLV49ZZ9,HOARE
V0Z4LOFALFA,REACH
Z0V00Z0V,DORNE-3
LO0ZMFA00Z,REACH
800FAL0FA4,STORMLANDS-1
L9LO80FAVZ,RIVERLANDS-2
FA000VLO08,HOARE
ZZVZM8VZ,NORTH
80LLOZ4L4,NULL
LO08ZFA80FA,#N/D
LLO0FA888V,HOARE
LFA000094,DORNE-1
L0V8V80LO,HOARE
LFA4L0FA80,#N/D
89LLO0ZLO,HOARE
LO0ZLOV888,RIVERLANDS-2
FA0VV0ZLO9,#N/D
L08848,DORNE-1
V08FA0L,REACH
LZ8V4LOLLO,RIVERLANDS-2
LZ08VFALO0,DORNE-1
L0VFA04LO9,STORMLANDS-1
L90LO9Z04,NULL
FA0LOLV8Z0,#N/D
L89FA9LO00,REACH
LL9808LO4,DORNE-3
V0FA8LVV0,STORMLANDS-2
L0FA80VLLO,IRONISLADS
LZLLZMFA8,#N/D
FA0FAV04Z4,#N/D
LLLO940L0,CROWNLANDS
LLO04VZL8,RIVERLANDS-1
L9V9ZM40,STARKS
FA0FA8Z409,#N/D
LZLLO008L,IRONISLADS
LL08V900,CROWNLANDS
L908L9VL,STARKS
LLFA0Z8Z0,IRONISLADS
V08LOL4ZV,REACH
V940VLO4,HOARE
ZZ400FA8L,NORTH
FA0ZL48LFA,#N/D
FA00L4FAV0,REACH
LZLO04090,IRONISLADS
Z09L88LO9,RIVERLANDS-2
LFA4FA9LOZFA,STORMLANDS-1
984FAFA,HOARE
L8VZ800V,STORMLANDS-1
L044FA4FAL,RIVERLANDS-1
LZ9V840LO,HOARE
84VFA8,HOARE
VL440VV,IRONISLADS
LFAZFA8LO9V,REACH
L0ZLFA0VZ,RIVERLANDS-2
LV9LO09FA0,DORNE-1
ZZV4904L,STORMLANDS-2
4048804,HOARE
LV8LVV,DORNE-3
L84040L0,NULL
L80LO9ZL4,STORMLANDS-1
LZFALO0904,STARKS
L4VZZ0,HOARE
L0FA00V9L,IRONISLADS
LLVFA4LO84,DORNE-3
90L00LOFA0,#N/D
L09V4LO04,STORMLANDS-1
L9VZ0LFA0,#N/D
ZZ48LO48LO,NORTH
90LZLZ00,#N/D
LFAV0VFALO0,HOARE
L0FAFA04ZFA,CROWNLANDS
VFA484Z9,HOARE
L9400LO0FA,IRONISLADS
L8909LO0V,CROWNLANDS
LO0LV0908,CROWNLANDS
LLOV40LV0,CROWNLANDS
L904LO00Z,RIVERLANDS-1
L9FAVLOV8FA,DORNE-1
LFAV0ZVLOV,STORMLANDS-1
LZMV00VV,RIVERLANDS-2
L9VLLOZVV,DORNE-1
VL44840,HOARE
849L0VV,HOARE
ZZFA48Z00,NULL
LLOFAFA0ZFAV,STORMLANDS-1
8ZL00,IRONISLADS
80L44L08,NULL
LVLOZ8FA4L,IRONISLADS
LV40ZMLO0,CROWNLANDS
LO0L090LFA,NULL
LO0V9FAL98,STARKS
L4984FA04,HOARE
V0LOFAL0FAFA,NORTH
8FAZ88FAZ,IRONISLADS
L8LOV80V0,STORMLANDS-2
LLZML084,DORNE-1
L80LOV0FA4,CROWNLANDS
LLOFA0L98LO,RIVERLANDS-1
L9LLOLZ80,DORNE- 2
800FA0L89,NULL
ZZ40ZVV9,IRONISLADS
LO04LZ4LOFA,#N/D
L9FA0LOV94,RIVERLANDS-2
LO0ZLO0ZLO4,RIVERLANDS-2
80LFA00FA8,STARKS
LLOLFA000FA,NULL
LL9VL9LO4,STORMLANDS-1
FA000Z004,NORTH
LFAV40VFAV,DORNE-1
L80LL800,CROWNLANDS
LL04Z0FALO,STORMLANDS-1
V089L4LZ,REACH
9FA8ZVZ9,IRONISLADS
LV9FA9408,DORNE-1
FA0V00090,#N/D
L9LOFAVL04,STARKS
LVFA8LV04,STORMLANDS-2
800LZ0Z9,STORMLANDS-1
LZZV084V,NORTH
L408FAFA9Z,IRONISLADS
L90Z40LZ,NORTH
V0L4LO4LO0,RIVERLANDS-2
FA0400840,#N/D
LLZLO0L0V,STORMLANDS-1
LFA4L0ZVFA,NORTH
LV08L4ZM,STORMLANDS-1
L80LOV4L0,STARKS
L4FA900LO8,RIVERLANDS-1
8404FA4L,IRONISLADS
FA0L08FAVL,#N/D
LZMZ9FA8FA,REACH
L4LOLLZLZ,HOARE
L8LV0VZZ,#N/D
LZ89LOLFAZ,STORMLANDS-1
L940V8FAZ,NULL
FA0V8LLO4Z,#N/D
LLOV0Z9LO9,RIVERLANDS-2
L8ZLO00V9,#N/D
8V8LL84,IRONISLADS
ZVLO84L8LO,NULL
ZZ0LLO8L0,DORNE- 2
ZZ400Z90,RIVERLANDS-2
FALVZ94LO,HOARE
8008LOVVLO,STORMLANDS-1
ZZ4V090FA,NORTH
Z0LOZ8Z9FA,RIVERLANDS-2
LV0LZ08L,STORMLANDS-1
ZVLO080LO0,RIVERLANDS-2
L9V88L0LO,REACH
LLO4LLO0LLO,STORMLANDS-1
LLO4V4FAL8,#N/D
8004VZL4,STORMLANDS-1
L900ZM04,STORMLANDS-1
ZZZ04LLO8,NORTH
LZLOZ894FA,#N/D
Z0FA94FAZM,DORNE-3
LV90VV0V,DORNE-1
L480FA00V,NULL
9498V0V,#N/D
L90FAFAZ0LO,REACH
LZVV48FA0,STORMLANDS-1
9L94Z08,HOARE
LZLO08409,NORTH
ZZLVZM40,IRONISLADS
L09LO80L0,IRONISLADS
L8ZL0FAVZ,IRONISLADS
L4V00FA0FA,STORMLANDS-1
L00L80LZ,HOARE
900400FAZ,#N/D
LLO00FAL04,RIVERLANDS-2
L0V0FAZLFA,DORNE-3
90LO0FALOZ,DORNE-1
L80FA49V8,DORNE-3
LO0ZFAFAZLV,DORNE- 2
LLO9FAVLO04,HOARE
L800FAFA40,#N/D
V0L004VV,RIVERLANDS-2
80FA004V0,STARKS
L8LO90LO40,RIVERLANDS-1
L8048Z84,IRONISLADS
LO0LVV000,CROWNLANDS
FA0490884,#N/D
800FA09LOL,NULL
Z09400V0,RIVERLANDS-2
LFAL00L00,HOARE
V00LOFAL8Z,STARKS
LLO0V89,#N/D
4098LFA4,DORNE-1
9VFA80ZV,DORNE-3
LO0LO0ZZFA0,CROWNLANDS
ZZ4L8LLO4,NORTH
FA00LOFA000,NORTH
LFAL84LO9FA,CROWNLANDS
L9ZMV0,DORNE-3
LVFA9LO8LOL,STORMLANDS-1
FA04ZZ9FA4,#N/D
FA00Z8LV0,CROWNLANDS
ZZ0FA4Z0V,NULL
V984080,HOARE
89Z094LO,HOARE
L900880LO,STORMLANDS-1
L0004Z09,RIVERLANDS-2
ZZFA48Z00,NULL
L8LVLO944,STORMLANDS-2
900940FA4,#N/D
8L9V4V,HOARE
V0L0Z4L9,DORNE-1
V0LVLOV40,RIVERLANDS-2
L8V80FA90,DORNE-1
LVLL0840,RIVERLANDS-2
L0LOFAFAZZZ,HOARE
L0ZFAV9V8,IRONISLADS
FA0Z00090,#N/D
FA0FA8Z409,#N/D
L0LZ4940,STORMLANDS-1
L0LOFA4Z00,RIVERLANDS-1
ZZV84FAZ8,HOARE
LV0LZ0FAFA,STORMLANDS-1
L909FAV0V,NORTH
LZL8409V,STORMLANDS-1
L9Z9FA009,STORMLANDS-1
LZFAL40FA9,STORMLANDS-1
LLZZVL09,DORNE-3
LLOFA808L4,STORMLANDS-2
V0VLO0904,STORMLANDS-2
L40FAV9Z9,DORNE-3
V000LO84L,CROWNLANDS
LVLZV4Z0,DORNE-1
L4V4FA009,RIVERLANDS-2
LVVZ44LLO,CROWNLANDS
L4ZZ0VLO0,STORMLANDS-1
L840LL90,DORNE-3
V0LLO4098,RIVERLANDS-2
LLOZ4ZMLO9,DORNE-1
84VLOVV9,#N/D
LLO900LO0LO,DORNE-3
L8FA404,RIVERLANDS-2
L98ZLLO90,IRONISLADS
L09L0LO94,DORNE-1
L9FAZML9Z,NORTH
LV94LL90,#N/D
LLOZFAZL9L,DORNE-1
L90V08FALO,AEGON
L9LO40L48,#N/D
LZ9L49ZV,HOARE
LZLOVL44FA,HOARE
LV0LO0VFALO,IRONISLADS
L4VZ8L,IRONISLADS
LO0LOFA0ZV4,REACH
ZVLOZLO89L,NORTH
L8L88VFAZ,IRONISLADS
ZZVZM8VZ,NORTH
L8Z890FAL,STARKS
L80Z8LL0,NULL
LO0ZL4VZ8,DORNE- 2
LO0L9LOVZ4,CROWNLANDS
LVLOFAFA8LOZ,IRONISLADS
L9Z4LZ00,STORMLANDS-1
90L4800Z,#N/D
Z00L8LOFA8,STORMLANDS-2
L49LFA08LO,HOARE
8000LVLZ,STORMLANDS-1
L9LO44044,HOARE
L4FAZ8LFA9,RIVERLANDS-2
L0044FAZ9,#N/D
LZL40L,RIVERLANDS-1
LLOZZ9844,#N/D
L90ZLLFALO,DORNE-1
800FA000FA,NULL
L0LOFA84,STORMLANDS-1
L9809LOL8,HOARE
Z0LOL0LFA8,RIVERLANDS-1
L90V00LOFA,HOARE
LLO00V8FA9,STORMLANDS-1
8Z9LL90,HOARE
L8FAFA0LLOFA,#N/D
LVFA0LFA0V,IRONISLADS
LLOV00ZM4,REACH
V00VL980,STORMLANDS-2
LLO89LOZLO4,HOARE
8FAFA00,HOARE
LZ4FA0ZZ0,STORMLANDS-1
L9LOFAFAFA04,#N/D
VL4L,DORNE-1
LFA0L00Z0,STORMLANDS-1
LLO0FALO8V9,STORMLANDS-2
FA00LV94L,DORNE-1
ZZZ4Z0ZV,IRONISLADS
L4VFAZMFALO,NULL
LZZZLO0,NULL
L9Z009FA0,STARKS
LLOVFALO49LO,RIVERLANDS-2
L894L00Z,RIVERLANDS-1
Z0ZFAV0FAZ,DORNE-3
9004VV4LO,#N/D
LO0ZL8Z88,DORNE- 2
LZLOVL440,STORMLANDS-1
900LLZ0V,#N/D
L8048400,DORNE-1
L0000L,RIVERLANDS-1
L98Z90ZV,NORTH
L90LZVLV,DORNE-3
L0L9FAFA8V,HOARE
L40Z0L98,STORMLANDS-1
ZZLO4FAFA8V,STORMLANDS-2
LZ09LOZZL,STORMLANDS-1
V0Z90FA0LO,HOARE
LFAZLOZ09Z,STORMLANDS-1
LFAZM49VZ,STORMLANDS-1
L90040,STARKS
90ZLZV9,IRONISLADS
LLO9008V0,STARKS
L980VZFA8,RIVERLANDS-1
V9ZZZZV,#N/D
LVFAFAZZLO0,REACH
LFALFAL4,STORMLANDS-1
FA0LOZ9840,#N/D
LLO989V48,NULL
LZMLZ4FA0,STARKS
80FA4L80,HOARE
4VV0ZM8,HOARE
9V8LO9,IRONISLADS
L8ZV89L9,#N/D
LLO989V48,NULL
LVLLO8L0FA,DORNE-1
L800FA9,NULL
L0LLLOZ00,NORTH
LVVFAZML4,DORNE-1
L80ZLFA,STORMLANDS-1
L80Z0L9V,NORTH
LZ4ZM444,HOARE
LV00ZZ40,RIVERLANDS-2
LFAZ80LO00,HOARE
LLV00000,STORMLANDS-1
LV4Z0FAV0,#N/D
L8049800,STARKS
LZMZFA0LLO,HOARE
L0004Z09,RIVERLANDS-2
LVZLOL04Z,CROWNLANDS
L90ZMV,NULL
LZVFA00ZLO,STARKS
Z00ZLO004,RIVERLANDS-1
LVZMV9Z0,RIVERLANDS-2
L0L49000,STARKS
V404ZZV,IRONISLADS
LZ08LO0,DORNE-1
Z00V09VFA,DORNE-3
L0ZFA4LZM,STORMLANDS-1
809FAL8,IRONISLADS
L9L8LOVZM,HOARE
LO0LVZMZZ,NULL
L0L049,STORMLANDS-1
LZ9V90LO0,#N/D
L9LLO8VZ0,DORNE-1
V0LOFA00FA9,NORTH
LLO8L9VZV,STARKS
V0488888,REACH
LLOV9L4LLO,IRONISLADS
LO00L9LOFAV,CROWNLANDS
LV840Z49,STORMLANDS-1
V04400Z9,STORMLANDS-2
V09V0VL9,STORMLANDS-2
FA0LZ0989,#N/D
V0V0LZ98,NORTH
4VV0ZM8,HOARE
LV9V00LLO,DORNE-1
LZZZZLOL0,NULL
LZL488,NULL
VZMFALFA8,IRONISLADS
Z0L8LLOVZ,RIVERLANDS-1
L8L80L80,STORMLANDS-1
LZL4LO0,REACH
L8L80L80,STORMLANDS-1
L89FALOLFA8,NORTH
LO0Z9FAVZ0,REACH
LLV00900,RIVERLANDS-1
L4FALO0L9FA,HOARE
LFAVFAZ9V0,STORMLANDS-1
LZ00VLOLV,HOARE
900FA980FA,#N/D
V0LV0LOFA9,RIVERLANDS-2
LLO08VLOVL,DORNE-1
V0LLO89LO0,RIVERLANDS-2
L9000Z0V,#N/D
L80L0890,NULL
LO0490LO0L,AEGON
9LOV8FA,RIVERLANDS-1
L980Z8LO4,RIVERLANDS-2
LLO4FA844L,IRONISLADS
L84L0440,RIVERLANDS-2
LZ084ZFA4,DORNE-1
8LFA44VLO,HOARE
L909LOFAL4,DORNE-1
LO0V9FAL98,STARKS
L0V9FA808,NORTH
L4040FA88,IRONISLADS
LO0L8V8VLO,NULL
LLO8040Z4,#N/D
LLLFA44ZV,STORMLANDS-1
FA0VZLO480,#N/D
LFA098844,HOARE
LL90Z4FA0,HOARE
L00FA9L0Z,RIVERLANDS-2
V848VLL,HOARE
LZ4FAV904,HOARE
ZZVFAV9FALO,NORTH
LZ8L944V,DORNE-3
LZFAZZLV0,RIVERLANDS-2
LZ44LLOFA0,STORMLANDS-1
LLOZ88FAL9,HOARE
LZ98LZ80,DORNE-1
LZ089ZV0,DORNE-1
LO0LO0LOFA0FA,CROWNLANDS
FA004L494,#N/D
L9ZMFAZ80,STORMLANDS-1
Z08490LL,DORNE-3
V809VFAL,HOARE
LO009040V,CROWNLANDS
ZZLZZM0LO,CROWNLANDS
L9L409ZM,RIVERLANDS-1
FA00V0FA09,#N/D
LV40009Z,DORNE-1
LZLOFALOZ0FA,STORMLANDS-2
LO00LFA0LLO,CROWNLANDS
L9498FA84,STORMLANDS-1
Z0Z88Z,DORNE-3
LV0000FA9,STORMLANDS-1
LZLO9LV0Z,HOARE
L009FALOV0,RIVERLANDS-1
LZ8LOVZ4V,IRONISLADS
FA0FA090V9,#N/D
L800Z09FA,STORMLANDS-1
LLO04FAFA04,STORMLANDS-1
LLFA8ZVL4,DORNE-3
FA09LOLLOVFA,#N/D
FA0L0V0LLO,#N/D
L4FAZFA9V0,RIVERLANDS-1
L80949Z8,REACH
LFAV0ZVLOV,STORMLANDS-1
LLO040FA08,STORMLANDS-1
LFALO080Z4,STORMLANDS-2
Z00FAV0L9,RIVERLANDS-1
L8ZL0V,#N/D
L80ZL9LO0,STORMLANDS-2
L94LLOL0FA,NORTH
VLOVL904,IRONISLADS
FA0LL8LO0LO,#N/D
L8FA8LO9LOL,HOARE
V009VZ8,HOARE
LO0Z8FAZ0FA,DORNE- 2
L9LOFA9ZZ0,REACH
Z0V0FAFA80,DORNE-3
LV49LZVV,IRONISLADS
LLOFA4FA490,HOARE
LFAFALO0L8Z,DORNE-3
LZM4VLFA4,STORMLANDS-1
V04VLO9ZV,REACH
LLOV0FA889,STORMLANDS-1
L80LZLVZ,DORNE-1
94FAFAFAFA0,DORNE-3
L9VL80,HOARE
LV00L9LL,NORTH
L9Z8984LO,STORMLANDS-1
L84ZV8L9,#N/D
L9ZVL0,#N/D
FA048FA088,#N/D
L90L0ZL9,HOARE
L4VL80,NULL
L8090Z0L,IRONISLADS
L88LLOLZ8,NULL
Z000VZFAV,RIVERLANDS-2
LZ0ZFALO8L,#N/D
LVL449VFA,#N/D
84ZL9Z0,DORNE-1
V0V000Z,HOARE
L9LZ4VLLO,#N/D
LL4V4ZFAZ,#N/D
ZVLOFA0FA0LO,HOARE
94Z40ZZ,HOARE
ZZV8ZM0V,NORTH
LV08LOLV4,#N/D
LVZ8L0,REACH
L84L980Z,REACH
LV4LOLV04,HOARE
FA000989L,HOARE
LLVFAFALOL4,STORMLANDS-1
LLO4ZFALL8,REACH
L0Z00LO0LO,RIVERLANDS-1
LO0LO0VLV0,CROWNLANDS
Z0LOLLO0VLO,RIVERLANDS-2
LLO0ZVVFA0,RIVERLANDS-2
9009LOZLOL,#N/D
ZZ09L8FAL,RIVERLANDS-2
L8FA4FA040,IRONISLADS
LVLO8LLO8FA,#N/D
LLOZLOLLOZ9,#N/D
LZ9LOFA4,RIVERLANDS-1
LV0LOVZFAFA,#N/D
L0LOL0LOVV,RIVERLANDS-1
L49V4VFAL,DORNE-3
LFA8ZFAFA0L,STORMLANDS-1
LFA09FAFAV4,RIVERLANDS-1
L4FALO4048,STORMLANDS-1
L98LLO8,HOARE
L9FA40ZL0,IRONISLADS
LZFALVLZV,DORNE-3
L08FAVL44,DORNE-3
L84LOLFAZFA,REACH
L0800LVFA,RIVERLANDS-2
LLV00ZL0,STORMLANDS-1
LO08VFA0LO0,CROWNLANDS
LO04ZLFA8LO,CROWNLANDS
LO0Z4LLO,DORNE-1
Z008Z80L,RIVERLANDS-1
LL9LZ0,IRONISLADS
VZ49040,DORNE-1
LLV089V4,STORMLANDS-1
L8FALO44L9,RIVERLANDS-2
L840VZ00,STORMLANDS-2
LFA9009FAFA,CROWNLANDS
LVZ0FA80L,STORMLANDS-2
L9V0FA4L0,RIVERLANDS-1
900ZMLOZLO,#N/D
LZFAV00FAFA,STORMLANDS-1
LLOLFAZ48Z,NORTH
ZZZ98V8L,NORTH
LV0098LO9,HOARE
LLLOZLLL4,NORTH
L0LO90LOFAL,STORMLANDS-1
L9LO00L8FA,NORTH
LLO90L04L,RIVERLANDS-2
LFA0LOZFAZL,STORMLANDS-1
L80V0LO0Z,HOARE
LLO4FA4909,NULL
L9800VV0,NORTH
L9VLO94ZLO,NULL
L4LFAFA089,DORNE-3
L90V8V00,IRONISLADS
FA0V0088L,#N/D
LLOZ88900,#N/D
LLOLZVFAFAFA,RIVERLANDS-2
FA0089VZ0,IRONISLADS
L9LO880V9,IRONISLADS
LO0Z04Z9FA,AEGON
9ZFA09ZFA,DORNE-1
LO0V0L40LO,REACH
LZZ804LOL,DORNE-3
L0VLO0L9FA,IRONISLADS
L0ZFA00VFA,HOARE
V4000ZM,HOARE
LVFA0L0Z9,STARKS
L889LLV9,HOARE
L9ZZ8LO4FA,RIVERLANDS-2
Z0LOL4LZ4,DORNE-3
L908FAFAVV,STORMLANDS-1
LV89L40LO,#N/D
L8VV9FAFAV,DORNE-3
FA00LOV0VFA,#N/D
LZFA40FA,STARKS
FA00LOLL9FA,IRONISLADS
LZFA0ZVLL,IRONISLADS
LZL80LO00,DORNE-1
L90FA0809,RIVERLANDS-2
LVZZMZMFA,IRONISLADS
L849LZZ4,DORNE-1
800VLOV8FA,STORMLANDS-1
Z00LLO0Z4,RIVERLANDS-1
ZZ4V090FA,NORTH
FA0L0FALOZV,#N/D
V4ZLO4LO9,IRONISLADS
Z0FA0LOL0Z,DORNE-3
L00Z0LO44,DORNE-3
LL0LO88,RIVERLANDS-2
L9LO80FAVZ,RIVERLANDS-2
LFAFAZM8V9,RIVERLANDS-2
94LO9090,HOARE
LOVZL40LO,HOARE
LZVVL08V,HOARE
FA0FAL4FAV0,#N/D
Z0FAL9FAV0,DORNE-3
L08V9Z84,NULL
LL0FALO0ZLO,DORNE-1
LLO08FAVZ0,DORNE-1
L888LOVLLO,HOARE
LZLOZ80Z9,RIVERLANDS-1
L8ZM8LL0,#N/D
LZMFAL8V0,IRONISLADS
ZZ80LFA8L,NORTH
LFA48ZFA8FA,HOARE
LO0LLV0LO0,NULL
L8804LO4L,IRONISLADS
L4V0Z80Z,REACH
V00LV404,RIVERLANDS-2
LO0Z00L4L,AEGON
L8FAZZLO00,DORNE-1
LFAZLOZ0,REACH
LLO0VVZVZ,STORMLANDS-1
LZFAZZZ0L,STORMLANDS-1
FA0FA4V9Z4,#N/D
ZZZ000VZ,IRONISLADS
8889ZFA0,DORNE-1
L08LO0Z,STORMLANDS-2
LLLOFAZML9,DORNE-1
L4090V4FA,DORNE-3
LLOFAVV980,CROWNLANDS
LV00ZFAVFA,CROWNLANDS
L940LOLFAZ,HOARE
Z0Z4V4,STORMLANDS-2
L4Z0LO0FALO,NULL
Z0ZLO0FAZL,STORMLANDS-2
800L8FA8,IRONISLADS
9FA9LV00,DORNE-1
L90900LV,HOARE
LZ048V0Z,NORTH
LZM8LV0L,IRONISLADS
90L000FA8,#N/D
900L4LO00,#N/D
FA0L88L0L,#N/D
8004L00FA,STARKS
L9ZFAZ0L0,HOARE
9000L498,#N/D
L4LO04LO0V,IRONISLADS
V00LV404,RIVERLANDS-2
V08Z98FALO,REACH
ZVLOZLOL40,NULL
L88LO4LFA8,STORMLANDS-2
LO0LO090LO0,CROWNLANDS
ZZFAV080L,STORMLANDS-2
L0880LFA8,NORTH
Z00LO0,STORMLANDS-1
L98FA0V,STORMLANDS-1
LZ0V4FA48,DORNE-1
FA0LVVFA8Z,#N/D
L9LO094L0,RIVERLANDS-1
L8ZFAZ40V,REACH
LZ0LO980L,STORMLANDS-1
FA008V89V,REACH
ZVLOZ9L9V,RIVERLANDS-2
FA004LO0LOZ,IRONISLADS
L800LO9Z0,CROWNLANDS
FA048808L,#N/D
8LO44900,DORNE-1
L9LO44890,RIVERLANDS-2
LZV9V0L9,HOARE
8Z9LO0V9,HOARE
LLO89LL00,STORMLANDS-1
8LZ44,HOARE
L940LOV9LO,STORMLANDS-1
8L80LO09,IRONISLADS
V04V9FALO,IRONISLADS
L8940848,CROWNLANDS
800Z4L0LO,NULL
ZZLZV8LOZ,NORTH
ZZLO90LO0LO,NORTH
9LZ0FA8L,DORNE-1
80040Z94,NULL
FA00LOV49L,HOARE
9LZLO400,HOARE
L8LO4040LO,RIVERLANDS-1
LFAVL00LOL,STORMLANDS-1
9808FA8Z,DORNE-1
VLZFA00LO,IRONISLADS
90L0448FA,#N/D
V00Z9VVLO,STORMLANDS-2
L8FAVLO0LFA,DORNE-1
LLOVZV80L,RIVERLANDS-2
LZ80LLOZZ,STARKS
Z0FAZ09VL,DORNE-3
LLO844V4V,DORNE-1
LFA4FA0FAVZ,STORMLANDS-1
L0VLLOFAV0,STORMLANDS-2
8889ZFA0,DORNE-1
L8040VZL,DORNE-1
84ZL9Z0,DORNE-1
L88FAV04V,STARKS
V0ZLO89LFA,HOARE
L0LFAV8FAV,HOARE
LL08LZFALO,STORMLANDS-1
LLOV9ZFAFAV,DORNE-3
LLOFALVVVLO,IRONISLADS
V0FAV849Z,IRONISLADS
L840089V,RIVERLANDS-1
V040ZV09,STORMLANDS-2
Z00L0FALV,RIVERLANDS-1
LFA888FA0FA,CROWNLANDS
L44Z04ZV,REACH
V000FA9ZLO,DORNE-1
LO0Z80Z9FA,DORNE- 2
ZZLL00VZ,NULL
L0LO0LOL0LO,STORMLANDS-1
LLOV808V8,DORNE-1
ZZ8L0ZV9,NULL
V0FA84LO8Z,STORMLANDS-2
V0409LOZ,HOARE
Z0LFAL0FALO,STORMLANDS-2
LO000Z0VL,CROWNLANDS
80L0LFA80,STORMLANDS-1
L844LO4Z0,RIVERLANDS-1
Z04L8048,DORNE-3
L900LOL0LO,STORMLANDS-2
LVFA448,RIVERLANDS-1
L0VFA9LO9L,HOARE
L90L8LO00,STORMLANDS-1
L409FAZ4LO,RIVERLANDS-1
L000Z90Z,IRONISLADS
L8L48FA4Z,HOARE
L4VV00V4,RIVERLANDS-2
LFALO04FALOV,IRONISLADS
LFAVLO8VFA0,STORMLANDS-1
LLLZZFAVV,HOARE
LLO4ZFALL8,REACH
V084V840,REACH
L9L8Z8VL,STORMLANDS-1
LO0FA08LOFA4,NULL
LFA48FA8FA8,STORMLANDS-2
FA0L00FAFA9,#N/D
VVV4LOL0,HOARE
L0ZFA4LZM,STORMLANDS-1
L908V4LO4,RIVERLANDS-2
FA0FA090V9,#N/D
L84000LOL,STORMLANDS-2
L4ZZVL,REACH
L0904FA,STORMLANDS-1
L8Z084FALO,DORNE-1
L9VVV08FA,REACH
V0488888,REACH
LZ0ZLO088,IRONISLADS
Z0888L09,DORNE-3
8804404,DORNE-1
V0084V9L,NULL
L90ZFA0LOZ,DORNE-3
VLLL440,IRONISLADS
FA00V0LOL0,#N/D
80Z4LOV8,HOARE
LO0LO00LOFALO,CROWNLANDS
800VLZLO0,NULL
FA00LO809L,#N/D
LLO9FA9LO80,CROWNLANDS
LLZZVL09,DORNE-3
LO00LVFA90,CROWNLANDS
900ZZMLLO,#N/D
LO0Z80LOFAL,DORNE- 2
L8Z090,STARKS
L904Z0Z0,CROWNLANDS
LFA48FA8FA8,STORMLANDS-2
L9ZMV4L4,DORNE-3
LLLLOZFA0Z,RIVERLANDS-1
80LFALO000,NULL
LO0LO0VZ08,CROWNLANDS
LVZFAFALL9,HOARE
V0400080,STORMLANDS-2
FA0FAV4L8V,#N/D
L0400VZM,CROWNLANDS
L90FAVL00,RIVERLANDS-2
LFAFAFA4LO,STORMLANDS-2
LZLOFA8FA48,DORNE-1
LLZFAFA890,CROWNLANDS
LVZLO0L9V,HOARE
LFAFAVFAZ00,DORNE-1
LO0ZLOVV08,RIVERLANDS-2
9FAV0LOFA0,HOARE
LV8VLOFALO0,CROWNLANDS
800L0ZLO4,STORMLANDS-1
LFAFA4ZVFA0,DORNE-1
L404FA040,STORMLANDS-2
ZZVLOFA480,NORTH
L8948FA08,NULL
LL0LZZLZ,RIVERLANDS-1
LLOL0FA4LL,REACH
FA0Z49Z0L,#N/D
800ZV00,IRONISLADS
L88LL4Z9,DORNE-1
ZZZ8L080,STORMLANDS-2
LO00FA9FAVZ,CROWNLANDS
L004FAFA9LO,STORMLANDS-1
L0VV0FALO9,#N/D
LLFA0Z4LLO,RIVERLANDS-1
8LOLL400,HOARE
LVL0FAZ9FA,IRONISLADS
L0Z9044Z,RIVERLANDS-1
LLOLZ0LOZFA,DORNE-1
L09V4LO04,STORMLANDS-1
LVVFA0LO89,DORNE-3
LLO9L4Z9L,STORMLANDS-1
L4ZFAVFAFA0,#N/D
LFALZFA8Z0,HOARE
L090FAL8FA,DORNE-1
LZ988FALOFA,STORMLANDS-2
8Z90909,DORNE-1
LVFALOZFALO8,DORNE-1
L8LOZZ8L9,DORNE-3
LO09LO49V0,CROWNLANDS
LVLOFAL0FAV,#N/D
L840008FA,DORNE-1
L8LFA4ZVFA,HOARE
FA0Z8LO0LOZ,#N/D
L90L4FA0Z,#N/D
LFAVL4Z80,HOARE
L04FA44V0,IRONISLADS
LLO0LFALO0FA,DORNE-1
LZLO04FAL0,HOARE
ZZL4FA880,NORTH
LZLOL4LO00,STORMLANDS-2
L900094Z,#N/D
FA0FA0LZ,#N/D
LZLOZZ988,RIVERLANDS-1
FA00ZFAFA88,IRONISLADS
L90FAVL00,RIVERLANDS-2
LL8ZZ9V9,STORMLANDS-1
ZZ48V8VLO,STORMLANDS-2
V00FAZLO0V,DORNE- 2
L90LOLV0V,NULL
LLO8L80LLO,#N/D
L8V4Z4LOV,RIVERLANDS-1
LLO98LFALOFA,DORNE-1
9V8FAVLFA,HOARE
LZZ88VLZ,STARKS
LV0048Z0,REACH
L98ZVFA8L,HOARE
LO0ZLL9,AEGON
80LLO4Z0L,NULL
LLO80FA9L9,RIVERLANDS-2
V0ZM404L,NORTH
L40ZVLO9Z,CROWNLANDS
L908ZFA08,DORNE-3
8LVFAFA0L,IRONISLADS
VLO498V0,HOARE
L0LOV9FA4FA,STORMLANDS-2
V00Z9VV0,STORMLANDS-2
LVFA8L04FA,RIVERLANDS-2
L9ZV00Z9,DORNE-3
LO00VL0FA0,CROWNLANDS
L9LZV090,NORTH
LLO00LV9L,RIVERLANDS-2
LFA0LO8FA44,IRONISLADS
9Z4LLO4L,IRONISLADS
L9ZFAZ0L0,HOARE
LLOL40FA,#N/D
FA0409LO4V,#N/D
LLLOZ98V4,DORNE-1
LZMLOFAVVL,STORMLANDS-1
L0ZLO48,NULL
LVZ00004,CROWNLANDS
L80VV048,IRONISLADS
LL0VLL,STARKS
L9LOVFA04LO,STORMLANDS-2
L90V804LO,DORNE-1
L8ZVLZZV,IRONISLADS
ZZ400FA9L,NORTH
LLOL9VFA04,STORMLANDS-2
FA0Z89004,#N/D
L4LO80V4Z,DORNE-3
L94LL00LO,#N/D
90090VL4,#N/D
LVLLOZ0LZ,REACH
VL089FA4,IRONISLADS
L9FAZV0LOV,DORNE-1
L0LOFA900FA,RIVERLANDS-1
900404LOZ,#N/D
FA00L4LV4,STORMLANDS-2
L0FA0L0V8,RIVERLANDS-1
LL8VV0LOZ,DORNE-3
V00Z0908,RIVERLANDS-2
LL40LFAVFA,HOARE
LFA80ZZLO9,STORMLANDS-2
L8000V84,STORMLANDS-1
L4VZ448Z,NULL
LZFA0LOV,NORTH
L9890LO09,STORMLANDS-1
LLO8L4ZZ0,DORNE-1
L4980LO90,STORMLANDS-1
LO04LVFA89,DORNE- 2
LZZZ8LOZ0,#N/D
L909V9LOL,#N/D
LFALO4Z880,IRONISLADS
FA0LLLO9LO4,#N/D
L8Z890FAL,STARKS
LFALOZ0Z8FA,STORMLANDS-2
LVL4VVLLO,RIVERLANDS-2
Z0V98LZLO,RIVERLANDS-2
L048LOV0FA,#N/D
FA00V9VFAZ,RIVERLANDS-1
L9FALO9FA00,IRONISLADS
FA00L008LO,NORTH
L90Z4404,NORTH
L40LOFAZMV,STORMLANDS-2
LFA0044LO9,RIVERLANDS-1
9L409L8,HOARE
L80VV048,IRONISLADS
LO0ZLFA0Z0,AEGON
L90V889Z,#N/D
LFA9Z0ZZLO,STORMLANDS-1
V00900FAV,STORMLANDS-2
L900890LO,#N/D
90L4L0VFA,#N/D
LLOLFALOZ40,#N/D
FA0LFAL9VFA,#N/D
ZLOFA40009,IRONISLADS
LZ90LOVLLO,DORNE-1
L08ZZ0FA0,CROWNLANDS
94FAZ0,DORNE-3
VLO4LOV09,IRONISLADS
L8LV098Z,STORMLANDS-1
L0ZLO9ZZ4,HOARE
LLO00FA0LL,IRONISLADS
L88004FA8,DORNE-1
LZ8L04LV,NORTH
9009LO9,#N/D
FA04Z9LFAL,#N/D
L0LOVL9LL,DORNE-1
FA0Z4VFA,#N/D
80L00VFA9,NULL
L94FA9FA08,DORNE-1
L8FA9LO004,DORNE- 2
L9L04Z0L,STORMLANDS-2
LZM4VLFA4,STORMLANDS-1
L90LOVL90,DORNE-1
8000FALO0,IRONISLADS
LFAZV0049,DORNE-1
90080FA0,IRONISLADS
L900L4FA4,RIVERLANDS-2
FA00FA04V0,RIVERLANDS-2
LO0Z04Z9FA,AEGON
V0LL0L98,RIVERLANDS-2
ZZZ8L080,STORMLANDS-2
FA00FA0ZFAZ,#N/D
L00FA9LOFAL,RIVERLANDS-2
L4FA0L094,STORMLANDS-1
900LZ948,#N/D
LZ8Z09V0,REACH
V040LO9,CROWNLANDS
LO0L409FAL,NULL
L8V0FALFAL,NORTH
LO0Z80L4Z,DORNE- 2
8009LOFALO4,NULL
LV00LZMLO,HOARE
LLFALO4ZLV,#N/D
980FA9LO4,IRONISLADS
LFA0LO98FAZ,NULL
800ZZLO40,STORMLANDS-1
LL40ZLFA0,#N/D
V08FA0L,REACH
Z000Z940,DORNE-3
L800LOFA0FA,DORNE-3
Z0LO4LOZ4Z,RIVERLANDS-2
L8FA4Z0,HOARE
LVVZZZZ0,IRONISLADS
LFAFA4LOV0FA,HOARE
LFAV8LL98,RIVERLANDS-2
Z00V8LO09,DORNE-3
L8VLO8FAZ4,STORMLANDS-1
LFA8Z9ZVZ,STARKS
LVFA00LOZV,STORMLANDS-1
L8Z0L980,IRONISLADS
LO0V90L8L,STARKS
L9880LOL0,CROWNLANDS
LLOFAZFA40Z,IRONISLADS
L8L80LO40,REACH
LFAL0FA9LO4,DORNE-1
L9FA890VV,REACH
LZZ90ZZL,HOARE
LLL0LOV,IRONISLADS
LO0LOZ90FA4,#N/D
L8V8VFALOFA,REACH
9Z98FA44,#N/D
L90FA4LO9FA,HOARE
V0Z4L08FA,REACH
LLOFA0FAZ04,STORMLANDS-2
L8V4Z4LOV,RIVERLANDS-1
L8V4Z4LOV,RIVERLANDS-1
L98LOVFAZ0,IRONISLADS
Z00448FA0,RIVERLANDS-2
LFAZFA8V89,HOARE
LO0FA400L4,NULL
V8090LO0,DORNE-1
FA04FAFA0V9,#N/D
LL8VVLZLO,CROWNLANDS
8LL00LOL,IRONISLADS
LLL0FA0,DORNE-3
ZZV4000L,IRONISLADS
L90FALO094,RIVERLANDS-2
VLO00840,HOARE
LLOZLL8ZFA,NULL
LFAFA9ZM,#N/D
LVLLLO4V4,#N/D
LLO00FAL89,STORMLANDS-2
LVZV9040,RIVERLANDS-2
FA040V8V8,#N/D
LZ8Z4LFA4,CROWNLANDS
LV8FA80LZ,STORMLANDS-1
Z0VZM04L,DORNE-3
L8800VL4,HOARE
FA048ZM80,#N/D
L9FAZM49LO,RIVERLANDS-2
LO0ZLO0ZLO4,RIVERLANDS-2
900FAFA90L,#N/D
LV9FA9408,DORNE-1
L8LOZV40V,RIVERLANDS-2
L8898VLO9,STORMLANDS-1
L9FA0LLZ9,RIVERLANDS-2
L9FAFA4040,DORNE-3
Z0888L4L,DORNE-3
9FAVFA000,DORNE-1
FA04ZLOL90,#N/D
FA09VZZ8L,#N/D
ZVLOL80V9,NORTH
LLO8909V9,#N/D
L8LL4884,IRONISLADS
FA0004LO4FA,STARKS
V00LO9LZZ,STARKS
LV9V0LO88,DORNE-1
VLOFA440FA,HOARE
ZZZ48LZZ,STORMLANDS-2
LLZ8Z09FA,STORMLANDS-1
LLZLO8LO4L,HOARE
80L9404L,STARKS
FA0Z0VLO90,#N/D
L4808ZZ8,IRONISLADS
FA00L4Z4Z,DORNE-1
LV8VZ0Z9,#N/D
L88V8VLLO,STORMLANDS-1
FA0LOV0409,#N/D
FA0LO0Z4VLO,#N/D
90L4LO4,#N/D
LLO44VZLOV,RIVERLANDS-2
8LFA4VFA0,IRONISLADS
LV80FALO,NULL
80L0FA404,STORMLANDS-1
LVZLO9FAL0,CROWNLANDS
L49VZ00FA,STORMLANDS-1
L8V0FALFAL,NORTH
FA0LVZ00Z,#N/D
LVFAFAZLZV,IRONISLADS
LFA8LOZL49,DORNE-3
V,DORNE-1
LLO4FAZ04Z,RIVERLANDS-2
LLOL0FAFA8L,HOARE
FA0FA4900FA,#N/D
L9FA0LLZ9,RIVERLANDS-2
L908FALOV8,STORMLANDS-1
9VZ0LOZZ,DORNE-1
900VVLOLV,#N/D
8LFA4VFA0,IRONISLADS
L9898LO88,DORNE-1
LVV94VLFA,REACH
FALOV9LZL,IRONISLADS
Z00LLLLOV,DORNE-3
Z0ZMZ0FAFA,RIVERLANDS-2
LV000LO08,STARKS
LLO0LO8404,RIVERLANDS-2
L9LVZFAZ4,#N/D
LLO08ZZZZ,HOARE
LVVLZ0LV,HOARE
L0L0LOV9Z,STORMLANDS-1
FA04FAL0VV,#N/D
L8V8490FA,NULL
L84FAVZ08,IRONISLADS
Z08V488LO,DORNE-3
L8LO8V800,NULL
L09VL0V0,IRONISLADS
4V40ZVZ,HOARE
FA0L09FAZL,#N/D
LLFA8ZVL4,DORNE-3
LFAFAFA9LV0,IRONISLADS
FA0LZ4LO90,#N/D
ZZ4LO8004,NORTH
L0FA4ZV00,DORNE-1
LLO04LZ,STORMLANDS-1
L4984FA04,HOARE
L0FA8LOV,NORTH
L0VFA4900,STORMLANDS-1
FA0FAFA00VZ,#N/D
LO00LOFAL04,CROWNLANDS
LLZML084,DORNE-1
FA0FA8VL0,HOARE
L898FA8V4,STORMLANDS-2
ZZ0ZM94FA,STORMLANDS-2
Z0404049,RIVERLANDS-1
L90ZMV4Z,HOARE
ZZ4Z8LO80,NORTH
L909V00Z,NORTH
L80LLOZFA9,NULL
LO0LO4VLO0V,#N/D
LZ49LLOVL,NORTH
LLO8LO9FALOL,HOARE
L8Z890FAL,STARKS
Z09FAZL09,RIVERLANDS-2
V00VLO04LO,STARKS
L840FA0LO9,RIVERLANDS-2
L80LO0ZM4,DORNE-1
FA0Z0LO9LL,#N/D
Z0Z9490L,DORNE-3
LFA8LO89FA8,IRONISLADS
LL90098FA,STORMLANDS-2
LLO0LOVLO8Z,DORNE-3
LZM80LOVZ,DORNE-3
8L0LOFA00,HOARE
L9Z8900Z,HOARE
L88ZLO90LO,STORMLANDS-1
L9FA8LO008,HOARE
Z008LO0LL,DORNE-3
L4940V0L,STORMLANDS-1
LO0Z00LFA9,AEGON
L98V0LOL8,IRONISLADS
L09ZLO0V8,NORTH
L40V088L,IRONISLADS
L9FA0ZZM0,HOARE
L080L0FAL,DORNE-3
Z00LO8898,RIVERLANDS-2
L8LOL9LOZ8,IRONISLADS
Z09FA4LO00,DORNE-3
LV90V490,IRONISLADS
900LO0LO4Z,RIVERLANDS-1
9L08LO8FA,IRONISLADS
V0ZMLZ40,NORTH
90004LO0Z,#N/D
L4LO8LO48LO,HOARE
L9LV0Z4Z,NORTH
VVFA0FALOL,HOARE
Z00L9098,RIVERLANDS-2
Z00L9098,RIVERLANDS-2
L80944,RIVERLANDS-2
8LLO8448,HOARE
90LFA0VFA0,#N/D
Z04FALO0LO9,RIVERLANDS-1
LZ80400V,HOARE
L880ZLO09,RIVERLANDS-1
V000L049,#N/D
L9Z84ZLLO,STARKS
L9LO08LOVFA,STORMLANDS-1
LV8LOZ4LLO,STORMLANDS-1
LFA098844,HOARE
9FA4L808,IRONISLADS
LV00009Z,STORMLANDS-2
ZZZ9LO004,CROWNLANDS
FA048LO49V,#N/D
LLO9FAL4LLO,STORMLANDS-2
Z0FALO09Z0,DORNE-3
90Z0408,DORNE-1
80LFAV80LO,NULL
LLLOFAZML9,DORNE-1
L94V8LO04,NORTH
LL409ZM4,NORTH
LFA8LO0L84,HOARE
ZZV84L89,NORTH
V0LOFAL0FAFA,NORTH
LV4ZV0Z0,NORTH
L90LO9FAVFA,STORMLANDS-1
80094Z4Z,STORMLANDS-1
LLLO0FAL40,RIVERLANDS-2
L4FA0FAZFA4,STORMLANDS-2
L89FA9LO00,REACH
L090VLO00,STORMLANDS-1
V0FAV040,DORNE-1
LV0FAFA4VFA,REACH
V00LOFAZ0LO,STARKS
V0LV4FA94,RIVERLANDS-2
LO04LOFA80V,CROWNLANDS
80L90004,STARKS
L8L48FA4Z,HOARE
FA0L0LOZZ9,#N/D
ZZ0L0L80,NORTH
FA04LO9ZMFA,#N/D
L0LO9ZLO0Z,STORMLANDS-1
VZ0FA80FA,DORNE-1
ZZZZ9LO4FA,NORTH
LZLOZL40Z,REACH
L8ZM8,DORNE-1
90084LOL0,#N/D
L90LO4089,STORMLANDS-2
LFAFA8VLVL,IRONISLADS
L04LOVVFAL,STORMLANDS-1
LL0LZZLZ,RIVERLANDS-1
L8FA09L4FA,CROWNLANDS
L8LO09V90,DORNE-3
90LO89VL,IRONISLADS
ZZL0Z0LO4,NORTH
L4090V4FA,DORNE-3
LLOZZMFA04,STORMLANDS-1
L900LO08L,DORNE-1
L8LLOFA0,STORMLANDS-1
L908LO0L4,CROWNLANDS
LZVV4408,NORTH
L809484Z,STORMLANDS-1
80LLOZ4L4,NULL
L84L98FA4,HOARE
9LO88ZLZ,DORNE-3
L90Z0VV8,NULL
89LO9084,#N/D
L8LOFA0FA00,NULL
LLOLFA9LO04,DORNE-3
LVFA0FAFA0Z,DORNE-1
ZZ00L0LL,STORMLANDS-2
FA0004LO4FA,STARKS
Z0Z0Z9FA0,#N/D
LV9FA0009,IRONISLADS
L8Z404VV,DORNE-1
L0VV8LO40,HOARE
VFA4LOZFAL,HOARE
80090LO4LO,STORMLANDS-1
894LZV4,HOARE
V00Z88FA4,STORMLANDS-2
LLZZ44L0,REACH
V8ZLO9,IRONISLADS
LL40FAL0L,#N/D
L4L8009Z,#N/D
FA0Z90FA89,#N/D
LVZ8L0,REACH
89LO80LO4,DORNE-1
FA0VZMLOV4,#N/D
ZZ004L9V,STORMLANDS-2
800LO009LO,STORMLANDS-1
ZVLOL9ZMV,RIVERLANDS-2
Z0L09V44,RIVERLANDS-1
Z04LOZVL8,RIVERLANDS-1
LZFA08LZ8,STARKS
L4FA09VFA0,STORMLANDS-1
L9Z84ZLLO,STARKS
FA0L0LOZZ9,#N/D
LZ00FALLO0,HOARE
V080400Z,REACH
FA00004LZ,REACH
LLOFA4FA490,HOARE
L0FA0FALO,NORTH
L009048FA,HOARE
LO00044FAV,CROWNLANDS
ZZFA0ZLO80,NULL
L9ZV0Z94,RIVERLANDS-2
ZZZ4L44FA,NORTH
V8090LO0,DORNE-1
LO0LO00V9LO,CROWNLANDS
FA0V9ZV,#N/D
LLO0LO9LO44,CROWNLANDS
FA0ZFAVLV4,#N/D
L908L8LO8,HOARE
L8LOLLFAV0,STARKS
L8FA4LOV9L,DORNE-3
L4LV0V0FA,DORNE-1
L9VFA000V,STARKS
V0LZ0V4,HOARE
8009LOVVFA,STARKS
LO0LO0L4V8,CROWNLANDS
8000LZ0FA,STORMLANDS-1
L949FAFA80,DORNE-1
L8890449,CROWNLANDS
L4LFALLOZ4,NORTH
L9VZ00V9,STARKS
90LLFAZ09,#N/D
LLOL0FALO00,REACH
FA0Z09LO08,#N/D
LZVVFA9ZZ,REACH
L9V0FA4L0,RIVERLANDS-1
L80ZLO8LOFA,STORMLANDS-2
LFAZLOL4ZV,NORTH
V0LV8908,#N/D
V000Z944,RIVERLANDS-2
V00440FALO,RIVERLANDS-2
LZFA40FA,STARKS
L90FALVLFA,REACH
9Z98FA44,#N/D
LO0LO00V9LO,CROWNLANDS
L9Z04ZV0,STORMLANDS-2
VLZFA094,IRONISLADS
L8LOZ9LOL0,DORNE-1
ZZ0Z4VLO8,#N/D
L9V08Z40,STORMLANDS-2
L8490840,#N/D
L4V000FA9,STORMLANDS-1
LO0LOFALO84Z,#N/D
LVL4VVLLO,RIVERLANDS-2
8440FA0V,HOARE
L8FA0ZFA0LO,CROWNLANDS
V089LFAVV,STORMLANDS-2
L8000908,IRONISLADS
LZ08FAFA44,NORTH
L9ZFA0FA4Z,DORNE-3
L0FALZ4LLO,RIVERLANDS-1
L0FAL0LO0Z,RIVERLANDS-2
LO0900Z0Z,CROWNLANDS
L8Z0FAFAFA4,HOARE
LV0Z94,STORMLANDS-2
L4V94LOV4,STARKS
FA0Z4VL,#N/D
LO00Z88,CROWNLANDS
L89FALO9FA0,IRONISLADS
L9L000ZV,STORMLANDS-2
L9Z8Z00Z,DORNE-1
FA0VLO9LZ4,#N/D
ZZ0ZLOV00,NORTH
Z0ZZLO480,#N/D
LFA8LO0LL0,IRONISLADS
LLO00LO8FALO,STORMLANDS-1
L9094V,#N/D
LFA84Z484,RIVERLANDS-2
FA0Z909LOFA,#N/D
LVVFA4904,STORMLANDS-1
V0L80Z8FA,#N/D
L0LOZ09Z4,STORMLANDS-1
LO04V80Z0,CROWNLANDS
80090LO4LO,STORMLANDS-1
LVZ40V40,NULL
L8Z9Z4Z8,#N/D
L9ZVL90V,IRONISLADS
V0LO090L,IRONISLADS
Z0LOL0LL0,DORNE-3
L9FA0449L,DORNE-1
LFAZM09VV,IRONISLADS
44098LOFA,HOARE
LLOV00ZZV,REACH
L8LO908LO0,DORNE-3
Z0LZ000Z,DORNE-3
L9L00090,CROWNLANDS
L8ZVZ8ZLO,STORMLANDS-1
L480Z9FA0,HOARE
LLO4VV9FA8,STORMLANDS-1
LFAZFA8V89,HOARE
FA0V48ZZ0,#N/D
LVL90ZL0,REACH
Z04ZLL89,DORNE-3
LO0V890VZ,STARKS
980FA9LO4,IRONISLADS
L4LO40L00,HOARE
Z0LOVFA0FA8,STORMLANDS-2
LLVL00,RIVERLANDS-1
L8949LO09,NORTH
V0889V0FA,REACH
FA00ZV098,RIVERLANDS-2
LVLOFA9000,NORTH
V00FA98FAL,DORNE-1
L040LO08V,STORMLANDS-1
L8VFA0LL8,RIVERLANDS-2
L0080ZVFA,NORTH
LLOZ4L8FA0,DORNE-1
V0400Z,STORMLANDS-2
FA0Z900LO4,#N/D
V0Z0440Z,REACH
LFA000L00,CROWNLANDS
FA004LFA,STORMLANDS-2
Z08V488LO,DORNE-3
LV44FAFA00,CROWNLANDS
FA0FA000LFA,#N/D
LFA009FAL8,NULL
LLOLZZ0FA8,STORMLANDS-1
L9VL0L09,HOARE
FA00V9VFAZ,RIVERLANDS-1
L98V90LOL,DORNE-1
Z009VFAL9,DORNE-3
LFA890VZ0,STORMLANDS-2
LLVVFAZ9Z,STARKS
90L4FA4ZM,#N/D
LV4FALVFA0,IRONISLADS
L8ZFAZ0LV,HOARE
904LO0L4,HOARE
8000Z4FAL,NULL
L88LOFAL90,NULL
LO0FALO4LV0,CROWNLANDS
L0Z80ZLV,STORMLANDS-1
V094LV88,REACH
L9LLOFAZFA0,HOARE
FA00004,STARKS
L098V48FA,HOARE
LZ8V400LO,RIVERLANDS-1
L8LOZZ04Z,DORNE-3
9Z8L04FA,RIVERLANDS-1
900V8LO08,#N/D
V0VL9LO,CROWNLANDS
L9880LOL0,CROWNLANDS
FA00LO0V0Z,#N/D
L00FAZ0Z9,IRONISLADS
LVLLOLL9Z,STORMLANDS-1
L90L04LOZ,STORMLANDS-1
LZLO0Z80L,REACH
LVZ0LLOV0,NULL
L840Z909,HOARE
L9FAFA0Z0L,CROWNLANDS
LVFA48Z00,HOARE
FA000V49V,NORTH
Z0LOL0LL0,DORNE-3
LV800000,DORNE-3
800FA8LZ0,STORMLANDS-1
LV08VL,#N/D
L9LOZLLOFAZ,HOARE
LFA8LOFA0LOL,HOARE
90Z44Z0,IRONISLADS
LO0ZFA0LOVV,#N/D
ZZLV8LZ0,STORMLANDS-2
L40Z4LO0L,CROWNLANDS
L044VLO8FA,IRONISLADS
L88FA844FA,DORNE-3
LLOZ00LO0L,#N/D
L8LOZV40V,RIVERLANDS-2
ZZ0VFA00LO,DORNE- 2
L0Z08LZZ,STORMLANDS-1
80FA0FALO9L,NULL
LZMLO4098,REACH
FA0LL0LLO4,#N/D
9V4ZZM0,RIVERLANDS-2
VLO9Z9LV,IRONISLADS
L4LOFALO8L0,HOARE
L9LOVFA80Z,RIVERLANDS-1
L8FA0LO0FA4,CROWNLANDS
LLOVZFAV,RIVERLANDS-2
L9ZLOVZ88,DORNE-1
L40ZM808,IRONISLADS
LLO9ZV94FA,NULL
V00L09FAL,RIVERLANDS-2
LLOVL804L,IRONISLADS
L40ZLOV8V,RIVERLANDS-1
LLV9LOLZM,NORTH
L40ZMFA9V,STORMLANDS-1
LL00LLZ4,#N/D
L8Z9V9Z9,#N/D
LFA9FAZLO0LO,STARKS
V0FA800,CROWNLANDS
LL9LO4LOL4,STORMLANDS-1
LO0LOV0FAV8,AEGON
888L4LOZ,IRONISLADS
LLO08404V,HOARE
ZZL0LO8LO0,NORTH
LLOFA80048,NULL
LVZFA4ZV0,NORTH
LLO900LO0LO,DORNE-3
V0LO9VFAFAL,STORMLANDS-2
LLV980VZ,STORMLANDS-1
L4ZZVL,REACH
L0VZL0LO9,NORTH
ZZ09FAFAFALO,#N/D
L89VLV0V,HOARE
L4V00FA0FA,STORMLANDS-1
Z0FALO0FA0V,DORNE-3
L0ZLVLZM,DORNE-1
FA0ZLO0LOL4,#N/D
Z009L00Z,RIVERLANDS-2
Z0Z4L8Z9,DORNE-3
L48ZL90V,NULL
FA00Z0494,#N/D
L0VZ0Z8Z,RIVERLANDS-2
VLOFAVL,HOARE
LO0V949LFA,STARKS
LV80LZV4,RIVERLANDS-2
LLZML084,DORNE-1
FA0LOV00LLO,#N/D
L9LVLZZ9,RIVERLANDS-1
LFAZ00ZLL,CROWNLANDS
L0L490LO0,RIVERLANDS-2
Z0L8FAZV8,RIVERLANDS-1
LLO408ZM9,IRONISLADS
L8Z09ZZ8,NULL
LL08LZFALO,STORMLANDS-1
L00008FAFA,RIVERLANDS-1
L900Z088,CROWNLANDS
V0Z4LOFALFA,REACH
L889V9Z9,HOARE
Z04VFAZZ4,RIVERLANDS-1
LLOVZ4040,DORNE-3
LLOVLO80FA9,STORMLANDS-1
L80FA0V9LO,#N/D
L0FA8900LO,HOARE
L8LOFAZM44,CROWNLANDS
FA09Z9489,#N/D
8FAZ94FALO,DORNE-1
L0000V80,DORNE-3
V00L88LL,RIVERLANDS-2
LLO8VZL4FA,IRONISLADS
L80LO8Z0V,CROWNLANDS
L0V0LO004,IRONISLADS
L9LVVLO40,NORTH
ZZFALOL000,RIVERLANDS-2
LO009404FA,CROWNLANDS
LZ9LO0ZL9,IRONISLADS
V0ZZ8LL0,DORNE-1
80LLVL9Z,STORMLANDS-1
LVFA9LOV44,STORMLANDS-1
Z08FA8LOVZ,RIVERLANDS-2
V08FAVFALO8,REACH
L44L0404,STORMLANDS-1
84LO4VFA8,IRONISLADS
FA0FA8L8L8,#N/D
800VVZ4V,NULL
90L009FA8,#N/D
L8L80LO40,REACH
LO808LO,IRONISLADS
L0LOL04ZV,IRONISLADS
L80VLLOFA0,NORTH
L8LLOZ80FA,DORNE-1
LL0FA08,RIVERLANDS-1
Z00FAVLO89,DORNE-3
8FA4FAV0Z,DORNE-1
VL904ZLO,HOARE
LLO0ZMLOFAL,NORTH
L84LOZ8L,DORNE-1
ZZ0Z00V0,IRONISLADS
LVZM9VFALO,RIVERLANDS-1
Z089LOFA8V,DORNE-3
LV4L8FA0V,STORMLANDS-2
ZLO9ZLV,IRONISLADS
90LZZM0LO,#N/D
V0098V09,DORNE- 2
L88LLOLZ8,NULL
LL080FALOZ,NORTH
L80LOVVZFA,#N/D
L848LOZLL,NULL
L440LZ9L,STORMLANDS-1
LLO0Z080,HOARE
FA00V4989,DORNE-3
L00L08LOFA,STORMLANDS-1
L498Z0,DORNE-1
LLZ8Z09FA,STORMLANDS-1
LFALZZFAZM,#N/D
FA00LZ488,#N/D
LO0Z0FA4,CROWNLANDS
V0L0Z9LO4,RIVERLANDS-2
L4988Z,#N/D
VFA00ZV9,HOARE
LO0LO0V4,CROWNLANDS
VZ0ZM8Z,DORNE-1
L4988LVLO,IRONISLADS
LO00004LV,#N/D
L94089FA0,RIVERLANDS-2
FA0098L04,NORTH
FA040ZVZL,#N/D
LV904009,NULL
Z0888L00,DORNE-3
L89VLV0V,HOARE
LO04FALLOL0,DORNE- 2
LZFA8089LO,DORNE-1
LO040LZ0V,CROWNLANDS
LZ90FA0LV,REACH
ZZ000FA8LO,RIVERLANDS-2
L9V0Z8LO4,REACH
9000FAVFAZ,#N/D
Z00LO8898,RIVERLANDS-2
ZZ80940Z,NORTH
V9VLO09FA,HOARE
Z0089ZZ8,RIVERLANDS-1
L8V89440,IRONISLADS
V0LOZFA904,NORTH
L9ZZLV4L,#N/D
L0Z0Z00V,CROWNLANDS
Z0FAVVLFA0,RIVERLANDS-2
LZFAZFAZZ8,DORNE-3
FA0ZL48LFA,#N/D
Z08FA8LOVZ,RIVERLANDS-2
LV9LO0FA4LO,STORMLANDS-2
ZZVLOFALO0L,IRONISLADS
VLFA809LO,HOARE
LVFA09V94,#N/D
L8L0884L,STARKS
LFAV4FAVFAL,#N/D
V00LO09LOFA,#N/D
LZ9VVFAFA9,NORTH
V89LO484,DORNE-1
L80FALO09L,RIVERLANDS-2
LFA84Z484,RIVERLANDS-2
FA0FALO00V4,#N/D
LZ4FA4Z9Z,HOARE
V00V94ZM,NULL
LLVFAFALOL4,STORMLANDS-1
L8LZM000,DORNE-1
LZ44Z0,RIVERLANDS-1
LO0L498VFA,NULL
FA00V0LOL0,#N/D
LLO9FAVZLO0,DORNE-1
LLOZLO8LOZ0,DORNE-3
L9LLL040,STORMLANDS-1
9008LO0LOL,#N/D
LZ0Z98VZ,CROWNLANDS
LVZ00004,CROWNLANDS
L9Z8LO0LLO,DORNE- 2
Z0FALOZLV0,RIVERLANDS-1
V0L4V04V,#N/D
V0LO40Z4L,NORTH
9L4LFA40,HOARE
L90L0FALO9,NORTH
900Z004V,#N/D
L8FALOZ0ZM,HOARE
L8VFA4LO8L,NULL
4ZMLO08LO,IRONISLADS
90LLLLOFAL,#N/D
LV0000FA9,STORMLANDS-1
LV900800,DORNE-3
LO0LLO8909,NULL
L880094L,HOARE
9404VV8,IRONISLADS
LVZM9VFALO,RIVERLANDS-1
ZZ400Z90,RIVERLANDS-2
Z0048FALO0,RIVERLANDS-2
ZZ08LFA80,NORTH
Z0V8LVFA8,RIVERLANDS-2
L4FAZLL00,STORMLANDS-1
LL4L90,IRONISLADS
800V9V44,STORMLANDS-1
L94LOFA900,DORNE- 2
LZ49LO0LOV,RIVERLANDS-2
LLZV0LO9V,RIVERLANDS-2
84LO00L0,HOARE
FA0Z0LOFALZ,#N/D
LZM0904FA,NULL
L9L8900V,RIVERLANDS-1
LL948L94,HOARE
L90VLOFA8LO,RIVERLANDS-2
Z008Z008,DORNE-3
89V40,HOARE
LVL048LL,CROWNLANDS
L4FA0ZM00,STORMLANDS-1
L9V9490L,STORMLANDS-1
L8LL4LVZ,RIVERLANDS-1
ZZFAZ490FA,NULL
LVLL940FA,NORTH
8004VVVLO,NULL
L89FA8FALO4,CROWNLANDS
L49L90FAZ,IRONISLADS
884L4ZL,HOARE
L8ZZV0VZ,RIVERLANDS-2
L4LLOFA090,STORMLANDS-1
L9FAZM49LO,RIVERLANDS-2
L9Z4LLLO4,NULL
LZZ804LOL,DORNE-3
8L8V4,HOARE
L8909094,DORNE-1
LO8LL0ZZ,HOARE
LFAFA9FA0VL,IRONISLADS
L9LOFAVL04,STARKS
LVZ0FALO0L,STARKS
LO0490LO0L,AEGON
8LO48,HOARE
L8LVFA04LO,RIVERLANDS-2
FA04FA0LOL0,#N/D
L949LLO8LO,REACH
VFALO0049,IRONISLADS
LVLVZ840,DORNE-3
V04FAFALO0LO,#N/D
LO0Z088V0,AEGON
LVLVZ840,DORNE-3
8009084,HOARE
L8LV0VZZ,#N/D
L9LO808FA8,NORTH
LL00L8Z0,HOARE
8Z4ZZM8,IRONISLADS
LV988LO,DORNE-1
L4LO08VFAZ,#N/D
L9V0FA8,RIVERLANDS-2
FA04Z04VV,#N/D
L8Z9V9Z9,#N/D
L90L4FA0Z,#N/D
L489088LO,STORMLANDS-1
L980Z04FA,DORNE-1
LLV00VZ0,STORMLANDS-1
9FA0LVFALO,HOARE
VL089FA4,IRONISLADS
LLLLLOL00,DORNE-3
L94VFA8ZL,#N/D
FA0ZFA80LOL,#N/D
LLLO0FA900,HOARE
L9040LOFA9,HOARE
LO080VLFA4,STARKS
800FA9448,NULL
FA00ZVL,NULL
ZZLOV0FA0Z,NORTH
LVV4V0FAL,DORNE-1
V0LZLO4L,IRONISLADS
LVLFALOV,HOARE
LVZFAL484,NULL
Z08FA04VLO,RIVERLANDS-2
V09FAV4LOZ,REACH
LZ0L0LZ8,RIVERLANDS-1
L8LOV9ZVLO,RIVERLANDS-2
LZZLOFA0ZZ,STORMLANDS-1
L94LO088L,NULL
LFA90LZ4L,IRONISLADS
Z00ZM00FA,STORMLANDS-2
L0LO8Z4Z8,STORMLANDS-1
9880040,RIVERLANDS-2
9840V8FA,RIVERLANDS-1
LLOZZZ8LZ,REACH
LLO8ZV90L,NULL
LLO00LO8FALO,STORMLANDS-1
LFAVZV9FA0,HOARE
LFA0LOLLV4,IRONISLADS
LLOZ00848,DORNE-3
V00Z4LOL9,RIVERLANDS-2
FA0ZZ4LZLO,#N/D
L8L9V89FA,HOARE
L0LZZ44L,NORTH
L90VFALVL,NULL
L80LOVZ8FA,#N/D
LLO0LLOZV4,STORMLANDS-1
LZ4FALZ90,REACH
894LZV4,HOARE
LZ0V9LO0V,NULL
L9890ZLO8,HOARE
LLOL9VFA04,STORMLANDS-2
LO0Z9FAFALOFA,#N/D
L8Z89ZLO4,DORNE-1
L9ZFA0904,#N/D
FA00L4LV4,STORMLANDS-2
FA04049FA0,#N/D
80009L8FA,#N/D
FA0LL8LO0LO,#N/D
LO0LO49084,#N/D
LFALO9FA8ZLO,DORNE-1
LZFA4Z890,STORMLANDS-1
LFA0L9V0,#N/D
ZVZFA0808,NORTH
800VV408,STORMLANDS-1
LZ8FAFALLO0,NORTH
V0L0Z9LO4,RIVERLANDS-2
L80ZL9LO0,STORMLANDS-2
V0L049V0,RIVERLANDS-2
LFAZ400LZ,DORNE-3
LVFA04L,DORNE-1
L98V90LOL,DORNE-1
L80VV048,IRONISLADS
L9LO9Z00Z,DORNE-1
FA000LV9L,DORNE-1
LVFALLOFA04,STORMLANDS-2
L0V00V00,DORNE-1
LFA40LOFAFALO,IRONISLADS
90ZLZV9,IRONISLADS
V090LFA00,REACH
L90Z980L,STORMLANDS-1
L00VFA9FAFA,DORNE-3
LO0LOFAZZV8,#N/D
LV4Z04LFA,HOARE
VLV0VFA0,#N/D
FA0L8ZV0L,#N/D
L4FAVV008,#N/D
L8V40840,IRONISLADS
L0VFALL80,DORNE-1
L4ZZMZ40,IRONISLADS
80LZZ09L,NULL
LV4Z09Z0,STARKS
848LLOLZ,HOARE
L9V40904,REACH
LZV9LOL8V,IRONISLADS
ZVLO0ZL04,HOARE
L4Z04LO9Z,REACH
L9Z08LFA0,#N/D
L8409ZFA0,STORMLANDS-1
LVL0090LO,NULL
L9094LO0LO,HOARE
FA0080Z8V,DORNE-3
LZ9LO9LOFA4,RIVERLANDS-2
LLOVFA0VZFA,NORTH
Z0Z00L00,RIVERLANDS-2
9LLV8,IRONISLADS
LV0ZMVLOV,STORMLANDS-2
ZZL40VLOZ,NORTH
LVVLO04Z8,IRONISLADS
Z0Z944VZ,DORNE-3
L9ZLZZL0,RIVERLANDS-2
FA0V40LVFA,#N/D
FA0ZVZFALFA,#N/D
Z0L04VVLO,DORNE-3
FA00LOV0VFA,#N/D
LLOFAL4Z9V,NORTH
LO0ZFA09LO8,DORNE- 2
V08L8FAFAV,REACH
800VLV0LO,#N/D
L94V88FA0,NORTH
L8804940,IRONISLADS
FA04L0808,#N/D
L9L9Z08FA,DORNE-1
LVVFA0LO89,DORNE-3
LLOV800FA8,#N/D
V090Z9,REACH
FA0008Z04,STORMLANDS-2
LFA4L0ZVFA,NORTH
FA00Z0494,#N/D
L490,RIVERLANDS-1
VVFA0FALOL,HOARE
L9LOZL4VL,RIVERLANDS-1
Z08LOZVV9,RIVERLANDS-2
L8LO9L909,RIVERLANDS-1
L9Z0L8ZFA,IRONISLADS
L4FALL4ZFA,NORTH
FA080FA044,#N/D
LO00LO9L8L,CROWNLANDS
L940L4LO8,IRONISLADS
Z000LZ0FA,RIVERLANDS-2
LLLO9VVZL,HOARE
L80ZVZ0Z,NULL
L900880LO,STORMLANDS-1
8LO8L0LO0,HOARE
VLO0V888,HOARE
FA0Z9Z04FA,#N/D
ZZLLLLO9V,NORTH
L90ZLO40Z,IRONISLADS
VVLOL000,HOARE
LZ0FA4V49,NULL
L8LOL9LOZ8,IRONISLADS
LLVFA808FA,STORMLANDS-1
LO00044FAV,CROWNLANDS
V08FAZ00LO,REACH
L0LOLZM9L,HOARE
LZMLZMLV,RIVERLANDS-1
V08FALFA9LO,REACH
FA0LOV00LLO,#N/D
LLV8ZL0Z,STORMLANDS-1
LV9FALOFA0L,STORMLANDS-1
Z000FA9LO0,STORMLANDS-2
LVLO009FA4,DORNE- 2
FA0FALO00V4,#N/D
LLLOZ98V4,DORNE-1
LVV989LO9,STARKS
LO0Z9FAFALZ,REACH
8000LO448,NULL
LVFA0FAL8LO,RIVERLANDS-1
LFAVVL490,DORNE-1
Z0VZL4FA8,RIVERLANDS-2
LLOLFAZM94,NULL
L8ZFAZ40V,REACH
LVZM0000,NULL
800LLO4V9,STORMLANDS-1
FA0LO800Z0,#N/D
LVFAL00,REACH
L9VV409FA,STORMLANDS-2
L8498FA08,STORMLANDS-2
9FAL4ZL0,IRONISLADS
900098FA,DORNE-1
L9LOZ808L,STORMLANDS-1
L4V09FA08,HOARE
LFALOFALFAVLO,HOARE
L80LOLL4LO,REACH
888LO0L4,HOARE
V09FAV4LOZ,REACH
L9ZLLO0V9,NORTH
L808800Z,DORNE-1
VVFAFALV9,DORNE-1
L0LOFA988V,REACH
L9LO808FA8,NORTH
LFAZ9Z84Z,STORMLANDS-1
LV0LO0L9V,RIVERLANDS-2
LO0L090LFA,NULL
L9L00FA08,DORNE-1
ZZLOV0FA0Z,NORTH
LV90V9VL,STORMLANDS-1
90L08ZZ,IRONISLADS
LO0FAFAV9FALO,CROWNLANDS
L80FA90ZM,DORNE-1
L8FA0ZFA0LO,CROWNLANDS
ZZZ8LO84Z,NORTH
L940FA9LO0,IRONISLADS
LLOFA09FA,DORNE-1
FA0FA8FALO4L,#N/D
9FA89VLL,#N/D
FA0VLOFA0LZ,#N/D
V9LVFA0Z,HOARE
LLOL49L,IRONISLADS
L40ZMV9V,STORMLANDS-1
LLOZLO0ZFA8,HOARE
LVFA48889,REACH
LLZFAFA890,CROWNLANDS
VLO0,RIVERLANDS-1
LZFA0LOV,NORTH
L4Z04LO9Z,REACH
LV0FA444L,NULL
98809Z8,IRONISLADS
90080880,#N/D
L900L0ZZ,DORNE-1
LFA4ZMVFA4,DORNE-1
LFAZLOZ0,REACH
V00Z4FAL8,RIVERLANDS-2
LZ0ZLO088,IRONISLADS
L8LO8V4FA0,DORNE-1
LFAFALO0L8Z,DORNE-3
LV4ZMV0FA,DORNE-3
L0FA4ZV00,DORNE-1
L49LOZ8V0,CROWNLANDS
LVVZ44LLO,CROWNLANDS
LL0840ZZ,CROWNLANDS
Z09400V0,RIVERLANDS-2
LV0ZMVLOV,STORMLANDS-2
L09FA804FA,HOARE
LV800000,DORNE-3
L8LLOV008,DORNE-3
L800400L,CROWNLANDS
L8009404,RIVERLANDS-2
LLL000ZL,HOARE
L9ZLOZ980,IRONISLADS
LFAFA9ZM,#N/D
80LZ4FA0LO,NULL
L84L4LO04,HOARE
LLOFAFALOV9L,STORMLANDS-2
900VV4,#N/D
LVFA90VZFA,#N/D
Z0ZMLO0L0,RIVERLANDS-1
L0L8ZZ84,DORNE-3
L8L0L80LO,#N/D
L90L0LO88,NORTH
L848LOZLL,NULL
9V894FALO,DORNE-1
FA008080V,RIVERLANDS-2
LZVLO40VV,NULL
ZZZ90809,NORTH
ZZFALFAVV0,NORTH
L8FA89FA4Z,RIVERLANDS-2
L8LO9LL98,RIVERLANDS-2
80LZMFAFAFA,STORMLANDS-1
L9V40LOLZ,DORNE-1
L898ZVFA4,HOARE
LO00Z4LOZ4,CROWNLANDS
LVVZ44LLO,CROWNLANDS
LZ4LLZ94,STORMLANDS-2
L8FALOV080,DORNE-1
LZFA9LOL08,CROWNLANDS
LO000FAVLOFA,CROWNLANDS
LLO0V049V,IRONISLADS
Z00LO8898,RIVERLANDS-2
LZ9LOFA4,RIVERLANDS-1
Z04L8LOFA0,DORNE-3
V0LLO4098,RIVERLANDS-2
Z0Z9Z4VL,DORNE-3
L8Z0V9VLO,NORTH
L4ZVLOVLOV,RIVERLANDS-1
L8LOZVLO9LO,NULL
FA0V4LOVFAV,#N/D
L009Z08V,STORMLANDS-1
80040L00,STORMLANDS-1
LO04V848Z,AEGON
L8LV098Z,STORMLANDS-1
Z0L090,DORNE-3
L88ZLO8LOV,STORMLANDS-1
L90FA408L,DORNE-1
Z0VLLO0Z0,RIVERLANDS-2
ZZLO09VV8,STORMLANDS-2
L0FA0ZV48,NULL
ZZFALO000V,#N/D
LO0VLOVZVLO,STARKS
LZ00VLOLV,HOARE
LV900FAZ0,#N/D
L9VZ9Z80,IRONISLADS
LL8FALZ0V,NULL
LVFA8LV04,STORMLANDS-2
8VL98V4,IRONISLADS
Z009VLO0FA,DORNE-3
L0080V44,NORTH
LV0ZFA9LOV,DORNE-3
FA0FA9800L,#N/D
LLO9FAZ0Z0,STORMLANDS-1
L80ZLO8LOFA,STORMLANDS-2
Z0L080LO9,DORNE-3
LVZ0FA80L,STORMLANDS-2
L8L940L8,DORNE-3
ZZZ0948V,NORTH
FA0FAFA9FAZ0,#N/D
LZZZLO8LO0,NORTH
L80LVFAFA4,NORTH
LFA40LZ89,HOARE
L8Z84LLO4,DORNE-1
L8V4ZVZZ,IRONISLADS
LZLOZZ988,RIVERLANDS-1
LO0Z9VFA4Z,CROWNLANDS
LZ4L0Z00,#N/D
80L44L08,NULL
FA0LO0Z4VLO,#N/D
L0LZZVLLO,STORMLANDS-2
ZZLO9LO8V0,NORTH
L08ZL009,RIVERLANDS-1
LFAL0V0L9,IRONISLADS
LVLL00FA4,IRONISLADS
L9L0VV4FA,IRONISLADS
LFA0V9LOLZ,DORNE-3
Z08LZ8LOV,RIVERLANDS-1
LL09Z088,CROWNLANDS
LO0FALLOLV8,NULL
V0LLLFALOFA,DORNE- 2
8004V080,STORMLANDS-1
LVFA4Z4FA8,#N/D
L40Z08Z8,NORTH
980L9LZ,DORNE-3
LLOV4FAL4LO,RIVERLANDS-1
LZMLOZ00L,CROWNLANDS
LO0FA0VFAL8,NULL
LLO4VV0L4,STORMLANDS-1
L9409V9L,DORNE-1
L8ZM8,DORNE-1
LV00FA8LL,CROWNLANDS
8LO0LO0,HOARE
94800LO0,DORNE-1
LZ0LO84ZFA,NORTH
8VLZ90FA,DORNE-1
LVFA48889,REACH
LFAFA98LOLLO,CROWNLANDS
Z0948L0Z,DORNE-3
LFA00VLOZ4,#N/D
LLZ4LO48Z,NULL
LFAZVL9LO4,RIVERLANDS-2
ZZ48VZMFA,STORMLANDS-2
800VVL00,NULL
984FAFA,HOARE
L8LOLLFAV0,STARKS
LLO0ZVVFA0,RIVERLANDS-2
LO0LO408LO0,AEGON
LZ00Z4LZ,STORMLANDS-1
LLO40ZVLO8,STORMLANDS-1
LL0L90L8,#N/D
LLOV980ZFA,STORMLANDS-1
L4V90VVLO,DORNE-1
L8VLOL0Z4,IRONISLADS
V00Z0484,RIVERLANDS-2
90L48VFA8,#N/D
V008Z009,NULL
L4VZ0LO00,RIVERLANDS-1
L9FA888FA0,IRONISLADS
LL0LO88,RIVERLANDS-2
LLOZZL04V,STORMLANDS-1
LLO4448V8,RIVERLANDS-1
LLOZZL04V,STORMLANDS-1
LO04L48VLO,#N/D
L8L0VL0LO,DORNE-1
LO4V4LFA4,#N/D
L9LOFA48L0,NORTH
L009Z08V,STORMLANDS-1
L9FA0LFAZZ,CROWNLANDS
V0L04890,DORNE- 2
LZ0V0Z0V,STORMLANDS-1
L94900ZM,DORNE-1
LLOV4LV4Z,DORNE-1
LLZLO4909,IRONISLADS
L9Z8FA48FA,HOARE
L80V808V,IRONISLADS
L448090FA,STORMLANDS-2
L9LO08V0Z,STORMLANDS-1
9000L4LZ,#N/D
L9LLOFAZFA0,HOARE
FA0V9V008,#N/D
LO00ZZ0L9,CROWNLANDS
Z000849Z,RIVERLANDS-1
ZZL8V89FA,DORNE- 2
L00LO9VFAZ,HOARE
V0040LO08,RIVERLANDS-2
LFAL0FA9LO4,DORNE-1
ZLO4LOZLO89,IRONISLADS
LLOLZL0Z9,REACH
L0LZ4940,STORMLANDS-1
L0LOFAFAZZZ,HOARE
80000FA0FA,STORMLANDS-1
L94LZ0Z0,#N/D
L8LO8V800,NULL
L0400909,HOARE
LVLO0FA004,AEGON
LO0000Z04,CROWNLANDS
L8L0LLOVL,STARKS
ZVZMV0V4,NULL
8LOFA8LO88,HOARE
Z0LO000LO0,DORNE-3
LV89VVV4,NULL
LZ84ZVL4,HOARE
Z0000Z89,RIVERLANDS-2
Z00V4Z48,DORNE-3
80L0FA0LO0,STORMLANDS-1
L80LO0ZM4,DORNE-1
LZ8LOVFA08,DORNE-3
ZZL0L8,NORTH
L80V8880,CROWNLANDS
Z00L0FALV,RIVERLANDS-1
LLOZV80FAZ,DORNE-3
LLOFAFA0V,IRONISLADS
L840Z909,HOARE
L9V009V0,HOARE
LL00Z94Z,STORMLANDS-1
L0LV9V9L,DORNE-1
LV9LOVZLLO,DORNE-1
LVZ8V9LZ,DORNE-3
LLL0LOV,IRONISLADS
LZLOVLV,STORMLANDS-2
L88LO4Z4FA,STARKS
L9LO0V90FA,STORMLANDS-1
LZ04L988,DORNE-3
LFAFALO4VFA9,STORMLANDS-1
L90LOLV0V,NULL
V0FA449FA,HOARE
8LFALO084,DORNE-1
Z0FA0040V,DORNE-3
L0VFA4900,STORMLANDS-1
LO0ZL88Z0,DORNE- 2
8000904LO,STORMLANDS-1
L8LO00049,IRONISLADS
L8LO00049,IRONISLADS
V0040LO44,RIVERLANDS-2
L4L4FAZ88,STORMLANDS-1
LVVVZ9LFA,DORNE-1
8LOFA9VV0,HOARE
V000Z008,RIVERLANDS-2
V0908VFALO,REACH
L88ZMV04,DORNE-3
L8V8490FA,NULL
ZVLO04FA49,NORTH
Z04VFAZZ4,RIVERLANDS-1
L94L40Z0,STORMLANDS-2
LLOZL0LO0Z,HOARE
L80940FALO,REACH
Z0LOFAVVFA8,DORNE-3
LO08V084FA,CROWNLANDS
L8LLO4L90,NORTH
V40FAZ,STORMLANDS-1
V0L0LV49,RIVERLANDS-2
V0LZLO4L,IRONISLADS
LV9FA4L8LO,HOARE
V09049V8,NORTH
LFA0904VLO,STORMLANDS-1
LLZ0VV8,DORNE-1
V009VLO8Z,DORNE- 2
L9FA890VV,REACH
Z0LL8008,RIVERLANDS-1
L8L48FA4Z,HOARE
LFAV00V4L,DORNE-1
LLFA0Z8Z0,IRONISLADS
V09049V8,NORTH
LLOFAFAFAFALO8,CROWNLANDS
L4FA0ZM00,STORMLANDS-1
L8LO8V800,NULL
9V4ZZM0,RIVERLANDS-2
844LOZ00,HOARE
L0Z94L8LO,DORNE-1
8FAFA00,HOARE
Z0L0LO4LO8,RIVERLANDS-1
LV8LO490LO,#N/D
L9ZLO8LO8V,RIVERLANDS-1
LLLOLVV09,IRONISLADS
LZ9ZLOZ9L,STORMLANDS-2
V90L0FAZ,IRONISLADS
FA0V4FA408,#N/D
V09LFA0LOFA,REACH
FA0FA44VLL,#N/D
V0849VLO,IRONISLADS
LVZLO4009,HOARE
FA0048LO,#N/D
L084V00Z,STORMLANDS-1
LLO0VVZVZ,STORMLANDS-1
V00ZFA0L0,RIVERLANDS-2
LLOZLZLO9V,#N/D
L49LOL9VV,REACH
Z00FA0LO98,RIVERLANDS-2
8V9FA00Z,DORNE-1
LO0Z8FAZ0FA,DORNE- 2
L408L4V4,STORMLANDS-1
L8Z89ZLO4,DORNE-1
LLOZV9V8V,HOARE
LZ9V840LO,HOARE
L00ZLO0LOV,RIVERLANDS-1
V44Z948,HOARE
800FAZ0Z,HOARE
LZZFA080FA,STORMLANDS-1
VLO090Z0,DORNE-1
FA00LOV49L,HOARE
V00Z4LOL9,RIVERLANDS-2
L909V9LOL,#N/D
L90ZLLOFAL,REACH
LVLOLZV44,DORNE-1
Z0FAZ09VL,DORNE-3
L44Z80Z4,RIVERLANDS-1
LVZFA4ZV0,NORTH
Z0Z0V800,DORNE-3
L94FA9FA08,DORNE-1
LLLOFAZFA08,STORMLANDS-2
LVFAZ8FA4L,NULL
FA0084FAFA0,#N/D
LL9VL9LO4,STORMLANDS-1
LFAFAL0L8L,NULL
LL8Z4FAFA0,IRONISLADS
LO04LO4L9V,CROWNLANDS
L898V0FALO,STORMLANDS-1
L88LO00LFA,RIVERLANDS-1
L0490LOL8,#N/D
9FA08LO4LO,IRONISLADS
LLOZ88900,#N/D
L8LO048FAFA,IRONISLADS
FA0LL80L0,#N/D
LL80L00LO,RIVERLANDS-2
LFA9ZLVZ0,DORNE-1
L0ZFA00VFA,HOARE
FA0ZFA8VVV,#N/D
LZ08040FA,RIVERLANDS-1
Z00FALOLFAZ,RIVERLANDS-1
L9898Z4Z,HOARE
LZ4LO9008,NORTH
LZVLFA9L8,HOARE
LV084FAZ9,#N/D
Z0948L0Z,DORNE-3
Z0Z944VZ,DORNE-3
80L49Z,STORMLANDS-1
LVLL80,RIVERLANDS-1
L9ZV00Z9,DORNE-3
FA0LV0094,#N/D
L80LOZ0LV,HOARE
LVVL408Z,IRONISLADS
L09FA0VZ0,STORMLANDS-1
V00LO9LZZ,STARKS
Z0LO000LO0,DORNE-3
LFA4ZM0ZZ,IRONISLADS
LZL8ZFA,CROWNLANDS
L9FA00LO09,AEGON
Z0904LO9Z,STORMLANDS-2
L4ZFA9Z04,HOARE
L80VLLO,STORMLANDS-1
L800ZL9V,NORTH
VZFA00L0,IRONISLADS
LZFAL0FA0LO,HOARE
L4ZLOL0,HOARE
LFAL890FAFA,STARKS
LO0VL0004,REACH
900V8ZML,#N/D
LO0LOZ009Z,AEGON
L8FA800FA0,HOARE
Z09FAZL09,RIVERLANDS-2
L8L0L488,HOARE
LL04L4FAV,NULL
V04V40FA,HOARE
L8LO400Z9,STORMLANDS-1
LV48L890,#N/D
800LLO0V4,STARKS
ZZV4904L,STORMLANDS-2
L0FAFA09FA0,HOARE
L00V0FAFA9,IRONISLADS
LLO9008V0,STARKS
FA0LLOV09L,#N/D
Z00L88L4,DORNE-3
L8L48ZV0,STARKS
Z0LOL4V49,RIVERLANDS-2
L49FAV800,DORNE-3
ZZZZ09LOV,IRONISLADS
L4LFA98L0,HOARE
L9L84LOFAZ,REACH
LZ8890ZV,NORTH
LVV09L00,DORNE-3
L40FA0L,IRONISLADS
LLO08FAVZ0,DORNE-1
8FA080V0,DORNE-1
L94LFA4L9,IRONISLADS
L00FA8ZL9,RIVERLANDS-1
LVVLZ0LV,HOARE
LLOFAZLV,STORMLANDS-1
VL4ZFALL,DORNE-1
LLO844V4V,DORNE-1
LVFALO8ZLOZ,STORMLANDS-1
L00FALO8FA4,DORNE-3
FA0FAZM098,#N/D
L88LO08FAZ,DORNE-1
L9Z8LL44,IRONISLADS
LV40494FA,DORNE-1
L90LO9Z04,NULL
LLOV00FA,RIVERLANDS-2
L8L80L80,STORMLANDS-1
L8LO09FA,RIVERLANDS-1
ZZ0LOLFA4Z,NORTH
LO040LZ0V,CROWNLANDS
9L0LO0V0,HOARE
LO0Z804V9,REACH
Z0FAFAFAV0LO,RIVERLANDS-1
LO009L8LFA,CROWNLANDS
LO0FALLOLV8,NULL
LV0FAFA4VFA,REACH
LLOZ90L4FA,REACH
ZZ09FAFAFALO,#N/D
L0FAVLVLO9,STORMLANDS-1
LLL8048Z,IRONISLADS
FA0ZMLO9L8,#N/D
LZM9Z0LO0,STORMLANDS-1
L8Z98Z9LO,RIVERLANDS-1
L9FAZLLLFA,RIVERLANDS-2
L090404L,NORTH
LZFAZ90LZ,DORNE-1
ZZFA8ZM84,RIVERLANDS-2
LO0LOV9LOL4,REACH
L00FALLOZV,STORMLANDS-1
VL4ZL00,IRONISLADS
LV04VL40,STORMLANDS-1
LLO440VVFA,NORTH
LFA000VFA8,STARKS
ZZL909LO0,IRONISLADS
LLOVZ940LO,DORNE-1
L889LV0LO,NORTH
8FALOFAZFA0,HOARE
LV4ZLO9L4,#N/D
V0LO9LLOV0,STORMLANDS-2
LV89VZ44,DORNE- 2
Z000LOZL9,RIVERLANDS-1
L9L009FA0,#N/D
LLOFA949LO9,DORNE-1
900890VL,#N/D
Z0LO88LO,RIVERLANDS-2
L88ZFAFA0V,DORNE-1
V09FA4FA4FA,#N/D
LVLOZZ809,HOARE
L80LOZ0,IRONISLADS
LVZ4Z8LV,NORTH
LVFAV0L0LO,HOARE
FA00L0L9FA,NULL
LV8ZLZM0,DORNE-1
ZZ48V8VLO,STORMLANDS-2
9FAZ8V0V,HOARE
L9FAFAZ9Z9,REACH
LLO08ZZZZ,HOARE
LO0Z4889FA,DORNE- 2
LZ08FAFA44,NORTH
900LZLOV4,#N/D
V00LVZM,IRONISLADS
FA0FALOFAZLV,#N/D
LZZ844V0,STORMLANDS-1
LFA9LO4404,HOARE
L08LO0LVFA,RIVERLANDS-1
LLOFA8Z8L4,STORMLANDS-1
V009L94Z,RIVERLANDS-2
L98Z084LO,STORMLANDS-2
L9LOZV4LO9,HOARE
900FA09Z,DORNE-1
V0090808,RIVERLANDS-2
LV8048FA8,CROWNLANDS
L9FA408LV,STORMLANDS-1
LVLFA8LOZL,RIVERLANDS-2
ZZLO90LO0LO,NORTH
8000FAVZFA,STARKS
8VLZ90FA,DORNE-1
V9FA88LO8,HOARE
LV80LLO90,RIVERLANDS-2
9LOFALVFA4,RIVERLANDS-1
L090L00V,RIVERLANDS-2
L989LO9FA9,STORMLANDS-1
LV4FAFAV,CROWNLANDS
L0L0LFA08,DORNE-3
Z00ZVFAL0,RIVERLANDS-1
V089LZ90,REACH
L8Z0L404,STORMLANDS-1
LLLOZ44Z0,#N/D
L940LZ8L,STORMLANDS-1
LO0LVLLOZ9,NULL
V04L4FA00,STORMLANDS-2
FA0LO8FA0,#N/D
LV498LOFALO,DORNE-3
L004ZV0V,HOARE
LFA9FAZL89,DORNE-3
LV9Z90LOV,STORMLANDS-1
LFALO0FAZ44,IRONISLADS
LV9FA40FAV,DORNE-3
LLOZ00LO0L,#N/D
900FALOL0LO,#N/D
L4ZZZL0V,STORMLANDS-1
L80944,RIVERLANDS-2
L9ZM94Z8,RIVERLANDS-2
LO0ZLL9,AEGON
LFA4L8Z04,HOARE
LVFAFAZLZV,IRONISLADS
Z080L0V4,RIVERLANDS-1
V0004044,DORNE-1
L44V948FA,REACH
80LLOZ4L4,NULL
L0FA98ZML,DORNE-3
L0FA0FAVFA4,STORMLANDS-1
LFA90FA488,STORMLANDS-1
L800Z0FAV,STORMLANDS-1
L9LO094L0,RIVERLANDS-1
L9L9840V,DORNE-3
V90LLOVV,IRONISLADS
L8FA4Z0,HOARE
VL4L,DORNE-1
LLOZV80FAZ,DORNE-3
V8LO0LOL9,HOARE
L80LOLL0L,STORMLANDS-1
L440004L,DORNE-1
L89FA0LFA0,DORNE-3
ZZV94Z48,NORTH
ZZZ4Z0ZV,IRONISLADS
L0880LFA8,NORTH
LV9LOVZLLO,DORNE-1
L0880LOL0,NORTH
L94LZ4Z4,STORMLANDS-2
LFAL9LO9ZLO,DORNE-1
ZZVVFAFAV8,NORTH
L8Z4V800,STORMLANDS-1
L4LFAV40FA,STORMLANDS-1
L44VLO0VFA,HOARE
ZZV0V0,NORTH
L890Z0,DORNE-1
90LV9LOL8,#N/D
L09LO8LO4L,DORNE-1
9LO4Z9LOV,IRONISLADS
FA000Z004,NORTH
VL44LFA0,DORNE-1
LV000LO,RIVERLANDS-2
L8V0LO09L,STORMLANDS-1
ZZ48008Z,NORTH
VL80Z80,HOARE
ZZZ9VFAZ8,IRONISLADS
LZ0LO84ZFA,NORTH
L0V0V4V0,STORMLANDS-2
LLLO4LOZL0,RIVERLANDS-1
LLVFA808FA,STORMLANDS-1
L80LOV0FA4,CROWNLANDS
Z0VV9009,DORNE-3
80LZFAZ8V,STARKS
L94ZZ908,IRONISLADS
8FA04LOVL,IRONISLADS
LVFA0V0ZM,HOARE
LZL0V449,DORNE-1
L8L40Z49,IRONISLADS
FA0FA9L48V,#N/D
L9L0FALV0,CROWNLANDS
L4LO84988,#N/D
L4Z00VL8,STORMLANDS-2
LLOZLO8LOZ0,DORNE-3
9L40404,HOARE
L0L8LOV,DORNE-3
L4ZVLO9LO9,DORNE-3
L0ZM0,HOARE
LFAZLOZ09Z,STORMLANDS-1
L09L0LO94,DORNE-1
LO0FAFA8LVFA,CROWNLANDS
V04FA04LO8,STORMLANDS-2
LVLV9Z84,CROWNLANDS
LLFAZ9080,STORMLANDS-1
L9LO0FA884,#N/D
FA0FA0LFA8L,#N/D
V0LO08FAFALO,HOARE
L8L80LO0FA,CROWNLANDS
LLO4FA4909,NULL
L00LO8940,IRONISLADS
L89FA8FALO4,CROWNLANDS
LVZLLV9V,RIVERLANDS-2
LZZL0490,DORNE-1
L90ZV40LO,RIVERLANDS-2
9V4LFAFA0,IRONISLADS
L9LO0FA884,#N/D
FA0LZ0989,#N/D
L89ZVLV8,DORNE-1
V940VLO4,HOARE
LLO44ZFA40,DORNE-3
8LO9FA888,IRONISLADS
V0009ZZLO,CROWNLANDS
L8Z9VVZFA,DORNE-3
LFAZ4LOL4V,STORMLANDS-2
LO0ZLVLLV,DORNE- 2
FA0L08FAVL,#N/D
L9004LV0,HOARE
L00FA9FAZV,STORMLANDS-1
LLOFA0L98LO,RIVERLANDS-1
Z000FA9LO0,STORMLANDS-2
FA00LOFA9V0,RIVERLANDS-1
LO0948FA84,CROWNLANDS
9V8FAV00,STORMLANDS-2
LLOFA8Z80FA,REACH
L94VFA8ZL,#N/D
FA0L0LOZZM,#N/D
VFAFALOZ0LO,HOARE
FA000LV9L,DORNE-1
V00L0V44,RIVERLANDS-2
FA0FAV0L98,#N/D
LO0ZFA09LO8,DORNE- 2
FA04089FAV,#N/D
L9VZ0LFA0,#N/D
L00VLOV4V,RIVERLANDS-2
LZFA0ZZFAV,#N/D
L9VLOLV8FA,STORMLANDS-1
L84Z4ZML,STORMLANDS-2
ZMZ8FAFA,IRONISLADS
LFA0FA9LOFA4,IRONISLADS
Z0Z9L9FA4,DORNE-3
VL4V00FA,IRONISLADS
800L900V,STORMLANDS-1
LZ090ZL0,STORMLANDS-1
980L9LZ,DORNE-3
LVZ0008L,IRONISLADS
LV9LO09FA0,DORNE-1
LZ94V984,DORNE-3
VZ89008,HOARE
LV9LOFAZLOV,IRONISLADS
L9L0V9LO0,HOARE
90049409,#N/D
L8L4FA4LOV,STORMLANDS-1
L040FA8LO0,RIVERLANDS-2
LLLZZFAVV,HOARE
LVVVLVFAFA,REACH
Z0FA4Z4LOL,RIVERLANDS-2
LLO0FA98L8,DORNE-1
LLV8ZVLOZ,STORMLANDS-1
900409VLO,#N/D
L0V040,STORMLANDS-1
94LO8VL4,DORNE-3
LZVFA00ZLO,STARKS
L9L00090,CROWNLANDS
LO0Z00LLO9,AEGON
LLOVV90LV,STORMLANDS-1
LFA88FAV9LO,IRONISLADS
LLOZ90Z9FA,STORMLANDS-1
L4LO0400Z,HOARE
LV4VL9LL,HOARE
LVFA8FAVZ9,RIVERLANDS-1
FA08VFA9ZM,#N/D
L88LOFAL90,NULL
8000LOZLOFA,STORMLANDS-1
L9FAL0V0V,NORTH
LFALO889LL,NORTH
L898800V,#N/D
80044,IRONISLADS
L000Z9FAFA,RIVERLANDS-1
4LFA04L0,IRONISLADS
L40ZVLO9Z,CROWNLANDS
84FA0008,HOARE
VLLLOVFAZ,DORNE-1
LFA4Z908L,NULL
L4LV04VLO,IRONISLADS
FA0ZM4090,#N/D
VVV4L,HOARE
LO008ZZ04,NULL
LFAZV98Z9,IRONISLADS
Z00LO9090,RIVERLANDS-1
L9LO8ZLO80,RIVERLANDS-2
LZZLO98LLO,NULL
L9L0FA4Z8,DORNE-1
LFAVLO8V4Z,HOARE
L89FALO9FA0,IRONISLADS
ZZV90V84,STORMLANDS-2
Z0FA408ZZ,RIVERLANDS-1
9LZ0FA8L,DORNE-1
LFA400888,HOARE
LV9V8LO,HOARE
88VZZ08,DORNE-1
LLO940Z0Z,RIVERLANDS-1
LFA0ZLL04,#N/D
LL4900FAL,STARKS
L8898LO88,RIVERLANDS-1
L4Z0LOLLO0,STORMLANDS-1
LVV0FALOV9,HOARE
FA0FA09LLO8,#N/D
ZZ448LO44,HOARE
L00LO09LV,IRONISLADS
LV8FA8VZ8,DORNE-1
L00ZZ0Z0,STORMLANDS-2
L0LO004LO0,STORMLANDS-1
L800LO0VL,STORMLANDS-2
LFAFAVZ840,NULL
LVL4V0VFA,STORMLANDS-1
L9Z4LZ00,STORMLANDS-1
LZ89Z400,STARKS
Z0000Z89,RIVERLANDS-2
L84L0V94,STORMLANDS-1
Z0VFAFA848,RIVERLANDS-1
LFA0LO98FAZ,NULL
V0L0LV49,RIVERLANDS-2
VZFA0LOZ0,DORNE-1
LO0ZVFA8FALO,RIVERLANDS-2
LLO0Z8400,DORNE-1
900V80V4,#N/D
L0L0L0VFA,STORMLANDS-1
L900FA0V0,HOARE
L90LO8LOZ8,HOARE
L89VVFAFA4,#N/D
800LFA0,NULL
FA004LOZ40,DORNE-1
L9L0FA80FA,DORNE-1
LV4LOV49Z,#N/D
L89VVFAFA4,#N/D
L9040LO00,NULL
LVL048LL,CROWNLANDS
44FA048FA,DORNE-1
LFA44V48L,#N/D
888LO000,DORNE-1
V0LFA9Z00,DORNE-1
FA0LO84VLOL,#N/D
L0LOLL9FALO,NORTH
FA08LO0LOZ4,#N/D
FA0LO9Z944,#N/D
ZZLV9LO08,NORTH
904V90Z,HOARE
LO00004LV,#N/D
Z04ZV84V,DORNE-3
V0849VLO,IRONISLADS
LVLVLFA9FA,DORNE-1
L9004848,STORMLANDS-2
L440LOFA00,CROWNLANDS
L8FAFAFAFA98,NULL
LLV008V8,NULL
V0FAVVFALO8,IRONISLADS
LO0FA0Z8Z9,CROWNLANDS
LZZFA0VLO8,IRONISLADS
900LOFA8LFA,#N/D
LZM4ZVV8,IRONISLADS
V0LLO8949,RIVERLANDS-2
L0VZL0LO9,NORTH
LFAVFAZ9V0,STORMLANDS-1
FA0409040,#N/D
LLLOL94FA0,NORTH
LO0LO00LOFALO,CROWNLANDS
LZ9LO0ZL9,IRONISLADS
LV8088LO4,HOARE
L004800Z,DORNE-3
ZZ4FA0FA44,NORTH
LLOZ008LOL,DORNE-3
FA9LO8VFAFA,DORNE-1
L0FA0LOZV0,CROWNLANDS
L40FA8ZFA0,NULL
LL40Z00LO,STORMLANDS-1
V00LOLFAZ0,STARKS
V0L4V04V,#N/D
908FA9LLO,IRONISLADS
L9V44L08,DORNE-3
VFA08LVV,IRONISLADS
LV4Z0FAV0,#N/D
L8LO4FA008,RIVERLANDS-1
VFA4LOZFAL,HOARE
L84040L0,NULL
9008Z8VFA,RIVERLANDS-1
L8940LOLL,RIVERLANDS-2
800FAVFAFALO,STORMLANDS-1
FA00000ZL,RIVERLANDS-2
L09LO0FALV,STORMLANDS-1
L9LVLZZ9,RIVERLANDS-1
4ZMLO08LO,IRONISLADS
Z0V4V04Z,DORNE-3
LZM8LO0LOZ,RIVERLANDS-2
8FA8Z40,HOARE
Z0ZZLO480,#N/D
L8L4L004,HOARE
L400ZLOZV,DORNE-1
FA00ZL009,CROWNLANDS
FAZ08LOFAL,#N/D
V00FA00LOZ,NORTH
LFALOV48FAL,STARKS
Z0948L0Z,DORNE-3
FA0809VLOV,#N/D
L88VL0LOV,NORTH
LVVFA4904,STORMLANDS-1
L9L0FALV0,CROWNLANDS
Z0FA4Z4LOL,RIVERLANDS-2
800V9408,STARKS
LLOZZ09L8,HOARE
FA0LZ4V4L,#N/D
Z0Z0Z40V,DORNE-3
V0ZV8VZ,HOARE
L8ZZ9LL9,IRONISLADS
FA04Z000LO,#N/D
L4FA0ZLO9Z,STARKS
9000ZFAV9,#N/D
LZ00LO4,#N/D
LLV49ZMZ,#N/D
V000004Z,DORNE- 2
L90L0FALO9,NORTH
849LV49,HOARE
FA0LZ90FA8,#N/D
LO0LOL8LO4LO,AEGON
8FALOFAZFA0,HOARE
ZVLO080LO0,RIVERLANDS-2
900ZZFAFA9,#N/D
L98L0LO84,IRONISLADS
L4Z90LV8,#N/D
L4090Z4L,STARKS
LLV00ZZ0,STORMLANDS-1
LL940VFA9,CROWNLANDS
9V0L9V4,RIVERLANDS-1
LZ8FA9ZLO0,DORNE-1
LO0LOVLO00FA,#N/D
L900094Z,#N/D
L90ZML8L,DORNE-3
L8ZLO8LZ8,NORTH
LLO0LZ9LOZ,RIVERLANDS-1
V0ZMLV,STORMLANDS-2
V08LFA089,REACH
LO0L9LOVZ4,CROWNLANDS
L9Z4LZ00,STORMLANDS-1
8004VL,STORMLANDS-1
L048VLOVFA,NORTH
FA009VZZ8,#N/D
LV4ZLOV0LO,STORMLANDS-1
9V4LFA,RIVERLANDS-1
L09L98LO8,DORNE-1
L8V00LO9FA,DORNE-3
80FA4ZZ0,IRONISLADS
L08V9Z84,NULL
L04FAL0LL,STORMLANDS-1
900ZLO0LO0,#N/D
LLO9LLOL8L,NORTH
80040LZ0,NULL
L09VLOL8L,STORMLANDS-1
L8VLO8FAZ4,STORMLANDS-1
Z0V09LOFA4,DORNE-3
VLLOLFA0LO,IRONISLADS
FA04Z4VLOFA,#N/D
L9488900,DORNE-1
L4VLO9090,IRONISLADS
L9FAVLL,#N/D
L4008FA0V,DORNE-1
8V8LO9LO0,IRONISLADS
L4L904L9,STORMLANDS-1
L00Z00Z4,IRONISLADS
LO044LO0LLO,AEGON
LO04L88LO0,DORNE- 2
LVV0FALOV9,HOARE
FA0L498LOL,#N/D
LZ00LOLZFA,RIVERLANDS-1
Z0V00Z0V,DORNE-3
L000V0FAL,NORTH
L8080V88,NORTH
800V08ZM,STORMLANDS-1
LLOFAL0LO9FA,HOARE
ZVZM8Z0V,NULL
LLLO8FALO0V,STORMLANDS-2
Z08ZFALO,DORNE-3
LFAV0LV8LO,STORMLANDS-1
9FA00VZ8,DORNE-1
LFA04Z0L8,HOARE
L90LO8LOZ8,HOARE
LFA4Z908L,NULL
48FAZ0L8,HOARE
LFA08FALLZ,RIVERLANDS-1
LO0048LO4FA,CROWNLANDS
LLO9LOVLO0L,STORMLANDS-2
LZ894FAFAZ,RIVERLANDS-2
L9LO0VZM9,STORMLANDS-2
8FAL004FA,HOARE
L4ZLOL0,HOARE
ZZ48VZMFA,STORMLANDS-2
L49404FA0,HOARE
ZZFA9LO000,NORTH
8LOLL4,HOARE
LVFAVLOZ,CROWNLANDS
L40ZZZZ9,RIVERLANDS-1
L8V00LZV,HOARE
LLOVLZFA0LO,NULL
ZZ0Z4V48,NORTH
LLL0FA0,DORNE-3
LO0ZZ09LL,DORNE- 2
8V8LO9LO0,IRONISLADS
V0VLZ4LOFA,STORMLANDS-2
LZ0Z89LLO,HOARE
LZMLOFA9LO9,DORNE-1
800FA00LO8,STORMLANDS-1
LV9L90Z9,RIVERLANDS-2
L048LOV0FA,#N/D
Z08VLO4,DORNE-3
LLO8008LLO,REACH
L9LOFAVFA9V,NULL
ZZFA0LOFAVL,IRONISLADS
L8L08ZLO8,DORNE-1
L4V4L4LO0,CROWNLANDS
LLLO940L0,CROWNLANDS
L8008L0Z,DORNE-3
LV9LOVZLLO,DORNE-1
L0000LL8,RIVERLANDS-1
800Z4L0LO,NULL
L9ZLOZ980,IRONISLADS
LZM840V0,STORMLANDS-1
98FA0Z40,DORNE-1
LV88488L,CROWNLANDS
L800L804,CROWNLANDS
ZZ44V088,NORTH
900FALO8LLO,#N/D
LVVVZ9LFA,DORNE-1
L9LO0LV48,HOARE
LVFAZFAFALO8,RIVERLANDS-2
LO00089L8,CROWNLANDS
98094LOL,RIVERLANDS-1
LO0L0FAL,IRONISLADS
V0LLOVLV0,RIVERLANDS-2
L809FAZ4FA,DORNE-1
Z0LLO8ZFALO,RIVERLANDS-2
FA0094ZZ0,#N/D
VVV4L,HOARE
L84VFAZZ9,HOARE
Z0VVLL90,DORNE-3
L4Z90FA09,DORNE-1
L0LO0FAZZ0,IRONISLADS
80L9L8LOZ,NULL
900940FALO,#N/D
V09LFA0LOFA,REACH
Z0ZM9ZFAFA,RIVERLANDS-2
Z0LO80LOZ0,DORNE-3
LFAZZFAZZM,STORMLANDS-1
L98Z4LLO9,NULL
FA0LZL9LO0,#N/D
LLOZ0FALO0LO,RIVERLANDS-1
L9Z0VLO08,AEGON
FA4FA80,HOARE
L4ZFAL0LV,REACH
L4L4FAZ88,STORMLANDS-1
FA0LLLO04V,#N/D
L9V490L4,NULL
LFA0L0FALOFA,HOARE
L9FA9ZV4V,HOARE
L48FA9LOL8,HOARE
8L9V9FA0,DORNE-1
LVFA80908,NULL
L8LL00LO8,#N/D
LZV9V0L9,HOARE
80044LO08,STORMLANDS-1
V0LLOVLV0,RIVERLANDS-2
LO0ZFA8ZFAFA,AEGON
FA0040LO00,RIVERLANDS-1
V0FA84LO8Z,STORMLANDS-2
LLOZV80FAZ,DORNE-3
L9FA0449L,DORNE-1
ZZ08FA0LO4,STORMLANDS-2
L9V009V0,HOARE
LZ090ZL0,STORMLANDS-1
FAFA8LO08Z,HOARE
LV8400Z4,#N/D
800LOL9ZV,STORMLANDS-1
LLOZVLO800,STORMLANDS-2
FA048L4,#N/D
L9FAFA0000,#N/D
LFALLOFA98LO,NULL
ZVLO080LO0,RIVERLANDS-2
L80LLO9LOV,#N/D
L9ZZLOLVFA,HOARE
L88FA9LO0V,STORMLANDS-1
L9Z04ZV0,STORMLANDS-2
V9FA49FAFA,IRONISLADS
LVZ8LOL8V,RIVERLANDS-2
9V00Z04,DORNE-1
LZZLOFA0ZZ,STORMLANDS-1
ZZZLVZ9FA,STORMLANDS-2
L0Z9Z004,STORMLANDS-2
80088LFA,HOARE
L4V9L04L,IRONISLADS
LFAFA0L098,HOARE
LZZ48Z40,DORNE-1
L9LOVV0L8,DORNE-3
FA004ZV0V,#N/D
LO0LOL8LO4LO,AEGON
LO0ZLOV0VZ,RIVERLANDS-2
LLO08L4FAFA,STARKS
L9FAL0V0V,NORTH
L0800ZLO9,#N/D
L904V8L0,RIVERLANDS-2
FA0FA9800L,#N/D
L9L984FAV,NORTH
L04FAL0LL,STORMLANDS-1
9FAFAFALO0V,DORNE-1
LVLFAFAZM9,STORMLANDS-2
L9L09LLV,NULL
94FAFAV,DORNE-3
LLOL0L4L8,#N/D
L9Z09LO40,RIVERLANDS-1
LLLOVV0LO4,HOARE
L94VL09V,STARKS
LLZL0LOZ9,STORMLANDS-1
L4090V4FA,DORNE-3
L8LL4LVZ,RIVERLANDS-1
L8LO0404LO,HOARE
L90ZLLFALO,DORNE-1
ZZFA8ZM84,RIVERLANDS-2
LFA0LO4LO8L,REACH
LVFA900Z9,NULL
L08FA8L9Z,#N/D
L9409V08,RIVERLANDS-1
80LLLFAZ9,STORMLANDS-1
Z09FA4LO00,DORNE-3
LV8VL0LO8,NULL
ZZL98400,HOARE
L9VLO0008,RIVERLANDS-2
LV8ZV008,STORMLANDS-1
LLO0Z448V,CROWNLANDS
8L4FALOFA0,HOARE
LLLOZLLL4,NORTH
FA0FA8V04V,#N/D
Z00FAV0L9,RIVERLANDS-1
LFALOFA8898,DORNE-1
L0VLO0Z9LO,#N/D
ZZLOZ9FA89,HOARE
LZZFA0VLO8,IRONISLADS
LV040LOVV,CROWNLANDS
LFAL9080L,DORNE-3
L84FAZFAL4,DORNE-1
V0880000,REACH
FA0LLOZLOL0,#N/D
LZFAZL98L,STORMLANDS-2
LO009404FA,CROWNLANDS
L48LFAV80,HOARE
L00V88V4,DORNE-3
L9VV409FA,STORMLANDS-2
V4V8LOZ8,HOARE
V048LO00Z,REACH
LLOLFA0V80,STORMLANDS-1
8FALOFAZFA0,HOARE
LV90FAFAZ9,#N/D
LZLL8944,RIVERLANDS-2
LLL98Z04,STARKS
V0LOZFA904,NORTH
LFA0904VLO,STORMLANDS-1
LFAZM49VZ,STORMLANDS-1
ZZLOZFALOLFA,NORTH
ZZLZ0V80,IRONISLADS
Z000VFALOFA,RIVERLANDS-2
LO9LO8940,HOARE
LZZL9V9FA,STORMLANDS-1
FA0LV944V,#N/D
LFA000Z,NULL
Z0FAZFAFA00,RIVERLANDS-2
LLOZ40ZL9,REACH
90LL980,#N/D
LLO4FA4Z94,#N/D
LVVLFAL0LO,STORMLANDS-2
LV009LOFAFA,NORTH
L8849FA8L,DORNE-1
L8LL4FAFAL,NULL
LO0Z40LOL4,AEGON
FALZ0VZV,DORNE-1
Z0Z0094V,RIVERLANDS-2
LLV980VZ,STORMLANDS-1
LO09FA8LOL0,CROWNLANDS
LZ04L988,DORNE-3
LFALV9V9LO,HOARE
FA00Z9049,NULL
LLV98FA8V,STORMLANDS-1
LZ909FA00,NORTH
98LO0440,DORNE-3
L9FAZL0ZL,DORNE-1
9ZMVL9LO,IRONISLADS
LFA9LLO0ZL,IRONISLADS
L84FAZ89LO,DORNE-3
L0Z08LZZ,STORMLANDS-1
LFAZLL0FAFA,NORTH
LLZMVFA08,DORNE-1
900LOZ88,DORNE-1
L9LO8ZZL0,NORTH
LFA09FAZ0L,#N/D
LZ9000VV,HOARE
48FAZ0L8,HOARE
84V0LLLO,IRONISLADS
L0L0FA0,DORNE-3
L0LOLZFA49,IRONISLADS
80VFA40FA,HOARE
LVLOZLOLLOL,STORMLANDS-1
L9LVZFALOZ,HOARE
L8LO000,NORTH
FALOFALOLFALO,HOARE
FA0LO84VLOL,#N/D
Z08LZ8LOV,RIVERLANDS-1
LLO0LOZV0L,CROWNLANDS
8LZ94LV,IRONISLADS
V044FA9VL,STORMLANDS-2
LLLO0ZV40,HOARE
LFA90LZ4L,IRONISLADS
LFA0904VLO,STORMLANDS-1
L4L0FAVZ0,HOARE
L8ZL0FAVZ,IRONISLADS
L0FA80VLLO,IRONISLADS
LVV8ZLLOV,HOARE
FA0LOFA9008,#N/D
LV8V80VFA,DORNE- 2
LV404Z0L,STORMLANDS-2
LLOVFA0VZFA,NORTH
LVLVVV09,NULL
8Z9LL90,HOARE
L940LOZZM,#N/D
LVZLOVFALZ,#N/D
LFA0L89Z4,DORNE-1
LFA4VLOL00,STORMLANDS-2
L8Z4L000,RIVERLANDS-2
98L4VZLO,RIVERLANDS-2
80040Z94,NULL
LO00FAZ090,CROWNLANDS
L849LOLZ0,STARKS
FA00ZLZZ9,STORMLANDS-1
LV9FAVLOVLO,AEGON
L80ZLO08Z,STORMLANDS-1
L80Z90LO8,DORNE-3
LZM0FAFA9FA,#N/D
LL8LZM4Z,#N/D
89Z00FA9,HOARE
FA00088Z4,DORNE-3
LV0L0LO00,DORNE-1
V080VFAZ8,REACH
80LZM9ZLO,STORMLANDS-1
LFA9FALOVZ4,REACH
Z0498L0Z,DORNE-3
FA00FA9894,NORTH
L08LO94,STORMLANDS-1
V08L04LL,REACH
LVLOV8900,IRONISLADS
LVFA0FAZ0L,DORNE-1
L8L0LZL0,HOARE
LFALO04VLO8,HOARE
FA0Z0VL40,#N/D
LFALOLLO89L,IRONISLADS
V00L0L40,NORTH
LO0FALO0988,NULL
LZLO0Z80L,REACH
L8LZ44Z8,STORMLANDS-1
LLO0ZVVFA0,RIVERLANDS-2
LO0Z94V4LO,DORNE- 2
L4V09FA08,HOARE
88Z80V8,IRONISLADS
LZ0VFA4FAV,CROWNLANDS
VL4ZVZ0,DORNE-1
LFA098844,HOARE
LL9ZZL8L,RIVERLANDS-2
L8LO0VL94,DORNE-3
L4ZFAL0LV,REACH
LFAZ08FA0Z,NULL
L80VLLO,STORMLANDS-1
ZZ4V090FA,NORTH
L40ZVLO9Z,CROWNLANDS
LO0Z80L4Z,DORNE- 2
L408ZLOL8,HOARE
LZ49LLOVL,NORTH
LL40ZLFA0,#N/D
LVZVLOVLV,STORMLANDS-2
L0FA0ZVLOV,STORMLANDS-1
L04LO8408,HOARE
V4ZLO4LO9,IRONISLADS
L488L9LLO,DORNE-1
L0V9FA808,NORTH
V0FA9VV,STORMLANDS-2
Z0VZL4FA8,RIVERLANDS-2
L98LLO8,HOARE
LFALOVZL90,HOARE
V04V0V44,REACH
LV4V08Z4,HOARE
LFAFAVV89FA,HOARE
80LFA00FA8,STARKS
L84LO88LO8,DORNE-1
LV8VLO004,STORMLANDS-2
900FAZVV8,#N/D
FA00L4FAV0,REACH
L9LO0V009,RIVERLANDS-2
894LL8L,IRONISLADS
L9L9Z08FA,DORNE-1
FA09809FA,HOARE
LO0V949LFA,STARKS
L4L0Z49V,STORMLANDS-2
L9498FA84,STORMLANDS-1
L8Z9VV88,RIVERLANDS-1
8ZFAV400,IRONISLADS
LL0V0VLO0,STORMLANDS-1
LLFA4FA9ZM,HOARE
LFAFAVZ840,NULL
L4VZ8L,IRONISLADS
LLOFAL0LO9FA,HOARE
LZLOFA4L,DORNE-1
LZ9Z9V9L,NULL
L84FAFALO44,HOARE
L808LZVFA,RIVERLANDS-2
L0800LZ9,STORMLANDS-2
8FA89FAL9,IRONISLADS
L04009L0,DORNE-1
LZ844080,STORMLANDS-1
80048FA8,IRONISLADS
L9Z8L904,STARKS
Z0VVLL90,DORNE-3
L8ZFALOV49,STORMLANDS-1
LLOL0VFA89,IRONISLADS
LZ0L98LFA,STORMLANDS-1
V9FA49FAFA,IRONISLADS
L80LOLL4LO,REACH
ZVLO48800,RIVERLANDS-2
L400FAVZL,HOARE
L9FA408LV,STORMLANDS-1
90V00VZ,DORNE-1
900FALOFA49,#N/D
LVZLO4009,HOARE
FA0080ZV0,#N/D
V89LLO08,DORNE-1
V0Z0440Z,REACH
FA0LO0LFA0FA,#N/D
9LLV8,IRONISLADS
FA00ZFA08L,DORNE-3
LVFA0L0Z9,STARKS
804ZML0,IRONISLADS
LFA0LO4LO8L,REACH
L90V9Z9V,CROWNLANDS
L084V8LOV,IRONISLADS
L8LOFAVLLO9,#N/D
940LO09V,HOARE
L0444ZM9,RIVERLANDS-2
L0VFALZ,STORMLANDS-1
9V08V0L,HOARE
LO0LO00LOFALO,CROWNLANDS
FA0ZL00,#N/D
L9040V08,IRONISLADS
LO009L8LFA,CROWNLANDS
L0080FA9L,DORNE-3
L9V0LLVL,RIVERLANDS-1
LLO80L8FAV,DORNE-3
800V00LO,IRONISLADS
LLOZ40ZL9,REACH
L80LOV4L0,STARKS
LO0000Z04,CROWNLANDS
L8FA4LO88V,STORMLANDS-1
8VL98V4,IRONISLADS
L8VLO049LO,RIVERLANDS-1
Z08V488LO,DORNE-3
900890VL,#N/D
LLZL08FA0,HOARE
900FALOZ00,#N/D
L8FALLO8V0,HOARE
FA00LO8LO00,CROWNLANDS
LO0ZVLVZ4,RIVERLANDS-2
LFALFA9098,HOARE
LLOLLO909Z,CROWNLANDS
LL490VZLO,#N/D
L9LOFA04V8,IRONISLADS
LV44FALO9V,RIVERLANDS-2
LLO80LOL80,NULL
FA0LZ0804,#N/D
L98L098L,STARKS
LV4FAFAZ04,NULL
L9FAZFAZZV,STORMLANDS-1
L0804VL0,CROWNLANDS
Z084FA9FA8,DORNE-3
L8ZLO9LOV9,IRONISLADS
LFAZ400LZ,DORNE-3
LZV090FA0,STORMLANDS-2
LZVV0LO94,DORNE-3
ZZ4VLZVZ,NORTH
L9VLLO94V,DORNE-1
FA044FAZFA0,#N/D
V0008L80,NORTH
LLO940090,HOARE
V00LOZFAFAL,STORMLANDS-2
LVV8LV4V,DORNE- 2
8009LOFALO4,NULL
LVFA940FALO,NORTH
LFAZ0ZZZFA,DORNE-3
V40FA0V8,IRONISLADS
ZZ0LL9FAV,STORMLANDS-2
L0LV0LFA9,STORMLANDS-1
8FA89FAL9,IRONISLADS
L9FAZL0ZL,DORNE-1
LLOFALVVVLO,IRONISLADS
LLO8LO0LOLV,RIVERLANDS-1
L00FALFAFAZ,IRONISLADS
L90LO4FALO9,STORMLANDS-2
L000LOVVFA,NORTH
LVZ9LO0LOFA,DORNE-1
L94ZLOZVV,DORNE-1
LZ4FAZFAZM,HOARE
ZZZ4FAV0V,NORTH
44098LOFA,HOARE
VZ49FAFAV,DORNE-1
Z0FA49ZV4,DORNE-3
LLZ0FALO94,STORMLANDS-1
LV40L000,REACH
V0LV4FA94,RIVERLANDS-2
L00LO9VFAZ,HOARE
L0LZ4940,STORMLANDS-1
LLLO0ZV40,HOARE
L8V900LV,DORNE-1
VFA90ZMFA,HOARE
L4FALZ48L,#N/D
L09FA0Z,RIVERLANDS-2
LFA894L0L,STORMLANDS-1
L8VV0ZVZ,NULL
9009090Z,#N/D
L90084V9,DORNE-1
LFALO889LL,NORTH
L08848,DORNE-1
LVVLOL9FAZ,NULL
L8ZFA440LO,REACH
L9LZ8LLOV,IRONISLADS
L40LLZ9Z,RIVERLANDS-1
L9LO4ZZ44,RIVERLANDS-1
L8LZM04Z,DORNE- 2
V0L40VLOZ,RIVERLANDS-2
988LO48V,IRONISLADS
LFA9Z80Z9,DORNE-1
L0080ZVZ,RIVERLANDS-1
Z000849Z,RIVERLANDS-1
LVLLL008,STORMLANDS-1
L90L40V0,RIVERLANDS-2
L9Z94FA04,DORNE-1
Z08LZ8LOV,RIVERLANDS-1
LLOZ4L8FA0,DORNE-1
L0LO9L9LOZ,DORNE-1
L9LOV404LO,RIVERLANDS-2
LV4ZLOFAFA0,DORNE-3
LVFA0FAFA0Z,DORNE-1
L90ZLO4LOZ,IRONISLADS
8009LOVVFA,STARKS
FA0FAV0LO40,#N/D
L8890449,CROWNLANDS
L4FA040LFA,STORMLANDS-1
V0LFA8LOFAZ,RIVERLANDS-2
LO08LO0LLZ,CROWNLANDS
L988LOZ9LO,STORMLANDS-1
LV0L4V0LO,#N/D
FA004FAVFALO,STARKS
L880LFA40,NULL
V080LO009,REACH
LLOZZZ8LZ,REACH
800LO44L0,STORMLANDS-1
LVV09L00,DORNE-3
FA04L000FA,#N/D
L80L4LLO0,DORNE-1
LO04Z80L4,CROWNLANDS
Z00ZV0L4,DORNE-3
L94LVV94,DORNE-3
L8LO0L9V0,STARKS
Z04L8LVL,DORNE-3
9ZLO49VFA,DORNE-1
LLO0V0LO94,#N/D
LZL840LLO,IRONISLADS
LZZ944FA0,#N/D
900ZLO0LO9,#N/D
L4090Z4L,STARKS
L9FA8ZLV8,REACH
FA0LOV80V0,#N/D
L8V0440Z,STORMLANDS-2
Z0LZ000Z,DORNE-3
9FALO00,IRONISLADS
FA008009V,NULL
L49404FA0,HOARE
L9889LV0,STORMLANDS-1
L800V8L8,NORTH
494FA40,DORNE-1
Z0LOFAVVV9,DORNE-3
L4LOZFA040,CROWNLANDS
L4FALOZZ44,STORMLANDS-2
LO04VFAV4V,AEGON
FA00V8Z0L,#N/D
L840FA0LO9,RIVERLANDS-2
VLFA9VLOFA,DORNE-1
LL90ZV,RIVERLANDS-2
L9LOFA8ZM0,CROWNLANDS
L894LOV9Z,REACH
V00VL980,STORMLANDS-2
800FAZ088,STORMLANDS-1
V004049LO,DORNE-1
Z00FAFA4LO9,DORNE-3
8VL0V,STORMLANDS-1
90988L0,IRONISLADS
ZZZ040LOV,DORNE- 2
Z008VFA0L,DORNE-3
LVFALOV0V0,STORMLANDS-2
LO4V4LFA4,#N/D
Z04Z0009,DORNE-3
L9Z09VVL,CROWNLANDS
L8LLO9Z0LO,DORNE-3
Z0VZ4LFAL,DORNE-3
L8V00LZV,HOARE
Z04LO40V4,DORNE-3
98L4VZLO,RIVERLANDS-2
900ZL9Z,HOARE
LL08Z040,IRONISLADS
LVZ488Z0,IRONISLADS
ZZ0009L4,IRONISLADS
L0800LVFA,RIVERLANDS-2
FA09ZZ09LO,#N/D
V88VLOZ8,DORNE-1
LFAL0LO8LZ,NORTH
V0LO44FA84,NORTH
9FAFAFALO0V,DORNE-1
LFA9Z9LO98,IRONISLADS
FA0048LO,#N/D
LZ0LO0ZFAL,STORMLANDS-1
9L9ZLO80,DORNE-1
Z000VZFAV,RIVERLANDS-2
LZ900LO04,IRONISLADS
FA0084LFALO,DORNE-3
L440Z8Z0,DORNE-3
L8FA0LOL80,#N/D
LO00LOFAZ0V,CROWNLANDS
LZ900LO04,IRONISLADS
LLO08FAVZ0,DORNE-1
V809VFAL,HOARE
L8FALO44L9,RIVERLANDS-2
L49FAV800,DORNE-3
L400FALO4FA,DORNE-3
L4VZ8V8LO,STORMLANDS-1
L400FALO4FA,DORNE-3
L8898LO88,RIVERLANDS-1
L9V0FA8,RIVERLANDS-2
L80LO9ZL4,STORMLANDS-1
LZV9L8LO9,STORMLANDS-1
V0LLV000,RIVERLANDS-2
89V0V84,HOARE
V900FAL4,IRONISLADS
V0ZZLO0LZ,HOARE
V04LLOZ48,STORMLANDS-2
LLLO4LO9LV,#N/D
LLOVLO00V0,NULL
L0LV9V9L,DORNE-1
L8FAFAVFA,NULL
LO08LLLOFA0,CROWNLANDS
L98ZLLO90,IRONISLADS
LFAFAVFAZ00,DORNE-1
Z0490Z8L,RIVERLANDS-1
LZV0840Z,REACH
FA04Z8L80,#N/D
L9L9L40V,HOARE
FA0LLO90LL,#N/D
L8849FA8L,DORNE-1
900FAFA90L,#N/D
LZ9LZLOZLO,DORNE-3
L84400VZ,DORNE-3
FA004ZV0V,#N/D
LLOV880V0,IRONISLADS
9000ZMFAZ,#N/D
8L0009V,HOARE
L9040FA9FA,CROWNLANDS
Z004FAFALO0,DORNE-3
LLLFA088FA,STORMLANDS-2
LV90FA40V,RIVERLANDS-1
LV88FAVZV,REACH
L8LLOFALOZ0,RIVERLANDS-1
LLO980LO0LO,RIVERLANDS-1
L8LZM000,DORNE-1
ZZLO00Z00,RIVERLANDS-2
FA0Z98Z04,#N/D
L8VZ800V,STORMLANDS-1
FA0Z088V0,#N/D
LFAZFA4V0FA,DORNE-3
FA00FA8VLLO,#N/D
FA0L00FA8L,#N/D
V0Z04LO00,REACH
LFAZV8LO,NULL
L0VL04LO8,HOARE
L4090Z4L,STARKS
L8Z9Z0FA0,DORNE-1
LFA48ZFA8FA,HOARE
Z0LLO8ZFALO,RIVERLANDS-2
FA0V0884V,#N/D
L909084FA,#N/D
LLO4FAZL0FA,CROWNLANDS
L9V4909V,HOARE
V0LZLZ90,RIVERLANDS-2
LLO0LV90FA,STORMLANDS-2
L8LVZFAL8,IRONISLADS
LO0LO0LOFA0FA,CROWNLANDS
V00844L8,STARKS
LVZMZLOLZ,STORMLANDS-1
V0L08LOLL,#N/D
LVFA8FALO00,DORNE-1
LLO9LLOL8L,NORTH
90L48404,#N/D
Z0Z0V40LO,DORNE-3
L80L8V,NORTH
FA0LV9V,#N/D
LVZLO9FAL0,CROWNLANDS
4048804,HOARE
80L0ZZ04,NULL
9L409L8,HOARE
LLO0FA98L8,DORNE-1
LO00FAZ090,CROWNLANDS
L8V0440Z,STORMLANDS-2
L008VZ9FA,#N/D
L9ZV04V0,REACH
Z00FALO04FA,RIVERLANDS-2
L8ZM8LL0,#N/D
900LO4L89,#N/D
L909084FA,#N/D
V008Z009,NULL
LV4000,STORMLANDS-1
LV009FAZ0,NULL
LV0FA0FALO9,STORMLANDS-1
L9LOZ0LZ8,NORTH
FA0L0LOZZ9,#N/D
LV40L000,REACH
FA0008L4V,STORMLANDS-1
L404FA040,STORMLANDS-2
V9LOL8V8,HOARE
L4V4L84LO,STORMLANDS-2
V0FAV040,DORNE-1
L404FA040,STORMLANDS-2
ZVLO0LVLLO,IRONISLADS
9FA8FAFA08,DORNE-1
9V0FALO0V,RIVERLANDS-1
L0FA0L000,IRONISLADS
LL9FA940FA,DORNE-3
L48LFAV80,HOARE
L09V09,HOARE
Z0L040V0,DORNE-3
L48LFAV80,HOARE
L48LLZZL,STORMLANDS-1
LZ9489ZFA,RIVERLANDS-2
L4FA04FA4V,RIVERLANDS-2
LO0LLO0FA00,CROWNLANDS
LLO0V89,#N/D
V08FAZ00LO,REACH
FA04VLLO0FA,#N/D
LFAZ4LOL4V,STORMLANDS-2
90LZ04V0,#N/D
L900FA0FAFA,NULL
L94940LFA,HOARE
Z0Z00L00,RIVERLANDS-2
L0LZ0VVV,RIVERLANDS-2
LZ08Z04L,STORMLANDS-2
LO04LO0ZLFA,CROWNLANDS
L0009ZLL,STORMLANDS-1
L889LV0LO,NORTH
LLO8008LLO,REACH
ZZLOV0FA0Z,NORTH
L0L4V0L4,STORMLANDS-1
LFAZ4FALL8,HOARE
LZL48ZZL,REACH
909LOZ08,IRONISLADS
ZZV94Z48,NORTH
LFA88V88LO,HOARE
ZZZ048LV,NORTH
L0000LL8,RIVERLANDS-1
L908080LO,DORNE-1
LZFALVLZV,DORNE-3
L0Z04LO,RIVERLANDS-2
V0LO0L0,CROWNLANDS
LO0ZLOV90Z,RIVERLANDS-2
FA00FAFAFA,#N/D
L00LOVL8L,STORMLANDS-1
L00FAZMZ8,DORNE-1
LV9LZLFAL,STARKS
FAFA94VLO4,IRONISLADS
LFAZV0049,DORNE-1
L09FA804FA,HOARE
ZZLOLFA90FA,CROWNLANDS
LV0LL000,DORNE-1
LVV8LV4V,DORNE- 2
L0V0V0LV,DORNE-1
L009FALOV0,RIVERLANDS-1
L8LL4884,IRONISLADS
LFAZZFAZZM,STORMLANDS-1
LVZ9L808,RIVERLANDS-2
L4ZZZL0V,STORMLANDS-1
LFA9LLO0ZL,IRONISLADS
LLZ4LO48Z,NULL
Z004ZFAZZ,STORMLANDS-2
FA0FAVL4FAZ,#N/D
9000L909,#N/D
L4V0LOLFAL,HOARE
VL9FA044,HOARE
L9FAVZ4FA4,IRONISLADS
V4V84FAZ,DORNE-1
LLO0Z0FALO0,IRONISLADS
FA0094ZZ0,#N/D
L4FA048FA0,#N/D
LLV0FA84L,HOARE
L004FAZZL,STORMLANDS-1
L04FALL84,IRONISLADS
LFAZLL440,DORNE-3
L0L9FAFA8V,HOARE
900LO00,#N/D
FA0LOL90V9,#N/D
LV4Z80L0,RIVERLANDS-2
L940L4LO8,IRONISLADS
L4980LO90,STORMLANDS-1
L00V98VV,HOARE
L9V4LOFAZLO,CROWNLANDS
FA00Z8V04,#N/D
LVL9L0FA4,HOARE
L9FAFA0000,#N/D
LLOFA40FA40,RIVERLANDS-2
L4FAFAZMLZ,NORTH
L8FA404,RIVERLANDS-2
FA00LFA9ZV,#N/D
L048LO98LO,IRONISLADS
L490VFA00,HOARE
LLLOL94FA0,NORTH
L9V88L0LO,REACH
L89VLOZ48,NORTH
L9L9LO4FA0,IRONISLADS
L00Z0LO44,DORNE-3
LFAFAZLLZFA,DORNE-3
L84FAVZ08,IRONISLADS
L408ZLOL8,HOARE
L908L8LO8,HOARE
LV498VLFA,RIVERLANDS-2
V0Z0ZLFA,IRONISLADS
LVV8908Z,NULL
V00LO09LOFA,#N/D
L9FAZ4FAV0,NULL
LLZLOFAV0Z,STARKS
V448L00,DORNE-1
L84Z909L,#N/D
L4VL408FA,DORNE-1
L4VL408FA,DORNE-1
LLO4FAZ04Z,RIVERLANDS-2
L9LOLZ49FA,STORMLANDS-1
LO04Z94LO9,CROWNLANDS
L8LZ98FAL,IRONISLADS
L08ZL009,RIVERLANDS-1
V04FA940Z,STORMLANDS-2
LLOZZL90FA,IRONISLADS
LLLO4LOZL0,RIVERLANDS-1
LV98VLO80,HOARE
L800L809,#N/D
LFAVV0FA40,STORMLANDS-2
L9ZLZZL0,RIVERLANDS-2
LFA0404Z0,STORMLANDS-2
FA00ZL009,CROWNLANDS
L0444ZM9,RIVERLANDS-2
LLOZ0400LO,#N/D
L9FA40ZL0,IRONISLADS
L44VLO0VFA,HOARE
VLZLVZ0,IRONISLADS
V88VLOZ8,DORNE-1
LV0Z4FAFA4,RIVERLANDS-1
LO08LLLOFA0,CROWNLANDS
L8FA9L4,STORMLANDS-2
LLOV909L4,HOARE
80FAL000,HOARE
L940LOLFAZ,HOARE
LLFAZ9080,STORMLANDS-1
LVZ0V0ZLO,HOARE
LLOLFA80,RIVERLANDS-1
LV9LZ944,STORMLANDS-1
L8VLOFAFA0L,STARKS
LO0LVV000,CROWNLANDS
L0VLL09FA,IRONISLADS
LVLO0FA004,AEGON
L94Z04,DORNE-1
L840ZV90,HOARE
L0L0FAV,DORNE-1
L94800V8,#N/D
LO040ZZV0,NULL
890LV,HOARE
ZZL98400,HOARE
LZLOVLO9VFA,STORMLANDS-1
L9LLZZML,CROWNLANDS
L00984FAL,RIVERLANDS-2
L8809VZ9,DORNE-1
LFA9FAL0,STORMLANDS-1
LVZM4980,#N/D
V00FA980FA,RIVERLANDS-2
LV9L90Z9,RIVERLANDS-2
L8VFA8VL0,STORMLANDS-2
LFAL84LO9FA,CROWNLANDS
L00900L9,NORTH
LZ8L944V,DORNE-3
L8LV89VL,#N/D
FA0LOVFALO00,#N/D
LFAZFA0890,IRONISLADS
LVZ08408,DORNE-3
LFA4VLOL00,STORMLANDS-2
L40FA0090,HOARE
LL400889,DORNE-3
LV0V00FAFA,RIVERLANDS-2
LLO48Z8V8,STARKS
V08ZZL9Z,REACH
L00FA804V,NORTH
L0L908V0,RIVERLANDS-1
LV9FAVZV9,REACH
8009084,HOARE
LFALO88L8L,#N/D
L8VFA4LO8L,NULL
LVL900LO8,DORNE-1
FA04FALO48LO,#N/D
L80ZZ8,STORMLANDS-1
LL8VV0LOZ,DORNE-3
LLV8ZVLOZ,STORMLANDS-1
900ZLO0LO9,#N/D
L0LOFAZ4,REACH
L890LLO0Z,IRONISLADS
8L4FALOFA0,HOARE
L49VZ00FA,STORMLANDS-1
L4Z48L9Z,IRONISLADS
LZMLOFA9LO9,DORNE-1
9V894FALO,DORNE-1
Z0ZZLO480,#N/D
L840LOLLLO,HOARE
LV0098LO9,HOARE
V0LV8908,#N/D
ZZ0ZLOFA0FA,NULL
LLOZFAFA0,#N/D
L8LOLL8LO0,REACH
V0LOZLO08FA,NORTH
900FA08LO9,#N/D
L8FA89FA4Z,RIVERLANDS-2
L98V90LOL,DORNE-1
LVVLFAL0LO,STORMLANDS-2
Z080ZZ0LO,#N/D
LV9FALO4L0,DORNE-1
LZ0489ZM,RIVERLANDS-1
Z0LOL4LZ4,DORNE-3
L9FAFAV089,#N/D
FA00V9VFAZ,RIVERLANDS-1
L4Z840LO8,IRONISLADS
FA080ZLL4,#N/D
LO0ZMFA00Z,REACH
L0ZZMLZV,STORMLANDS-1
LFALOV4ZLO4,#N/D
LFA4LO8LOVL,HOARE
L8FAL9Z40,#N/D
Z0LZFA0LOV,DORNE-3
LLO0V94FAFA,HOARE
ZZ4LVV9V,NULL
LZVVL08V,HOARE
8LO89FAV9,DORNE-1
LVVVFAVZLO,STORMLANDS-1
L4FALO8VZ9,HOARE
80L0ZM9FA,NULL
L90L9Z0Z,IRONISLADS
L9V44L08,DORNE-3
V8894LL,DORNE-1
FA044FALO89,#N/D
FA0LOL0VLO4,#N/D
L89VZ40L,RIVERLANDS-2
L00VLO0,#N/D
LV89VZ44,DORNE- 2
L904V4V4,RIVERLANDS-2
FA00L4LV4,STORMLANDS-2
ZZV4000L,IRONISLADS
LV0094V4,STORMLANDS-1
900V4ZFA,IRONISLADS
L80ZLFA,STORMLANDS-1
LFA0400ZL,IRONISLADS
LVFAVFALO,#N/D
FA000L408,DORNE-3
L00FALO8FA4,DORNE-3
800ZM404,STORMLANDS-1
ZZ4Z8LO80,NORTH
Z000VZFAV,RIVERLANDS-2
FA0ZM900LO,#N/D
LL4ZZ0Z8,#N/D
LVZ40V40,NULL
900Z89LOV,#N/D
L0LLOLFAZ8,RIVERLANDS-1
LO0LO0VLV0,CROWNLANDS
L9V4VZ80,#N/D
L49LZ80L,#N/D
V008Z09V,STARKS
800FA4888,NULL
L94Z0V08,STORMLANDS-1
LLO0400V0,STORMLANDS-1
V0LOFALO4LO,IRONISLADS
LFA4ZMVFA4,DORNE-1
LZVVFA0LLO,DORNE-1
8Z4Z9L,IRONISLADS
L80LOVFA0Z,IRONISLADS
800LO4ZVLO,STORMLANDS-1
L484LO4LLO,CROWNLANDS
LFA408LO9FA,DORNE-1
900980Z4,#N/D
L80400LL,DORNE-1
L9V00Z8Z,STORMLANDS-1
LFAFAVV89FA,HOARE
L8L80LO0FA,CROWNLANDS
L9LOLLO84FA,NULL
L94Z9890,DORNE-1
ZZZFAL880,RIVERLANDS-2
LZLLOZ89V,HOARE
LVLO4V880,#N/D
L9V049LFA,CROWNLANDS
L90Z40LZ,NORTH
LLZZVL09,DORNE-3
80LOLL8L,IRONISLADS
L090L00V,RIVERLANDS-2
V0ZV9090,DORNE-1
LO0ZLOZ9L9,RIVERLANDS-2
V09LOV888,STORMLANDS-2
LL0VLL,STARKS
LLL40908,CROWNLANDS
LLOFA40FA40,RIVERLANDS-2
V4VV0LO4,DORNE-1
LLOFAVLOZ84,DORNE-3
800FA4888,NULL
LFA0LLOVLO4,#N/D
LLO9498LOL,RIVERLANDS-2
LVLFAFAZM9,STORMLANDS-2
L98Z04L0,REACH
4FALO94Z0,HOARE
L8Z0V4FAFA,STORMLANDS-1
L9ZZZZZ4,STORMLANDS-1
Z0VL000Z,#N/D
V04Z0ZZFA,STORMLANDS-2
L4L0088FA,RIVERLANDS-1
FA000989L,HOARE
LLO8LO988V,HOARE
8ZFALOVLFA,HOARE
LO040ZMFA0,NULL
L9LLO00V0,#N/D
L440004L,DORNE-1
L8949LO09,NORTH
ZMZ8FAFA,IRONISLADS
L80V8880,CROWNLANDS
ZZFA8ZLO,HOARE
FA0FA944,#N/D
FA0L9LO40Z,#N/D
Z04FA8LZL,RIVERLANDS-1
FA0FA944,#N/D
FA004LOZ40,DORNE-1
L8090LO09,STORMLANDS-1
L8040044,STORMLANDS-1
8ZFAFA9LO0,IRONISLADS
FA0084FAFA0,#N/D
LO044LO098,AEGON
Z04040V4,RIVERLANDS-1
LO0ZM098V,AEGON
V8LZ904,HOARE
V0LFA944LO,RIVERLANDS-2
L048940LO,STORMLANDS-1
8LO8L0LO0,HOARE
V089L4LZ,REACH
L08ZMZ,RIVERLANDS-1
L80Z0L9V,NORTH
L9V04004,#N/D
LVLFAVVLZ,STARKS
LLO9800,IRONISLADS
Z0FALFAV8FA,DORNE-3
LV00ZZ40,RIVERLANDS-2
L40Z88L9,DORNE-3
FA0ZZ4LZLO,#N/D
V0LO0840,IRONISLADS
V00LZLVFA,RIVERLANDS-2
LVFA0480V,STARKS
L0LOFA0Z8Z,#N/D
8L9V9FA0,DORNE-1
L0949009,IRONISLADS
Z004LOZZ0,DORNE-3
LV490L48,NULL
LFA084LFA0,RIVERLANDS-1
ZZZ4Z0ZV,IRONISLADS
90884LOV,HOARE
LZLVFALO90,REACH
LFAL04V00,NULL
Z008LO0LL,DORNE-3
FA009FA9VLO,#N/D
L9800VV0,NORTH
LZV9LOFA8LO,NULL
VL4V00FA,IRONISLADS
LO00FA9FAVZ,CROWNLANDS
LLOZL0L49,STORMLANDS-1
Z0Z40LOZ4,RIVERLANDS-2
V0FAV040,DORNE-1
LFA0Z4ZFAZ,STORMLANDS-2
FA00FA8V44,NORTH
9V4V4L8,RIVERLANDS-1
L94Z9890,DORNE-1
LLOL0VZ4Z,IRONISLADS
L9V40LOLZ,DORNE-1
L4LO4FA8FAZ,IRONISLADS
90LO08VLO,IRONISLADS
V0ZLV4V0,REACH
LLZL00L4,RIVERLANDS-2
LOFA0FAV9,HOARE
V0LFAZLO8L,DORNE-1
L40LLZZZ,NORTH
4ZMLO08LO,IRONISLADS
ZZFA8Z0VFA,DORNE- 2
LVL8V9FALO,NULL
L9848LZL,DORNE-1
LVZ00004,CROWNLANDS
L4FA88Z4Z,REACH
V00Z88FA4,STORMLANDS-2
V00FAZ9VLO,DORNE-1
LL490VZLO,#N/D
L90LZVLV,DORNE-3
LLO440VVFA,NORTH
L90V804LO,DORNE-1
LLLLO8L04,DORNE-1
LLO8VL0LOV,REACH
8LV4L0Z,HOARE
L8040VZL,DORNE-1
LV984LOVZ,DORNE-1
LV40040LO,#N/D
LL04L4FAV,NULL
L90ZLO4LOZ,IRONISLADS
L84FAFA4,DORNE-1
L494LO0FA9,STARKS
LZ9L8L8L,DORNE-1
L8FALO0ZMFA,REACH
LV88FAVZV,REACH
LLO904LO0L,#N/D
L90FALVLFA,REACH
L08ZLFA0V,HOARE
L00ZFA00LO,RIVERLANDS-1
L0L4ZM00,RIVERLANDS-2
FA0LO080FA0,#N/D
V000ZFAZM,RIVERLANDS-2
L84FA00V0,NORTH
LV009LOFAFA,NORTH
LLV49ZMZ,#N/D
L9L0LO44L,DORNE-1
LL00L8Z0,HOARE
L8LLOZFA0L,#N/D
L8804LO4L,IRONISLADS
L0800ZLO9,#N/D
L940FALO9FA,DORNE- 2
LZLO0ZM98,DORNE-1
L80Z9FALV,DORNE-3
L4089VVLO,STORMLANDS-2
LO0900V9LO,CROWNLANDS
FALLOFA4,DORNE-3
LLO9LZLOZ0,#N/D
Z0490Z8L,RIVERLANDS-1
V0LLV000,RIVERLANDS-2
LZ0L9VLOZ,DORNE-1
LFA44V04LO,#N/D
L94LZ0Z0,#N/D
L8L889L0,HOARE
LVFAZ8Z00,DORNE- 2
9LO44VVL,RIVERLANDS-2
L048940LO,STORMLANDS-1
L80FA49V8,DORNE-3
900480FA4,#N/D
L40Z0084,STORMLANDS-1
L09LOL9Z0,DORNE-1
Z0FAFAFAV0LO,RIVERLANDS-1
L4LVL0Z0,DORNE-1
LV9V0LZ4,#N/D
FA048ZZ0Z,#N/D
V0LV0LOFA9,RIVERLANDS-2
LO0ZMFA00LO,AEGON
LFAL00L00,HOARE
V09LOV888,STORMLANDS-2
LZZ8FA480,DORNE-1
LV9L90V4,IRONISLADS
L80FA9008,IRONISLADS
LLOVFA044Z,IRONISLADS
FA0VZ89ZLO,#N/D
FAFAV4LO,STORMLANDS-1
L88ZZVFA4,DORNE-1
ZVLOZ90L0,#N/D
8V8LLOL4,IRONISLADS
FA0L0V0LLO,#N/D
8ZMFA0LO4,IRONISLADS
LV8FA90L8,DORNE- 2
L9Z09LO40,RIVERLANDS-1
ZVLOFA0FA0LO,HOARE
L0LZM9LO8,DORNE-1
L890Z0,DORNE-1
LLO0LO0LO49,RIVERLANDS-2
L0V84LLO4,DORNE-1
L9444VFA0,HOARE
LLO0FA00ZLO,DORNE-1
L90ZLLFALO,DORNE-1
L9VLOV948,RIVERLANDS-1
FA00V000V,IRONISLADS
LFA8LOZ0FAL,STORMLANDS-1
LLFAV9480,STORMLANDS-1
FA0449FALFA,#N/D
LFAL4L4FAZ,STORMLANDS-2
V0LOZFA904,NORTH
LO0V9FAL98,STARKS
LLO9L0V88,NULL
FA0VV49LO0,#N/D
L8989FAV8,IRONISLADS
L4V8V49V,STARKS
80LLZ4VZ,NULL
LO00FA8V80,CROWNLANDS
L9Z8900Z,HOARE
FA0LFAV8L9,#N/D
L8V8VFALOFA,REACH
LZ0LO980L,STORMLANDS-1
LV9L0FA98,NULL
80040L00,STORMLANDS-1
LLOZ89Z08,DORNE-1
L8VZLFAV4,DORNE-1
Z009VFAL9,DORNE-3
LZ9V840LO,HOARE
LFA890VZ0,STORMLANDS-2
9VLOLLO0Z,RIVERLANDS-1
LFALOZLLO8L,STORMLANDS-2
LZ80LOZZ8,HOARE
LFAFALL90FA,DORNE-1
9FALO00,IRONISLADS
FA008Z9Z4,NORTH
LVVL0LLOZ,NULL
L9LO04V84,RIVERLANDS-1
LLFA4FA9ZM,HOARE
V088ZVFAV,DORNE-1
LLO040044,RIVERLANDS-1
LO0LO48Z0L,AEGON
ZVLOL9L0FA,RIVERLANDS-2
L80LO4FAL4,IRONISLADS
LO0LOFA0ZV4,REACH
900LL4FA0,#N/D
ZZLZ0ZZM,RIVERLANDS-2
L4L0488L,STORMLANDS-1
L90LOLV0Z,CROWNLANDS
890Z0Z8,HOARE
V0008408,DORNE- 2
L8FA84800,DORNE-3
98094LOL,RIVERLANDS-1
V409808,DORNE-1
LZ0VLOFA09,NORTH
LZLOVLV,STORMLANDS-2
VZL009V,HOARE
LFALO4Z0V0,RIVERLANDS-1
LO0ZZLO0,RIVERLANDS-2
LLOFAVZ90FA,IRONISLADS
L0080LZ4,IRONISLADS
Z00ZM004,RIVERLANDS-1
LVFAFAZZLO0,REACH
9V0Z0LOFA,DORNE-3
FA0L49840,#N/D
FA00V0LO04,DORNE-1
L009V9LO0,NORTH
L890FAL0L,RIVERLANDS-1
LLO08ZLZ4,DORNE-1
L80FA0VFA9,STARKS
L0LOFAZ4,REACH
LV0FA0FALO9,STORMLANDS-1
LO8LO89Z0,DORNE-1
L9FAVFA4LO8,IRONISLADS
LLO8909V9,#N/D
L84LO904LO,NULL
LO0ZLOV0VZ,RIVERLANDS-2
L908LO0L4,CROWNLANDS
V0FALO00LZ,DORNE-1
LO0ZM0804,#N/D
L90400L0,NORTH
LVLOFAFA8LOZ,IRONISLADS
LVFA0480V,STARKS
L0ZV4V0,IRONISLADS
V0LOFALVFAZ,NORTH
L080LV04,IRONISLADS
FA0FAZ8L0Z,#N/D
L4V0L0LOFA,IRONISLADS
LZ490ZM0,IRONISLADS
L0V0V0LV,DORNE-1
L8VZLFAV4,DORNE-1
Z0Z8L9LO8,DORNE-3
L08ZZ0FA9,DORNE-1
LZ909FA00,NORTH
80LVV09LO,NULL
ZZ0Z00V0,IRONISLADS
V08V00FA0,REACH
8FA9ZLOZZ,DORNE-1
80LLOZ4L4,NULL
LZ9V0LO8L,NULL
LZ8LOVZ4V,IRONISLADS
LLO48L449,STORMLANDS-1
L8FALO00ZL,NORTH
LLO8V0090,NORTH
Z0Z0V40LO,DORNE-3
V00844L8,STARKS
L00LOL48L,RIVERLANDS-2
L4984ZV0,#N/D
FA040ZLOZ,DORNE-1
L0044FAV0,DORNE-3
L9LO9FA0,IRONISLADS
9004VV4LO,#N/D
LZ0ZFALO8L,#N/D
Z0488ZL0,RIVERLANDS-1
84ZL9Z0,DORNE-1
VL089FA4,IRONISLADS
L0LFAV4LOFA,RIVERLANDS-1
LV90LFA0V,IRONISLADS
900ZLO0LO9,#N/D
L88VLOVFA9,STORMLANDS-1
L00LOVL8L,STORMLANDS-1
ZZLO00V00,NORTH
LO09FA8LOL0,CROWNLANDS
V00Z4FAL8,RIVERLANDS-2
V00L0L40,NORTH
V0488888,REACH
V0V0ZLO4V,STORMLANDS-2
V0LZ9LFA9,RIVERLANDS-2
800Z4489,STARKS
L440LOFA00,CROWNLANDS
L4L90049,CROWNLANDS
LO00LO9L8L,CROWNLANDS
LVLO0FA8V4,RIVERLANDS-1
LZ08908V,HOARE
VL4ZVZ0,DORNE-1
L8LL4LVZ,RIVERLANDS-1
90884LOV,HOARE
LLZL0LOZ9,STORMLANDS-1
LO0LO4VLOFA8,AEGON
LV0Z000Z,HOARE
L8LO0404LO,HOARE
L09V0000,NORTH
LLZMLO0V9,STORMLANDS-1
LL9Z9VFA0,IRONISLADS
L9Z0LOLZL,DORNE-3
L4V4L84LO,STORMLANDS-2
L88LO00LFA,RIVERLANDS-1
LLL0LZ0L,STORMLANDS-1
LVLZFA8LO9,REACH
L8800VL4,HOARE
Z0L0Z44Z,RIVERLANDS-2
V0LZV90LO,RIVERLANDS-2
L0LOFA84,STORMLANDS-1
L0Z9LLO8LO,RIVERLANDS-1
ZZFA8ZM84,RIVERLANDS-2
L9L0V0L0,NORTH
LVFA9LOV44,STORMLANDS-1
L8L9VLVZ,NULL
LFAZ4LOL4V,STORMLANDS-2
V0V0LZ98,NORTH
Z00ZM004,RIVERLANDS-1
LZ9L49ZV,HOARE
900VFA,DORNE-1
LV89LOZ88,RIVERLANDS-2
900V0V9FA,#N/D
9000FAZ8FA,#N/D
VLOFA440FA,HOARE
L4L9Z0ZFA,HOARE
LFA8LOZL49,DORNE-3
ZVLO04FA49,NORTH
LO0ZVL0Z0,REACH
L89FA0FA4Z,STORMLANDS-2
L84L0VL0,DORNE-1
FA0Z0FA0LO8,#N/D
LZ4VVLO94,IRONISLADS
L8ZZ8L,CROWNLANDS
L80L0Z8FA,STARKS
LLO8LOLZZZ,STORMLANDS-2
L8ZFA440LO,REACH
L0FA0ZL4LO,RIVERLANDS-2
L90LOLLO8V,AEGON
Z0ZMZZL0,RIVERLANDS-2
800ZLOLZFA,STORMLANDS-1
VZL009V,HOARE
FA009FA9VLO,#N/D
L0L9FAFA8V,HOARE
90L4V8,#N/D
8LZ94LV,IRONISLADS
ZZLO849LO0,RIVERLANDS-2
LLOFAFAFAFALO8,CROWNLANDS
LL948L94,HOARE
LFAFA49FA94,#N/D
LL4L9VFA0,#N/D
LV9LOLLLL,#N/D
L8FAFAL0FA9,STARKS
LOFA0FAV9,HOARE
ZZV08004,STORMLANDS-2
LO0LZVLO98,CROWNLANDS
L9FA8Z8Z0,DORNE-1
Z089048V,DORNE-3
L90L04ZV,STARKS
Z04ZLO9ZM,RIVERLANDS-1
V08FA0L,REACH
LO0L409FAL,NULL
FA0LLLO04V,#N/D
LVLFAVFAVFA,HOARE
ZZ80FAZ9FA,STORMLANDS-2
Z0L0LO048,DORNE-3
L0Z0FAVFALO,#N/D
L90L40V0,RIVERLANDS-2
FA0ZVL4LV,#N/D
FA00V00,#N/D
LL8L4L84,RIVERLANDS-1
LZ800448,RIVERLANDS-1
L9L9LO4FA0,IRONISLADS
L408ZLOL8,HOARE
ZZ4V090FA,NORTH
LZ0LFA0,RIVERLANDS-1
L880094L,HOARE
L88ZMV04,DORNE-3
L08848,DORNE-1
LFAV9Z4V4,NORTH
84FA94ZZ,DORNE-1
LO0ZZ080FA,DORNE- 2
L90ZFA0,IRONISLADS
LZ0ZFALO8L,#N/D
L9VZ0VZV,STARKS
FA0L94L04,#N/D
L809L480,REACH
LLO890Z9FA,RIVERLANDS-2
LZZZ0Z40,IRONISLADS
LV9ZVV4FA,REACH
LLOFALOFALLLO,CROWNLANDS
L9VFA000V,STARKS
L084V8LOV,IRONISLADS
LFAVV0FA40,STORMLANDS-2
LO0LO084,CROWNLANDS
L0LV9L00,DORNE-1
LLO940090,HOARE
LFAZVL9LO4,RIVERLANDS-2
LLO9LOVLO9Z,HOARE
L9V00404,DORNE-1
FA00L8VL0,HOARE
LO04VFAV4V,AEGON
LLOZ90FA9FA,#N/D
V0FAV849Z,IRONISLADS
L4VLO8ZLL,DORNE-1
L9L9840V,DORNE-3
L409FAZ4LO,RIVERLANDS-1
L8L0L488,HOARE
V0FAL98Z,IRONISLADS
L494VLV0,DORNE-1
FA000Z8,IRONISLADS
L9LO44890,RIVERLANDS-2
LFAFA4L080,HOARE
LV4FA80VL,#N/D
L08FAV84V,CROWNLANDS
ZVZFALO0LOL,NULL
L8L4Z09FA,NULL
LO04FAL0,DORNE- 2
LLOVZ0LOFA4,STORMLANDS-2
LV00V80LO,STORMLANDS-2
L9L0FA4Z8,DORNE-1
LZVLO40VV,NULL
LLO9800,IRONISLADS
LLZZ09V9,DORNE-3
V008L0,NULL
V0LO9Z0FA4,NORTH
ZZFAZVZ0L,#N/D
LFALOVL9Z0,DORNE-3
L8Z4FAZ4Z,DORNE- 2
FA004FAVFALO,STARKS
LV0FAVFAZFA,DORNE-3
L0V0V0LV,DORNE-1
90LFA9FALO0,#N/D
LZ9LV400,#N/D
8004Z090,#N/D
LL494FALLO,STARKS
L09L40ZZ,CROWNLANDS
L000V0FAL,NORTH
V00Z800L,#N/D
LZLOVVLOFAV,NORTH
L8048400,DORNE-1
8040FA0V,HOARE
L0444800,DORNE-1
L8V900LV,DORNE-1
FA0LO9V044,#N/D
ZVLO48800,RIVERLANDS-2
L9LO0LLO08,DORNE-1
L89004LOZ,RIVERLANDS-2
Z0ZMZZL0,RIVERLANDS-2
LV9LOZ00LO,STORMLANDS-1
L0L0FAFA09,STORMLANDS-1
L9FA8ZV49,HOARE
9000V0FA4,RIVERLANDS-1
LL490VZLO,#N/D
Z04LOL48Z,#N/D
L8LO448L0,REACH
LV8FA80LZ,STORMLANDS-1
L0ZM9L4FA,DORNE-1
L84LO0800,AEGON
L9Z0LOLZL,DORNE-3
LO04FAL888,DORNE- 2
V49FA0,DORNE-3
L90LO0L90,DORNE-1
V09FA0V94,REACH
LLOZZL90FA,IRONISLADS
890V0FAFA,DORNE-1
LZL488,NULL
ZZV84L89,NORTH
L908FA0LOV,NORTH
L48V48LV,STORMLANDS-1
LLOV4FAL4LO,RIVERLANDS-1
L80LO80FA0,STORMLANDS-2
LFALOV084FA,RIVERLANDS-1
LLZZ09V9,DORNE-3
LO0Z9FAVZFA,DORNE- 2
FA00ZLFAV8,#N/D
L88004FA8,DORNE-1
V04VFAZZ,HOARE
LV90FA40V,RIVERLANDS-1
FA000FALOL4,RIVERLANDS-1
LO0FA8Z490,CROWNLANDS
V8Z08FA0,HOARE
LZZ4ZM00,IRONISLADS
LO009040V,CROWNLANDS
L840LOLLLO,HOARE
L0L490LO0,RIVERLANDS-2
LLLFA00LL,RIVERLANDS-2
8000Z80,DORNE-1
L0V4FAVVL,IRONISLADS
Z0890V98,DORNE-3
LO0LOZ8ZZ0,AEGON
L8000908,IRONISLADS
VVFAL889,HOARE
L0FALVZ4Z,RIVERLANDS-1
84FA0008,HOARE
LLOZLOZ8ZFA,IRONISLADS
LVL90ZL0,REACH
LLOV4LV4Z,DORNE-1
LO0LO00090,CROWNLANDS
LZ8LOVZ4V,IRONISLADS
L8484908,HOARE
800040L0,NULL
V0L008LL,RIVERLANDS-2
ZZ0V0FAFALO,CROWNLANDS
L008LLVLO,RIVERLANDS-1
L8ZM09LOL,CROWNLANDS
LL0FAZLOV0,STARKS
LO04LV9Z0,DORNE- 2
Z008LO0LL,DORNE-3
LO0L4FAZ,NULL
LO040000FA,NULL
L400LO00LO,#N/D
L0FALOL8ZFA,STORMLANDS-1
LZFAZZZ0L,STORMLANDS-1
LLOLFAZM94,NULL
LO0ZMFA904,AEGON
L808980Z,DORNE-3
VV9890L,IRONISLADS
8000LO448,NULL
900LOFA8LFA,#N/D
LV89FA8FA0,STORMLANDS-1
FA04LO9ZMFA,#N/D
LZMFAVVFA0,REACH
FA00ZV009,RIVERLANDS-1
LLL000ZL,HOARE
LV8LLLZM,RIVERLANDS-1
Z0VZ004LO,RIVERLANDS-1
VLZMFA09,IRONISLADS
Z0LVZ9L4,RIVERLANDS-2
ZZLLLLO9V,NORTH
LLOL0LO00L,CROWNLANDS
LV0LFALO8V,STORMLANDS-2
LO0LO0FA949,CROWNLANDS
V0ZVFA8VFA,HOARE
L90FA0LO0V,#N/D
LO04LOVZ0V,CROWNLANDS
L9444VFA0,HOARE
LFALOFA04ZL,STARKS
L800V80LO,STORMLANDS-1
LO00LOFAL04,CROWNLANDS
9LOZ0490,HOARE
L9LOZ8VZ0,CROWNLANDS
FA0LO4LOFAV,DORNE-1
8009FA9L4,STORMLANDS-1
L8098ZZ9,NORTH
V08Z400,HOARE
L8ZLOZLO,STARKS
L04LOZ098,STORMLANDS-2
9498V0V,#N/D
V0LOZFALO0FA,NORTH
LO04LO4L9V,CROWNLANDS
L984L840,NORTH
L900880LO,STORMLANDS-1
L840LO40FA,IRONISLADS
L48ZZFALOZ,HOARE
L8LVLO944,STORMLANDS-2
LL9Z9VFA0,IRONISLADS
LFAFA8LO4LFA,CROWNLANDS
V000FA0LO0,RIVERLANDS-2
ZZZ000VZ,IRONISLADS
L8FA09L4FA,CROWNLANDS
L9L8LLO4LO,#N/D
L8VLO049V,STORMLANDS-1
LVFAFA8Z00,#N/D
V0V400LLO,STORMLANDS-2
VLO090Z0,DORNE-1
LVL4VVLLO,RIVERLANDS-2
LLOLFAZ48Z,NORTH
L4ZL0080,HOARE
800FAVL00,STORMLANDS-1
LLO00FA9V4,#N/D
L8ZZLO4ZL,DORNE-3
LFA4VFAFAV4,HOARE
LLO8LO0FAFAFA,DORNE-1
L40FA0090,HOARE
L4LO80V4Z,DORNE-3
FA0LO84VFAV,#N/D
900FA00LL,#N/D
L9Z0LO9LOV,#N/D
L9V940ZM,NORTH
ZZ0ZV044,NORTH
L89LO8FAFA4,NORTH
L90ZMV4Z,HOARE
ZZ80940Z,NORTH
L904VL0L,RIVERLANDS-2
L4Z49L90,IRONISLADS
LLFALOZ90L,STORMLANDS-1
LFALO4LO4V4,STORMLANDS-1
VL0VL0V,HOARE
L4ZFALOV4LO,STORMLANDS-1
L0009ZLL,STORMLANDS-1
LO0ZL88Z0,DORNE- 2
L9V4909V,HOARE
LVVLO04Z8,IRONISLADS
V08FALFA9LO,REACH
L8Z090,STARKS
L9VV00Z4,STORMLANDS-1
9LO0VFA00,HOARE
L888LOVLLO,HOARE
LZZZ0Z40,IRONISLADS
LV4Z0V44,HOARE
LVZMV9Z0,RIVERLANDS-2
L8FAFAFA0LFA,STORMLANDS-1
L8ZV89L9,#N/D
L00ZLO0LOV,RIVERLANDS-1
FA040ZLOZ,DORNE-1
LLO0ZV4VL,STORMLANDS-1
LFALZZFAZM,#N/D
LFAL4ZLO,IRONISLADS
FA0VV,DORNE-1
LO044LO0LLO,AEGON
LLV98FA8V,STORMLANDS-1
LL0800ZM,STORMLANDS-1
VV4VV80,IRONISLADS
Z004ZFAZZ,STORMLANDS-2
L0Z08LVZ,HOARE
LLOZVLO000,HOARE
L0VLOL090,STORMLANDS-1
L8Z90L80,RIVERLANDS-2
LO0LOZ0LLOFA,AEGON
LZLLV90FA,STORMLANDS-1
L9LL84L4,DORNE-3
LLOVV40,STORMLANDS-1
L000ZFA08,DORNE-1
LLZLO0V48,RIVERLANDS-1
LFA8980FA0,HOARE
LLO4VV0L4,STORMLANDS-1
V08L8LLO9,REACH
9LOFALVFA4,RIVERLANDS-1
V08L90L9,REACH
L804LLO8Z,HOARE
LVZM04Z9,STORMLANDS-1
LLVLOFA0VFA,CROWNLANDS
V0FA080L0,DORNE-1
L09LO,STORMLANDS-2
LV8048FA8,CROWNLANDS
LLO8VZL4FA,IRONISLADS
Z0V8LVFA8,RIVERLANDS-2
L9Z84ZLLO,STARKS
LLOFA480Z9,CROWNLANDS
9094LOL8,IRONISLADS
L90LOLLO8V,AEGON
9LO90ZV8,HOARE
V08V494,HOARE
L800LOFA0FA,DORNE-3
LVLFALOV,HOARE
L8LZ48FAFA,STORMLANDS-1
L0ZZVFA8L,IRONISLADS
L98ZLLO90,IRONISLADS
LFAFAFA9LV0,IRONISLADS
9ZL480FA,DORNE-3
V049VFA80,REACH
LZL4LO0,REACH
V0LOFA00FA9,NORTH
9LO8849FA,DORNE-3
L4ZLLOZLZ,STORMLANDS-1
LO008VZ04,CROWNLANDS
L84VL008,STORMLANDS-1
L8FAFA8V9LO,DORNE-1
804488FA,IRONISLADS
890V0FAFA,DORNE-1
LZ8008,HOARE
8L8V4,HOARE
L4ZZ0Z4L,STORMLANDS-2
LZZ8FA480,DORNE-1
L400FAVZL,HOARE
LO004L94FA,CROWNLANDS
LLO9FAL4LLO,STORMLANDS-2
LO04809VFA,CROWNLANDS
LLOL9VFA04,STORMLANDS-2
L08ZMZ,RIVERLANDS-1
V04Z0ZZFA,STORMLANDS-2
L9004V8V,#N/D
L8ZZ0FA0Z,DORNE- 2
LVLO9VFA88,DORNE-3
L840ZV90,HOARE
L009FA0VLO,IRONISLADS
894L00L,DORNE-1
LVVZ44LV,NORTH
8LFA4VFA0,IRONISLADS
L9LO880V9,IRONISLADS
LO04FAL888,DORNE- 2
VL44LFA0,DORNE-1
L40ZVLO,RIVERLANDS-1
L88LL4Z9,DORNE-1
L9LO00LOZ,DORNE-1
900V0Z44,#N/D
V0ZLV4V0,REACH
ZZ0V0ZFA0,NORTH
L0094LFAZ,IRONISLADS
LO0Z4889FA,DORNE- 2
Z0FA0V8FA0,RIVERLANDS-2
V000Z008,RIVERLANDS-2
L9Z0Z080,IRONISLADS
LZ0V0Z0V,STORMLANDS-1
L000V0FAL,NORTH
Z040409LO,RIVERLANDS-1
ZVLO04FA49,NORTH
L009V4LZ,HOARE
LZLVZLFA8,IRONISLADS
L0848Z40,STORMLANDS-2
L98V0LOL8,IRONISLADS
LFA40FA400,HOARE
L0VZL494,STARKS
V00FA98FAL,DORNE-1
900FAFA0L0,#N/D
V000FA0VV,DORNE- 2
LVFA0LFA0V,IRONISLADS
V0V9LOZVL,NORTH
LLLVZMFA8,HOARE
V04V09ZFA,REACH
L9LOFALZM9,IRONISLADS
L9LZLO490,DORNE-1
L404ZM4Z,DORNE-1
8004V0V0,#N/D
LZLO0498LO,CROWNLANDS
LZFA0LOV,NORTH
LO09LO49V0,CROWNLANDS
LZFA4Z890,STORMLANDS-1
L9LO0V909,NORTH
L0FA00V9L,IRONISLADS
L8FAZLO0L4,STORMLANDS-2
L4LV0V0FA,DORNE-1
LVZ4Z8LV,NORTH
8440FA0V,HOARE
ZZZMV8Z0,NORTH
LFA089FAV0,STORMLANDS-1
L494FA40FA,DORNE-1
L80LO80FA0,STORMLANDS-2
L94940LFA,HOARE
848LLOLZ,HOARE
L40Z08Z8,NORTH
L9FA0ZL8FA,STARKS
L9LOLFALOV4,STORMLANDS-1
L80LOZ04Z,STORMLANDS-1
L9LO0FAVZZ,DORNE-1
LO8V889V,HOARE
LO04LO0LOLFA,CROWNLANDS
FAFA8LO08Z,HOARE
L8LOL4ZLO0,RIVERLANDS-2
L8940848,CROWNLANDS
L80FAV88V,STORMLANDS-1
V9FA88LO8,HOARE
LO04LOFA890,CROWNLANDS
Z0V9ZL0L,DORNE-3
LLO0LFALO0FA,DORNE-1
Z0Z94Z0Z,DORNE-3
LZ9LZLOZLO,DORNE-3
LV0LO89VZ,DORNE-1
L804404L,HOARE
LVV9LFAZZ,DORNE- 2
9008Z8VFA,RIVERLANDS-1
FA04049FA0,#N/D
L90LLO948,HOARE
Z0LZ94LV,RIVERLANDS-2
849FA489,HOARE
L84LO0040,NORTH
FA00V4VL9,IRONISLADS
LVFALLOFA04,STORMLANDS-2
ZZ0ZV4V4,STORMLANDS-2
L80VV048,IRONISLADS
V04ZV4FA0,STORMLANDS-2
LFAFA8Z90L,DORNE-1
LO09FA0VZFA,CROWNLANDS
94VFA40Z,DORNE-3
L90940L0,HOARE
FA04FAV449,#N/D
L494FA04Z,DORNE-1
Z0L09V44,RIVERLANDS-1
L84VZLO,IRONISLADS
LVFA98FA4FA,DORNE-3
Z00VFA0,RIVERLANDS-1
LVLLO8LZ9,RIVERLANDS-2
84L90LO8,HOARE
V00Z9VVLO,STORMLANDS-2
LLOFA9FA49FA,NULL
LFA084FA4LO,DORNE-3
LFA00ZMLL,HOARE
LVLOLVZZV,RIVERLANDS-2
L8LFA84V0,CROWNLANDS
LLOZ88900,#N/D
L8L9ZL,DORNE-3
L9LOVL88V,DORNE-1
L80FALO000,NORTH
FA0VFAZ809,#N/D
LLOZLV8LO9,IRONISLADS
Z0ZMLO0L0,RIVERLANDS-1
LV9LO0V,HOARE
L00FA9048,HOARE
LO008LO04V,CROWNLANDS
FA0LFA4V0L,#N/D
L9V4LL09,HOARE
L9ZMV04FA,DORNE-3
L8VLO049V,STORMLANDS-1
L0L9Z9FAFA,STORMLANDS-1
LFAFA800ZLO,CROWNLANDS
LL494FALLO,STARKS
V09ZZ9FAFA,STORMLANDS-2
9LO89ZMFA,RIVERLANDS-1
LZZZ8LOZ0,#N/D
V08LFA089,REACH
Z0LO44Z40,DORNE-3
LFAFA4LOV0FA,HOARE
L9LLO00V0,#N/D
FA0VZ48FAFA,#N/D
ZZ08FA0LO4,STORMLANDS-2
LV9LOFAZLOV,IRONISLADS
LLOVZFAV,RIVERLANDS-2
800V0LLOFA,NULL
L4ZM440L,IRONISLADS
LO0ZZLOFAFAZ,REACH
ZLOFALO40LV,HOARE
L90FAV90L,DORNE-3
V08LOVL9FA,REACH
LFA9049LOV,STORMLANDS-2
LZ40FA9ZL,CROWNLANDS
LZFAZL98L,STORMLANDS-2
L80FA90ZM,DORNE-1
VV0LV0LO,HOARE
L08LFA0LO8,RIVERLANDS-2
L80LO4849,DORNE-1
LLO00909V,DORNE-3
L9VLOV948,RIVERLANDS-1
LV8VLOFALO0,CROWNLANDS
FA00VFAV0LO,#N/D
Z044L0FAL,RIVERLANDS-2
FA0LLFA000,#N/D
LZZMV9FA0,CROWNLANDS
L8LO498L9,STORMLANDS-1
L0LO0LFA0V,DORNE-1
L98VV0V0,NULL
ZZVZ80Z4,IRONISLADS
90084FA,#N/D
FA0FA0LOVZL,#N/D
LV0ZL4FA8,DORNE-3
8L9V4V,HOARE
V0LZ4ZZL,DORNE-1
ZZL8L980,RIVERLANDS-2
L00Z00Z4,IRONISLADS
V08FAZ00LO,REACH
L90V00LOFA,HOARE
L8884ZL0,DORNE-1
L0LV000Z,#N/D
900L0ZFALO,#N/D
ZZ4ZLOVL4,NORTH
L0FA0FALO,NORTH
L80LOVFA,#N/D
V00FA9LOVL,NORTH
L90LO9048,DORNE-1
LVLFAL094,#N/D
LV0L4V0LO,#N/D
LFA0804,CROWNLANDS
L8LOL4VVLO,#N/D
L940FAZ,#N/D
L9LO0FA840,DORNE-3
FA0L8L90Z,#N/D
L9ZFA0904,#N/D
L0L4V0L4,STORMLANDS-1
L90V4VVFA,RIVERLANDS-2
L84L980Z,REACH
FA048FA088,#N/D
LLOV4LO880,NULL
ZVLO0Z0LV,RIVERLANDS-2
FA00040L8,RIVERLANDS-2
LL09Z088,CROWNLANDS
LV8VLO004,STORMLANDS-2
LFAFAFA9LV0,IRONISLADS
L908L9VL,STARKS
LFAZFA8LOLZ,STORMLANDS-1
Z00L988FA,STORMLANDS-2
LO09L448LO,CROWNLANDS
LLOFALO08LOV,DORNE-3
ZVLO48800,RIVERLANDS-2
L80L0890,NULL
L8L08ZV4,CROWNLANDS
800L900V,STORMLANDS-1
L8L8VV,HOARE
L89FA0LLO0,RIVERLANDS-1
ZVLOFAL9VZ,RIVERLANDS-2
V0V8VFA0Z,DORNE-1
FA0Z44FA84,#N/D
V0ZM84L0,NORTH
L8FAZLO0L4,STORMLANDS-2
L890LLO0Z,IRONISLADS
LZMLOZ00L,CROWNLANDS
LO0LO40FA0V,DORNE- 2
V0L80Z8FA,#N/D
L4VZZ0,HOARE
L888LVZL,#N/D
LZ48490LO,HOARE
V098L000,STORMLANDS-2
FA0Z4V88FA,#N/D
LO0L00LO0Z,NULL
ZVLOZ90L0,#N/D
L84880ZFA,DORNE-3
8V9FA00Z,DORNE-1
LZZLO4448,STORMLANDS-1
ZZ00LO0FA4,NORTH
L8FALOVLO09,IRONISLADS
V09LLOFAFAL,REACH
L9LOLZLO0V,STORMLANDS-2
V008Z009,NULL
L8FAFAFAFA98,NULL
FA00LV0ZV,#N/D
Z0LOLLOZFA4,DORNE-3
LV80800L,RIVERLANDS-2
LZ880LLO4,#N/D
LZLOZ894FA,#N/D
L049LOZ,DORNE-3
LFALVLZFA0,RIVERLANDS-1
LFAVFA8VV9,RIVERLANDS-1
FA4ZFA404,IRONISLADS
LL8LO9VLZ,STORMLANDS-2
LZ90FA0LV,REACH
L4V00FA0FA,STORMLANDS-1
V00L44LLO,CROWNLANDS
ZZL08LLFA,RIVERLANDS-2
FA00ZZFA0Z,STORMLANDS-1
800Z04LO0,NULL
LZ00VLOLV,HOARE
900LO0LO4Z,RIVERLANDS-1
LV8FAZZV0,STORMLANDS-1
LLFAZ8L0Z,NULL
L9VV88FAL,STORMLANDS-1
LZ0LO84ZFA,NORTH
LV9ZLO04LO,#N/D
L4L4L40V,CROWNLANDS
L9V8ZVFAFA,RIVERLANDS-1
LLO00L049,DORNE-1
L09V4LO04,STORMLANDS-1
800L4LFAL,STORMLANDS-1
L0V040,STORMLANDS-1
L4LLOFAZ00,STARKS
LOV0V4V,IRONISLADS
9004ZL90,#N/D
LV80FALO,NULL
L8LLOZL,RIVERLANDS-1
89Z094LO,HOARE
LZLVLOL44,STORMLANDS-1
LV0ZL8FALO,DORNE-3
V00LO0098,RIVERLANDS-2
LZ880LLO4,#N/D
L89VLOL40,HOARE
84L90LO8,HOARE
FA0LOVVFA40,#N/D
LZLLFAFA00,REACH
LO000VLV8,CROWNLANDS
LVZZZV9V,STORMLANDS-2
L84FALLOFAFA,HOARE
804ZFAZ0,HOARE
LV00009Z,STORMLANDS-2
LLO4ZVLV8,#N/D
L9V00Z8Z,STORMLANDS-1
9FA8LOLLOV,DORNE-3
L8FAFA8LLOZ,NORTH
L0VV0440,IRONISLADS
L840ZV90,HOARE
L0V908LOFA,IRONISLADS
Z0ZMLO0L0,RIVERLANDS-1
FALOFAVFA4L,DORNE-1
L90V0Z4L,RIVERLANDS-1
L94L9L88,HOARE
8ZFAZ8,STORMLANDS-1
L00LLO8FAV,IRONISLADS
ZZ48008Z,NORTH
9LLV8,IRONISLADS
L40FA9090,CROWNLANDS
L9090VZLO,#N/D
FA0VLOZL0Z,#N/D
L8V9LLV9,STORMLANDS-2
LZ9ZLO94L,RIVERLANDS-1
L940004Z,RIVERLANDS-2
L90800Z8,CROWNLANDS
FA00ZFA8ZFA,RIVERLANDS-1
L09Z8000,RIVERLANDS-2
FA0ZFA80LOL,#N/D
90LLO08FA0,#N/D
ZZVZM008,NORTH
L9L8LLO4LO,#N/D
L0FA0989V,IRONISLADS
Z008000Z,DORNE-3
88VLZ4FA,IRONISLADS
L9LV0L49,RIVERLANDS-2
8FAZL44Z,HOARE
FA00L049Z,HOARE
9ZV48L,DORNE-1
9LOLZ4V4,DORNE-1
VFA484Z9,HOARE
L48ZL90V,NULL
L9V4L940,NULL
900L9LO8V,#N/D
L000FAZM8,HOARE
LO0L9ZFA09,NULL
LFA8LOZ0FAL,STORMLANDS-1
LFAFA8LFAV8,HOARE
LV0V44V9,RIVERLANDS-2
L4LO0LFA9V,DORNE-3
L49FA0LOVLO,STORMLANDS-2
LL0000VZ,DORNE-1
L9V8890Z,RIVERLANDS-2
80L48400,NULL
LO00VL8L9,CROWNLANDS
FA008VZ0FA,#N/D
V0LO0FA408,HOARE
L940FA9LO0,IRONISLADS
LFAZLO0V,REACH
L4VLOFAZ,REACH
L9FA9FAFA,IRONISLADS
FA00VFAV0LO,#N/D
V0L8FA988,RIVERLANDS-2
V08V494,HOARE
LFAVZZ048,DORNE-1
ZZZ44VZFA,STORMLANDS-2
L8FA04FA40,RIVERLANDS-1
VZ49FAFAV,DORNE-1
900FA8LOL8,#N/D
L480FA00V,NULL
LZ0L98LFA,STORMLANDS-1
L40ZZZZ9,RIVERLANDS-1
LZMLZ4FA0,STARKS
LZ940048,STORMLANDS-1
LO0Z40909,AEGON
800VL498,NULL
L480Z8LL,IRONISLADS
FA0V8LLO4Z,#N/D
FA0LO849V8,#N/D
LZLO89LO90,IRONISLADS
L4ZVLO9LO9,DORNE-3
L9LV9LO0LO,STORMLANDS-2
LV8VZ0Z9,#N/D
V0ZFA0LVL,REACH
80090LOLZ,NULL
LLO0Z80L0,STORMLANDS-1
ZZZ44VZFA,STORMLANDS-2
LVZ00ZLOV,REACH
80LFA9Z98,#N/D
FA0V04V00,#N/D
8004FAZ9V,NULL
LO0ZVLOL0Z,RIVERLANDS-2
L4V4L84LO,STORMLANDS-2
LVL000Z0,CROWNLANDS
LZM0FA4V0,STARKS
LV8Z9LLO4,STORMLANDS-1
L4LOZVL40,STORMLANDS-1
VLO0V888,HOARE
L40Z0084,STORMLANDS-1
L4V44V9FA,RIVERLANDS-1
L0009LFAV,STORMLANDS-1
V090LOFA00,REACH
LLL80ZFAZ,DORNE-1
VFAFA0980,HOARE
LLO08VLOVL,DORNE-1
80084000,STORMLANDS-1
L80LO0L,HOARE
800480VLO,STORMLANDS-1
FA0LV944V,#N/D
L400048LO,STORMLANDS-1
LLLO0ZFAL0,STORMLANDS-1
FA0ZZL9LL,#N/D
LFA000Z,NULL
LO0ZLOZ9L9,RIVERLANDS-2
800L4L8FA,NULL
L9LO40FALFA,STORMLANDS-1
L9848LZL,DORNE-1
LLO08ZZZZ,HOARE
LO0ZM0804,#N/D
ZZ08LLO0V,NORTH
FA044FAZFA0,#N/D
LLO0Z448V,CROWNLANDS
L9Z8LO0LLO,DORNE- 2
L4L88V0LO,DORNE-1
FA0L000VL,#N/D
LVZ0LO0LO0,#N/D
FA00FA9490,REACH
LFA084FA4LO,DORNE-3
LV0FALLOLL,HOARE
FALLOFA4,DORNE-3
LLV00ZL0,STORMLANDS-1
894FAL9V,IRONISLADS
L8094FA44,DORNE-1
L9L44L90,RIVERLANDS-2
ZZLLLOL8LO,CROWNLANDS
LLO09FA80V,DORNE-3
L00FA0FA44,DORNE-3
880LO04LO,DORNE-1
L4VV9LO90,RIVERLANDS-2
900FAFA0FAV,#N/D
L98LOFA844,RIVERLANDS-2
LVZFALO9LO9,CROWNLANDS
L88LO4Z4FA,STARKS
Z0LOLLOZFA4,DORNE-3
L9V4LO9Z0,STARKS
L0440LO00,STORMLANDS-1
9FA40VV9,#N/D
LLZV0LO9V,RIVERLANDS-2
Z00ZLO004,RIVERLANDS-1
LZ0LOLLO9Z,NORTH
LVL449VFA,#N/D
V0VZVVVFA,STORMLANDS-2
L4FA88Z4Z,REACH
L40LOLVVZ,STORMLANDS-1
L8LOZ90FAZ,DORNE- 2
LV890FAZ0,RIVERLANDS-1
VLO00VZL,IRONISLADS
L484LOFA0Z,STORMLANDS-2
ZZZ8LO84Z,NORTH
L0LOL00V8,STORMLANDS-1
Z0LOLZ08Z,RIVERLANDS-2
L4L90049,CROWNLANDS
L4000884,RIVERLANDS-1
L449V0Z0,DORNE-1
L8090LO09,STORMLANDS-1
L9Z49890,HOARE
V00LFA00FA,RIVERLANDS-2
9009FA04L,#N/D
LLO8L9VZV,STARKS
LO0ZFAV9LL,REACH
ZZZ000VZ,IRONISLADS
L80FALLOV9,STORMLANDS-1
LOZLLO098,IRONISLADS
L89LO8FAFA4,NORTH
LV9LO0V,HOARE
ZZ80L404,STORMLANDS-2
8LLV009,IRONISLADS
LFA8980FA0,HOARE
L9LOZ8VZ0,CROWNLANDS
L8FA4LO88V,STORMLANDS-1
L9VFA9LFA8,DORNE-3
L88Z0LFAL,STORMLANDS-1
Z0LFA8Z80,RIVERLANDS-1
LFA000Z,NULL
L009048FA,HOARE
LVL0LO89LO,STORMLANDS-1
LFA000VFA8,STARKS
L9V8ZVFAFA,RIVERLANDS-1
LZMLZMLV,RIVERLANDS-1
LLL8048Z,IRONISLADS
90LZZM0LO,#N/D
V0Z90FA0LO,HOARE
V049VFA80,REACH
LFAFA0L098,HOARE
V008L084,STARKS
9FA08LO4LO,IRONISLADS
LV4LOV49Z,#N/D
V0ZV9090,DORNE-1
LFALOV084FA,RIVERLANDS-1
FA0LLL0V4,#N/D
V0LFA0LL9,#N/D
V0LLOZLOFA4,RIVERLANDS-2
900FA00LL,#N/D
FA00Z08LOFA,#N/D
FA0FA8ZL00,#N/D
9Z4VVFAFA,HOARE
V0LO0FA408,HOARE
L940V8FAZ,NULL
8004VZ4V,NULL
80804ZFA,IRONISLADS
L9Z90VFALO,IRONISLADS
LVZM4LOVL,HOARE
L0FAZ80ZFA,STORMLANDS-1
ZZ00ZZ8L,DORNE- 2
L0LZ00FA0,#N/D
8V9LO049,DORNE-1
V009Z989,RIVERLANDS-2
L400VVFA0,#N/D
LO04LOFA8,CROWNLANDS
Z0V00Z0V,DORNE-3
LV0048Z0,REACH
L80LO4FAL4,IRONISLADS
LO0VZL8VV,STARKS
LVFA8LO0Z9,NORTH
FA00L04V8,NULL
V8LO0LOL9,HOARE
LLO9LOVLO0L,STORMLANDS-2
L040LO9LO8,DORNE-1
L0L4LOL04,IRONISLADS
L9VLLO009,IRONISLADS
L000FA00Z,STORMLANDS-1
FA0V0884V,#N/D
L09048LO0,STORMLANDS-1
FA000ZFA90,#N/D
ZZFAZVZ0L,#N/D
LO00FA8V80,CROWNLANDS
LLOVVL9Z9,RIVERLANDS-1
V00FA090L,RIVERLANDS-2
L4FA0ZFA9LO,HOARE
Z000FA0FA4,RIVERLANDS-2
84LZZFA8,DORNE-1
900000FA4,RIVERLANDS-1
LLO8FA4LOZ8,IRONISLADS
LV0040FA4,REACH
FA00FALOZ90,#N/D
8008VLO8,IRONISLADS
LFA8LO940V,DORNE-3
LZ4098L0,IRONISLADS
ZLO4LO49ZL,IRONISLADS
LZZ8LO00FA,DORNE-3
L9FA0LLLO9,STORMLANDS-1
L8909080,RIVERLANDS-1
L4V98LO8L,CROWNLANDS
ZZLLO9040,NORTH
ZZL8L980,RIVERLANDS-2
L8009L,HOARE
900V4880,#N/D
FA0ZLO0LOL4,#N/D
L9LZV090,NORTH
L40LOZLVV,DORNE-3
LZZLFALFA0,HOARE
V940VLO4,HOARE
V00FAVZLO9,DORNE- 2
LZ0LO9L9L,DORNE-1
LZ490ZM0,IRONISLADS
LZ490ZM0,IRONISLADS
LO04L88LO0,DORNE- 2
Z0Z0V40LO,DORNE-3
L9LOZLLOFAZ,HOARE
LZM0904FA,NULL
L9L08ZFAL,RIVERLANDS-2
ZZLV8LZ0,STORMLANDS-2
LLLOVZ0LO0,HOARE
FA0FAFA80LO8,#N/D
L890ZM9V,#N/D
L4LO80ZZV,RIVERLANDS-2
Z0L0FAV9FA,DORNE-3
LZ0V4FA48,DORNE-1
V089LFAVV,STORMLANDS-2
LFA0L0FALOFA,HOARE
LFAFAZLLZFA,DORNE-3
LLO04FAFA04,STORMLANDS-1
L8V8ZLO88,STARKS
V00Z4Z0LO,NULL
FA04LO80LO4,#N/D
L890L0L9,RIVERLANDS-1
L9VLOLV8FA,STORMLANDS-1
L4LO80LZ4,IRONISLADS
Z0FAZV9FA4,DORNE-3
8894LO,HOARE
Z0480LO,RIVERLANDS-2
VZ0FA000,HOARE
FA9FA0LOZ8,IRONISLADS
L8ZZ098V,DORNE-1
LO0ZFALOVLOL,AEGON
FA00844ZV,STORMLANDS-1
LO0ZZLOFAFAZ,REACH
L8440084,IRONISLADS
L0LZZ44L,NORTH
LZ8Z09V0,REACH
LLOV8FAZL9,NULL
V009VZ8,HOARE
ZVZ44FALOV,DORNE- 2
Z09L908FA,STORMLANDS-2
L9VZVZZM,RIVERLANDS-2
LVFA8FALO00,DORNE-1
ZZLO09LO44,RIVERLANDS-2
LZ9L0L0FA,DORNE-1
LO0LOFALO4Z9,AEGON
L9LFA988Z,HOARE
L48LO9FA0Z,HOARE
LZLOVLOZFAL,#N/D
ZVLOL80V9,NORTH
LFAVV840V,DORNE-1
L04LO4988,STORMLANDS-1
FA0LO09V04,#N/D
LO0LOFA0VFAL,DORNE- 2
LVLL0840,RIVERLANDS-2
L988LOZ9LO,STORMLANDS-1
L0LOLL9FALO,NORTH
LZ08908V,HOARE
800FA4888,NULL
L0ZLO9ZZ4,HOARE
Z0VLVL88,DORNE-3
FA040LOLFA4,#N/D
LV0L4V00,REACH
L84L980Z,REACH
Z08404ZLO,DORNE-3
LLOVFA09LOZ,DORNE-3
LLO08LOZ89,HOARE
LFA44V04LO,#N/D
LLOLFA0V80,STORMLANDS-1
LO00LOFAZ0V,CROWNLANDS
L40490VL,DORNE-1
LLO40ZFAV0,DORNE-1
8080FAZ4,DORNE-1
FALLOFA4,DORNE-3
FA0Z9ZFAZLO,#N/D
Z0FA0V00V,DORNE-3
LO04Z44LO4,CROWNLANDS
ZZ00ZZ0L,NORTH
V0LLO8949,RIVERLANDS-2
L0LFALFALV,RIVERLANDS-2
9000L8FA,HOARE
8FA00LZFA,IRONISLADS
LZ88LO0,HOARE
V0LZV90LO,RIVERLANDS-2
FA0FALO9490,#N/D
L4LLLZ80,DORNE-1
L00V88V4,DORNE-3
ZZFAZ490FA,NULL
L4084VV4,DORNE-1
L84000LOL,STORMLANDS-2
FA04Z000LO,#N/D
L904V4V4,RIVERLANDS-2
LV4LFAV8FA,#N/D
LLOVFA00LFA,DORNE-3
LLOV0LO0LO0,NORTH
8L00LO09,HOARE
FA004FAVFALO,STARKS
LL940VFA9,CROWNLANDS
L840LO40FA,IRONISLADS
LLOFALOFA8LV,RIVERLANDS-2
LZ8LZLOZ4,STORMLANDS-1
L0FA9L40LO,DORNE-1
L8LO09FA,RIVERLANDS-1
LV8088LO4,HOARE
LO009L8LFA,CROWNLANDS
LLO8948V9,DORNE-3
L9Z09LO40,RIVERLANDS-1
LFAL0880LO,DORNE-1
LLOVV40,STORMLANDS-1
L8LLOV0VZ,RIVERLANDS-2
LFA8LOZ0FAL,STORMLANDS-1
L0LV000Z,#N/D
LFA00VFALO8,DORNE-1
L90ZLLFALO,DORNE-1
L9004LV0,HOARE
LV8V80VFA,DORNE- 2
L90FAZMFALO,HOARE
4098LFA4,DORNE-1
LZ9489ZFA,RIVERLANDS-2
LL80L00LO,RIVERLANDS-2
LO04Z0LFA4,CROWNLANDS
8009LZ,STARKS
LZ9Z0LOZFA,IRONISLADS
Z00L88L4,DORNE-3
Z0FALOZLV0,RIVERLANDS-1
LZ9V4FA94,STORMLANDS-1
LFAFAZM8V9,RIVERLANDS-2
L0LO004LO0,STORMLANDS-1
4400940,IRONISLADS
L0FALOZ4VV,RIVERLANDS-2
FA048VZ9Z,#N/D
L9VLLO009,IRONISLADS
FA0V0VVLO9,#N/D
Z04ZZ4LO8,DORNE-3
Z00V4Z48,DORNE-3
L04Z0890,STORMLANDS-1
L9LZ8LLOV,IRONISLADS
80L888FA,IRONISLADS
LLO0Z0FA4LO,HOARE
8000V0FA0,STORMLANDS-1
8FAL9ZL8,HOARE
L88FA84Z9,STORMLANDS-2
LLLO48LFA0,RIVERLANDS-1
L9L09FA0FA,RIVERLANDS-2
LLLO0ZV40,HOARE
LFA08LO8,NULL
FA04L4LOZV,#N/D
LLO04LO08LO,STORMLANDS-1
LLO489L,IRONISLADS
L0FA8900LO,HOARE
LFALOZLLO8L,STORMLANDS-2
V0LOZLO08FA,NORTH
FA0FA44Z04,#N/D
LVZ0FALLOV,IRONISLADS
LFA0989VL,DORNE-3
9009LOZLOL,#N/D
LV90LOL0Z,STORMLANDS-2
9008LO0LOL,#N/D
L9LLOL98V,IRONISLADS
LLOV4LO880,NULL
ZZZL0LOVV,NORTH
Z04FALO448,DORNE-3
LVFA8FAVZ9,RIVERLANDS-1
L04040VV,IRONISLADS
LV8FAZZV0,STORMLANDS-1
L8FAFA4000,DORNE-1
9090FAVZ,IRONISLADS
LZ9ZLO808,DORNE-3
L900L4FA4,RIVERLANDS-2
Z09Z0L8V,DORNE-3
80FA4L80,HOARE
8L8V4,HOARE
LLL98Z04,STARKS
L000FAZM8,HOARE
L9LOFA9848,#N/D
LVVFA8LLO9,DORNE-3
LLO908LO4V,HOARE
FA0V0VVLO9,#N/D
V0FA84LO8Z,STORMLANDS-2
V00Z9VV0,STORMLANDS-2
ZZ0VFA94V,NORTH
LFAZL09Z8,NULL
L0488,IRONISLADS
V8LLOLLO9,DORNE-1
L0FALOZ0Z9,STORMLANDS-1
LFAL9080L,DORNE-3
LZZFA4VZ8,STORMLANDS-1
ZZLOFAFAV0LO,NORTH
FA00FA8940,RIVERLANDS-2
FA09VVLOFALO,#N/D
L0VZ9L0L,IRONISLADS
9L409L8,HOARE
L89VZ40L,RIVERLANDS-2
V0Z4L08FA,REACH
L400ZLOZV,DORNE-1
LVFALLOFA04,STORMLANDS-2
900VL0ZL,#N/D
900LO8V0,DORNE-1
LFAVZ0V8FA,DORNE-3
FA000Z0V0,IRONISLADS
L4LFAFA0Z4,STORMLANDS-1
LZ90LOVLLO,DORNE-1
V09VL4FA0,STORMLANDS-2
LLZ0VV8,DORNE-1
L0080LZ4,IRONISLADS
804VVLO0,IRONISLADS
LVV89ZLO4,NULL
LV4LLOV80,STARKS
LLOL9000V,HOARE
LVLLO4V4V,RIVERLANDS-2
L8L9ZL,DORNE-3
L8FA90FA49,STORMLANDS-2
LVZ0FA8VLO,RIVERLANDS-2
LLOV4FAL4LO,RIVERLANDS-1
FA0LV944V,#N/D
L8FALO90LO0,STORMLANDS-1
LO0LO4L49Z,REACH
L9FA40LL4,#N/D
LLO080Z9Z,CROWNLANDS
FA0V04984,#N/D
FA00V04L0,RIVERLANDS-2
LFALOV90,STORMLANDS-1
LO000VLV8,CROWNLANDS
L8Z4V800,STORMLANDS-1
VLZLVZ0,IRONISLADS
L44LO0LLOL,REACH
ZZV84FAZ8,HOARE
L880ZLO09,RIVERLANDS-1
FA00Z8V04,#N/D
900V84FA8,#N/D
LLLO0FAL40,RIVERLANDS-2
V0LOVL9LO9,NORTH
V0L4LO4LO0,RIVERLANDS-2
LLOZ9008FA,IRONISLADS
Z0Z4V4,STORMLANDS-2
V0040LO44,RIVERLANDS-2
L98LOL9,DORNE-1
L0LZZ84Z,DORNE-3
L00ZVFALLO,DORNE-3
9008LO98V,#N/D
LLLFA9ZZZ,HOARE
LO0ZFA9LO89,AEGON
V0LO8V989,STORMLANDS-2
FA04VVFA0V,#N/D
80LZMZZM,NULL
L8ZLV0LO8,#N/D
L80FALLOV9,STORMLANDS-1
LO0L4FA0FA8,NULL
L40000Z4,STORMLANDS-1
900L4ZLO9,#N/D
L80FA4VL0,IRONISLADS
L9ZZ08LO0,RIVERLANDS-1
FA008988V,DORNE-3
L80FA0V9LO,#N/D
L9ZVL0,#N/D
LFA0404ZFA,NORTH
9LO09L4L,#N/D
ZZLLO9040,NORTH
L4FA0ZM00,STORMLANDS-1
LO0VL,CROWNLANDS
LZ0LOLLO9Z,NORTH
L9Z494FA9,DORNE-1
L0ZMLFAFAZ,HOARE
L044FA4FAL,RIVERLANDS-1
L0V0ZZLOZ,IRONISLADS
FA009ZLOZZ,#N/D
VLO48L0V,HOARE
ZZFAV0LFAFA,NORTH
L40LLZZZ,NORTH
900404LOZ,#N/D
LZMLO8V0V,REACH
V0004880,RIVERLANDS-2
L0VFAVV4Z,STORMLANDS-1
L940FA9LO0,IRONISLADS
LLO080LO48,DORNE-3
L8VLFAVZFA,DORNE-3
LFALOFA8898,DORNE-1
L4LOL00,HOARE
L8LLOFALOZ0,RIVERLANDS-1
Z00V4VV9,RIVERLANDS-1
LL9FA0ZM4,HOARE
80LFA484Z,STORMLANDS-1
L80VFALZ0,DORNE-3
L9Z9LOV8Z,DORNE-1
LFAFA89LZ0,DORNE-1
V00VLO04LO,STARKS
VLO00VZL,IRONISLADS
LZL840LLO,IRONISLADS
LZ94ZL08,CROWNLANDS
Z000FA888,DORNE-3
LLO9LOZ8L0,STORMLANDS-2
Z04800V0,RIVERLANDS-2
LFA084FA4LO,DORNE-3
L8098ZZ9,NORTH
L9Z0L8ZFA,IRONISLADS
LLO4FA09VLO,REACH
L880VLOFAV,DORNE-3
ZZ09FAFAFALO,#N/D
L80V0L9Z,IRONISLADS
90LL40V8,#N/D
LZL04V4FA,STORMLANDS-1
LO0ZMFA49LO,REACH
LO000Z0VL,CROWNLANDS
L04LOVVFAL,STORMLANDS-1
LO0Z40LOL4,AEGON
LFA8FAVLO4V,CROWNLANDS
L090FA000,HOARE
LLO4L4FA49,STORMLANDS-2
LO0ZVLFA4L,RIVERLANDS-2
FA08LLOL09,#N/D
L449ZV4V,CROWNLANDS
Z09L88LO9,RIVERLANDS-2
LVLFAZ40L,AEGON
V08ZLOZFA0,REACH
800480VLO,STORMLANDS-1
LLOFAZFA40Z,IRONISLADS
L9LOLFALOV4,STORMLANDS-1
L90V804LO,DORNE-1
LVFA8L04FA,RIVERLANDS-2
Z040LOFA9LO,RIVERLANDS-2
LLO89LL00,STORMLANDS-1
V0LFA9Z00,DORNE-1
FA00FA00FA0,RIVERLANDS-1
FA0000FA0Z,IRONISLADS
LV89FALO89,DORNE-1
LLO9L4Z9L,STORMLANDS-1
LZ900LO04,IRONISLADS
LLLO4LO9LV,#N/D
FA0FA4LV90,#N/D
LLOV84989,DORNE-1
44LO4FA8,IRONISLADS
V0V400LLO,STORMLANDS-2
LV8LVV,DORNE-3
LL0V098LO,NORTH
LV4V088V,#N/D
Z04VLOZFAZ,RIVERLANDS-1
LO049004FA,AEGON
LLVFA4LO84,DORNE-3
L9L40840,REACH
Z08ZFALO,DORNE-3
LV00LZMLO,HOARE
L4LO9LO9V4,HOARE
8008898FA,STORMLANDS-1
Z0L0V984,DORNE-3
80LVV09LO,NULL
LFAFAZM0Z0,#N/D
LZM4409Z,IRONISLADS
L494LO0FA9,STARKS
LZ0L000Z,IRONISLADS
FA00L049Z,HOARE
V0FA080L0,DORNE-1
LLOL0VZ4Z,IRONISLADS
LVVZ44LLO,CROWNLANDS
80L48400,NULL
4FA4LFA,RIVERLANDS-2
LFALLLO0FA0,DORNE-1
FA00Z08LOFA,#N/D
LZ0L404FA,IRONISLADS
LL49Z8Z8,IRONISLADS
L90480LLO,#N/D
VFA0048,HOARE
800LO009LO,STORMLANDS-1
LV0LVLLO8,REACH
VLZLVZ0,IRONISLADS
LO04L89V4,CROWNLANDS
V488LZL,DORNE-1
VZZM0VL,HOARE
Z0FA80VLZ,RIVERLANDS-2
L009Z08V,STORMLANDS-1
LLO00FAL89,STORMLANDS-2
L4FA0FAZFA4,STORMLANDS-2
LZZL0490,DORNE-1
L40ZVLO,RIVERLANDS-1
LO0LO4VLOFA8,AEGON
Z0FAZ9VL4,#N/D
V08ZZ848,REACH
FA0FA4V9Z4,#N/D
Z044L0FAL,RIVERLANDS-2
LZMLO0VZLO,NORTH
L9LLOLZFA8,STORMLANDS-2
ZZLLFAZFAL,STORMLANDS-2
FA0LV944V,#N/D
LZVZZLO,STORMLANDS-1
LL80L00LO,RIVERLANDS-2
L40V9809,REACH
L090L00V,RIVERLANDS-2
L88909LO0,REACH
LO0FA884FAFA,NULL
L4VZ8V8LO,STORMLANDS-1
Z0409LZM,RIVERLANDS-2
LV400900,IRONISLADS
9V0L9V4,RIVERLANDS-1
L4VLOFAZ,REACH
LLO9V8LO44,IRONISLADS
L80849FAFA,NULL
LO04L4FALOFA,DORNE- 2
L4VFAZ48L,DORNE-1
LFA8408FA4,REACH
LO0Z4LOV8LO,DORNE- 2
L900LOL0LO,STORMLANDS-2
V0FA8LVV0,STORMLANDS-2
L09L0LO94,DORNE-1
V00ZLZ8LO,RIVERLANDS-2
900048FA0,#N/D
L8ZVZ4FA9,AEGON
L0LO08LOLZ,IRONISLADS
L80LO9ZL4,STORMLANDS-1
L80LO9ZL4,STORMLANDS-1
L9V4909V,HOARE
FA0LZ0804,#N/D
LZVV48FA0,STORMLANDS-1
LFAFAVFAZ00,DORNE-1
LZ80FAV04,HOARE
LZMLO4LOLFA,DORNE-3
L8FAV8890,IRONISLADS
849LL0FA,HOARE
LZ4098L0,IRONISLADS
8V9LO049,DORNE-1
L9Z8LL44,IRONISLADS
LV89VVV4,NULL
LZFA08989,DORNE-1
L8V0FALFAL,NORTH
LLOZV448FA,RIVERLANDS-2
LVZ9FA8LO0,IRONISLADS
LLOLFA8FAVL,RIVERLANDS-2
FA048L4,#N/D
LLO89LL00,STORMLANDS-1
Z0V89ZV8,DORNE-3
L0LV9L00,DORNE-1
LLO4ZLO08FA,DORNE-3
LLLFA44ZV,STORMLANDS-1
900V4LOFA4,#N/D
LFALFAL4,STORMLANDS-1
L98Z4LLO9,NULL
V0LOFAL8,NORTH
LLFALO00,REACH
FA0FAL8ZM0,#N/D
L8VFA8FALO4,STORMLANDS-2
LLZ49FAFAL,DORNE-1
FA0LLLO04V,#N/D
L48Z0808,STORMLANDS-1
LLO8FA9ZV4,IRONISLADS
8FAZL44Z,HOARE
904LO0L4,HOARE
LFA04LFA8L,STORMLANDS-1
L9LO0LFAL8,DORNE-1
L0ZFA0VFA0,STORMLANDS-1
LO0048LO4FA,CROWNLANDS
LZ44089LO,HOARE
LZ00ZM0Z,HOARE
LLOL0VFA89,IRONISLADS
LZ44L0FALO,STORMLANDS-1
V00L88LL,RIVERLANDS-2
89ZL089,HOARE
LZ9Z9VLZ,REACH
LFA9LO0Z0Z,STORMLANDS-1
LZ948080,STORMLANDS-1
LVL048LL,CROWNLANDS
LO049V9VV,AEGON
LZ89LOLFAZ,STORMLANDS-1
Z00V0440,RIVERLANDS-2
FA08LZZ4FA,#N/D
LFAFA8VLVL,IRONISLADS
L484LO4LLO,CROWNLANDS
ZVLO040ZFA,RIVERLANDS-2
L80FALO000,NORTH
LLOZ008LOL,DORNE-3
L80FA49V8,DORNE-3
FA0409040,#N/D
L8LOV80V0,STORMLANDS-2
LL4VZZ0FA,IRONISLADS
LO0ZFAV9L4,REACH
V0LOVL9LO9,NORTH
V08ZLOZFA0,REACH
L8V0LO09L,STORMLANDS-1
V09V49ZV,STORMLANDS-2
LLOZ89Z08,DORNE-1
L9FA4LO800,NORTH
909FA440,DORNE-1
LZ980V8LO,RIVERLANDS-2
LFAVZZLL9,STORMLANDS-1
LLOL0LO0L4,DORNE-1
8LFA44VLO,HOARE
ZZV4904L,STORMLANDS-2
L40FAZVZ0,RIVERLANDS-1
LV0VVLLO8,STORMLANDS-1
LFAZ80LO00,HOARE
LFALFALZ4,HOARE
LVLZZ4LO0,#N/D
L9V009V0,HOARE
LVL0FAZZFA,NORTH
L8048Z84,IRONISLADS
498L4VLO,IRONISLADS
L4LVZVLOZ,DORNE-3
Z0L09V00,DORNE-3
VL0V88FA,IRONISLADS
LLOV84989,DORNE-1
LLVLOV0Z0,STORMLANDS-2
8080FAZ4,DORNE-1
L4FA09VFA0,STORMLANDS-1
FA04Z9LFAL,#N/D
LO0LOV0FAV8,AEGON
LO04VFAV4V,AEGON
80L0009,DORNE-1
L80FALOV8FA,CROWNLANDS
LO0LOL90L0,AEGON
L0LZM9LO8,DORNE-1
Z008Z008,DORNE-3
LZLO40FALO9,STORMLANDS-1
LV9Z0Z,DORNE-1
Z0V49404,RIVERLANDS-1
L84ZFA0,IRONISLADS
L90ZFA0,IRONISLADS
L84LO0ZLOZ,HOARE
L48L88LV,DORNE-3
Z0Z0LLO9LO,DORNE-3
L908LO0L4,CROWNLANDS
L9FA40LL4,#N/D
ZZZZ09LOV,IRONISLADS
LZ9000VLO,IRONISLADS
L80940FALO,REACH
LFAFA4LOV0FA,HOARE
40LOFA08,DORNE-1
FA00V4VL9,IRONISLADS
L9L409ZM,RIVERLANDS-1
FA0FA8V04V,#N/D
L9LL0V09,DORNE-1
V09LFALO49,REACH
LLO908LO4V,HOARE
L8FALO0ZMFA,REACH
LLLVLO0VFA,DORNE-3
LO8LO89Z0,DORNE-1
LZ40LO909,RIVERLANDS-1
LO004L94FA,CROWNLANDS
L0FALOZ0Z9,STORMLANDS-1
8L00LO04,DORNE-1
FA440V,DORNE-1
L4LFAFA0Z4,STORMLANDS-1
LFALO0V09LO,#N/D
L80LO884LO,NORTH
L8LOV800LO,RIVERLANDS-2
L4FALOZZ44,STORMLANDS-2
LVLFAVFAVFA,HOARE
L9040LOFA9,HOARE
LLOV40LO40,STARKS
ZZ009Z4L,STORMLANDS-2
L4LOZFA040,CROWNLANDS
LFALO44LOZ0,NORTH
LLO900044,STORMLANDS-1
L9LO0880LO,RIVERLANDS-2
VZ49040,DORNE-1
L90940L0,HOARE
L0FA0L0V8,RIVERLANDS-1
LV0VLOL80,NULL
LLFA4FA904,STORMLANDS-1
L8Z04Z04,STORMLANDS-1
L000Z90Z,IRONISLADS
LLO0080VFA,#N/D
L0V0V4V0,STORMLANDS-2
L840ZV90,HOARE
L00FA9FAZV,STORMLANDS-1
Z0VV9009,DORNE-3
FA00V4LZL,DORNE-3
LV8ZV008,STORMLANDS-1
V00L88LL,RIVERLANDS-2
V0V490L9,STORMLANDS-2
LFAZV98Z9,IRONISLADS
L090FAL8FA,DORNE-1
84LOV4Z0,IRONISLADS
LFAFALOFA8LV,IRONISLADS
L9LOVFA80Z,RIVERLANDS-1
L8LO9L909,RIVERLANDS-1
LO00FAVLVV,CROWNLANDS
LVV0049Z,DORNE-3
L9FAV0LZM,HOARE
Z0L040V0,DORNE-3
Z00V9FA,DORNE-3
9LOV8FA,RIVERLANDS-1
L88FALOFALFA,DORNE-3
V90LO8VV,IRONISLADS
L440Z8Z0,DORNE-3
V0FA9LOV9,IRONISLADS
ZZ0LZ0ZLO,NORTH
L94LFAV09,DORNE-3
9Z4LLO4L,IRONISLADS
LO0L04Z8V,NULL
Z089048V,DORNE-3
L88L00LFA,HOARE
L9VZ8040,DORNE-3
L9FA00FA4L,NULL
L8LL8440,RIVERLANDS-1
L9FAZM4ZL,IRONISLADS
L89LOV004,DORNE-3
Z0V09LOFA4,DORNE-3
L9LVL90LO,RIVERLANDS-1
LVFA4LLO,HOARE
L00ZLO0V0,STORMLANDS-1
8LZ0ZFA0,HOARE
FA000FALOL4,RIVERLANDS-1
V909L88,#N/D
L8VL0FA04,STORMLANDS-1
L80ZLO08Z,STORMLANDS-1
L0LFA9Z49,RIVERLANDS-2
Z0LO80LOZ0,DORNE-3
L8VLO049LO,RIVERLANDS-1
L880LFA40,NULL
V04FAV900,STORMLANDS-2
V0L4V04V,#N/D
FA004LFA,STORMLANDS-2
L0L8FA0V4,NORTH
L9Z9LOV8Z,DORNE-1
FA0080889,HOARE
ZVZMLO8LZ,NULL
L9LOV449Z,CROWNLANDS
V00ZV9LZ,RIVERLANDS-2
L84FALO0FAZ,HOARE
L4FALOZZ44,STORMLANDS-2
LLFALO00,STARKS
LO0LOFA40FAFA,#N/D
L8L0940V,HOARE
LVLO90840,DORNE-1
FA0V44L,#N/D
800FA00LO8,STORMLANDS-1
9L4FAFALOV,IRONISLADS
LFA4FA9LOZFA,STORMLANDS-1
L4VL80,NULL
L8V980LLO,#N/D
LVZ480FA4,#N/D
LO0Z94V4LO,DORNE- 2
L8L0LZFAFA,DORNE-1
V009LZ4LO,RIVERLANDS-2
L9FAVLOV8FA,DORNE-1
V8ZLO9,IRONISLADS
LL8LOLLOVV,STORMLANDS-1
LLOV0LO0LO0,NORTH
Z009LV49,RIVERLANDS-2
LZV084LV,HOARE
LZZZ0Z40,IRONISLADS
LO0LOFALO4Z9,AEGON
LV0VZM08,IRONISLADS
FA0ZLL90FA,#N/D
L8494ZFA0,IRONISLADS
LVL90ZL0,REACH
V004L9VL,CROWNLANDS
LZMZFA840,RIVERLANDS-1
L0LOL0048,DORNE-3
L00VLOV4V,RIVERLANDS-2
L9LO8ZLO80,RIVERLANDS-2
LFA888FA0FA,CROWNLANDS
L8FAZ00FAFA,REACH
Z0LOFAVVFA8,DORNE-3
L08LO0LVFA,RIVERLANDS-1
LZZ89440,IRONISLADS
L8LO89490,STORMLANDS-1
ZZ08LOVLV,NORTH
LLOZLOLLOZ9,#N/D
L4V8V49V,STARKS
FA00LO8LO00,CROWNLANDS
LFAZLOL4ZV,NORTH
L4009ZM9,NORTH
L94LL00LO,#N/D
L4L88V0LO,DORNE-1
V00LO9L0Z,STARKS
LFAFAVFAZ00,DORNE-1
LVVL9049,STORMLANDS-1
L8909LO0V,CROWNLANDS
FA0V04984,#N/D
894LOLL9,HOARE
L0V898,DORNE-1
LLOFAZLV,STORMLANDS-1
LFAFA0L098,HOARE
VLO90ZZM,HOARE
LO0LOZZ89Z,#N/D
LLO9498LOL,RIVERLANDS-2
LZFA80489,REACH
L9V4LOFAZLO,CROWNLANDS
8L04904,IRONISLADS
L409LOV9V,REACH
LZ0LO09LOV,NORTH
VLV890Z,HOARE
LVZ0FA000,DORNE-1
900L409FA,#N/D
900V00,#N/D
LFAZM09VV,IRONISLADS
Z089LOFA8V,DORNE-3
LVZFAL484,NULL
L0VFA04LO9,STORMLANDS-1
9490L0V,DORNE-3
900FAFA0L0,#N/D
FA0FA4LV90,#N/D
L94ZZFALO0,RIVERLANDS-1
LZ40LO909,RIVERLANDS-1
8Z4Z9L,IRONISLADS
LO04Z4000,CROWNLANDS
LFA0V9LOLZ,DORNE-3
L88VLO848,IRONISLADS
L0FAFA0V49,RIVERLANDS-1
9000440LO,#N/D
9ZFA44LO9,HOARE
VV8ZZ8V,HOARE
LO0ZZ09LL,DORNE- 2
L49LO9FAFA4,STORMLANDS-2
L90ZFA9LZ,#N/D
FA00V04L0,RIVERLANDS-2
FA0LOZ90Z8,#N/D
FA08000LO9,#N/D
LZ8Z900V,DORNE-3
L48VLOV,DORNE-3
Z04FALO0LO9,RIVERLANDS-1
L4FAFALOFA8LO,NULL
LV904009,NULL
L94V8LO04,NORTH
L848ZM,STORMLANDS-2
FA00FA09LO4,STORMLANDS-2
L904LO00Z,RIVERLANDS-1
ZZ4L000L,NULL
LLOFAVV980,CROWNLANDS
LO0ZFAFAZLV,DORNE- 2
8ZL00,IRONISLADS
L94VL09V,STARKS
LV449008,STARKS
L9VZ8L90,STORMLANDS-2
LFA8408FA4,REACH
LO0Z4LOV8LO,DORNE- 2
ZZLOZ9FA89,HOARE
L90L04LOZ,STORMLANDS-1
LZFA80489,REACH
L4LFAFA0Z4,STORMLANDS-1
LVZ98FAFALO,STORMLANDS-2
LLLOVV0LO4,HOARE
LZV49VVLO,HOARE
L9FA0LOV94,RIVERLANDS-2
L484LO4LLO,CROWNLANDS
L848LOVZ0,IRONISLADS
FA0L9FA804,#N/D
LV8VLO004,STORMLANDS-2
LV00L09L,DORNE-1
FA00LO809L,#N/D
L8L8VV,HOARE
LO0LO0ZZFA0,CROWNLANDS
FA00V000V,IRONISLADS
L4FALO88FAL,HOARE
8004Z9LZ,STORMLANDS-1
V0040LO44,RIVERLANDS-2
L8FA89Z48,RIVERLANDS-2
L9V8L4VZ,DORNE-3
LLZL08FA0,HOARE
L8V4FALV0,#N/D
FA00L0L9FA,NULL
8004VVLOFA,NULL
LV89FALO89,DORNE-1
LZLVFAL00,#N/D
L4VZ448Z,NULL
LLOZ40004,REACH
L0094LFAZ,IRONISLADS
ZZ40V0LOL,NORTH
LVZ9L808,RIVERLANDS-2
VFA8FA8VZ,DORNE-1
LV8800FAZ,DORNE-3
Z040409LO,RIVERLANDS-1
LZ84ZVL4,HOARE
L00FALFAFAZ,IRONISLADS
LLOFAL0LO9FA,HOARE
Z0V89400,DORNE-3
LO040VLO,CROWNLANDS
LZV9L0VV,RIVERLANDS-2
900LZ4FA4,#N/D
LLO0009V0,REACH
L9LO89LO44,RIVERLANDS-1
L4LV04VLO,IRONISLADS
LVLO09409,STORMLANDS-2
8FA9VFA0LO,HOARE
LFALO9VZM9,IRONISLADS
V009L94Z,RIVERLANDS-2
LVL8ZV80,RIVERLANDS-1
FA0440L8L,#N/D
ZZ09VVFA9,CROWNLANDS
FA09809FA,HOARE
8LL09FA4,IRONISLADS
L80VFALZ0,DORNE-3
LLOFA04LO,#N/D
LO0094VFALO,CROWNLANDS
LZ940048,STORMLANDS-1
Z0888L4L,DORNE-3
8L008ZFA,IRONISLADS
Z0LVZ9L4,RIVERLANDS-2
LLOV909L4,HOARE
L89FA9LO00,REACH
Z0L040V0,DORNE-3
800LLVZ,HOARE
FA0Z98Z04,#N/D
VLOFA9V08,HOARE
9VZ0LOZZ,DORNE-1
L8L89FA08,NORTH
FA0ZLOLLO0L,#N/D
LO0Z9VFA4Z,CROWNLANDS
LFALLOFA98LO,NULL
ZZ80FAZ9FA,STORMLANDS-2
L8ZZLO004,HOARE
FA008Z9Z4,NORTH
L9L090Z0,HOARE
LVV909FA0,STORMLANDS-1
ZZVFA09ZL,NORTH
LZFAZ90LZ,DORNE-1
ZVZLZ89V,DORNE- 2
L0VLO0L9FA,IRONISLADS
L9FAZ8V0LO,#N/D
FA0FAV4L8V,#N/D
LFAFA9FA0VL,IRONISLADS
LO0L04Z8V,NULL
LFALVV0FAFA,#N/D
LO0ZL88Z0,DORNE- 2
LZZZLO8LO0,NORTH
L88VFA089,#N/D
Z0LOFAL48V,RIVERLANDS-2
V048LO00Z,REACH
LZ4ZM444,HOARE
V0LZLO0V4,RIVERLANDS-2
VFAFALOZ0LO,HOARE
L084V9ZL,IRONISLADS
L4LO80V4Z,DORNE-3
LV0L4V00,REACH
L40FAFAZ0Z,NORTH
LLO00LO00L,RIVERLANDS-2
L0FA9ZLOFA0,STORMLANDS-1
L9040FA9FA,CROWNLANDS
VFA04400,HOARE
VLOFALOFA0LO,IRONISLADS
V0V8400Z,DORNE-1
V9VZVFAV,IRONISLADS
LFA09FAZ0L,#N/D
L00LLO0VL,DORNE-1
L80LLFALOZ,#N/D
FA0FALZ0,#N/D
L9488900,DORNE-1
LL4FALOZL9,STORMLANDS-2
LZZLOZ8VZ,STORMLANDS-1
FA00FA0FAFA4,NORTH
ZZFAFA8ZM8,STORMLANDS-2
LLZ04L8V,DORNE-1
94FAFAFAFA0,DORNE-3
L44ZLOVZV,#N/D
LO0LO008Z4,CROWNLANDS
V4084VZ,HOARE
LLO980LOFAZ,DORNE-3
L9L044V8,NULL
LZLL4008,REACH
L94LZ4Z4,STORMLANDS-2
LLO4Z9LL4,#N/D
L808980Z,DORNE-3
LO0ZV8ZLOZ,NULL
LFAL0LO8LZ,NORTH
V00ZFA0L0,RIVERLANDS-2
L9ZVV4Z0,IRONISLADS
9FAV0LOFA0,HOARE
LFALOVL9Z0,DORNE-3
L8LO498L9,STORMLANDS-1
L8LO0VLV4,DORNE-1
LVLO0Z490,DORNE-3
LFALO440FA9,STORMLANDS-2
L9VVV08FA,REACH
LO04LO4L9V,CROWNLANDS
FA0004LFAL,#N/D
L900V0ZV,REACH
L00LO8940,IRONISLADS
FA0FA904,#N/D
V0V0ZLO4V,STORMLANDS-2
849L0VV,HOARE
LLL0LZ0L,STORMLANDS-1
L4FALO0L9FA,HOARE
L9LOV0ZL4,STORMLANDS-1
LZVL48Z0,IRONISLADS
L9409V08,RIVERLANDS-1
LO00VL0FA0,CROWNLANDS
L889LLV9,HOARE
L9000Z0V,#N/D
V889LOFAFA,DORNE-1
L8FA8FA4VL,REACH
L90V0Z4L,RIVERLANDS-1
ZZZMFAFAFA0,IRONISLADS
LZ0Z89LLO,HOARE
L00FALFAFAZ,IRONISLADS
908ZLOZLO,HOARE
LZ9V0LO8L,NULL
LV0Z04V8,RIVERLANDS-2
VFA08ZM0,HOARE
84VFA8,HOARE
LZ90L088,DORNE-1
9000LO980,#N/D
LO0Z08V4FA,AEGON
L04L40ZM,#N/D
L9ZVZ4,CROWNLANDS
LLO4ZZ48L,NORTH
LFALV0Z00,DORNE-3
LLO04LOL8FA,NORTH
L98LOVFAZ0,IRONISLADS
LLO9LOVLO9Z,HOARE
L9ZVLVLOFA,REACH
L8LO980FAV,DORNE-1
8V044ZFA,HOARE
LFALOLVFAVL,DORNE-3
LL8L4L84,RIVERLANDS-1
L0LO0FALOVL,CROWNLANDS
ZZ0VFA00LO,DORNE- 2
LZL90Z4Z,RIVERLANDS-1
L4LOZ0Z8Z,STORMLANDS-1
V009LZ4LO,RIVERLANDS-2
LL9FA0ZM4,HOARE
L9FAFA80LOFA,RIVERLANDS-1
L0VLO0Z9LO,#N/D
LFA940ZVFA,STORMLANDS-1
L0LOFA988V,REACH
L9L04Z0L,STORMLANDS-2
LFA0400ZL,IRONISLADS
LV89FA8FA0,STORMLANDS-1
FA0LZM9LZ,#N/D
8LFALO084,DORNE-1
LZ0LOFAZFAV,#N/D
Z0FALOFA4FA4,DORNE-3
FA004LO0LOZ,IRONISLADS
900FA0884,#N/D
L09LO0FA40,STARKS
L000Z90Z,IRONISLADS
L89008V0,DORNE-1
FA00LL000,HOARE
ZZZZ9LO4FA,NORTH
L040FAFA4LO,NORTH
8VL0V,STORMLANDS-1
LL8LO9VLZ,STORMLANDS-2
LO00FA0LO09,CROWNLANDS
LZ409V0FA,RIVERLANDS-2
L0FA09Z,NORTH
FA0LZ88LO9,#N/D
LZM00L89,STORMLANDS-1
L4FALVZ00,DORNE-1
FA0L9Z844,#N/D
ZZL404VV,RIVERLANDS-2
VZ89008,HOARE
L904VZVLO,RIVERLANDS-2
V90L0FAZ,IRONISLADS
V0LZ4ZZL,DORNE-1
L0FA80VLLO,IRONISLADS
LVLO0V4FALO,STORMLANDS-1
LVLOL0VZLO,AEGON
900L4LO00,#N/D
Z090Z048,STORMLANDS-2
L94000,IRONISLADS
Z0LO88LO,RIVERLANDS-2
LZ9VVFAFA9,NORTH
LVV4LO94V,CROWNLANDS
L900ZFAL0,STORMLANDS-1
L94LFA4L9,IRONISLADS
Z09L908FA,STORMLANDS-2
L8L0Z480,STORMLANDS-1
LO0ZLV49Z,DORNE- 2
LLV8ZL0Z,STORMLANDS-1
LZ98LZ80,DORNE-1
900LO00,#N/D
FA00FALOZ49,DORNE-1
LV9LO04LO0,#N/D
L4LOZ0ZM4,DORNE-3
Z0VZZ089,DORNE-3
LFAV4FAVFAL,#N/D
L4FA040LFA,STORMLANDS-1
FA04FAV449,#N/D
9ZLO49VFA,DORNE-1
Z0FAVL90Z,DORNE-3
L0LOL4FAZV,RIVERLANDS-1
LVLFAVVLZ,STARKS
LL4Z40FA0,HOARE
L94900ZM,DORNE-1
L9FA00LO09,AEGON
L08L8FA9V,IRONISLADS
LVZM9VFALO,RIVERLANDS-1
LZZ88VLZ,STARKS
L494ZLO0LO,DORNE-1
FA0FALZ0,#N/D
V00LO0Z0LO,STORMLANDS-2
LZ08VFALO0,DORNE-1
80L0FA0LO0,STORMLANDS-1
LZ84V0,STARKS
LO8LO04LL,IRONISLADS
FA0ZFAFA48Z,#N/D
Z0LOL0LL0,DORNE-3
84FA4ZZ8,IRONISLADS
LLL08LO04,STARKS
V090LO4FA9,REACH
L0LO8Z904,HOARE
80L8FAZMFA,NULL
ZZFA8ZLO,HOARE
80088V44,STARKS
LFA0V9LOLZ,DORNE-3
9840V8FA,RIVERLANDS-1
L88VL0LOV,NORTH
ZZ44V088,NORTH
L98LOVFAZ0,IRONISLADS
LLOVV90LV,STORMLANDS-1
FA0LZL9LO0,#N/D
9LOFAL9LLO,DORNE-3
LLVVFAZ9Z,STARKS
FA0LOV8FA90,#N/D
LZ094008,STORMLANDS-2
L00ZL0FALO,RIVERLANDS-2
904LO0L4,HOARE
LVVL008L,#N/D
L800V8L8,NORTH
ZZLO9LO8V0,NORTH
FA0ZLL800,#N/D
V0LFA0Z90,DORNE- 2
LV0VLO00LO,#N/D
LZML4009,CROWNLANDS
Z00ZVFAL0,RIVERLANDS-1
4ZLV888,HOARE
VLOFALOFA0LO,IRONISLADS
L80LOLL0L,STORMLANDS-1
L90LOLV0Z,CROWNLANDS
LZ9VZM8L,STORMLANDS-2
FA0VZ00V8,#N/D
L9VZVLV0,HOARE
L4L9LVZ4,STORMLANDS-1
8000FA440,STORMLANDS-1
V00940LO9,#N/D
LLO9Z0Z0Z,#N/D
LLO08LOZ89,HOARE
LV0VZM08,IRONISLADS
LO0LOFA0VFAL,DORNE- 2
FA0VV8LZ0,#N/D
LFA80Z0,DORNE-1
L49FA4LO48,REACH
L4988Z,#N/D
L0LO0ZM09,HOARE
L94Z9890,DORNE-1
8V0FA8LO4,IRONISLADS
LVZ0FALO0L,STARKS
LLOZ9008FA,IRONISLADS
LZLOZL40Z,REACH
L0L908V0,RIVERLANDS-1
LV40LLOZV,IRONISLADS
L84LO0040,NORTH
LO04LZ4LOFA,#N/D
LLZ8Z09FA,STORMLANDS-1
L089FAZ4Z,STORMLANDS-1
FA0FAV0LO40,#N/D
L9ZV0L0LO,RIVERLANDS-1
L9Z00Z,DORNE-3
L00Z84,STORMLANDS-1
9LO00049,DORNE-3
L000FALO80,IRONISLADS
V0LFAZLO8L,DORNE-1
80LLLFAZ9,STORMLANDS-1
L880Z9FA9,DORNE-3
V00LLOZZLO,NORTH
900LOL9V,HOARE
V09VV9LZ,STORMLANDS-2
L98FA8LO9FA,IRONISLADS
L9ZZLV4L,#N/D
LZ4Z0ZZLO,STARKS
L0Z0Z00V,CROWNLANDS
L804LLO8Z,HOARE
LLO9LVFA0FA,#N/D
LLOV9ZFAFAV,DORNE-3
L80FA9008,IRONISLADS
ZZLV8LZ0,STORMLANDS-2
L4V90VVLO,DORNE-1
L0FAZ4008,NORTH
L800V8L8,NORTH
LZLLO0098,IRONISLADS
LLO8098,IRONISLADS
L9889LV0,STORMLANDS-1
FA0L8LOL4,DORNE-1
L8494ZFA0,IRONISLADS
8L0ZL00,IRONISLADS
L9L0LZ98,STORMLANDS-1
L0LO8FAL9LO,RIVERLANDS-1
L9ZLFAL8LO,RIVERLANDS-2
LV08ZLLO9,IRONISLADS
Z0LOVZZV0,RIVERLANDS-2
Z040LOFA9LO,RIVERLANDS-2
LO04ZZ40V,CROWNLANDS
LZ9V0LO9LO,IRONISLADS
LZ0L0LZ8,RIVERLANDS-1
ZZL8V89FA,DORNE- 2
LO0ZZ4V88,REACH
L4FAZLL00,STORMLANDS-1
FA00LV94L,DORNE-1
LFALO00Z0Z,NORTH
LFALO04FALOV,IRONISLADS
L9ZZ8FAZL,STORMLANDS-1
80804ZFA,IRONISLADS
L89V8088,NULL
L08VV04Z,DORNE-1
L4VL9LFA4,NORTH
Z0LOZ8Z9FA,RIVERLANDS-2
ZZL909LO0,IRONISLADS
LV40040LO,#N/D
LV40040LO,#N/D
L8VFA09V0,DORNE-1
LZ44LLOFA0,STORMLANDS-1
LV4408Z8,NORTH
80L90040,NULL
L00L4FA89,DORNE-1
L9Z09VVL,CROWNLANDS
L8040VZL,DORNE-1
L000LVLO0,RIVERLANDS-1
LV89FALO89,DORNE-1
8L00LO09,HOARE
L4840V8L,DORNE-3
LVLO40L0Z,STORMLANDS-1
FA0LFAL9VFA,#N/D
Z004FAFALO0,DORNE-3
Z0FAFA8LOL9,DORNE-3
LVZFA4ZV0,NORTH
Z0V800LO8,RIVERLANDS-2
L440,IRONISLADS
Z0FALOFA4FA4,DORNE-3
V00LO9LZZ,STARKS
LZLOFALOZ0FA,STORMLANDS-2
L08ZZ0FA9,DORNE-1
L8888LOZLO,DORNE-3
L9L04L49,STORMLANDS-2
LVZL80FA0,STORMLANDS-2
LVLO0L094,#N/D
L888LVZL,#N/D
LO00Z4804,CROWNLANDS
L40FAVVZ4,HOARE
LLV4LZZM,DORNE-1
FA0Z4049L,#N/D
FA0409LO4V,#N/D
LZ9L49ZV,HOARE
LO0ZLOV888,RIVERLANDS-2
LZV88FA89,DORNE-3
L0VZVZV8,#N/D
LVL0V9LO0,RIVERLANDS-2
FA89LVV,HOARE
L0FA89098,RIVERLANDS-1
V0L9VVZ,DORNE-1
FALLLO49L,DORNE-1
FA04400Z8,#N/D
LV0ZL890,STORMLANDS-1
LVZ040FA9,DORNE-1
LL80LL9V,STORMLANDS-1
LZ9000VV,HOARE
L89094ZV,NULL
FA0ZVL4LV,#N/D
90V00VZ,DORNE-1
V044FA9VL,STORMLANDS-2
LZVVFA9FA8,NORTH
L9LOFALZM9,IRONISLADS
FA0V0089LO,#N/D
L9V00404,DORNE-1
LO0ZLL9,AEGON
90L00LOFA0,#N/D
L0ZZ00LO8,RIVERLANDS-1
LLOVL88V8,NULL
LZFA9FA9,STORMLANDS-2
Z0LOVFA0FA8,STORMLANDS-2
800FALOFA8FA,STORMLANDS-1
L08LO0FA09,RIVERLANDS-1
L8LOZLL0FA,NULL
LVVLZ0LV,HOARE
LV000V00,STARKS
LFAFAV890LO,IRONISLADS
LVV08VLO9,STARKS
Z0L9ZLO8FA,RIVERLANDS-2
FA0L00LL8,#N/D
L9Z04008,NORTH
L9LO40ZM0,STARKS
L944LZLOFA,NULL
Z00V9ZFALO,RIVERLANDS-2
L8849FA8L,DORNE-1
LV8VVFAFAZ,#N/D
LVL0L800,NORTH
LFALV9V9LO,HOARE
ZVZMLO8LZ,NULL
LO0ZLOV0VZ,RIVERLANDS-2
LFAFAVVFA49,CROWNLANDS
LL0090,STORMLANDS-1
LLO0FA8Z40,HOARE
V0L4LFAFALO,RIVERLANDS-2
L80L9LOV8,#N/D
L9FAFA0ZL0,STORMLANDS-1
LLOL0L4L8,#N/D
V0890Z8V,NORTH
LVL000Z0,CROWNLANDS
LLO04FA9FALO,NULL
L80V0LO0Z,HOARE
V04400Z9,STORMLANDS-2
LFAFA8LFAV8,HOARE
LFA98LFA,NORTH
LZZLO0ZM4,HOARE
800LLOZL8,NULL
LO0LO9ZZ8V,REACH
8004V080,STORMLANDS-1
L00LO0VFA9,STORMLANDS-1
FA0FA8VL0,HOARE
L9LLO890L,DORNE-3
Z0FALOV4ZFA,STORMLANDS-2
FA0040FA8FA,#N/D
L94ZZ908,IRONISLADS
L9L00V0FA,STARKS
ZZLLO9040,NORTH
V0FAZ8V04,DORNE-1
8L008ZFA,IRONISLADS
LLO4FA09VLO,REACH
L8V40840,IRONISLADS
LLO04Z0L0,NORTH
FA0FA0LFA8L,#N/D
L8LLO0LFA0,IRONISLADS
L9LO804LFA,DORNE-1
FA00FA0V0FA,NULL
ZZLO09VV8,STORMLANDS-2
LFA4LO0VLLO,DORNE-1
894L00L,DORNE-1
LLOFA808L4,STORMLANDS-2
LZLOZ80Z9,RIVERLANDS-1
V0FA9Z040,STORMLANDS-2
LL0090,STORMLANDS-1
LZLOVL44FA,HOARE
8LOFA9VV0,HOARE
L0V444LZ,DORNE-3
LL004ZVZ,STORMLANDS-1
L88LOFAL90,NULL
L89L9LO89,CROWNLANDS
LO0FAFA9880,CROWNLANDS
L9LOZ00FA9,HOARE
LFA9ZLVZ0,DORNE-1
LZFA9LOL08,CROWNLANDS
V90LFAZ0,HOARE
800FA09LOL,NULL
LFALO4LO4V4,STORMLANDS-1
9Z0Z0Z0,IRONISLADS
V00LZZ89,CROWNLANDS
L44L0404,STORMLANDS-1
Z0VLOFALLO9,DORNE-3
L4ZZ90FAFA,#N/D
LLO440VVFA,NORTH
L8Z404VV,DORNE-1
L9LO40L48,#N/D
LZ0LO9L9L,DORNE-1
Z0ZMLOFA9L,RIVERLANDS-2
LVLOL0VLOFA,CROWNLANDS
LLO9FAL8V8,IRONISLADS
L0LOFALOZFA0,DORNE-3
LLO8ZZ9ZLO,STORMLANDS-2
V0L8L8FALO,DORNE- 2
Z0048FALO0,RIVERLANDS-2
80LLO9,RIVERLANDS-2
LFAL0V04V,#N/D
800FA9448,NULL
LZ9LO94VZ,RIVERLANDS-2
FA00LOV08FA,HOARE
90094880,RIVERLANDS-1
ZZ00FAV80,STORMLANDS-2
900FA09Z,DORNE-1
L9ZFA0FA4Z,DORNE-3
L9ZFA0FA4Z,DORNE-3
FALLLO49L,DORNE-1
L9FA0ZM0FA,NULL
L8L4Z09FA,NULL
Z0ZM8V9LO,RIVERLANDS-2
L9ZZ8FAZL,STORMLANDS-1
L908L9VL,STARKS
FA009FA9VLO,#N/D
LO0Z0FA4,CROWNLANDS
L9890ZLO8,HOARE
L40FA0L,IRONISLADS
LLOFA949LO9,DORNE-1
V00FAVZLO9,DORNE- 2
FA0ZL0LLO4,#N/D
L80FA4VL0,IRONISLADS
LO0LO49084,#N/D
L0ZMLFAFAZ,HOARE
LVV4LO9LLO,DORNE-3
L9V88489,RIVERLANDS-2
L084V9ZL,IRONISLADS
L40LOZLVV,DORNE-3
L8V89LVZ,DORNE-3
LL908FAZM,DORNE-3
ZZZ00FA0FA,NORTH
L00ZFA00LO,RIVERLANDS-1
LL4Z80LO9,#N/D
L84ZVLO40,DORNE-1
FA00LO0Z0Z,DORNE-3
Z00L8LOFA8,STORMLANDS-2
LVV909FA0,STORMLANDS-1
L808FA0FA0,DORNE-3
LO0ZLV49Z,DORNE- 2
ZVZ4440LO,#N/D
L8FA0FALV4,#N/D
FA0Z0004FA,#N/D
LLOFA9FA49FA,NULL
FA0L89488,#N/D
LLO8004,RIVERLANDS-1
LLOVZ4040,DORNE-3
LZMZ9FA8FA,REACH
LFA0L0FALOFA,HOARE
L94L890LO,IRONISLADS
LV9FA9408,DORNE-1
V8LZ904,HOARE
L88LO00LFA,RIVERLANDS-1
LZ48L8LO0,STORMLANDS-1
LLO4Z98,REACH
80L44L08,NULL
LO09FA8LOL0,CROWNLANDS
V08FA9LO4FA,REACH
VZ8LZ90,IRONISLADS
L9LO44044,HOARE
L944V0Z0,DORNE-3
V8908VFA,IRONISLADS
Z0FA9Z000,RIVERLANDS-1
Z0404049,RIVERLANDS-1
LLO08404V,HOARE
L9V0L0V9,STORMLANDS-2
FA04000VLO,#N/D
LV040LOVV,CROWNLANDS
Z04L94Z4,RIVERLANDS-2
LZLO0900V,HOARE
LO00094L8,CROWNLANDS
L00L490Z,RIVERLANDS-1
FA0V0908LO,#N/D
Z0FA4FAZL4,RIVERLANDS-1
FA0004L00,DORNE-1
8LLOL8ZL,HOARE
LLZMLO0V9,STORMLANDS-1
LZLO0Z0,RIVERLANDS-1
LO0LFA0L48,NULL
V089LOL09,REACH
LZLZL0FAFA,HOARE
L90Z9LO0LO,RIVERLANDS-1
LLOFA4FA490,HOARE
Z089ZZ00,RIVERLANDS-2
L090VLO00,STORMLANDS-1
80048V00,STORMLANDS-1
4L4L4,#N/D
L00FALLOZV,STORMLANDS-1
LLO84FA00Z,DORNE-3
L4LO9L800,NORTH
L4L9LOZ0LO,STORMLANDS-1
ZLOFA44VV0,IRONISLADS
L9FA8Z8Z0,DORNE-1
LV0844Z0,STARKS
Z0LO0FAVFA8,DORNE-3
Z0FALOV4ZFA,STORMLANDS-2
L08L0080,RIVERLANDS-1
ZVLOZ90L0,#N/D
LLOL0LO0L4,DORNE-1
V00FA44LL,RIVERLANDS-2
8VL98V4,IRONISLADS
LO040ZZV0,NULL
V0ZZZFA,NORTH
V894809,IRONISLADS
Z0V9LOFALV,DORNE-3
8Z0LFA8Z,IRONISLADS
L4009ZM0,STORMLANDS-1
LFAFAVZ840,NULL
L090009LO,IRONISLADS
Z0Z4LLLV,DORNE-3
LO0FAZLZ,NULL
LLOLFA0008,REACH
L09LO9LOFAV,IRONISLADS
LLO0ZL0Z9,IRONISLADS
Z09FAZL09,RIVERLANDS-2
L4Z48LO0FA,STORMLANDS-1
LZM4FAVFA9,STARKS
L90LOLV0Z,CROWNLANDS
LLFA9LOZLV,NULL
LLOFA009Z0,IRONISLADS
89FALO0FAL,HOARE
V00VLO04LO,STARKS
Z0ZZZ484,DORNE-3
LVFA09LO88,STORMLANDS-1
L9048VLFA,STORMLANDS-2
LZ0VLOFA09,NORTH
L8LO4V8LFA,REACH
L00FAFA0LOZ,HOARE
ZVLO84Z80,RIVERLANDS-2
V9FA88LO8,HOARE
L89V0VLLO,STARKS
LO0ZZLO0,RIVERLANDS-2
L00FAZ0Z9,IRONISLADS
V04V9FALO,IRONISLADS
L944LO84V,IRONISLADS
LVZLOVFALZ,#N/D
LZ80FAV04,HOARE
L9LO080ZFA,DORNE-3
LLO400080,IRONISLADS
L8000L08,DORNE-1
V098L000,STORMLANDS-2
FA0V4048Z,#N/D
L9ZZVZLO0,DORNE-1
L0L49000,STARKS
800LLO0V4,STARKS
L8LZV8LLO,#N/D
Z0V4V04Z,DORNE-3
FA0LFA08LLO,#N/D
FA04FAFA0V9,#N/D
8004V49V,NULL
L9L04VLO4,#N/D
L4V008LOFA,RIVERLANDS-1
L4ZFA09FA4,STARKS
80L80LO0FA,#N/D
L890L804,IRONISLADS
L4V9FAFAZZ,DORNE-1
L4Z04LO9Z,REACH
V00Z04VV,NULL
V009FAFAZ4,RIVERLANDS-2
LZLO80VFA0,STORMLANDS-1
LLVZ4LO00,NORTH
FA000L408,DORNE-3
LZLLFAVZL,NORTH
Z0FA0FALO09,DORNE-3
V00LOFA944,STARKS
L840LO90L,DORNE-1
LFALOFAZM84,NORTH
V0LO08FAFALO,HOARE
Z0LFA8Z80,RIVERLANDS-1
LZL009L8,STORMLANDS-1
L80LO80FA0,STORMLANDS-2
V90LO8VV,IRONISLADS
L980LO0FA0,STORMLANDS-1
LV00L09L,DORNE-1
VFA04400,HOARE
LV9V894LO,DORNE-1
V4LOFAZ0FA,IRONISLADS
L9LLOFAVV8,NORTH
80LLZ4VZ,NULL
L0FA0L000,IRONISLADS
4ZMZMFA8,HOARE
Z009VLO0FA,DORNE-3
LL4LO4VFAL,STORMLANDS-1
LO0FAFAZ4LO9,NULL
Z00LZVLZ,RIVERLANDS-2
L80LOV009,DORNE-1
LO00FAZ090,CROWNLANDS
L80L0LOLFA,NULL
LO0ZLO08Z0,RIVERLANDS-2
LLZFAFA890,CROWNLANDS
L8LO8FAZ88,NULL
LV409V,CROWNLANDS
L90ZLO4LOZ,IRONISLADS
9LO40LO88,HOARE
8LV4L0Z,HOARE
Z000LOZL9,RIVERLANDS-1
LV49FA0ZV,#N/D
L940FA0VL,#N/D
L9LOVZFALZ,RIVERLANDS-2
LO04V80Z0,CROWNLANDS
VLO9Z9LV,IRONISLADS
LZ00V4V8,RIVERLANDS-1
LVZ9LO0LOFA,DORNE-1
LLFAFA4400,NULL
LFAL04V00,NULL
L0Z9LLOV8,HOARE
LVVLO8V80,RIVERLANDS-2
L8FAZ4ZVL,RIVERLANDS-1
LVLO0LOVFAL,IRONISLADS
LVL0FAZ9FA,IRONISLADS
L8LO09049,RIVERLANDS-1
9890VV8,DORNE-3
FA0FAFAL9Z9,#N/D
L8ZL0FAVZ,IRONISLADS
L49FA4LO48,REACH
LFAZFA8LOLZ,STORMLANDS-1
LFALO04FALOV,IRONISLADS
ZVLO0LVLLO,IRONISLADS
L49LO90LO4,DORNE-3
FA0LOZZ0L8,#N/D
L88LO4Z4FA,STARKS
LV9V0LZ4,#N/D
FA00FA0ZFAZ,#N/D
V08L8LLO9,REACH
L9LLLO00Z,STORMLANDS-1
V0ZLZLZ4,REACH
LZ8L944V,DORNE-3
LLO8FA0FA0Z,HOARE
FAZFA4V00,HOARE
LO0ZLFA0Z0,AEGON
L894FA0V8,DORNE-1
8VLZ90FA,DORNE-1
V090LO4FA9,REACH
LO0LLFAFA88,NULL
V08400FAV,REACH
Z0Z4L8Z9,DORNE-3
LLO0V049V,IRONISLADS
8L8V4,HOARE
LLOZZL90FA,IRONISLADS
FA0VLV0LO0,#N/D
L9Z0949L,RIVERLANDS-2
L4L0088FA,RIVERLANDS-1
LZ0880,IRONISLADS
80Z4LOV8,HOARE
L9Z00Z,DORNE-3
LV90V9VL,STORMLANDS-1
LZM8LO984,CROWNLANDS
Z0LO4LOZ4Z,RIVERLANDS-2
LFA0L00Z0,STORMLANDS-1
Z00V4Z48,DORNE-3
L8LL00LO8,#N/D
LVLLLO4V4,#N/D
84V0LLLO,IRONISLADS
L890L0L9,RIVERLANDS-1
8LFALO084,DORNE-1
LO0V90L8L,STARKS
LZ44089LO,HOARE
FALLLO49L,DORNE-1
LZ0008ZL,RIVERLANDS-2
LFALO00Z0Z,NORTH
V09ZLO9Z0,STORMLANDS-2
9ZZ0LV0,DORNE-3
LLOV0FA889,STORMLANDS-1
V0LZLZ90,RIVERLANDS-2
LZ09LOZZL,STORMLANDS-1
L0LO9L9LOZ,DORNE-1
LLOFALO08LOV,DORNE-3
ZZLOVVFAVZ,NORTH
V0LO090L,IRONISLADS
L9L8L88LO,DORNE-1
9490L0V,DORNE-3
80LZ4LOFA0,STARKS
L4V94LOV4,STARKS
LZVLOVFA84,NULL
Z0Z40LOZ4,RIVERLANDS-2
L9L0FA80FA,DORNE-1
800040LL,STORMLANDS-1
LZ08LO0,DORNE-1
80LLZ4VZ,NULL
V0LO0L0,CROWNLANDS
LZMV00VV,RIVERLANDS-2
LV0L8FAFA9,DORNE-3
LVV4LO94V,CROWNLANDS
LO00094L8,CROWNLANDS
L90Z0FA08,NORTH
ZZ0LO88FA0,RIVERLANDS-2
Z0FA8LOFA08,RIVERLANDS-1
FA0FA44VLL,#N/D
L9LOFALZM9,IRONISLADS
LVLZFA4LZ,NULL
LO04V848Z,AEGON
V04VFAZZ,HOARE
L0L848FA9,RIVERLANDS-2
80L4Z9LO0,STARKS
V088FA9Z,IRONISLADS
L80Z0004,RIVERLANDS-1
Z009ZZVL,RIVERLANDS-1
LZ48L8LO0,STORMLANDS-1
V08LOZ0VV,REACH
LLO9FA9LO80,CROWNLANDS
FA00V9804,DORNE-1
L909FA04FA,STORMLANDS-1
ZZLLOLLOZ0,IRONISLADS
8LO4LOFA44,IRONISLADS
LZLO0809Z,STORMLANDS-1
989FAZ40,IRONISLADS
VLO0,RIVERLANDS-1
LV9L90Z9,RIVERLANDS-2
LLZLO0V48,RIVERLANDS-1
V49FA90Z,DORNE-1
L8V0LO09L,STORMLANDS-1
L8ZZ0FALLO,STARKS
FA0Z49Z0L,#N/D
L9LOZLLOFAZ,HOARE
L9Z9LOV8Z,DORNE-1
L80LLO904,#N/D
V0VLO0904,STORMLANDS-2
FA0L0LO8L9,#N/D
L8Z0V4FAFA,STORMLANDS-1
LLVZLO0VZ,STORMLANDS-2
LFAZ00ZLL,CROWNLANDS
LZLOFA8FA48,DORNE-1
LLOV00LLOZ,STARKS
LL908FAZM,DORNE-3
L9L84LOFAZ,REACH
FA0Z0FA0LO8,#N/D
LLO008ZZL,DORNE-3
ZZ48LO48LO,NORTH
FA000Z0V0,IRONISLADS
L4LO40L00,HOARE
FA0FA00ZVFA,#N/D
LL9LO4LOL4,STORMLANDS-1
LLO8FA9ZV4,IRONISLADS
LO040VLO,CROWNLANDS
LLO0ZMLOFAL,NORTH
L94FAVLOVFA,STARKS
9V4LFA,RIVERLANDS-1
9LVZ4LOV,IRONISLADS
V80FA0L9,IRONISLADS
LZ89FA4VFA,NORTH
ZZZ0V809,IRONISLADS
FA0L00FAFA9,#N/D
LVFA4494LO,STORMLANDS-1
LFAZ9Z84Z,STORMLANDS-1
L4VV00V4,RIVERLANDS-2
ZZ09VVFA9,CROWNLANDS
8LOVL4,IRONISLADS
FA04L8LZFA,#N/D
8004VVLOFA,NULL
LLOVFA044Z,IRONISLADS
LLO0VV84L,#N/D
L9ZLFA0ZZ,#N/D
LLO0FALO9,CROWNLANDS
LV04LO0VV,DORNE- 2
LLO4ZZV04,DORNE-1
LFALOFALFAVLO,HOARE
LFAZ09L00,DORNE-3
FA0FA400V0,#N/D
L8FA000V4,DORNE-1
L04Z09L8,IRONISLADS
ZVLOFAL9VZ,RIVERLANDS-2
LZLO8VLO,#N/D
LL4VZZ0FA,IRONISLADS
L9FAZM4ZL,IRONISLADS
LLFA0Z4LLO,RIVERLANDS-1
LZVVFA9ZZ,REACH
VFA04400,HOARE
LFAZLOL4ZV,NORTH
FA0L88LO,#N/D
LLOLZZ0FA8,STORMLANDS-1
L404ZVLO0,HOARE
LZ0489ZM,RIVERLANDS-1
Z0L00VZ0,RIVERLANDS-2
L08FA9LO89,#N/D
L9VFAZ4V8,DORNE-1
LZMZM89LO,HOARE
L94ZV484,RIVERLANDS-2
L0ZMLFAFAZ,HOARE
V04LO0LFALO,STORMLANDS-2
LV0LOFAZVZ,STORMLANDS-2
LO04LZ4LOFA,#N/D
V0000FA4FA,CROWNLANDS
L48L4090,DORNE-3
L98FA4FA0FA,DORNE-1
LO0ZZ080FA,DORNE- 2
L8L940LO9,RIVERLANDS-2
8004Z090,#N/D
LZLVZLFA8,IRONISLADS
Z0498L0Z,DORNE-3
LLFA4FA904,STORMLANDS-1
L4L004,RIVERLANDS-1
V0VFA40V0,NORTH
LFAZV98Z9,IRONISLADS
900Z0Z44,#N/D
LFAVZ09LO8,IRONISLADS
L89094ZV,NULL
L89V0VLLO,STARKS
L0LOLLZML,HOARE
LZ4LL00Z,HOARE
LO0L498VFA,NULL
FA00L008LO,NORTH
L9044V0LO,REACH
LLO0LO9LO44,CROWNLANDS
LZLO8VZMFA,#N/D
L8FA88LOFA4,STORMLANDS-1
800LO44L0,STORMLANDS-1
L00984FAL,RIVERLANDS-2
V0LO40Z4L,NORTH
9L9VFA9L,HOARE
800ZM404,STORMLANDS-1
ZZ04FA84L,NORTH
LLOZLL8ZFA,NULL
L9L9L40V,HOARE
L4VLOFAZ,REACH
LO0L498VFA,NULL
L8LO9Z8LOZ,STORMLANDS-1
LVV9LOZZ0,DORNE-1
FA0LZ90FA8,#N/D
L400ZLLFA,REACH
L9FAFAVVFA,DORNE-1
L4LO90LLL,HOARE
L40VV0FA0,DORNE-1
V0090LO0L,DORNE- 2
L0FA98ZML,DORNE-3
L9ZLO8LO8V,RIVERLANDS-1
LLO0Z98LO0,REACH
9V04V,STORMLANDS-1
L800494FA,IRONISLADS
LV9FA0Z0LO,#N/D
FA0ZV89LO4,#N/D
Z00ZM00FA,STORMLANDS-2
L8ZZ098V,DORNE-1
Z0FA40FALOL,RIVERLANDS-1
L9LOFAFALOZL,REACH
LO0FAFA8LVFA,CROWNLANDS
FA0098L04,NORTH
Z0VLVL88,DORNE-3
LVLL0ZFA9,IRONISLADS
L89004LOZ,RIVERLANDS-2
L98ZFAZLOL,DORNE-1
LLOZFA8LOZZ,HOARE
FA0VFA4LZLO,#N/D
LO0LOL4LO0Z,#N/D
V04V0V44,REACH
ZVZMFAFA,NULL
LV9FA4080,STORMLANDS-2
800FAVFAFALO,STORMLANDS-1
L4L0FAVZ0,HOARE
L9LL84L4,DORNE-3
L00LO8FA,STORMLANDS-1
9VVLO4V9,RIVERLANDS-2
L8FAZ800V,IRONISLADS
LZZ90LOZL,HOARE
L488V80FA,HOARE
LO08080VL,STARKS
L9FALO00LO0,STORMLANDS-2
L98LLOZL0,NULL
ZZ0LO94LLO,CROWNLANDS
LLOLFALOZ40,#N/D
FA0L49840,#N/D
LVLOLZV44,DORNE-1
V0LO800FA,DORNE-1
LO0004Z0V,CROWNLANDS
L0V00Z,DORNE-3
LV9FA9000,NULL
L940L4LO8,IRONISLADS
ZZV00094,RIVERLANDS-2
V0008Z,RIVERLANDS-2
LZ8L04LV,NORTH
L90FAV90L,DORNE-3
L8FAVLO0LFA,DORNE-1
L4FALL4ZFA,NORTH
L84LO0800,AEGON
V0LZV90LO,RIVERLANDS-2
LO0L00LZ0,NULL
FA0408LZV,#N/D
Z0408L40,DORNE-3
L409LOV9V,REACH
LLOZ4Z00LO,STARKS
ZZLFA04,NULL
L9L0V0L0,NORTH
LO00044FAV,CROWNLANDS
V8L8FA90,HOARE
FA0ZLOZZ9V,#N/D
LLO0L0VZFA,STORMLANDS-1
L8VFAV4,NORTH
L8909094,DORNE-1
8LO0LO0,HOARE
8004V080,STORMLANDS-1
Z00FA84VFA,RIVERLANDS-1
8000904LO,STORMLANDS-1
L8FALOVLO09,IRONISLADS
LLOFA80048,NULL
L88LO0FA9L,NULL
LL0VLL,STARKS
V00LV404,RIVERLANDS-2
V894809,IRONISLADS
FA0FA44Z04,#N/D
L48V04V8,STARKS
L8FAFALO9FA8,HOARE
L4Z840LO8,IRONISLADS
V09LO9LZFA,STORMLANDS-2
LL8FA0L09,NULL
L0949009,IRONISLADS
V0000LO00,DORNE- 2
L0LV0LFA9,STORMLANDS-1
LVFAFAZLZV,IRONISLADS
88VLZ4FA,IRONISLADS
LV8LO0V00,DORNE-1
LZ84V0,STARKS
V00LO0VFA,HOARE
L400FAZZZ,RIVERLANDS-2
L8LOL0V9L,RIVERLANDS-2
LO04ZZ40V,CROWNLANDS
LZ4ZZ9V8,HOARE
L8ZM4008,RIVERLANDS-2
LV840FA0Z,DORNE-3
L90L088L,STORMLANDS-2
Z00L0FALV,RIVERLANDS-1
L90Z0FA08,NORTH
LV084VLV,REACH
Z04ZV84V,DORNE-3
L00LO9VFAZ,HOARE
L9LO0LLO08,DORNE-1
L90L04LOZ,STORMLANDS-1
FA08LLO09FA,#N/D
4Z0Z8L,HOARE
LV98LO9FA8,STORMLANDS-1
LV4408Z8,NORTH
LZ89LOLFAZ,STORMLANDS-1
L0FA00V9L,IRONISLADS
ZZLOV488Z,CROWNLANDS
Z00ZVFAL0,RIVERLANDS-1
LZZ0LO8Z4,STORMLANDS-1
L9LOFAFAFAZ0,DORNE-1
VLZFA094,IRONISLADS
LZ0LO4V48,RIVERLANDS-1
V0Z00FA00,REACH
LVFA0FAFA0Z,DORNE-1
L80L8V,NORTH
L00L4ZZZ,STORMLANDS-1
L8V9LLV9,STORMLANDS-2
LVLO84L,HOARE
L9LLL040,STORMLANDS-1
L0444ZM9,RIVERLANDS-2
L88LO0FA9L,NULL
V08L8FAFAV,REACH
L0FAZ80LLO,#N/D
L80V40ZLO,IRONISLADS
Z008Z80L,RIVERLANDS-1
LFA90080L,STORMLANDS-2
ZZ400FA9L,NORTH
800VVZ4V,NULL
LZ940048,STORMLANDS-1
L9LVLZZ9,RIVERLANDS-1
L900ZM04,STORMLANDS-1
L809V984,CROWNLANDS
LLZZ44L0,REACH
LFAL4ZLO,IRONISLADS
L080L400,STORMLANDS-1
LLVFAFALOL4,STORMLANDS-1
8009LOVVFA,STARKS
LZ80V98L,STORMLANDS-1
LLO4ZVLV8,#N/D
L94Z00FAV,RIVERLANDS-2
ZZZV00ZL,NORTH
LZFA090LO0,DORNE-3
FA0Z90FA89,#N/D
LZM8LO0LOZ,RIVERLANDS-2
L84Z0484,STORMLANDS-1
ZZZ9LO004,CROWNLANDS
LV049FA49,DORNE-3
900VLO804,#N/D
L00FA880Z,IRONISLADS
L00FAZMZ8,DORNE-1
LV4Z0Z90,REACH
L88VLL48,STARKS
V00LO4VZFA,STORMLANDS-2
V00LOLFAZ0,STARKS
ZZ4FA0ZL8,IRONISLADS
L0ZFA0FA8Z,IRONISLADS
L8VFAV4,NORTH
LO0VLOVZVLO,STARKS
L0LOVVL00,IRONISLADS
LFALVV0FAFA,#N/D
L4L0VFAZ4,STORMLANDS-1
FA049L4VFA,#N/D
LVFA9FA840,DORNE-3
LLO0Z448V,CROWNLANDS
LO0Z4889FA,DORNE- 2
LO0LOLZFALOL,#N/D
V0LOFAL8,NORTH
8ZFAV400,IRONISLADS
L8888LOZLO,DORNE-3
LLOFALVVVLO,IRONISLADS
L98LLOVVL,DORNE-1
L88LO0FA9L,NULL
L84L0V94,STORMLANDS-1
LLO09VVFALO,HOARE
LO0ZVFA408,RIVERLANDS-2
L90Z0VV8,NULL
L0LO4Z900,STORMLANDS-2
L80944,RIVERLANDS-2
LL4Z40FA0,HOARE
900V0V9FA,#N/D
LLZ4LO48Z,NULL
LVZV40ZM,CROWNLANDS
LFAFALL90FA,DORNE-1
L800LO0VL,STORMLANDS-2
L98ZVFA8L,HOARE
9000LO980,#N/D
L000LOVVFA,NORTH
LZ08VFALO0,DORNE-1
Z0498L0Z,DORNE-3
L800V80Z,RIVERLANDS-1
Z0LFAL0FALO,STORMLANDS-2
80004VLFA,STARKS
L90FA044FA,DORNE-1
LZMLFALV8,REACH
VFA09040,IRONISLADS
LFA90V4V8,NORTH
L004FAZZL,STORMLANDS-1
L0000LL8,RIVERLANDS-1
L400FAVZL,HOARE
L0080LZ4,IRONISLADS
V09ZLO9Z0,STORMLANDS-2
LFAV4Z488,STARKS
FA0ZLO0LOL9,#N/D
V89LLO08,DORNE-1
Z0ZZV89V,RIVERLANDS-1
L90L40V0,RIVERLANDS-2
L4Z08FA9Z,STARKS
LO04LV9Z0,DORNE- 2
FA008ZL4LO,#N/D
LVL8ZV80,RIVERLANDS-1
V0ZZLO0LZ,HOARE
V080VFAZ8,REACH
LLV49ZMZ,#N/D
FA0FA8FALO4L,#N/D
LLOL0FALO00,REACH
8Z0L8FAZ,IRONISLADS
LLO4LO40FA8,#N/D
L0LO4ZLOVV,STORMLANDS-1
80LLOVFAZLO,STORMLANDS-1
LFA9V0Z8FA,HOARE
L98ZMZZ4,NULL
LZ944Z0L,DORNE-1
LLOVLZFA0LO,NULL
L880FALV4,HOARE
L00008FAFA,RIVERLANDS-1
V0L09ZLO4,RIVERLANDS-2
LFA94LO904,STORMLANDS-1
L9V40LOLZ,DORNE-1
L9FA0ZZM0,HOARE
ZZLZ0V80,IRONISLADS
VVLOL000,HOARE
FA00984V8,#N/D
800FA4ZMLO,STORMLANDS-1
LV8LOFAL88,HOARE
LLO9LLOL8L,NORTH
L8098040,STARKS
Z0FALFAV8FA,DORNE-3
LO0Z0FA000,CROWNLANDS
L094L04Z,DORNE-1
LO0LO0LOFA0FA,CROWNLANDS
FA0L89488,#N/D
LO04Z8094,CROWNLANDS
L8409ZFA0,STORMLANDS-1
L9V88L0LO,REACH
LV0ZL8FALO,DORNE-3
ZVLOL9ZMV,RIVERLANDS-2
V4VV0LO4,DORNE-1
V08FA9LO4FA,REACH
FA00V00L4,REACH
ZZZV00ZL,NORTH
Z0L040V0,DORNE-3
ZZL0Z0LO4,NORTH
Z0FAZ9VL4,#N/D
FA0Z0VL40,#N/D
L9LZ90,STORMLANDS-2
LVFAFALO040,IRONISLADS
L9VFAZ8FAZ,STORMLANDS-1
L94Z08LO4,DORNE-3
LZ804LOFAFA,DORNE-1
LO00FALLO8L,CROWNLANDS
L98ZFALZ4,STARKS
L90LO0L90,DORNE-1
L90LO0FA98,DORNE-1
V00V008V,STORMLANDS-2
LV00L984,RIVERLANDS-2
LLO89FA9,RIVERLANDS-2
L94FAV809,HOARE
FAFAV4LO,STORMLANDS-1
LFA90080L,STORMLANDS-2
L9L08ZFAL,RIVERLANDS-2
L9Z4FA800,RIVERLANDS-2
80Z8L9LO,DORNE-1
L900Z900,IRONISLADS
9008LO09L,#N/D
LFAFAVVFA49,CROWNLANDS
FA0LO0ZVVLO,#N/D
ZVZM8Z0V,NULL
900VL044,#N/D
LO0L8LLOFAV,CROWNLANDS
L84L98FA4,HOARE
LFA4L8Z04,HOARE
L0LV0LFA9,STORMLANDS-1
L9LOZL009,STORMLANDS-2
LLO0ZMLOFAL,NORTH
9ZMVL9LO,IRONISLADS
LO0LOFA0ZV4,REACH
L9LO80LO0LO,IRONISLADS
ZZ8L4LOFA9,RIVERLANDS-2
L9L9LO4FA0,IRONISLADS
9ZMVL9LO,IRONISLADS
V08L04LL,REACH
LV8Z9V8L,STORMLANDS-1
LLZLFAL09,HOARE
FA0FA900ZL,#N/D
L9ZLLO0V9,NORTH
LV0L000Z,IRONISLADS
LLO08840V,HOARE
LZ4VLL4L,DORNE-1
VVVFA0FAZ,HOARE
L94LO088L,NULL
V09ZLO9Z0,STORMLANDS-2
FA044088L,#N/D
L9040LO00,NULL
FA0LOL90V9,#N/D
LO0L4FAZ,NULL
Z0FA8LOFA08,RIVERLANDS-1
LZZZLO0,NULL
L9LOV49Z9,RIVERLANDS-2
L4LOZ4L0FA,STORMLANDS-1
FA0FAZ0VFA0,#N/D
9008L40L,#N/D
L00V4L9LO,IRONISLADS
ZZ04FA84L,NORTH
L4VV98VLO,DORNE-1
V0ZV9090,DORNE-1
L0ZFA0FA8Z,IRONISLADS
VV0LV0LO,HOARE
LZ0008L0,NORTH
L9V4LZLO0,STARKS
L9LV0Z4Z,NORTH
FA0LLOFAV9Z,#N/D
L0VFAVV4Z,STORMLANDS-1
LFA00LLZV,HOARE
80L0FA404,STORMLANDS-1
LLFALLO00V,IRONISLADS
FA0FAL4LO4L,#N/D
VLO00840,HOARE
LVLO08888,DORNE-3
Z000LOZL9,RIVERLANDS-1
L8FA84ZLOFA,STORMLANDS-2
LV809LFAL,IRONISLADS
LFALV0Z00,DORNE-3
ZVZ9LO8VLO,NULL
Z0V09LOFA4,DORNE-3
FA0LFA80LOL,#N/D
FA048008V,#N/D
L0LO0FALOVL,CROWNLANDS
FA0FA0LOV8L,#N/D
LL40ZLFA0,#N/D
8Z0LFA8Z,IRONISLADS
LLFAZ9L90,NULL
L8LOZV40V,RIVERLANDS-2
900FALOL0LO,#N/D
FA00Z00Z0,#N/D
L40LZML8,RIVERLANDS-1
V0LOFAL8,NORTH
VLOL0488,HOARE
LZVV4408,NORTH
LV80FAL8V,CROWNLANDS
FA0LO9LO,HOARE
L9L9840V,DORNE-3
84FA4ZZ8,IRONISLADS
90L0044Z,#N/D
L008LLVLO,RIVERLANDS-1
L8LO000,NORTH
L9LO08V0Z,STORMLANDS-1
L4LOFAZ4Z4,DORNE-1
8V9FAL08,DORNE-1
LVZFAL484,NULL
L00Z080V,NORTH
800ZFAZVV,NULL
L88FALL9,HOARE
80LFA0VVL,STARKS
LZ0LO00V0,HOARE
V0LV4FA94,RIVERLANDS-2
L88ZFA94Z,NORTH
V0V8VFA0Z,DORNE-1
L09V0000,NORTH
LZLVLOLLOZ,#N/D
V00LZLVFA,RIVERLANDS-2
LFALO0LO0FA4,HOARE
V09FA4FA4FA,#N/D
LO04LOZLO09,CROWNLANDS
Z00L9ZFA4,STORMLANDS-2
V098L4ZZ,STORMLANDS-2
L8ZLO00V9,#N/D
FA0LOL9LO9FA,#N/D
L80LOZ0LV,HOARE
L904V80L,#N/D
L9Z8984LO,STORMLANDS-1
LVZ0FA000,DORNE-1
L90LOFALVV,HOARE
ZZ000Z0V,STORMLANDS-2
L9Z90VFALO,IRONISLADS
98FA0Z40,DORNE-1
LL48L0L4,STORMLANDS-1
L09V489FA,DORNE-1
FA0L89FA,#N/D
8LOFA8LO88,HOARE
Z00448FA0,RIVERLANDS-2
L4908Z44,STORMLANDS-1
L9ZZ0Z09,STORMLANDS-1
L89VLOZ48,NORTH
L90FA04LOV,REACH
LZFA9LL80,DORNE-1
9809VLO4,NORTH
LO0FAZLZ,NULL
LLOFAFA0V,IRONISLADS
L80FA0V9LO,#N/D
8LO4LOFA44,IRONISLADS
ZZVZ0VZ9,STORMLANDS-2
LV804Z90,#N/D
V0VVLO88Z,STORMLANDS-2
L0FA0ZL4LO,RIVERLANDS-2
L840FA0LO9,RIVERLANDS-2
FA0FAVLOZFAL,#N/D
L90FA9VVV,CROWNLANDS
V0090LO0L,DORNE- 2
L9FALLOFALO0,STORMLANDS-2
LZZLOVZZFA,HOARE
L80Z9480,NULL
FA0040LO00,RIVERLANDS-1
LO04LOFA8,CROWNLANDS
LFA9VL98LO,STORMLANDS-1
LLO8FA9ZV4,IRONISLADS
LO04LOV89V,CROWNLANDS
LO0400VVLO,NULL
ZVLO0ZL04,HOARE
L4849L40,NORTH
LZ048LO9V,STORMLANDS-2
V008ZFALOFA,DORNE-1
Z00LO9090,RIVERLANDS-1
L408LO0ZV,DORNE-3
LZZ00VZLO,STARKS
L9LLOFA8LO9,STORMLANDS-1
800FAZ088,STORMLANDS-1
LLOZZM8Z0,DORNE-3
L94904L8,NORTH
V00FAFALOZ,HOARE
L88FALL9,HOARE
LVZLOVFALZ,#N/D
LFAV9Z4V4,NORTH
L9ZV04V0,REACH
LFAFA49FA94,#N/D
L8L89FA08,NORTH
L4VV98VLO,DORNE-1
L4LVZVLOZ,DORNE-3
L48FAVLO94,IRONISLADS
L0LL00LO0,HOARE
V000LLO0L,NORTH
LFAFA4LOV0FA,HOARE
FA0L40ZVZ,#N/D
LZLVLOL44,STORMLANDS-1
FA04Z4VLOFA,#N/D
8ZFAV400,IRONISLADS
V08Z0Z8Z,REACH
L4V0LOLFAL,HOARE
FA00Z0089,NORTH
L89ZZMZV,NULL
L8ZV00VFA,HOARE
800V08ZM,STORMLANDS-1
FA0808LO98,#N/D
LO0ZVFA408,RIVERLANDS-2
8FAL004FA,HOARE
L00LLO0VL,DORNE-1
L4ZLOL0,HOARE
LFA09LFA9FA,HOARE
L90LOLLO8V,AEGON
90LFA0VFA0,#N/D
Z0LOFAVVFA8,DORNE-3
L8898VLO9,STORMLANDS-1
L00004LFA,IRONISLADS
80ZFA0LOL,HOARE
L8LLOZ80FA,DORNE-1
894LOLL9,HOARE
Z0L0L400,RIVERLANDS-2
L0Z0FAVFALO,#N/D
LVV089LFA,#N/D
L4LO9V0,STARKS
VLO9Z9LV,IRONISLADS
L0080ZVZ,RIVERLANDS-1
V040ZV09,STORMLANDS-2
V0LFA9Z00,DORNE-1
9LO09440,DORNE-1
LVLLL008,STORMLANDS-1
L4LOFALO8L0,HOARE
800LO980V,STORMLANDS-1
L9LO080ZFA,DORNE-3
8098FAZZ,DORNE-1
ZMZ8FAFA,IRONISLADS
ZZ0FAVVVFA,STORMLANDS-2
FA000V49V,NORTH
LZ0ZZ094,IRONISLADS
LZFA8089LO,DORNE-1
LZZL0490,DORNE-1
LO0LOFAZZV8,#N/D
LV00009Z,STORMLANDS-2
L44L94VV,NORTH
L9400848,DORNE-1
V49FA90Z,DORNE-1
LV0844Z0,STARKS
LO04Z0LFA4,CROWNLANDS
V09FA0V94,REACH
LZLVL0LOZ,DORNE-1
ZZLLOLLOZ0,IRONISLADS
LLOFALOZVZM,NULL
Z0LO00FAZLO,RIVERLANDS-1
LO0LFAZMLOZ,NULL
LO0ZFA09LO8,DORNE- 2
L8ZM8LL0,#N/D
LZ08V0L0,NULL
L8L0VL0LO,DORNE-1
L8LFA4ZVFA,HOARE
L888LVZL,#N/D
L890LO94LO,HOARE
L8944VZLO,DORNE-1
ZZFAV0LFAFA,NORTH
ZZ400FA9L,NORTH
FA0VV8LZ0,#N/D
V008VLVFA,#N/D
L0LOL40L0,RIVERLANDS-1
L484FA,HOARE
Z009ZZVL,RIVERLANDS-1
LLO80LO89Z,HOARE
LLOZ9L00V,RIVERLANDS-1
9L08000,IRONISLADS
L9898LO88,DORNE-1
FA00L9FA09,HOARE
L4LLOFA090,STORMLANDS-1
FA000980V,CROWNLANDS
L88VLOZ0L,#N/D
LFALLO0LZLO,HOARE
V9ZZZZV,#N/D
FA0FA98LO08,#N/D
LZFA9LOL08,CROWNLANDS
LFA4LO0VLLO,DORNE-1
FA0LZ4FA0V,#N/D
LZLVLOLLOZ,#N/D
VLOFAVL,HOARE
LFA9FA040V,RIVERLANDS-1
LVFA0FAZ9FA,DORNE-3
V0084V9L,NULL
L8ZZ0FALLO,STARKS
FA0FAV8LOFA4,#N/D
LFAZ08904,HOARE
8000904LO,STORMLANDS-1
89V88FAFA,IRONISLADS
L8480LO4L,HOARE
8FA008V8,DORNE-1
LFAL9080L,DORNE-3
ZZVVLLFAZ,NORTH
VL8Z80L,IRONISLADS
L9FA90Z90,DORNE- 2
9V08LFAFA,HOARE
L80944,RIVERLANDS-2
LL8L4L84,RIVERLANDS-1
LO0Z8LO0LOL,DORNE- 2
Z0FAL88L0,RIVERLANDS-2
Z0ZMLOFA9L,RIVERLANDS-2
90L08ZZ,IRONISLADS
L9FAFA0Z0L,CROWNLANDS
LFAZ44988,STORMLANDS-1
ZZ4FA98Z9,NORTH
Z00LO9090,RIVERLANDS-1
V049ZVFA8,REACH
V000LOVLL,NORTH
8FA008V8,DORNE-1
LV00FA8LL,CROWNLANDS
LV90Z000,NORTH
LVLO0ZLOZ4,DORNE-1
Z0LVL40L,RIVERLANDS-1
9000V9ZM,#N/D
LLO44040FA,REACH
LLO0400V0,STORMLANDS-1
V0VZFALO98,STORMLANDS-2
LLOFA9L0ZV,DORNE-3
L009004V,DORNE-1
L949V488,#N/D
LVZV090LO,RIVERLANDS-2
Z00V9ZFALO,RIVERLANDS-2
ZZ0FA4Z0V,NULL
FA0LLFA000,#N/D
LO009404FA,CROWNLANDS
L840LO40FA,IRONISLADS
L04ZMFA00,STORMLANDS-1
L9VV88FAL,STORMLANDS-1
L8VZL0L9,RIVERLANDS-1
V00LZZ89,CROWNLANDS
LFAZ08904,HOARE
L0044FAZ9,#N/D
ZZLZ0V80,IRONISLADS
8000LFA09,STORMLANDS-1
V0VLO0904,STORMLANDS-2
LV9FAVZV9,REACH
FA0L40ZVZ,#N/D
L0094LFAZ,IRONISLADS
LV88488L,CROWNLANDS
LZ9FAVFA,NORTH
V00L9Z4FA,RIVERLANDS-2
FA004V8,#N/D
900LOVZVL,#N/D
L0L490LO0,RIVERLANDS-2
900VZ890,#N/D
LLFALO00,REACH
ZVZMLO400,NULL
8004LFA9,IRONISLADS
FA0LOV00VL,#N/D
L8V90ZFALO,STORMLANDS-1
LL0089LV,DORNE-3
8LVFAFA0L,IRONISLADS
L8LO908LO0,DORNE-3
L940LOFAVV,DORNE-3
L8LO4L0VL,HOARE
L0L9FAFA8V,HOARE
L84LZL8L,DORNE-1
L4LOLL0,IRONISLADS
LFALFA9098,HOARE
L80ZLO0FAFA,#N/D
V0ZLFAZ,REACH
LLO8Z0L0LO,IRONISLADS
LV4800ZM,REACH
V008VLVFA,#N/D
LVZZ8Z,NORTH
L9LOFA9848,#N/D
8L4FALOFA0,HOARE
V09888LOV,NORTH
LO0ZFA8ZFAFA,AEGON
LZ9VZM8L,STORMLANDS-2
V000LOVLL,NORTH
V08Z0088,REACH
Z88988,IRONISLADS
VVFAFAZLL,HOARE
LO09L448LO,CROWNLANDS
Z00ZM00FA,STORMLANDS-2
L9ZZ8FAZL,STORMLANDS-1
VVLLO4LO,IRONISLADS
L40Z88L9,DORNE-3
L8804940,IRONISLADS
L9V88489,RIVERLANDS-2
LVFALO048V,STORMLANDS-1
FA00L008LO,NORTH
L0FA0L0V8,RIVERLANDS-1
L800ZLO,HOARE
L890LLO0Z,IRONISLADS
LO0Z9VFA4Z,CROWNLANDS
LL0FALO0ZLO,DORNE-1
FA0004ZZ4,DORNE-3
FA0L89FA,#N/D
LLLOLFAFALO0,STORMLANDS-2
L9L0LZ98,STORMLANDS-1
LZZLOZ8VZ,STORMLANDS-1
LVZV40ZM,CROWNLANDS
L0ZZ00LO8,RIVERLANDS-1
V000FA4,CROWNLANDS
L8LO980FAV,DORNE-1
LZ8LZ9Z0,NORTH
LFALO8V09FA,IRONISLADS
L9LO8ZLO80,RIVERLANDS-2
Z0Z9490L,DORNE-3
V9LVFA0Z,HOARE
L000FA00Z,STORMLANDS-1
L809V00Z,DORNE-3
Z080ZZFA8,RIVERLANDS-2
ZZLOFA90LLO,STORMLANDS-2
LFA80440Z,CROWNLANDS
L880LFA08,STORMLANDS-2
L89V0VLLO,STARKS
L0FA0LFAZLO,DORNE-3
LLO0V94FAFA,HOARE
8LZ44,HOARE
LFA0904VLO,STORMLANDS-1
L0LV9V9L,DORNE-1
FA0FA944,#N/D
L4ZM440L,IRONISLADS
FA0VV,DORNE-1
LV490L48,NULL
LFALOV4V,STARKS
LZ80FAV04,HOARE
80040L00,STORMLANDS-1
V8Z0FAZ0,DORNE-1
L90988VV,STORMLANDS-2
LV0Z4FAFA4,RIVERLANDS-1
849V98Z,IRONISLADS
L0ZLOLFALO0,RIVERLANDS-2
LLVLOV0Z0,STORMLANDS-2
V08V494,HOARE
L8FAZ8LVZ,HOARE
LO00Z4804,CROWNLANDS
L90V889Z,#N/D
L8Z04Z04,STORMLANDS-1
44FA048FA,DORNE-1
LLO9ZV94FA,NULL
LZLO0Z80L,REACH
V0040LO08,RIVERLANDS-2
ZLOFA9VFAZ0,IRONISLADS
L8LZ48FAFA,STORMLANDS-1
L94LZ4Z4,STORMLANDS-2
LLOV8LV00,DORNE-1
LFALFAL8FA4,#N/D
FA0VZFA0Z0,#N/D
FA0Z0VL40,#N/D
L9400Z0FA,STORMLANDS-1
LFALOFAZM84,NORTH
LV4ZMFA00,HOARE
LZLVFALO90,REACH
L9LOV0ZL4,STORMLANDS-1
L00L490Z,RIVERLANDS-1
LO0ZFAL00FA,DORNE- 2
L8LL9L0FA,HOARE
L4ZVL944,NULL
FA0Z0VLO90,#N/D
9009LO9,#N/D
VZLO90ZZ,HOARE
L9LO40ZM0,STARKS
LLLV4LL0,STARKS
LZZFA080FA,STORMLANDS-1
Z0VZZ089,DORNE-3
VZFAVZMV,HOARE
L9LOFA48L0,NORTH
FALOV9LZL,IRONISLADS
L0VV8LO40,HOARE
LZ80FAV04,HOARE
LLO84LO0LZ,RIVERLANDS-2
LO4V4LFA4,#N/D
L448LO0L0,RIVERLANDS-1
VLOV0090,HOARE
L8Z4V800,STORMLANDS-1
FA00FA09LO4,STORMLANDS-2
LLZ904,STORMLANDS-1
FA0FALO0V04,#N/D
LLO44040FA,REACH
L9ZMZ8V0,#N/D
LVFA9LZ80,CROWNLANDS
L9404LO8FA,STORMLANDS-1
Z004ZFAZZ,STORMLANDS-2
LLZLO4909,IRONISLADS
FA00L044Z,STORMLANDS-1
LFAZLL0FAFA,NORTH
L9FAZL0ZL,DORNE-1
LZZ0LFAV0,STORMLANDS-1
Z0Z4LLLV,DORNE-3
LO0LO0ZLOLLO,CROWNLANDS
L8ZLO00V9,#N/D
Z04FALO0LO9,RIVERLANDS-1
9FAFAFALO0V,DORNE-1
L0FALOL8ZFA,STORMLANDS-1
L0LO9ZLO0Z,STORMLANDS-1
L8FAZZLO00,DORNE-1
LLO0Z80L0,STORMLANDS-1
L0ZLO9ZZ4,HOARE
V900FAL4,IRONISLADS
FA048984L,#N/D
LO040V0FA0,CROWNLANDS
LLO9FAL4LLO,STORMLANDS-2
L9FAV0ZFA4,DORNE-1
800LOLLOLL,NULL
LV0LZ0FAFA,STORMLANDS-1
V088FA9Z,IRONISLADS
Z04LO09FAL,DORNE-3
V00LFA00FA,RIVERLANDS-2
LLOZ9L00V,RIVERLANDS-1
LLO49V44LO,STARKS
V08Z0Z0L,REACH
LLLO984LOV,STORMLANDS-1
8LFA9,DORNE-3
L80L0890,NULL
L8LFA9V0V,RIVERLANDS-2
V49FA0,DORNE-3
L9VFAZ8FAZ,STORMLANDS-1
800V4LL0,STORMLANDS-1
900ZZMLLO,#N/D
L908FA0LOV,NORTH
L00FA9048,HOARE
LZ9000VV,HOARE
L8LOFAZM44,CROWNLANDS
ZZ0VFA94V,NORTH
LZM8LO984,CROWNLANDS
L8LO89490,STORMLANDS-1
800Z0LO00,STORMLANDS-1
V0FA8VVV8,STORMLANDS-2
LFALZ8L0V,RIVERLANDS-2
LL904LOZ8,STORMLANDS-1
Z04ZV84V,DORNE-3
LO0ZFALOVLOL,AEGON
LLO8L4ZZ0,DORNE-1
L9Z8900Z,HOARE
LFA88V88LO,HOARE
ZZ0V4090,NORTH
V000L049,#N/D
VLFALOLL4,HOARE
LV4LO4FA44,STORMLANDS-1
LVLL0ZFA9,IRONISLADS
LFAVVL490,DORNE-1
LLVZ4LO00,NORTH
L0LO0LOL0LO,STORMLANDS-1
ZZ0FA4Z0V,NULL
V0LV0LV0,DORNE- 2
FA0L88LO,#N/D
LVZ0LLOV0,NULL
LLOFALOVL,IRONISLADS
LO0LLO8909,NULL
L9Z90VFALO,IRONISLADS
FA00Z9049,NULL
LVLV0Z08,STORMLANDS-2
ZZ0LLO8L0,DORNE- 2
LLOVV90LV,STORMLANDS-1
V0FA449FA,HOARE
900LLO4ZM,#N/D
L0FALVZ4Z,RIVERLANDS-1
LFA0V8FA09,DORNE-1
L094LL09,STORMLANDS-1
L9VFAFALO89,RIVERLANDS-2
LVVLOZVLOZ,CROWNLANDS
L0880L4Z,STORMLANDS-1
VFA484Z9,HOARE
FA00L4Z4Z,DORNE-1
LLFA404,#N/D
LFALL90VV,RIVERLANDS-1
L90FAFAZ0LO,REACH
ZZLO8FA8FA4,DORNE-1
LO0ZLOV90Z,RIVERLANDS-2
LL9ZZL8L,RIVERLANDS-2
LLO9ZV4,STORMLANDS-2
L949Z4,RIVERLANDS-2
840Z94L,IRONISLADS
LV840Z49,STORMLANDS-1
L049VL0FA,#N/D
LLO9VL00FA,CROWNLANDS
LZLVFAVVL,RIVERLANDS-1
FA009VLL4,#N/D
80LFA00FA8,STARKS
LVFAFALO040,IRONISLADS
Z0FAL0L8V,RIVERLANDS-1
Z0Z4V4,STORMLANDS-2
LFAFA90080,IRONISLADS
LO00FALLO8L,CROWNLANDS
V08ZLOZFA0,REACH
V8L8FA90,HOARE
LZ08Z04L,STORMLANDS-2
L88L00LFA,HOARE
LZMLOVFAZ8,STORMLANDS-2
L0V4FAVVL,IRONISLADS
ZZLLLOL8LO,CROWNLANDS
LV0FAVFAZFA,DORNE-3
LLOZ0FALO0LO,RIVERLANDS-1
9404VV8,IRONISLADS
L9LO80LO0LO,IRONISLADS
800FAL0FA4,STORMLANDS-1
LZMVLO0Z0,NULL
800ZZLOFAFA,STORMLANDS-1
V08LFA089,REACH
V0Z4Z0L4,REACH
Z0ZFA8V9LO,DORNE-3
LV94FAZLV,CROWNLANDS
LZZ09404,HOARE
L8VL00V0,STORMLANDS-2
900LLO4ZM,#N/D
LL080FA98,NULL
L0FA0ZVLOV,STORMLANDS-1
LV8LO0ZZM,DORNE-1
FA0LO0LOL8V,#N/D
8Z90909,DORNE-1
ZZL0L8,NORTH
L40V9LVZ,IRONISLADS
L44LOFA8LO9,HOARE
ZZ004L9V,STORMLANDS-2
FA0FA0LZ,#N/D
L00Z84,STORMLANDS-1
L80LO0ZM4,DORNE-1
L9FAFA4040,DORNE-3
ZZL8V89FA,DORNE- 2
LZVZ0948,NULL
LV40L000,REACH
8FA008V8,DORNE-1
90988L0,IRONISLADS
V04FALO0FAV,STORMLANDS-2
FA0L9Z844,#N/D
800V0LLOFA,NULL
V09VL4FA0,STORMLANDS-2
LZLLO008L,IRONISLADS
L8480LO4L,HOARE
L80LOZ0,IRONISLADS
LLOVL98Z8,DORNE-3
90LFA0VFA0,#N/D
L84Z9Z9V,#N/D
LLFA8VFA89,IRONISLADS
8Z4Z9L,IRONISLADS
L90988VV,STORMLANDS-2
LLOL0VVLLO,REACH
V080900V,REACH
90L04ZZ0,#N/D
Z0FA9Z000,RIVERLANDS-1
FA004LO0LOZ,RIVERLANDS-1
L0ZL9LZLO,IRONISLADS
LLOLZVFAFAFA,RIVERLANDS-2
LZZLO0ZM4,HOARE
L90LO9048,DORNE-1
L880Z9FA9,DORNE-3
LV900FAZ0,#N/D
LFA00VFALO8,DORNE-1
L8080080,HOARE
LO0Z04Z9FA,AEGON
L8L9VLVZ,NULL
LOVFAFA04,HOARE
LVLVFA80Z,DORNE-1
LFALZ988V,RIVERLANDS-1
LO0ZLVLLV,DORNE- 2
LVLVZFALO9,STORMLANDS-1
LO0ZLO40ZFA,RIVERLANDS-2
L8FA89Z48,RIVERLANDS-2
Z0LOL0LFA8,RIVERLANDS-1
L80VZVLO9,HOARE
L0080VZ8,RIVERLANDS-2
L04FAL0LL,STORMLANDS-1
L8890449,CROWNLANDS
L90Z4404,NORTH
L8098040,STARKS
V0LZLO0V4,RIVERLANDS-2
LZVVFA9ZZ,REACH
L8Z8ZLO,NORTH
LV090944,HOARE
L49LZ80L,#N/D
80L9404L,STARKS
VZ0ZM8Z,DORNE-1
LLOVZVLOLLO,STORMLANDS-1
LFA40LOFAFALO,IRONISLADS
V0ZVFA8VFA,HOARE
L484FA,HOARE
L98VV0V0,NULL
V00LL9Z8,NORTH
FA000980V,CROWNLANDS
FAFA94VLO4,IRONISLADS
FA0FAV9ZZLO,#N/D
LV9LZLFAL,STARKS
LO00FAVLVV,CROWNLANDS
L88FALO0ZL,HOARE
904004LO,IRONISLADS
LVLVFA80Z,DORNE-1
ZZVFA09ZL,NORTH
L0VFA4900,STORMLANDS-1
900LOL9V,HOARE
LO0LOZLZLOV,AEGON
ZZL4VZM0,STORMLANDS-2
L94Z088L,STARKS
848LLOLZ,HOARE
9VFA80ZV,DORNE-3
L8L09Z00,#N/D
L90V9Z9V,CROWNLANDS
L4FA88Z4Z,REACH
FA0V0FAZ8V,#N/D
L0400909,HOARE
V08890,CROWNLANDS
L4L0908Z,NULL
LLOVFAFA08FA,DORNE-1
V0LO80088,HOARE
LLO0LFALO0FA,DORNE-1
LFAV08L,RIVERLANDS-2
L9VFAZ4V8,DORNE-1
LV4LO4FA44,STORMLANDS-1
Z0L09V09,STORMLANDS-2
V008LO0LO9,RIVERLANDS-2
LVZ9FA8LO0,IRONISLADS
V8Z0FAZ0,DORNE-1
FA0ZLOFAFA94,#N/D
LLZLO8LO4L,HOARE
LLVFA8LOZ4,RIVERLANDS-2
LO04L89V4,CROWNLANDS
L84FALLOFAFA,HOARE
80FAL000,HOARE
L8LL4LOLZ,DORNE-1
L80400LL,DORNE-1
VLO40ZL8,IRONISLADS
ZZVLO49LO0,NORTH
L8LL4LOLZ,DORNE-1
LLO0LO0Z89,STORMLANDS-1
L848404Z,CROWNLANDS
L0L908V0,RIVERLANDS-1
L90LV0Z0,STORMLANDS-2
L4ZFALOV4LO,STORMLANDS-1
L09FA804FA,HOARE
900V09VL,#N/D
L9FAVFA4LO8,IRONISLADS
LLVVFAZM8,DORNE-1
L944LO84V,IRONISLADS
LZ089ZV0,DORNE-1
Z008VFA0L,DORNE-3
V0Z4L08FA,REACH
LZLO04FA90,IRONISLADS
LLOZFAZL9L,DORNE-1
L09LOVLO4V,IRONISLADS
LLO00FA9V4,#N/D
LO0FA4FAL8V,NULL
VLO090Z0,DORNE-1
L0Z00LO0LO,RIVERLANDS-1
LL04V0LOZ,STARKS
LFA9Z8898,IRONISLADS
VL089FA4,IRONISLADS
LL0V098LO,NORTH
FA04FA488FA,#N/D
L988LOZ9LO,STORMLANDS-1
LLO0LOV400,HOARE
LZZLOV8ZM,HOARE
LZ8L8800,DORNE-1
L88LO0FA0FA,IRONISLADS
FA0FA9LO9LO0,#N/D
L8LOFAVLOV9,IRONISLADS
L00FAZ90Z,STORMLANDS-2
L0LO08LOLZ,IRONISLADS
L4LOZ88LFA,DORNE-3
LVLVLFA9FA,DORNE-1
LFA9FAL09V,STORMLANDS-1
900890LOFA,#N/D
LL0000LFA,DORNE-3
404Z00FA,HOARE
Z080ZZ0LO,#N/D
VFA08LVV,IRONISLADS
LV00Z80L,DORNE-1
V00LOVFAFA4,STARKS
L49LO0Z90,NORTH
L90400LOFA,DORNE-3
FA0L0ZLLO8,#N/D
L9L8Z8VL,STORMLANDS-1
FA0FALOV904,#N/D
LZ0VFAV0L,#N/D
L8LZ48FAFA,STORMLANDS-1
FA0L9Z9FAZ,#N/D
LVZ00ZLOV,REACH
LZLOZ894FA,#N/D
LFA08V880,STORMLANDS-1
LO0Z4Z800,#N/D
L0FA9ZVZ8,RIVERLANDS-2
L988LOL0LO,STORMLANDS-1
90LO0FALOZ,DORNE-1
LO0ZMFA49LO,REACH
LZLO0FAL4L,STORMLANDS-2
LLZMLO0V9,STORMLANDS-1
L4FA0FAZFA4,STORMLANDS-2
Z0VZM04L,DORNE-3
FA0V0ZL0FA,#N/D
FA004FAVFALO,STARKS
LLLOZZVZ8,#N/D
L4LVLOLVLO,DORNE-1
LZLO0ZM98,DORNE-1
Z0V98LZLO,RIVERLANDS-2
80084000,STORMLANDS-1
Z09Z0L8V,DORNE-3
L4ZLOVLOLFA,RIVERLANDS-2
90LZ04V0,#N/D
LFA900904,STORMLANDS-1
L9LO00LOZ,DORNE-1
L004FAFA9LO,STORMLANDS-1
LZFAZ90LZ,DORNE-1
L4ZZ0Z4L,STORMLANDS-2
80LOLL8L,IRONISLADS
L9Z4FAZL9,DORNE-1
V0ZZZFA,NORTH
LVLOV9LO9V,HOARE
FA04008L8,#N/D
800ZVLFAL,STORMLANDS-1
VFA90ZMFA,HOARE
V00Z0484,RIVERLANDS-2
ZZ448LO44,HOARE
LFAFA4ZV49,STORMLANDS-2
ZZ00ZZ8L,DORNE- 2
L8LOFA44Z9,DORNE-1
V,DORNE-1
LLO0FA888V,HOARE
L9LO04V84,RIVERLANDS-1
LV0048Z0,REACH
LZ844080,STORMLANDS-1
LFALO0LO0FA4,HOARE
LO0Z9FAFAFA8,DORNE- 2
L04Z09L8,IRONISLADS
FA009V0L9,#N/D
LVFA8L04FA,RIVERLANDS-2
V09ZL090,STORMLANDS-2
9004800Z,#N/D
V0FAL98Z,IRONISLADS
L4L900LOFA,STORMLANDS-1
LZ44L0FALO,STORMLANDS-1
LV8LO4808,IRONISLADS
LVZM4980,#N/D
LV9FAVLOVLO,AEGON
L40Z88L9,DORNE-3
L49FA0V0L,STORMLANDS-1
LLOZ4ZMLO9,DORNE-1
LV00VZLOFA,#N/D
LV40494FA,DORNE-1
L9094888,IRONISLADS
8080FAZ4,DORNE-1
809FAL8,IRONISLADS
L9L04VLO4,#N/D
LO0900V9LO,CROWNLANDS
L9VVV4FA8,#N/D
Z0FALOZLV0,RIVERLANDS-1
L4VLVZ0Z,IRONISLADS
L00VL880,HOARE
L809484Z,STORMLANDS-1
Z00V0440,RIVERLANDS-2
LV9FAVLOVLO,AEGON
L0ZM9L4FA,DORNE-1
ZZ000FA8LO,RIVERLANDS-2
V00LFA00FA,RIVERLANDS-2
L9LO44044,HOARE
LVZ4LOZZL,IRONISLADS
848LLOLZ,HOARE
9L08LO8FA,IRONISLADS
L8L9VLVZ,NULL
Z0LO0VFAZ9,RIVERLANDS-2
L0ZV9V0LO,NORTH
Z0VZ80Z9,DORNE-3
L98FAFA9Z8,HOARE
Z000FA888,DORNE-3
V00FAZLO0V,DORNE- 2
L09Z4LLO9,CROWNLANDS
L8LOZLL0FA,NULL
LZ9ZZ0L0,HOARE
LFAVL4Z80,HOARE
L4V88044,NORTH
L0490LOL8,#N/D
9L08000,IRONISLADS
FA0ZMLO9L8,#N/D
FA0LO4LOFAV,DORNE-1
LLOFA008FAL,STORMLANDS-2
LVFA98LO40,REACH
L9LOFAVL04,STARKS
LLZLO0V48,RIVERLANDS-1
LV8FA4400,NULL
LZZMZZ84,IRONISLADS
80084000,STORMLANDS-1
ZZ4VLLO,IRONISLADS
LZ4Z0ZZLO,STARKS
LFA900904,STORMLANDS-1
FA0ZZ90ZFA,#N/D
8000L0VLO,STORMLANDS-1
LFALO0VZ94,DORNE-1
LV98VLO80,HOARE
LV084FAZ9,#N/D
ZZL98400,HOARE
LVFAVLOZ,CROWNLANDS
FA0Z44FA84,#N/D
FA009ZLOZZ,#N/D
L90400LOFA,DORNE-3
FA0Z00Z98,#N/D
900LZM4,DORNE-1
L9ZLFA0LO0,STORMLANDS-2
L94LVV94,DORNE-3
Z0888L4L,DORNE-3
FA0Z08ZLOFA,#N/D
L8L48ZV0,STARKS
LV400L,DORNE-3
ZZ48LO48LO,NORTH
FA0LZ9898,#N/D
LZV9LO900,HOARE
LZFAVZZZL,STORMLANDS-1
LV00VZLOFA,#N/D
FA00L4Z4Z,DORNE-1
FA00VLOZZM,STORMLANDS-2
V0VZFALO98,STORMLANDS-2
L88Z80,DORNE-1
LO0ZVLOL0Z,RIVERLANDS-2
9ZL480FA,DORNE-3
FA0LOLV8Z0,#N/D
FA008LO08V,NORTH
L9LO0FA884,#N/D
V009Z8VL,DORNE- 2
FA0LVFAVLOFA,#N/D
Z009ZZVL,RIVERLANDS-1
L9VLVV00,DORNE-1
V8908VFA,IRONISLADS
L80FA49V8,DORNE-3
Z00FA84VFA,RIVERLANDS-1
FA0080Z8V,DORNE-3
L00FALLOZV,STORMLANDS-1
ZVLOV9LLZ,RIVERLANDS-2
LZ8Z880FA,DORNE-1
LV8FA4400,NULL
ZZ4FA4ZLOFA,DORNE- 2
FA0ZZFA0ZFA,#N/D
L9LO988FA0,DORNE-1
LLO4FA844L,IRONISLADS
LLOZZV8Z4,IRONISLADS
V090LOFA00,REACH
V0Z9LLO8LO,DORNE-1
LVLFA4L0Z,RIVERLANDS-1
L8090094,STORMLANDS-1
LZFAV48LO9,DORNE-3
FA0LOZ90Z8,#N/D
FA0048LO,#N/D
Z04FALO0LO9,RIVERLANDS-1
804VVLO0,IRONISLADS
ZZ040408,#N/D
FA048ZM80,#N/D
L4LOZ0Z8Z,STORMLANDS-1
L80Z0004,RIVERLANDS-1
L90VZ00FA,CROWNLANDS
LZZMV9FA0,CROWNLANDS
V0V0ZV9FA,STORMLANDS-2
LVZV090LO,RIVERLANDS-2
L94LL0LO0,DORNE-1
L44488V8,DORNE-1
V08ZZ848,REACH
Z0ZV0L0LO,DORNE-3
L00L490Z,RIVERLANDS-1
ZLOFA44VV0,IRONISLADS
L48LO0LLO0,DORNE-1
LLO04LZ,STORMLANDS-1
L9V049LFA,CROWNLANDS
L0FALOV0LFA,IRONISLADS
LV9FALOFA0L,STORMLANDS-1
L89ZVLV8,DORNE-1
LL09Z94L,#N/D
L90FA088L,DORNE-1
LVLFA4L0Z,RIVERLANDS-1
L9ZFA0904,#N/D
L840VZ00,STORMLANDS-2
LO0Z9FAFALOFA,#N/D
FA0V000FALO,#N/D
LLLVLO0VFA,DORNE-3
L0LO4ZLOVV,STORMLANDS-1
900V04L,HOARE
9L40404,HOARE
LZLO04FAL0,HOARE
LLOZ40LO,HOARE
L84ZV9FA0,IRONISLADS
L9L984FAV,NORTH
L4LO08VFAZ,#N/D
ZZ09L8FAL,RIVERLANDS-2
L48V8Z8V,STORMLANDS-2
ZLO4LOV0ZM,RIVERLANDS-2
L8V4FALV0,#N/D
LFALO4Z880,IRONISLADS
L84Z909L,#N/D
L8L0FAZZ8,RIVERLANDS-1
LVZ488Z0,IRONISLADS
V8ZLVLOZ,IRONISLADS
L9LO08LOVFA,STORMLANDS-1
L4808ZZ8,IRONISLADS
L90040,STARKS
FA0ZFAVLV4,#N/D
L84FAZFAL4,DORNE-1
L84ZVL00,IRONISLADS
FA04000VLO,#N/D
LV0FALLOLL,HOARE
L0L0FAFA09,STORMLANDS-1
V004FAFA00,RIVERLANDS-2
LZ0LO0ZFAL,STORMLANDS-1
FA0FA904,#N/D
9LO8849FA,DORNE-3
L89FA8FALO4,CROWNLANDS
LFAV40VFAV,DORNE-1
L9LOZ00FA9,HOARE
ZZZ000VZ,IRONISLADS
LL0LO4V89,STORMLANDS-1
LO0LO48V4Z,#N/D
LFA0049VLO,HOARE
8000080LO,STARKS
LL0000VZ,DORNE-1
L8Z0900L,DORNE-1
804ZML0,IRONISLADS
LFA98090LO,DORNE-1
L8VLOFAFA0L,STARKS
L400ZFA00,RIVERLANDS-1
LZFAZ90LZ,DORNE-1
LVLFAZ40L,AEGON
LLLO984LOV,STORMLANDS-1
LZLOZLFA88,NULL
VLO0FA8L0,HOARE
LLO9LZLOZ0,#N/D
FA00ZLO00FA,NULL
LV9FA9000,NULL
Z000FA80V,DORNE-3
LVZM88VZ,DORNE-1
LO0L0L0LL,CROWNLANDS
LZ9V90LO0,#N/D
LVFAFAFALV8,RIVERLANDS-1
L8LL8440,RIVERLANDS-1
LLOL4VLL0,NULL
V0004880,RIVERLANDS-2
L90LO0Z4V,#N/D
9000444V,#N/D
ZZ0ZM94FA,STORMLANDS-2
L80LO0LLV,HOARE
LV80LZV4,RIVERLANDS-2
L8884ZL0,DORNE-1
V084LO00V,REACH
FA0ZZ84FAL,#N/D
L40FA8ZFA0,NULL
L88L0LO0LO,STORMLANDS-2
FA0FAZ8VZ9,#N/D
LO0FAZVV9Z,CROWNLANDS
Z0ZFAV0FAZ,DORNE-3
L8LZV8LLO,#N/D
800V0888,NULL
LZL840LLO,IRONISLADS
L9LO9Z9Z0,#N/D
FA0FA0400L,#N/D
ZZZMV8Z0,NORTH
L4LFALZMZ,REACH
FA004L494,#N/D
L8FALLOZVLO,DORNE-1
L0044FAV0,DORNE-3
FA00FA00FA0,RIVERLANDS-1
V0089V9L,RIVERLANDS-2
8Z0L8FAZ,IRONISLADS
L9LLOL98V,IRONISLADS
L80LOZ0,IRONISLADS
Z00FALO04FA,RIVERLANDS-2
L0ZZ00FAZ,IRONISLADS
LLO4LVVZM,DORNE-3
LFAFAZM0Z0,#N/D
Z00VV009,DORNE-3
Z0FA8L00V,RIVERLANDS-2
LLOLLFAZ88,HOARE
Z0L4VFA88,DORNE-3
L4000884,RIVERLANDS-1
L00LO4Z0LO,STORMLANDS-1
L8FALVZ84,NORTH
LLZ8049V,NORTH
FA00Z8LV0,CROWNLANDS
L0V84LLO4,DORNE-1
L94Z00FAV,RIVERLANDS-2
L00LOFAZ80,RIVERLANDS-2
LFAZLO98FAV,STORMLANDS-1
LVL9L0FA4,HOARE
LZMZ9FA8FA,REACH
LFA0049VLO,HOARE
ZZL08LLFA,RIVERLANDS-2
LO0ZFAFAZLV,DORNE- 2
LO0FALLOLV8,NULL
Z0Z0094V,RIVERLANDS-2
LLO9FA0LO9V,HOARE
V08FAVFALO8,REACH
L80LO4849,DORNE-1
LLO49V44LO,STARKS
L94LFAV09,DORNE-3
V0ZZ8LL0,DORNE-1
L800Z8LZ,HOARE
80LVZ084,NULL
LVLOZ8FALOFA,NORTH
LVVFAZML4,DORNE-1
L4FAZLL00,STORMLANDS-1
LLOLFA0008,REACH
LV0LO8V49,DORNE-1
L44FA4LLO8,STORMLANDS-2
LFAZZ0098,#N/D
FA0LOZLO08V,#N/D
L09ZLO0V8,NORTH
LO0Z00L4L,AEGON
LLOLZFA0LO0,RIVERLANDS-1
L0FALVLV4,DORNE-3
L90FA0ZM9,RIVERLANDS-1
FA0Z0L0Z0,#N/D
LZ0ZL49L,REACH
LVZLO0FA,IRONISLADS
ZZL4FA880,NORTH
9L4LFA40,HOARE
9004LO4ZFA,#N/D
900040LV,#N/D
L00V4L9LO,IRONISLADS
FA00L4LO4L,CROWNLANDS
LV90LFA0V,IRONISLADS
L88ZFAFA0V,DORNE-1
LFA40LZ89,HOARE
FA00V0LOL0,#N/D
L0V0ZZLOZ,IRONISLADS
LLLO44LO09,NORTH
L8Z4LZ,NULL
FA0LZM9LZ,#N/D
LO08LLLOFA0,CROWNLANDS
LO04LVFA89,DORNE- 2
LO0ZLOVV08,RIVERLANDS-2
V04VFAZZ,HOARE
L08Z8LVV,NORTH
L4FAFAZMLZ,NORTH
LVLO0Z490,DORNE-3
L84VL008,STORMLANDS-1
800V9ZV4,STORMLANDS-1
Z0L8LLOVZ,RIVERLANDS-1
L4LLLZ80,DORNE-1
ZZFA0ZL8FA,NORTH
FA4ZFA404,IRONISLADS
L9FAFAFA909,DORNE-1
L09LO0FALV,STORMLANDS-1
4090FA0FA,DORNE-1
Z04040V4,RIVERLANDS-1
9000008,HOARE
L989LO9FA9,STORMLANDS-1
V00LOFAL8Z,STARKS
LLOVV40,STORMLANDS-1
V0L0LO84L,RIVERLANDS-2
L8ZZFAFA9L,DORNE-1
V0VZ0LVZ,STORMLANDS-2
LFA4L0ZVFA,NORTH
L8LZFA00FA,CROWNLANDS
L449ZV4V,CROWNLANDS
LVFA8FALO00,DORNE-1
L949FAFA80,DORNE-1
L940LOLFAZ,HOARE
V984080,HOARE
V0V4LO80V,STORMLANDS-2
80048V00,STORMLANDS-1
L4Z0LO0FALO,NULL
L400LO00LO,#N/D
900FA980FA,#N/D
LV9V00LLO,DORNE-1
L0LZ00FA0,#N/D
LLO8FAFALO40,IRONISLADS
V008V00LO,#N/D
LFAVL00LOL,STORMLANDS-1
LO0ZMZL9FA,#N/D
FA048L4,#N/D
90094L8V,#N/D
LFA8LOFA0LOL,HOARE
L0LOLZFA49,IRONISLADS
L9ZLV084,DORNE- 2
L40FAZZ9L,DORNE-1
V00L8084,CROWNLANDS
80000FA0FA,STORMLANDS-1
FA04L44ZFA,#N/D
LLOVZFAV,RIVERLANDS-2
44FA048FA,DORNE-1
8L0LOFA00,HOARE
LVVLFAL0LO,STORMLANDS-2
L8L89VZ8,#N/D
L9FAFAV089,#N/D
LVLVFAL80,DORNE-1
80L4Z9LO0,STARKS
9FAFA408L,HOARE
LFA98090LO,DORNE-1
V00LZLOZ8,CROWNLANDS
LLO0FA00ZLO,DORNE-1
V4000ZM,HOARE
L9FAZLLLFA,RIVERLANDS-2
8ZL8Z9V,HOARE
LLLLOZFA0Z,RIVERLANDS-1
LLO04ZZFA8,REACH
ZZLOZFALOLFA,NORTH
80LOLL8L,IRONISLADS
ZZL4VZM0,STORMLANDS-2
LZMLOZ00L,CROWNLANDS
800FA4ZMLO,STORMLANDS-1
L8FA4FA040,IRONISLADS
L809L480,REACH
LLOV84989,DORNE-1
Z000LZ0FA,RIVERLANDS-2
LV009FAZ0,NULL
VL4ZFALL,DORNE-1
L4FALO8VZ9,HOARE
Z0FAZ09VL,DORNE-3
L88V8VLLO,STORMLANDS-1
LLFA404,#N/D
LO04Z44LO4,CROWNLANDS
80L0L0VLO,NULL
FA00VLOZZM,STORMLANDS-2
9009L0LO,HOARE
L8800VL4,HOARE
8000LVLZ,STORMLANDS-1
LZLOFA94,DORNE-3
9V8Z4,RIVERLANDS-1
LZLL88LOV,HOARE
FA0Z9Z04FA,#N/D
LL8Z4FAFA0,IRONISLADS
LLOFALOFA9FALO,NORTH
9000FALLLO,RIVERLANDS-1
ZZFALOL000,RIVERLANDS-2
90LLZFA4Z,#N/D
ZVZMFAVL0,RIVERLANDS-2
LFAL9ZZLV,STORMLANDS-1
L9VLO94ZLO,NULL
L9V8890Z,RIVERLANDS-2
L80LO0LLV,HOARE
L980LO0FA0,STORMLANDS-1
V00LZLOZ8,CROWNLANDS
ZVLOV9LLZ,RIVERLANDS-2
Z0FAZFAFA00,RIVERLANDS-2
ZZ48008Z,NORTH
L0FA9848FA,NORTH
L49LOZ8V0,CROWNLANDS
LO0Z088V0,AEGON
LVLOV9LO9V,HOARE
LO0Z00L4L,AEGON
V0FA9Z040,STORMLANDS-2
LV4840VZ,DORNE-3
LLO80LOL80,NULL
LFA4044VL,HOARE
LVLFAL000,NULL
LFAZLL0FAFA,NORTH
L800ZL9V,NORTH
V0V9VLZM,NORTH
8FA4FAV0Z,DORNE-1
9L0ZLO88,DORNE-1
LVFAZFAFALO8,RIVERLANDS-2
Z00L9ZFA4,STORMLANDS-2
4ZL88FAL,IRONISLADS
FA0FALOFAZLV,#N/D
L0LO0ZZ,STORMLANDS-1
LV00LZMLO,HOARE
89LLO0ZLO,HOARE
V0FA800,CROWNLANDS
LFA0LLZFAV,DORNE-1
LO0V90L8L,STARKS
LO0Z04FA0LO,CROWNLANDS
LLFA0449Z,NULL
LZ8LOVFA08,DORNE-3
ZZLOFA90LLO,STORMLANDS-2
900VZZLFA,#N/D
L400FAZZZ,RIVERLANDS-2
LLO8LO988V,HOARE
L9LL0408,STORMLANDS-2
FA0FA9LOVLFA,#N/D
L8LLO4L90,NORTH
LL48Z804,STORMLANDS-1
L0LOLLZML,HOARE
LZVVFA9FA8,NORTH
L8LLOZ80FA,DORNE-1
FA0ZVL4LV,#N/D
LO0ZLO08Z0,RIVERLANDS-2
800Z4L0LO,NULL
V904V8Z,HOARE
LV9FALOFA0L,STORMLANDS-1
L4L9LOZ0LO,STORMLANDS-1
Z08LOZVV9,RIVERLANDS-2
LVV048LLO,NORTH
L84880ZFA,DORNE-3
LLOZLZLO9V,#N/D
L90LO84FAL,RIVERLANDS-2
L98FA0V,STORMLANDS-1
L84LO904LO,NULL
LFALOL9FA40,DORNE-1
L8ZMV9,STORMLANDS-1
LO0LOV409Z,CROWNLANDS
LO0ZZV890,RIVERLANDS-2
LFA8FA0008,DORNE-1
LO00LOFAZ0V,CROWNLANDS
LLLO4LLLFA,RIVERLANDS-1
80FA4ZZ0,IRONISLADS
L0000FAZV,RIVERLANDS-1
V0000FA4FA,CROWNLANDS
9ZFA44LO9,HOARE
L8040444,STORMLANDS-2
900V4ZFA,IRONISLADS
LO0VLO04LO0,#N/D
V008Z009,NULL
Z0L4VFA88,DORNE-3
90FAV090,HOARE
L0VV8LO40,HOARE
L8ZZ0FAZ8,HOARE
909FALOVLO,HOARE
L80Z90LO8,DORNE-3
LO0ZM0804,#N/D
LL48L0L4,STORMLANDS-1
ZVLOL9ZMV,RIVERLANDS-2
L8940LOLL,RIVERLANDS-2
LLO484ZM9,STORMLANDS-1
LFA0400ZL,IRONISLADS
Z00VZ9LL,RIVERLANDS-2
L4L90049,CROWNLANDS
808,IRONISLADS
LVZFA4ZV0,NORTH
ZZFA0ZL8FA,NORTH
LV0FAVZFA9,NORTH
L9004098,#N/D
LZLVFALO90,REACH
FA0FA4V9Z4,#N/D
V0LZ9LFA9,RIVERLANDS-2
Z0ZFA8V0L,DORNE-3
8ZL00,IRONISLADS
LZFA0ZVZZ,IRONISLADS
LLZVL404,RIVERLANDS-2
LVFAVLO840,DORNE- 2
LLZVL404,RIVERLANDS-2
80LLO9,RIVERLANDS-2
LZ0FA08FA0,DORNE-1
L8LO048FAFA,IRONISLADS
Z0ZML9FAL,RIVERLANDS-2
LVZ4LOZZL,IRONISLADS
L0009LFAV,STORMLANDS-1
800090ZL,NULL
LV8VLOL00,NULL
FA00V9LL0,RIVERLANDS-1
L4ZVLOVLOV,RIVERLANDS-1
L9FAFAVVFA,DORNE-1
L0Z0FALO4L,HOARE
L8FALVZ84,NORTH
LZ0L0LLO4,STORMLANDS-1
L4ZZ940Z,STORMLANDS-1
L88Z80,DORNE-1
LO48Z409,IRONISLADS
V00V9ZLL,STARKS
FA4ZFA404,IRONISLADS
L8FAFA8V9LO,DORNE-1
LO0LOFA0ZML,AEGON
L0VZL0LO9,NORTH
ZZ00FA449,STORMLANDS-2
L0LFALFALV,RIVERLANDS-2
FA0VL9448,#N/D
LO0L8LLO04,NULL
FA00FA9894,NORTH
LLFAZMZFA8,RIVERLANDS-1
VZ0Z044,HOARE
LVFAZ8FA4L,NULL
LV8Z9LLO4,STORMLANDS-1
LVFAV0L0LO,HOARE
L90LOLLO,CROWNLANDS
L08ZMLFA0,#N/D
LZMLOVFAZ8,STORMLANDS-2
8LO9FA888,IRONISLADS
Z009L00Z,RIVERLANDS-2
8FAZ88FAZ,IRONISLADS
Z00FA84VFA,RIVERLANDS-1
FA9LO8VFAFA,DORNE-1
Z0FAL0L8V,RIVERLANDS-1
Z0LO0FAVFA8,DORNE-3
L809L480,REACH
LZ0L404FA,IRONISLADS
FA0L8V0Z8,#N/D
L9ZLZZL0,RIVERLANDS-2
900ZL080,#N/D
89Z0VVL,DORNE-1
Z09L908FA,STORMLANDS-2
LO0FA4FAL8V,NULL
8FA04LOVL,IRONISLADS
V0ZLOFA8LO4,HOARE
Z04Z0009,DORNE-3
L9VZVZZM,RIVERLANDS-2
LZV084LV,HOARE
L9V4FAFA0L,STORMLANDS-1
LO0LO4LOL08,AEGON
VFAFALOZ0LO,HOARE
L4ZLFALV9,HOARE
L0LZZ44L,NORTH
V0LFA8LOFAZ,RIVERLANDS-2
LZ040VVL,REACH
LLO4LL90LO,RIVERLANDS-1
LFALO44LOZ0,NORTH
LLO0Z080,HOARE
LFALOV4ZLO4,#N/D
LZMLZLOL8,RIVERLANDS-2
L9FA4ZM,DORNE-3
LLO4V4FAL8,#N/D
LVL8L000,RIVERLANDS-2
V008Z09V,STARKS
L9ZFAV0FA0,#N/D
V00Z9VVLO,STORMLANDS-2
L80Z80VL,RIVERLANDS-2
LZLLFAVZL,NORTH
LO08LLLOFA0,CROWNLANDS
LO0Z4Z800,#N/D
LL8LZM4Z,#N/D
LZ0LO9L9L,DORNE-1
VV0LZM0,HOARE
L9FA0LLLO9,STORMLANDS-1
LVZM4LOVL,HOARE
FA0ZVZ800,#N/D
L9V0LZV8,HOARE
L98ZVFA8L,HOARE
LO0LOL90L0,AEGON
V004L9VL,CROWNLANDS
494FA40,DORNE-1
L909V9VZ,DORNE-3
LVV4090V,DORNE-1
L8LLO4L90,NORTH
LFA90FA488,STORMLANDS-1
V000FA9ZLO,DORNE-1
V00FA0Z0Z,RIVERLANDS-2
L484FALO8LO,IRONISLADS
LFALO9VZM9,IRONISLADS
LLFA0449Z,NULL
9Z8L04FA,RIVERLANDS-1
L8480LO4L,HOARE
ZLO4LOZLO89,IRONISLADS
LLO0LOZV0L,CROWNLANDS
L8LOL4ZLO0,RIVERLANDS-2
L4LOFALO8L0,HOARE
L90L40V0,RIVERLANDS-2
V89LLO08,DORNE-1
L98LLOVVL,DORNE-1
L0FAL04Z8,STORMLANDS-1
LO0ZV4LZ9,RIVERLANDS-2
L0FAZZ80Z,DORNE-1
ZZ0LO94LLO,CROWNLANDS
L0V0LO004,IRONISLADS
LO044LO0LLO,AEGON
ZZ00ZZ8L,DORNE- 2
L09V489FA,DORNE-1
Z009FAL08,STORMLANDS-2
LVZFAVFAFALO,STORMLANDS-1
L900LO08L,DORNE-1
LO00LFA0LLO,CROWNLANDS
LZ9LOV00L,NULL
ZZ448LO44,HOARE
V08V08V0,REACH
LL4Z40FA0,HOARE
L90Z0VV8,NULL
L0FAZV444,STORMLANDS-2
L9LFA0LO8V,DORNE-1
L8490V9L,HOARE
L9048VLFA,STORMLANDS-2
9000FALZ0,#N/D
L0VZL494,STARKS
LFAV000L0,HOARE
V09V0LLOV,STORMLANDS-2
L008Z004,#N/D
LO004L94FA,CROWNLANDS
80LLZ4VZ,NULL
9LZ0FA8L,DORNE-1
L9VLZ4LO9,RIVERLANDS-2
LLO4FAZL0FA,CROWNLANDS
FA0FA944,#N/D
L484ZMZL,RIVERLANDS-1
FA0FALO00V4,#N/D
V04LV0LFA,STORMLANDS-2
FA00L0L9FA,NULL
V00Z88FA4,STORMLANDS-2
LVFAV0L0LO,HOARE
L94Z4VFALO,RIVERLANDS-1
LV44FAFA00,CROWNLANDS
V0LV8908,#N/D
L80LO8Z0V,CROWNLANDS
L8FAZLO0L4,STORMLANDS-2
Z0FA090FA4,#N/D
LLO0LZ9LOZ,RIVERLANDS-1
L00L98Z0,RIVERLANDS-1
ZZ4809ZL,NORTH
L9LO0V909,NORTH
LLLFA088FA,STORMLANDS-2
LVVFA800Z,IRONISLADS
L8L0V9VFA,DORNE-3
FA0FAZM098,#N/D
FA040LOLFA4,#N/D
L8LOFAL900,DORNE-1
LO0Z0LZFAZ,AEGON
L8009404,RIVERLANDS-2
L8LLOZLO09,DORNE-3
L9ZLOZ49L,STORMLANDS-1
L0FA9ZL00,STORMLANDS-1
L94FAVLOVFA,STARKS
L94LFAZML,#N/D
LL0FAV9LO9,DORNE-3
L8L0Z890,NORTH
900FA09Z,DORNE-1
LO0000Z0Z,CROWNLANDS
LZ44L0FALO,STORMLANDS-1
LLZLO0400,IRONISLADS
L84LO4L9V,RIVERLANDS-2
LFAZ4FALL8,HOARE
LLFAFA4400,NULL
V0L40VLOZ,RIVERLANDS-2
L08L0LO4Z,STORMLANDS-1
L40V088L,IRONISLADS
VZ0FA000,HOARE
LVLVFAVV4,DORNE-1
L9L04Z40,AEGON
4Z0Z8L,HOARE
LO0LOFA84VZ,AEGON
LLO9FAVLO04,HOARE
LO00LLV90,CROWNLANDS
V0LFA8LOFAZ,RIVERLANDS-2
L980VZFA8,RIVERLANDS-1
L4900LV0,STORMLANDS-1
L9LO0FA8V8,#N/D
900VL448,#N/D
LFAV0LOFA80,DORNE-3
FA0049LOFA8,DORNE-3
LZLO8VLO0L,NORTH
L04FA0FA0FA,#N/D
ZZFA0LOFAVL,IRONISLADS
LLV00ZL0,STORMLANDS-1
LLL000ZL,HOARE
ZZ00FA80LO,NORTH
L9ZVV4Z0,IRONISLADS
800LO400LO,STORMLANDS-1
L088FALOZZ,STORMLANDS-1
V488LZL,DORNE-1
LLLOL4L,DORNE-3
Z0L8LLOVZ,RIVERLANDS-1
Z0VZM04L,DORNE-3
L40ZVLO,RIVERLANDS-1
L9FAZ090FA,NORTH
VLV0VFA0,#N/D
LVFA8LV04,STORMLANDS-2
8000LFA09,STORMLANDS-1
LZZL9V9FA,STORMLANDS-1
FA0V00090,#N/D
800Z04LO0,NULL
L0FA8LOV,NORTH
LVFA84VL8,DORNE-3
LVFAFALO848,#N/D
LFALOV88FAL,NORTH
L9LOFA04V8,IRONISLADS
LLOZLO00ZL,REACH
FA00LZ00V,RIVERLANDS-1
V08Z0Z8Z,REACH
800ZZLO40,STORMLANDS-1
LV8LO98V8,NORTH
LLOZVLO000,HOARE
8V49FAV0,HOARE
L09FA0Z,RIVERLANDS-2
L8V8ZLO88,STARKS
9LOFA9FA8L,NORTH
V048V8ZM,REACH
LO0FA400L4,NULL
V009L94Z,RIVERLANDS-2
FA0L0L04Z,#N/D
89FALO0FAL,HOARE
LFA8LO89FA8,IRONISLADS
940FA988,IRONISLADS
LFAL0V0L9,IRONISLADS
L90LO0L48,HOARE
L0VFA98V,HOARE
L90L8FA0Z,IRONISLADS
800Z4L0LO,NULL
L9ZLOVZ88,DORNE-1
9VV9FA00,RIVERLANDS-1
LO0LO0VLV0,CROWNLANDS
L84Z909L,#N/D
L8FAFAFA4V8,STORMLANDS-2
80L00VFA9,NULL
Z04LOZVL8,RIVERLANDS-1
LO04V848Z,AEGON
LL0000LFA,DORNE-3
L449ZFA44,DORNE-1
V88VLOZ8,DORNE-1
L0ZZVFA8L,IRONISLADS
LLO0LO9LO44,CROWNLANDS
V090LFA00,REACH
8L008ZFA,IRONISLADS
FA04LOZ0ZL,#N/D
ZZLZV8LOZ,NORTH
FA440V,DORNE-1
L944LO84V,IRONISLADS
L0FAZM0ZM,RIVERLANDS-2
V8ZLVLOZ,IRONISLADS
9ZVLOLL8,RIVERLANDS-1
ZZ0ZV00L,IRONISLADS
LVZZZV9V,STORMLANDS-2
L8900LOZ0,STORMLANDS-1
LFA9FAL09V,STORMLANDS-1
L9FAZML9Z,NORTH
LLO004VLOFA,REACH
L9LL84L4,DORNE-3
LO0FAFA9880,CROWNLANDS
L040FAFA4LO,NORTH
L9VZ8L90,STORMLANDS-2
L48ZZFALOZ,HOARE
L9FAZM49LO,RIVERLANDS-2
VFA4Z4,IRONISLADS
V0FAV98FAL,STORMLANDS-2
L940VLO08,HOARE
FA0FAV4L8V,#N/D
FA00LOFAL4Z,DORNE-3
V00FAV4LO8,DORNE- 2
LVL9LLOL0,STORMLANDS-1
LV4ZV0Z0,NORTH
FA9LO8VFAFA,DORNE-1
9LO8800FA,DORNE-3
V044FA090,#N/D
LZL40L,RIVERLANDS-1
L88VLOZ0L,#N/D
VV0LV0LO,HOARE
L4008FA90,NORTH
V08FALFA9LO,REACH
94LO8VL4,DORNE-3
Z0L00VZ0,RIVERLANDS-2
900840ZZ,#N/D
894L00L,DORNE-1
FA00ZM0VZ,#N/D
LVLO9ZL48,HOARE
LLOL000LO4,RIVERLANDS-1
8ZFAZ8,STORMLANDS-1
L88ZFA988,DORNE-1
L898ZVFA4,HOARE
ZZ009VV0,STORMLANDS-2
LV8VLOL00,NULL
L8VFAV4,NORTH
8000FALO,NULL
LVZ0FA8VLO,RIVERLANDS-2
8000L0VLO,STORMLANDS-1
8ZFA844V,IRONISLADS
V0ZZZFA,NORTH
FA0LZ90FA8,#N/D
LL4VLO9LZ,NORTH
LV9LO0FA4LO,STORMLANDS-2
L90LO008LO,RIVERLANDS-2
LO0ZVLVZ4,RIVERLANDS-2
LFALO0089LO,#N/D
LVZZ09VFA,IRONISLADS
L8FAZ0V,RIVERLANDS-2
8009LO09L,NULL
V0LLO8949,RIVERLANDS-2
L8088ZML,CROWNLANDS
90Z0408,DORNE-1
FA0000FA0Z,IRONISLADS
LZ44LLOFA0,STORMLANDS-1
900LOV0LO8,#N/D
FA0ZLO080Z,#N/D
L8LO0L9V0,STARKS
8000LZ0FA,STORMLANDS-1
L4L0908Z,NULL
Z0L090,DORNE-3
9FAV0LOFA0,HOARE
LLO00FA0LL,IRONISLADS
L9LLO098L,CROWNLANDS
80FA0FAFA40,NULL
LZLO09FAFA9,RIVERLANDS-1
FA0FA090V9,#N/D
LZ0LO08FA9,NORTH
L9LOV0ZL4,STORMLANDS-1
L90V09L9,NULL
FAFA94VLO4,IRONISLADS
LFAZ00ZLL,CROWNLANDS
L0LO0004Z,NORTH
L890FA0L9,RIVERLANDS-2
L8L889L0,HOARE
L9VFAFA9V0,#N/D
L8909080,RIVERLANDS-1
LFAV0LOFA80,DORNE-3
LFA8880VL,#N/D
L8V4LOL8FA,RIVERLANDS-2
LV0LOFAZVZ,STORMLANDS-2
LZ4L0Z00,#N/D
LZ80LOZZ8,HOARE
LVZVLOVLV,STORMLANDS-2
ZZZ48LZZ,STORMLANDS-2
V04ZV9,STORMLANDS-2
900LVLOL9,#N/D
V0L0LV49,RIVERLANDS-2
LLO09L490,NULL
LV8LO4808,IRONISLADS
8849Z0Z,IRONISLADS
LO08V084FA,CROWNLANDS
L8L889L0,HOARE
LFAZFAZLLV,DORNE-3
80L0FA0LO4,NULL
LVLLO4V4V,RIVERLANDS-2
Z09098LV,DORNE-3
L9ZFA9LOZZ,RIVERLANDS-2
LVZ480FA4,#N/D
L0LO008,STARKS
LL0FA04VV,STARKS
LVZ08408,DORNE-3
LLOVLLO88L,STORMLANDS-2
88LOZVFA9,HOARE
Z0L9ZLO8FA,RIVERLANDS-2
FA00Z0089,NORTH
9FA4000LO,HOARE
LO0LO44ZLO0,AEGON
LLO9FAL8V8,IRONISLADS
L8LOFA0FA00,NULL
L0L8LOV,DORNE-3
LVL8ZFALO8,NULL
L4L00VFALO,REACH
L48FALO80Z,RIVERLANDS-2
LO0Z9FAFAFA8,DORNE- 2
V80FA0L9,IRONISLADS
FA0FA9800L,#N/D
FA04L000FA,#N/D
FA0480V09,#N/D
L04ZZLOFALO,NORTH
LZ0Z89LLO,HOARE
LFAZLO98FAV,STORMLANDS-1
800ZVLFAL,STORMLANDS-1
LLOZLOLLOZ9,#N/D
LZLFA9088,IRONISLADS
LLOV4LO880,NULL
LFA48ZFA8FA,HOARE
ZZLOLFA90FA,CROWNLANDS
L44L8ZZZ,#N/D
L8LO9FA448,HOARE
904VFA44,HOARE
L0ZFAFA90V,STORMLANDS-1
L80LO884LO,NORTH
L894VLLO0,#N/D
VLFA0VFA0,DORNE-1
V0L04890,DORNE- 2
LV0080LL,NULL
Z0FA00Z0FA,RIVERLANDS-1
LZ00LOLZFA,RIVERLANDS-1
L889V9Z9,HOARE
LFA0FAVVLO8,IRONISLADS
L4LO9LO9V4,HOARE
9ZZMFAL4,RIVERLANDS-1
L8LOZLO090,#N/D
LFA94LO904,STORMLANDS-1
Z00000VFA,DORNE-3
LZ8V4LOLLO,RIVERLANDS-2
LO048ZZ44,AEGON
80LFA4LOLLO,STORMLANDS-1
LZVVL989,IRONISLADS
8FA840VV,HOARE
LO0Z80Z9FA,DORNE- 2
Z0VLOZ40Z,DORNE-3
Z0909VZ4,DORNE-3
VL9V888,HOARE
L88ZLO90LO,STORMLANDS-1
LV084VLV,REACH
84LOV4Z0,IRONISLADS
L0400ZFAV,RIVERLANDS-1
8VLZ90FA,DORNE-1
V00FAFALOZ,HOARE
L88LLOLZ8,NULL
LVLFAFA9ZM,#N/D
Z0FALFAV8FA,DORNE-3
90FAV090,HOARE
L4008FA0V,DORNE-1
LFALO0FAZ44,IRONISLADS
900FA0LV4,RIVERLANDS-1
V00Z800L,#N/D
900LZLOV4,#N/D
90000L00,#N/D
L808LZVFA,RIVERLANDS-2
ZZLLFA049,NORTH
LZLLO0098,IRONISLADS
L090009LO,IRONISLADS
LLO040044,RIVERLANDS-1
LZ9Z9V9L,NULL
VLO498V0,HOARE
L8LOL0V9L,RIVERLANDS-2
888LO000,DORNE-1
90094880,RIVERLANDS-1
LZV4FAV09,HOARE
9098FA40,HOARE
LVZLO9VLO0,IRONISLADS
LFALZ8L0V,RIVERLANDS-2
L00LO09LV,IRONISLADS
LZV84ZLOV,STORMLANDS-1
L40Z4LO0L,CROWNLANDS
ZZ448LO44,HOARE
L8Z09ZZ8,NULL
LFA4044VL,HOARE
L80FAV0,DORNE-1
L800ZL9V,NORTH
L000V9FAFA,STORMLANDS-1
LV0Z0LO,STORMLANDS-1
L9LFA0LO8V,DORNE-1
V004L9VL,CROWNLANDS
L0000V80,DORNE-3
L0L0V8L9,STORMLANDS-1
L9880LOL0,CROWNLANDS
LZFA8804L,STORMLANDS-1
L4LO80LZ4,IRONISLADS
L49Z0FALZ,RIVERLANDS-2
Z0L948FA9,STORMLANDS-2
FA00004,STARKS
FA00Z49LL,DORNE-3
V00ZLO9FA4,DORNE-1
LLV4LV4V,#N/D
L8LO4V8LFA,REACH
80L8FAZMFA,NULL
4Z0Z8L,HOARE
L9Z94FA04,DORNE-1
8V4480L,HOARE
L4FAL0LO0V,HOARE
Z0ZZL0FA9,RIVERLANDS-2
V00FA44LL,RIVERLANDS-2
8V0FA8LO4,IRONISLADS
V0FA9LLO4L,STORMLANDS-2
Z09FA4LO00,DORNE-3
V0LLO4098,RIVERLANDS-2
LLVVFAZM8,DORNE-1
L9FAZM4ZL,IRONISLADS
LFAZZLO4LLO,IRONISLADS
L8ZLOFAFA4LO,STORMLANDS-2
V08Z0088,REACH
LLOV0L000,DORNE-1
LFA009FAL8,NULL
Z0FAVL90Z,DORNE-3
8V4VZZ0,DORNE-1
L9FA90Z90,DORNE- 2
90048LLOL,#N/D
V09FAFAL0FA,REACH
ZZ44V088,NORTH
L8FA84ZLOFA,STORMLANDS-2
LO0ZZZFAVFA,DORNE- 2
LFALV9V9LO,HOARE
ZZZ00FA0FA,NORTH
LV4840VZ,DORNE-3
LFA94LO904,STORMLANDS-1
LLO489Z0Z,HOARE
LLO48L449,STORMLANDS-1
L0ZZ00LO8,RIVERLANDS-1
Z0FA00Z0FA,RIVERLANDS-1
LFA0LO90LO0,HOARE
FA0LLOFAV9Z,#N/D
L900Z94V,NORTH
L49FA0V0L,STORMLANDS-1
L9ZV0L0LO,RIVERLANDS-1
V080LOZ4,IRONISLADS
LO0Z9FAVZFA,DORNE- 2
L8FA9LO004,DORNE- 2
Z0L09V00,DORNE-3
LO0LLFA4FA4,CROWNLANDS
V8ZLVLOZ,IRONISLADS
LLOVVFA890,NULL
LO0LFA08VZ,CROWNLANDS
LZVVFA0LLO,DORNE-1
LO0FA0Z8Z9,CROWNLANDS
LVZ9FA8LO0,IRONISLADS
LFA4ZMVFA4,DORNE-1
LO0FALLOLV8,NULL
L0VFALL80,DORNE-1
V984080,HOARE
Z00ZM9L4,DORNE-3
LVVLO8V80,RIVERLANDS-2
LO08ZL080,CROWNLANDS
L80V0LOFA8,IRONISLADS
FA000800LO,NULL
LLOL098LOL,STORMLANDS-2
FA00FA9894,NORTH
L9Z0FALO,IRONISLADS
LO0ZLO88FA4,RIVERLANDS-2
L9Z04ZV0,STORMLANDS-2
800LO44L0,STORMLANDS-1
LO0LOLZFALOL,#N/D
LLO0FA8Z40,HOARE
8LL08FAFA,HOARE
Z0Z8L9LO8,DORNE-3
9LO89ZMFA,RIVERLANDS-1
LO0L9LOVZ4,CROWNLANDS
80L00ZLO0,STORMLANDS-1
LLOZ00FAVL,CROWNLANDS
L9L00ZVLO,#N/D
LO0VZL8VV,STARKS
LL080FA98,NULL
L94L40Z0,STORMLANDS-2
L0ZFA0VFA0,STORMLANDS-1
Z0Z4LLLV,DORNE-3
FA00ZV098,RIVERLANDS-2
LLVLZFA0LO,DORNE-1
L09LO0FA40,STARKS
LO0ZFA8ZFAFA,AEGON
L9LZV08L,DORNE-3
ZZVFA4LO9LO,NORTH
Z040Z80Z,RIVERLANDS-1
FA000FA0LOL,DORNE-1
L804LLO8Z,HOARE
L9V00V,DORNE-1
V4000ZM,HOARE
V00V008V,STORMLANDS-2
LFA0FALZZ9,STORMLANDS-1
V0L40VLOZ,RIVERLANDS-2
800LZ8L0,STARKS
L4LO9V0,STARKS
L9L0FA4Z8,DORNE-1
LV8FA0ZFALO,STORMLANDS-1
LLLO4LO9LV,#N/D
90L09LL,DORNE-1
LO0Z980ZM,REACH
L8FA0LO0FA4,CROWNLANDS
L4LO08V,HOARE
FA0VZLO90V,#N/D
LFALO88L8L,#N/D
LZ9ZLOZ9L,STORMLANDS-2
L90LO0Z4V,#N/D
L8LOZLO090,#N/D
L49V4LO44,RIVERLANDS-2
FA00V9LL0,RIVERLANDS-1
LZ0ZM094,DORNE-1
FA0FA9LO9LO0,#N/D
94FAFAV,DORNE-3
LLFA8VFA89,IRONISLADS
L8940LOLL,RIVERLANDS-2
V089L4LZ,REACH
9FA8FAFA08,DORNE-1
L88VL488,STORMLANDS-2
V0Z88Z40,DORNE-1
LZ0LO84ZFA,NORTH
L0VL8LO00,DORNE-3
ZZVFA9ZFA9,NULL
Z000LZ0FA,RIVERLANDS-2
L44Z80Z4,RIVERLANDS-1
FA048ZM80,#N/D
L884ZFAFAFA,NULL
LLO90L04L,RIVERLANDS-2
LLOV8ZZ00,DORNE-1
8ZL00,IRONISLADS
L048940LO,STORMLANDS-1
LFA0LLO00FA,RIVERLANDS-1
V088FA9Z,IRONISLADS
VZL40LO0,HOARE
Z0LZ000Z,DORNE-3
L0L40LOLFA,IRONISLADS
L9LVZFAZ4,#N/D
V0900LO4,DORNE-1
L9LOFAVL04,STARKS
LVLZV4Z0,DORNE-1
V0LOVL9LO9,NORTH
V849V00,HOARE
800090ZL,NULL
L844FA8FALO,DORNE-1
L40LZML8,RIVERLANDS-1
L40LZML8,RIVERLANDS-1
LLOZ0FALO0LO,RIVERLANDS-1
VV0LZM0,HOARE
Z0FAV0L90,RIVERLANDS-1
FA08ZM40LO,#N/D
V0004044,DORNE-1
FA0ZLOVFA08,#N/D
FA0FA0400L,#N/D
LLOLFAFA09Z,DORNE-1
FA0L89488,#N/D
LLO8909V9,#N/D
L900LO08L,DORNE-1
LFALO0FAZ44,IRONISLADS
LLOZ90Z9FA,STORMLANDS-1
9004ZZMZ,#N/D
VL8Z80L,IRONISLADS
L0ZLO0LLV,STORMLANDS-2
L8490V9L,HOARE
V0ZMLV,STORMLANDS-2
LZFA9LL80,DORNE-1
V00V400FA,STARKS
L4LL9Z08,NORTH
8000LO0V8,STORMLANDS-1
L9ZVL90V,IRONISLADS
9809VLO4,NORTH
L0LOVFA008,IRONISLADS
8894LO,HOARE
FA00Z49LL,DORNE-3
L0084V00,IRONISLADS
L8LO890,RIVERLANDS-1
L9V4L0VV,IRONISLADS
L8LZM04Z,DORNE- 2
FA000V49V,NORTH
LO0LO0V844,CROWNLANDS
L0LV9L00,DORNE-1
LVLLOLL9Z,STORMLANDS-1
LLLO48LFA0,RIVERLANDS-1
ZVZFALO0LOL,NULL
FA00FA0FAFA4,NORTH
LVZ8V9LZ,DORNE-3
ZVLO480V9,NULL
L900VLOL4,CROWNLANDS
LO0VZL8VV,STARKS
LZZ009ZLO,HOARE
Z0VZ09L0,RIVERLANDS-1
Z0L0V984,DORNE-3
L4FA09ZZV,#N/D
LV49LLO4FA,STORMLANDS-2
LLO9FALFAV9,STORMLANDS-1
L8ZZL0Z0,RIVERLANDS-2
Z00ZLOZLOV,RIVERLANDS-2
ZZLZ0ZZM,RIVERLANDS-2
L90FA9VVV,CROWNLANDS
LV90Z084,RIVERLANDS-2
LLO000LO0L,STORMLANDS-1
L0LOVLVFAL,HOARE
LO0ZV944Z,NULL
LV9FA4L8LO,HOARE
L9LOFAZZLOFA,RIVERLANDS-1
LVL000LOZ,STORMLANDS-1
LFAFALOFA8LV,IRONISLADS
LL08V900,CROWNLANDS
890FAZ08,IRONISLADS
80LL0V0FA,NULL
L00Z9ZLO0,STORMLANDS-2
L9VZVLV0,HOARE
LFALO04FALOV,IRONISLADS
L0LO8Z4Z8,STORMLANDS-1
LVZ8ZLO,STARKS
LLO00LVLO0,HOARE
LLO00LVLO0,HOARE
LO0LO4LLZ4,AEGON
L9Z0L8ZFA,IRONISLADS
L0444V8FA,DORNE-3
V404ZZV,IRONISLADS
98809Z8,IRONISLADS
L8LO90LO40,RIVERLANDS-1
LZ404V0L,IRONISLADS
LLOFA0Z00LO,HOARE
LV9ZVLOZL,IRONISLADS
V04V09ZFA,REACH
LFALO4Z0V0,RIVERLANDS-1
LV4049,#N/D
LV848ZVLO,#N/D
FAZFA4V00,HOARE
L9VFAZ0ZV,HOARE
L980LOLL0,RIVERLANDS-2
V9L0V94,HOARE
LZ80LLO4FA,HOARE
FA009LZV0,STORMLANDS-1
L09V489FA,DORNE-1
LVZZMZMFA,IRONISLADS
ZZ08LLO0V,NORTH
LO04FA900L,AEGON
L8888LOZLO,DORNE-3
ZZFA44LO48,NORTH
LFAFAZ0080,RIVERLANDS-2
LLO98LFALOFA,DORNE-1
L8FA000V4,DORNE-1
L9LO80LO0LO,IRONISLADS
L9LOLZ49FA,STORMLANDS-1
FA00L044Z,STORMLANDS-1
800LO980V,STORMLANDS-1
LO080VLFA4,STARKS
LVFA0LOZ88,STORMLANDS-1
L8ZV9FA08,#N/D
LZVVL08V,HOARE
LFAVV94Z8,DORNE-1
LV9LVFA9L,#N/D
LV0ZL890,STORMLANDS-1
L800FA0LOV,RIVERLANDS-2
L9L08ZZ0,DORNE-3
LZ8FA0V9V,NORTH
LZ4FA0ZZ0,STORMLANDS-1
L0848Z40,STORMLANDS-2
L8FA09V04,IRONISLADS
L90FA040Z,RIVERLANDS-2
LV840FA0Z,DORNE-3
L90L8LO00,STORMLANDS-1
L84L0VL0,DORNE-1
L0848Z40,STORMLANDS-2
LV00FA8LL,CROWNLANDS
V04V9FALO,IRONISLADS
9LO09440,DORNE-1
8L0LOFA00,HOARE
Z0FA94L48,DORNE-3
LZ09LOZZL,STORMLANDS-1
ZVZFALO0LOL,NULL
FA00VZFA84,NORTH
FA0L8LOFAFA0,#N/D
LLO0Z98LO0,REACH
8009LZ,STARKS
LZ8890ZV,NORTH
LV89Z8Z4,STARKS
ZZVZM008,NORTH
800VVLZL,STARKS
L90800Z8,CROWNLANDS
V0089V9L,RIVERLANDS-2
L8Z89ZLO4,DORNE-1
LV4ZLOFAFA0,DORNE-3
LZ940048,STORMLANDS-1
ZZVVLLFAZ,NORTH
Z0888L4L,DORNE-3
L49408ZFA,NORTH
L8ZL0V,#N/D
L9LO9Z00Z,DORNE-1
LZM0904FA,NULL
L9VLOV808,DORNE- 2
Z00FAV0L9,RIVERLANDS-1
Z0809V4LO,RIVERLANDS-1
LO00LFA0LLO,CROWNLANDS
LLOVLO0LLO0,NULL
LL8FA00VV,NORTH
LLOZ0FA9ZV,DORNE-1
80048FA8,IRONISLADS
80LFALO000,NULL
L08894LZ,STORMLANDS-1
LLO0094ZLO,REACH
L9V44L08,DORNE-3
Z04080LV,DORNE-3
L0VFALZ,STORMLANDS-1
L8L4000FA,DORNE-3
L4LVZVLOZ,DORNE-3
L0044FAV0,DORNE-3
ZZLOLFA90FA,CROWNLANDS
LFAFA89LZ0,DORNE-1
L9FALFA9FAZ,STORMLANDS-2
L889LV0LO,NORTH
FA0LOFAVZ4FA,#N/D
FA0ZLO8ZZFA,#N/D
L8Z9Z0FA0,DORNE-1
L8L08ZLO8,DORNE-1
9LO00049,DORNE-3
FA0480FALOL,#N/D
L8LOL4VVLO,#N/D
L844LLO98,IRONISLADS
L9VV09L0,CROWNLANDS
LO0ZLLOVL4,#N/D
LZLO8VZMFA,#N/D
L88FA9LO0V,STORMLANDS-1
LLO440ZZM,NORTH
FA0LOL40V0,#N/D
ZVLO84L8LO,NULL
LLOZ9V4FAV,IRONISLADS
L4VZ0FA4Z,HOARE
LL4LLO004,STORMLANDS-1
L8Z8ZLO,NORTH
FA04VV9V0,#N/D
L4009ZM9,NORTH
9FAV0L44,HOARE
L0FAZZ0LO9,DORNE-1
L49FA0FAFA0,REACH
L900890LO,#N/D
L8Z8ZLO,NORTH
L49049,DORNE-1
L9LVLOZ0Z,IRONISLADS
L4FAV4V08,STORMLANDS-2
800VLV0LO,#N/D
LZLO0ZM98,DORNE-1
L90FALO094,RIVERLANDS-2
800FA00LO8,STORMLANDS-1
LO00L4L,CROWNLANDS
L40LOFAZMV,STORMLANDS-2
L0LOVZZ48,IRONISLADS
L8L904LLO,CROWNLANDS
V04LO0LFALO,STORMLANDS-2
80LV04FAFA,STORMLANDS-1
LLO8L80LLO,#N/D
LV80LLFAL,#N/D
90L48VFA8,#N/D
L98Z4LLO9,NULL
L844FA8FALO,DORNE-1
L9FAFAZ9Z9,REACH
LZ9804FAV,REACH
FA0LO0ZVVLO,#N/D
L4FALZ48L,#N/D
L8000908,IRONISLADS
ZVLOZ9L9V,RIVERLANDS-2
L89VLOZ48,NORTH
LOVZL40LO,HOARE
LLO9V0000,NULL
LZ8889L0,DORNE-3
FA0LO09ZLOL,#N/D
LVFA0Z89LO,CROWNLANDS
LV4FA80VL,#N/D
LZVLOZ8L0,DORNE-1
LLO4ZFALL8,REACH
V8090LO0,DORNE-1
L80LOVVZFA,#N/D
LO04809VFA,CROWNLANDS
L00409Z4,STORMLANDS-1
94ZFA0LO,DORNE-1
LZFA0VV90,DORNE-3
ZZV8ZM0V,NORTH
LLO8FAFALO40,IRONISLADS
Z00FALO404,RIVERLANDS-2
LZ9FA90FA4,IRONISLADS
LV0L4LO0LO,IRONISLADS
LVZLO0V9L,STARKS
LLOVL804L,IRONISLADS
LVFAVLOZ,CROWNLANDS
LLOVL88V8,NULL
LL908FA0L,IRONISLADS
L80L0L9L,STARKS
FA04FALO0VLO,#N/D
L94L0FAFAL,NORTH
L4FAFALOFA8LO,NULL
V04V0LOFA8,REACH
8ZMV4,#N/D
V848VLL,HOARE
90L09L8L,RIVERLANDS-1
LL9808LO4,DORNE-3
L8004988,STARKS
L00LO,NORTH
FA0L9FA804,#N/D
80V4LLO9,IRONISLADS
LO04LO8LO90,CROWNLANDS
L88VL488,STORMLANDS-2
ZZ0FA8VZ4,DORNE- 2
L8FAFA4000,DORNE-1
L4LZ4988,STORMLANDS-2
8404FA4L,IRONISLADS
V0LOL0FA0L,NORTH
LLOV48848,IRONISLADS
V9VLO09FA,HOARE
Z0VL8ZLZ,DORNE-3
L9LLO890L,DORNE-3
LLO0L0L40,DORNE-1
9LO89ZMFA,RIVERLANDS-1
L8FA0V8LOZ,#N/D
LZMVLO0Z0,NULL
L48FALO80Z,RIVERLANDS-2
LO0LO04L09,CROWNLANDS
Z0LZM9V4,RIVERLANDS-1
L9ZM94Z8,RIVERLANDS-2
800FALOFA8FA,STORMLANDS-1
L4VL408FA,DORNE-1
8000LO0V8,STORMLANDS-1
L0488,IRONISLADS
L008Z004,#N/D
V08LO0LOVLO,REACH
L4L8LO9LOFA,STORMLANDS-1
V08L0FAVFA,REACH
L89Z8948,REACH
VLOFA8VFALO,DORNE-1
LLOV00ZZV,REACH
Z0L0FA090,RIVERLANDS-1
LO04LOFA80V,CROWNLANDS
V04LLOZ48,STORMLANDS-2
L908080LO,DORNE-1
FA0LVZZLOFA,#N/D
L8V4008L,CROWNLANDS
L9FAFAFA9Z0,#N/D
FA0LLLO440,#N/D
L8VFA09V0,DORNE-1
LV9L4LL4,DORNE-1
LFAVFA8VV9,RIVERLANDS-1
LLOL0LO00L,CROWNLANDS
LFAVFAZ9V0,STORMLANDS-1
8FA00LZFA,IRONISLADS
ZZFA0ZL8FA,NORTH
8004FAZ9V,NULL
L8LLO08L0,IRONISLADS
L0080FA9L,DORNE-3
LZM0904FA,IRONISLADS
L9V00Z8Z,STORMLANDS-1
ZZ4LFALO0FA,STORMLANDS-2
VL80Z80,HOARE
L898FA8V4,STORMLANDS-2
L90L04ZV,STARKS
FA000FA0LOL,DORNE-1
L4ZLOVLOLFA,RIVERLANDS-2
8LO9FA888,IRONISLADS
L4LZ4988,STORMLANDS-2
LOVLO00,STORMLANDS-1
LLOV9FAFAFA9,DORNE-3
V8840LZ,HOARE
V00LZLOZ8,CROWNLANDS
L9V8890Z,RIVERLANDS-2
Z0ZFAV0Z8,DORNE-3
LVLFA4L0Z,RIVERLANDS-1
LLO4V4FAL8,#N/D
LL0FALOZ00,HOARE
LO0LO00090,CROWNLANDS
LFA4044VL,HOARE
L90LO4V40,HOARE
L9LOZL009,STORMLANDS-2
LVLOFAFA8LOZ,IRONISLADS
FA0FA0V4VV,#N/D
V0ZZVVLL,DORNE-1
LZMVLO0Z0,NULL
L9LO0LV48,HOARE
Z0L08Z88,STORMLANDS-2
L8000908,IRONISLADS
Z0V89400,DORNE-3
9809VLO4,NORTH
L9L844,#N/D
LLVL00,RIVERLANDS-1
LO040VLO,CROWNLANDS
LLOFAZ4LZ9,REACH
Z00L440FA,RIVERLANDS-1
800400FA4,STORMLANDS-1
LO0048LO4FA,CROWNLANDS
L484FALO8LO,IRONISLADS
LFAV000L0,HOARE
800V9V44,STORMLANDS-1
LZ0L98LFA,STORMLANDS-1
L800LOFA0FA,DORNE-3
V04ZV9,STORMLANDS-2
Z0FA49ZV4,DORNE-3
L0L4LOL04,IRONISLADS
FA0L0L04Z,#N/D
LLOFAVZ90FA,IRONISLADS
LLV0FA84L,HOARE
90048LLOL,#N/D
L89L9LO89,CROWNLANDS
Z0FAV9Z,RIVERLANDS-1
LZMFAL8V0,IRONISLADS
ZZZ0948V,NORTH
LFA8LO940V,DORNE-3
L0Z890LOL,HOARE
V00Z04VV,NULL
V04V0LOFA8,REACH
L0LO4LZ98,STORMLANDS-1
L440,IRONISLADS
L80FAFA0FA0,IRONISLADS
LO04LVFA89,DORNE- 2
LL0LLOL9Z,STORMLANDS-2
90L0448FA,#N/D
LVL490LLO,DORNE-1
FA008LO0LZ,AEGON
808,IRONISLADS
FA0FA489Z0,#N/D
V0LLV000,RIVERLANDS-2
FA00VLOZZM,STORMLANDS-2
L9V9490L,STORMLANDS-1
VLOV0090,HOARE
V04ZZFA8L,STORMLANDS-2
V090LFA00,REACH
LLO09Z9LO8,STORMLANDS-1
L8ZZV0VZ,RIVERLANDS-2
LVLVFAL80,DORNE-1
L4VZ8909,DORNE-3
LO0L00LZ0,NULL
LLO4FA09VLO,REACH
L4084VV4,DORNE-1
L8FAFA8LLOZ,NORTH
L094449Z,STORMLANDS-1
FA000Z004,NORTH
L880L8Z0,STARKS
V00Z9L0Z,STORMLANDS-2
LZLO04090,IRONISLADS
L08LFA0LO8,RIVERLANDS-2
LLO8908Z9,#N/D
9LOZ0490,HOARE
LZ4LO9008,NORTH
LLOZ8LFAVZ,HOARE
L8VFAZ980,CROWNLANDS
L04ZMFA00,STORMLANDS-1
L9VFAZ8FAZ,STORMLANDS-1
LV98VLO80,HOARE
LLO0V049V,IRONISLADS
V000FAFA00,NORTH
LVZFAFALL9,HOARE
80LZFAZ8V,STARKS
9Z0LO,IRONISLADS
L9LOVV48L,RIVERLANDS-1
LLO48Z8V8,STARKS
LLL80ZFAZ,DORNE-1
9LOFALVFA4,RIVERLANDS-1
L80LZ0Z0,NULL
Z00ZM004,RIVERLANDS-1
FA0Z40Z8V,#N/D
V0FA0L0FAV,DORNE-1
80LV8LOZ0,NULL
L4L0VL49,RIVERLANDS-1
LZM00L89,STORMLANDS-1
LFALOLZZ0LO,NORTH
LV8800ZLO,IRONISLADS
LVFA00FA80,STORMLANDS-2
9009FA04L,#N/D
V0FAZ8V04,DORNE-1
L404FA0FAV,HOARE
L9V0LLVL,RIVERLANDS-1
L080L08V,CROWNLANDS
L90FA9004,NULL
L0LOLL8V8,NORTH
V00Z4FAL8,RIVERLANDS-2
Z089ZZ00,RIVERLANDS-2
L8FAFA8LLOZ,NORTH
FA0ZZ84FAL,#N/D
L0LV000Z,#N/D
LFALZ988V,RIVERLANDS-1
LLOZ8LFAVZ,HOARE
L909FA04FA,STORMLANDS-1
L4FAFAFA088,IRONISLADS
8FAFA9V9Z,IRONISLADS
L0LZ00FA0,#N/D
L9LO4FA4L4,HOARE
LFA08LO8FAZ,CROWNLANDS
Z0L09V00,DORNE-3
L9LZ90,STORMLANDS-2
LLOFALOFA8LV,RIVERLANDS-2
L48LFAV80,HOARE
LFA4FA0FAVZ,STORMLANDS-1
L9FA0LOV94,RIVERLANDS-2
Z00FALV0FA,RIVERLANDS-1
9000L8FA,HOARE
L4008FA90,NORTH
L9V9ZM40,STARKS
L90Z40LZ,NORTH
L4FA04FA4V,RIVERLANDS-2
LV90V490,IRONISLADS
ZLOFAZ809LO,DORNE-1
LV8FA4400,NULL
LZLOLLO4FA0,STORMLANDS-1
LO0FA0VFAL8,NULL
ZZZFA4L4V,NULL
ZVLOL8LLL,RIVERLANDS-2
ZZFA4FA4,RIVERLANDS-2
LZ9ZLO94L,RIVERLANDS-1
LV4FA84,DORNE-1
Z0LFA8Z80,RIVERLANDS-1
8404FA4L,IRONISLADS
V0ZLFAZ,REACH
L9Z494FA9,DORNE-1
L80048FAV,STORMLANDS-1
LLO08LV,IRONISLADS
9LOL00LO4,DORNE-3
FA0LOL40V0,#N/D
94LZ000,#N/D
L9V8L049,#N/D
L0V0LLOVZ,IRONISLADS
L89FALOLFA8,NORTH
VFAVLO0LOFA,DORNE-1
LZ49V80V,STORMLANDS-2
8ZMLO4ZZ,HOARE
LO0L8LLO04,NULL
Z0VVL4LOV,DORNE-3
LVLV4Z8L,REACH
LFA0LLO00FA,RIVERLANDS-1
L9LOZ8VZ0,CROWNLANDS
L9ZMLO04FA,DORNE-1
LVLZV4Z0,DORNE-1
LV8L0LO00,DORNE-1
8000FALO,NULL
L49049,DORNE-1
LFA88809Z,DORNE-1
L9Z0VLO08,AEGON
LZLO9LV0Z,HOARE
LZ49FAFA08,REACH
LLOZ4098FA,REACH
LZ0FAFA8ZZ,IRONISLADS
L8LO980FAV,DORNE-1
L8V8490FA,NULL
LL0800ZM,STORMLANDS-1
L4LFA8LO4FA,CROWNLANDS
FA008LO044,RIVERLANDS-2
VFAL0LVFA,HOARE
ZZ0FAVVVFA,STORMLANDS-2
LZ49LO0LOV,RIVERLANDS-2
L9Z0000L,IRONISLADS
L80LOLL4LO,REACH
LZZFAFAFA,IRONISLADS
Z0LO4LOZ4Z,RIVERLANDS-2
Z88988,IRONISLADS
LFAV8LL98,RIVERLANDS-2
LLOV808V8,DORNE-1
LLOVZ0LOFA4,STORMLANDS-2
LFA08LO8,NULL
LO00FA8V80,CROWNLANDS
V04V09ZFA,REACH
FALOV80L8,HOARE
LZVLOVFA84,NULL
LVZLO9VLO0,IRONISLADS
L89VLOZ48,NORTH
L9FA908ZZ,NULL
9890VV8,DORNE-3
LLO4LOVLFAV,RIVERLANDS-2
Z0VLLO0Z0,RIVERLANDS-2
FA0FAL9L80,#N/D
LV49LZVV,IRONISLADS
Z009ZLO04,RIVERLANDS-1
LLOZV4000,#N/D
800008LO0,STARKS
800Z9040,STORMLANDS-1
L9V00V,DORNE-1
LV0FAVLLO0,STORMLANDS-1
LV0844Z0,STARKS
L08FALO8ZLO,CROWNLANDS
LLO9V0000,NULL
890Z0Z8,HOARE
80ZZL8FA,IRONISLADS
LZ800LOL0,DORNE-3
L89Z0Z9LO,STARKS
L0L0V8L9,STORMLANDS-1
8FA04LOVL,IRONISLADS
LV8800ZLO,IRONISLADS
LVLFAFA9ZM,#N/D
L90FALO094,RIVERLANDS-2
LLO00LO00L,RIVERLANDS-2
LZMFA8L,STORMLANDS-1
LZZ0LO8Z4,STORMLANDS-1
LLOVL98Z8,DORNE-3
LL0FALO0ZLO,DORNE-1
LVFAZ44,#N/D
LV0LO88LLO,DORNE-3
LZ9LOLLFAL,#N/D
LLO0LO9Z04,NULL
FA0L9FA8L9,#N/D
LZZ009ZLO,HOARE
L0L8090Z,STORMLANDS-1
LLO0FA888V,HOARE
LL40LFAVFA,HOARE
FA00VZ0VLO,#N/D
L849LZZ4,DORNE-1
LLOFALVVVLO,IRONISLADS
LFA90FA488,STORMLANDS-1
FA00ZLOLZ4,STORMLANDS-2
L9LOFALO800,IRONISLADS
L090ZFAZ4,NORTH
LLO0LOVLO8Z,DORNE-3
L8LO890,RIVERLANDS-1
L9FAFA0Z0L,CROWNLANDS
90L09FA49,#N/D
8L80LO09,IRONISLADS
L8Z0FAFAFA4,HOARE
FA00VZV8L,#N/D
Z08LZ8LOV,RIVERLANDS-1
FA089080LO,#N/D
FALOV80L8,HOARE
LVLO08888,DORNE-3
LO00FAZFALOFA,CROWNLANDS
L84FA4LLO0,DORNE-3
8440FA0V,HOARE
LLO0LZ9LOZ,RIVERLANDS-1
8004L00FA,STARKS
LLOFAFAFAFALO8,CROWNLANDS
LL4L9VFA0,#N/D
LLOZVLO800,STORMLANDS-2
LLOFA9L0ZV,DORNE-3
L9LO988FA0,DORNE-1
LO0490800,AEGON
L4FALO88FAL,HOARE
800LLOZL8,NULL
V0V0VLL9,STORMLANDS-2
LO00VL8L9,CROWNLANDS
L0LLV8FA0,RIVERLANDS-1
FA00ZLZZ9,STORMLANDS-1
L00944Z4,DORNE-3
LLOFA0049FA,IRONISLADS
LVVFA4904,STORMLANDS-1
Z00ZVFAL0,RIVERLANDS-1
LZ9V840LO,HOARE
V0LZ0V4,HOARE
FA0FAV9048,#N/D
Z0Z0LLO9LO,DORNE-3
FA0FALOZ09V,#N/D
V89LO484,DORNE-1
L0490LO0FA,IRONISLADS
L800ZM4L,NORTH
V00900FAV,STORMLANDS-2
ZVZ98Z49,#N/D
L4Z48L9Z,IRONISLADS
L9LLL8VFA,STARKS
L8FA89Z48,RIVERLANDS-2
LLO889ZZZ,CROWNLANDS
FA0FAL0000,#N/D
L08LO94,STORMLANDS-1
FA0LO849V8,#N/D
L8009404,RIVERLANDS-2
FA0LO08FAZ4,#N/D
LVZM0000,NULL
L90LO4089,STORMLANDS-2
L0ZM0,HOARE
Z0FA40FALOL,RIVERLANDS-1
80LFALVVL,#N/D
80L9404L,STARKS
VV4L890,IRONISLADS
L9LZ90,STORMLANDS-2
LLOV9L4LLO,IRONISLADS
L90VZ00FA,CROWNLANDS
L00FAZMZ8,DORNE-1
VZ0LLZ0,IRONISLADS
L8Z98Z9LO,RIVERLANDS-1
LLO4VV0L4,STORMLANDS-1
L88FALOFALFA,DORNE-3
900LO0LO4Z,RIVERLANDS-1
L9VFA9LFA8,DORNE-3
L90ZMV4Z,HOARE
FA00V000V,IRONISLADS
L00Z9L0V,HOARE
L8Z9VVZFA,DORNE-3
V00LL9VZ,RIVERLANDS-2
FA0LLLO440,#N/D
LVL4V0,STORMLANDS-2
80FA0FA08,#N/D
L9VZ9Z80,IRONISLADS
800V4LL0,STORMLANDS-1
L94800V8,#N/D
LLO8Z0L0LO,IRONISLADS
Z00Z940Z,RIVERLANDS-1
L98LOL9,DORNE-1
L08LO8L,DORNE-1
LLOVLOL4LLO,STORMLANDS-1
LLOVLOL4LLO,STORMLANDS-1
LZV8LOL00,IRONISLADS
L40ZLOV8V,RIVERLANDS-1
LO0L4949L,NULL
L49FA08V0,HOARE
LFA8LLO8FA0,DORNE-3
8LOFA9VV0,HOARE
L4FAZL9,DORNE-3
L94LFAZML,#N/D
V00V0LO04,STARKS
Z0VZ09L0,RIVERLANDS-1
L90L088L,STORMLANDS-2
80VFA40FA,HOARE
L8L0L488,HOARE
FA0Z4V004,#N/D
L00LO09ZZ,DORNE-1
Z0V89ZV8,DORNE-3
988LO48V,IRONISLADS
L0VLFA8LL,NULL
L40FAZZ9L,DORNE-1
ZZV48908,NULL
900LOZ88,DORNE-1
L9FALLOFALO0,STORMLANDS-2
LVL0000V,NORTH
L8LL9L0FA,HOARE
L0880LOL0,NORTH
V0LO0L0,CROWNLANDS
L9FA8LO008,HOARE
LZZLOFA0ZZ,STORMLANDS-1
9V04V,STORMLANDS-1
LVZ0008L,IRONISLADS
L9LO8L4VL,STORMLANDS-2
L90Z0FA08,NORTH
900FALOFA49,#N/D
LLLOZZVZ8,#N/D
L4L98V,DORNE-1
L00LV00L,#N/D
FA0FA000LFA,#N/D
LLOZLL8ZFA,NULL
FA0440Z0LO,#N/D
L0LV9LLO0,#N/D
80LZ4FA0LO,NULL
L8V4FALV0,#N/D
L0ZLV8LO4,IRONISLADS
LVLLO8L0FA,DORNE-1
ZZZ0948V,NORTH
V0Z04LO00,REACH
LLO949LO94,DORNE-3
V0ZLZLZ4,REACH
ZZ08FAFAFAL,DORNE- 2
V90LFAZ0,HOARE
80FA4L80,HOARE
8804404,DORNE-1
LO0490LO0L,AEGON
L400ZFA00,RIVERLANDS-1
LFA8LO0L84,HOARE
L9LVZMLZ,IRONISLADS
L00LO0VFA9,STORMLANDS-1
LFAV4VFAV0,HOARE
Z09L88LO9,RIVERLANDS-2
L0FA9848FA,NORTH
LO0Z088V0,AEGON
L80VZVLO9,HOARE
LZL0ZLLOFA,RIVERLANDS-2
FA0FAL0000,#N/D
L984L88L,IRONISLADS
LZMLOFA9LO9,DORNE-1
L049LOZ,DORNE-3
LV90VV0V,DORNE-1
ZZV0VVLO4,DORNE-1
84009LO9,DORNE-1
LV9FA9000,NULL
L0FAFA04ZFA,CROWNLANDS
L4040FA88,IRONISLADS
V090LFA00,REACH
L8009VZV,STORMLANDS-1
L8LOZZM8L,#N/D
Z00V09VFA,DORNE-3
LFALFAL8FA4,#N/D
LZLO40Z80,REACH
L0Z9L8,RIVERLANDS-1
LLOFAVV44L,STORMLANDS-1
Z04L8048,DORNE-3
LLZ00Z0V,DORNE-3
L944V0Z0,DORNE-3
L9V0LLVL,RIVERLANDS-1
ZZLO09VV8,STORMLANDS-2
LO0L9FA8L4,CROWNLANDS
V090LOFA00,REACH
L800FAFA40,#N/D
L94ZLFA4V,NULL
8LFA44VLO,HOARE
LFAFA94L4V,STARKS
LFAVZV9FA0,HOARE
80L800LO0,STARKS
800V0888,NULL
ZZFA9LO0FALO,NORTH
Z00V09VFA,DORNE-3
FA00V8VLOZ,HOARE
LFAZLOZ0,REACH
Z0FA8L00V,RIVERLANDS-2
LFA9FAL09V,STORMLANDS-1
L0FA9ZL00,STORMLANDS-1
LLVFAL0ZFA,NULL
FA0VLO4LOL0,#N/D
LVVLO8V80,RIVERLANDS-2
LZZL0490,DORNE-1
LZL4Z08LO,HOARE
LV09049Z,#N/D
L080L08V,CROWNLANDS
L8LO8V4FA0,DORNE-1
ZZ0LOLFA4Z,NORTH
LV049FA49,DORNE-3
LZ90FA0LV,REACH
FA0LZLOLFA0,#N/D
L80LO0L,HOARE
Z0ZZL0FA9,RIVERLANDS-2
V0LFAZLO8L,DORNE-1
LL04Z0FALO,STORMLANDS-1
9V4V4L8,RIVERLANDS-1
L9VFA9LFA8,DORNE-3
V00FAVZLO9,DORNE- 2
LO0ZLVLLV,DORNE- 2
L8FA90FA49,STORMLANDS-2
LFA844FA00,DORNE-1
L9FAL0L04,STORMLANDS-2
LLOV0V48Z,REACH
LZLO04FA90,IRONISLADS
LZ0489ZM,RIVERLANDS-1
FA0Z89004,#N/D
L0ZLO48,NULL
FA00LOV0VFA,#N/D
FA0L94L04,#N/D
FA0LLO9LOFA9,#N/D
L8V8ZLO88,STARKS
V08V08V0,REACH
L0V444LZ,DORNE-3
L9ZM90LO0,HOARE
L4L0LOL90,REACH
L48LO0FA94,STORMLANDS-1
8LLO8448,HOARE
LZ00ZLO40,IRONISLADS
80L8Z4FALO,#N/D
V0ZLOZ894,HOARE
LVL0000V,NORTH
L40ZM808,IRONISLADS
L9LO8L4VL,STORMLANDS-2
L9LOV489LO,RIVERLANDS-2
LLOFAZ80V8,RIVERLANDS-1
LLOFA0FAZ04,STORMLANDS-2
L9FAVZVLFA,REACH
LV0098LO9,HOARE
L08ZMZ,RIVERLANDS-1
LO0ZVLVZ4,RIVERLANDS-2
L9LLL040,STORMLANDS-1
L8FA909Z0,HOARE
L800494FA,IRONISLADS
90L4V8,#N/D
L4LO0LLV9,DORNE-1
L8LO4L0VL,HOARE
L40LZL00,DORNE-1
L800L4V4,STORMLANDS-2
LLOV0VLOL9,IRONISLADS
VZFAVZMV,HOARE
LO0LOVLOL98,AEGON
LV9FA40FAV,DORNE-3
LV89LOZ88,RIVERLANDS-2
900LOVZVL,#N/D
L4VLO8ZLL,DORNE-1
FA0LVZ00Z,#N/D
L9FA9ZV4V,HOARE
VVFAL889,HOARE
V00LVZM,IRONISLADS
L8ZFAZ0LV,HOARE
L8VV0ZVZ,NULL
L4FALOZZ44,STORMLANDS-2
LZ48V88V,STORMLANDS-1
FA0LVZ8LO9,#N/D
L8FAZ00FAFA,REACH
Z00ZM00FA,STORMLANDS-2
L808V8Z9,IRONISLADS
L494Z4VLO,IRONISLADS
L84VVL98,IRONISLADS
L8FA4FAZZL,STORMLANDS-2
LLLOVZ0LO0,HOARE
494FA40,DORNE-1
L9LOLZ49FA,STORMLANDS-1
LZZ0LFAV0,STORMLANDS-1
L90L044V,CROWNLANDS
LLZ49FAFAL,DORNE-1
LZV9L0VV,RIVERLANDS-2
L0VV4FAZ8,NORTH
L849LZZ4,DORNE-1
LZFA88Z00,IRONISLADS
L949V4V9,STORMLANDS-2
LLOFA0Z00LO,HOARE
V049ZVFA8,REACH
L0VFA04LO9,STORMLANDS-1
LZ8LOVFA08,DORNE-3
FA04444Z0,#N/D
ZZFA40009,RIVERLANDS-2
V0VZLOL00,STORMLANDS-2
900ZL9Z,HOARE
8ZFAFA9LO0,IRONISLADS
L0Z9V0VZ,DORNE-1
LL4VLO9LZ,NORTH
L0LZZ44L,NORTH
FA00LOLL9FA,IRONISLADS
L49FA0FAFA0,REACH
88VZZ08,DORNE-1
LV40009Z,DORNE-1
L0L49000,STARKS
900LO4L89,#N/D
LVLOL98LV,RIVERLANDS-2
LLO940Z0Z,RIVERLANDS-1
FA0LLLO9LO4,#N/D
LL00FAZ09,RIVERLANDS-1
80LFALFAFAV,#N/D
LZV804,STORMLANDS-1
V0LFAFA4V,DORNE-1
LZ9FA90FA4,IRONISLADS
LZZMZM09,#N/D
L9FAZLO880,STORMLANDS-1
L9LO40LZLO,STARKS
L00VL880,HOARE
8LL00LOL,IRONISLADS
80L4L0Z,HOARE
L9FAZFAZZV,STORMLANDS-1
L890L880,#N/D
L8VFA4LO8L,NULL
L8VFA4LO8L,NULL
Z00FALO04FA,RIVERLANDS-2
L9L04LO4V,CROWNLANDS
L8FAFALLL0,NORTH
ZZ0ZLOV00,NORTH
L940004Z,RIVERLANDS-2
L8LO448L0,REACH
V0LOV4488,REACH
V00Z8ZZ4,RIVERLANDS-2
LL90LOV0L,STORMLANDS-1
L9LO808FA8,NORTH
LVFA0FA9,IRONISLADS
LV88488L,CROWNLANDS
FA0FA0LOLFA4,#N/D
VFA08ZM0,HOARE
L8FA000V4,DORNE-1
LZMLO4098,REACH
L9FAFA809V,RIVERLANDS-1
LZLOFA4L,DORNE-1
L4009ZM0,STORMLANDS-1
Z0LO8Z980,DORNE-3
V800ZL4,HOARE
L9LO0FAVZZ,DORNE-1
V800ZL4,HOARE
L9V4L0VV,IRONISLADS
L09LO,STORMLANDS-2
LZ89V009,NULL
FA0480FALOL,#N/D
L90VZ8LLO,DORNE-1
LFA0FALO4FALO,NORTH
L009004V,DORNE-1
L0FA9L40LO,DORNE-1
Z0LO4VFAL8,RIVERLANDS-1
V0FAV98FAL,STORMLANDS-2
L8004988,STARKS
LZFA9LZL0,STORMLANDS-1
L4L0VL49,RIVERLANDS-1
9V4LFAFA0,IRONISLADS
V004ZM49,RIVERLANDS-2
V0848LLO9,REACH
ZZLLZLVLO,NORTH
FA0L9L4L9,#N/D
L9LOLLO84FA,NULL
LLOZLV8LO9,IRONISLADS
L4LOZ9VLO0,STORMLANDS-1
LL0LVLZLO,DORNE-1
LL04Z0FALO,STORMLANDS-1
LVLO0V4FALO,STORMLANDS-1
LVFA4Z4FA8,#N/D
LZ804LOFAFA,DORNE-1
FA0FALO0V04,#N/D
L449ZFA44,DORNE-1
L0880L4Z,STORMLANDS-1
988L80,IRONISLADS
FA0449V89,#N/D
L8ZZ8090,NULL
8FAZZ8LO4,DORNE-1
L9FAZ090FA,NORTH
L9FAFA0FAFAV,DORNE-1
ZZLFA04,NULL
L90FA408L,DORNE-1
L48ZZFALOZ,HOARE
LVLO98LO,#N/D
L0V0FAZLFA,DORNE-3
ZZZFA4L4V,NULL
L89FA0LLO0,RIVERLANDS-1
LZZLO0ZM4,HOARE
LO0490800,AEGON
V0LVZFA8L,RIVERLANDS-2
LVFA8LV04,STORMLANDS-2
LV9ZLO04LO,#N/D
LVZ40V40,NULL
ZZZ040LOV,DORNE- 2
FA4FA80,HOARE
LVZFAVFAFALO,STORMLANDS-1
FA04V0FAFAFA,#N/D
L090L44LO,NORTH
LFAZVL9LO4,RIVERLANDS-2
L8L0Z890,NORTH
Z0LOFAVVV9,DORNE-3
ZZVZM8VZ,NORTH
LFAVV94Z8,DORNE-1
LVFA0480V,STARKS
L80ZVZV0,NULL
LZ0L0V,HOARE
FA0L0FALOZV,#N/D
LLV4Z08V,DORNE-1
VZFA0LOZ0,DORNE-1
LVL04ZZV,IRONISLADS
80L888FA,IRONISLADS
Z0FAZV9FA4,DORNE-3
L9LOFA8ZM0,CROWNLANDS
LO0ZLO0Z9FA,RIVERLANDS-2
L8L0L488,HOARE
V00V008V,STORMLANDS-2
L90L0V89,STORMLANDS-1
L8FAL0004,#N/D
L4L0FAFA0L,HOARE
84LO4VFA8,IRONISLADS
V000LV90,#N/D
LZM840V0,STORMLANDS-1
44LO4FA8,IRONISLADS
LVZ0L8Z4,IRONISLADS
L00L4FA89,DORNE-1
LLOVLO0FA0LO,REACH
LLO8ZV90L,NULL
V0LOZL,DORNE-1
80L0ZZ04,NULL
LVVFALO90Z,NULL
LLVVFAZM8,DORNE-1
L9V8ZVFAFA,RIVERLANDS-1
V0Z8FAVFAL,HOARE
ZZ08LLO0V,NORTH
ZLO4LO49ZL,IRONISLADS
LZMVL0Z9,NORTH
8000V80L,NULL
V0FA449FA,HOARE
LLO8LO9FALOL,HOARE
L9ZZ0Z09,STORMLANDS-1
LL0LO88,RIVERLANDS-2
LLOZ00848,DORNE-3
LLFA00000,STORMLANDS-1
Z04LO0V0L,DORNE-3
L9LFAL880,DORNE-1
L8ZM49V9,NULL
V00Z8ZZ4,RIVERLANDS-2
V098L4ZZ,STORMLANDS-2
FA0LO0ZL4Z,#N/D
L0FAZV444,STORMLANDS-2
Z00V8LO09,DORNE-3
9LVZ4LOV,IRONISLADS
LLOFA009Z0,IRONISLADS
LZV9V0L9,HOARE
LLFA9LOZLV,NULL
Z0LV0L90,RIVERLANDS-1
VL0LO8FAV,DORNE-1
LLO09L490,NULL
8LO44900,DORNE-1
LZ08LO988,HOARE
LFAL890FAFA,STARKS
V4084VZ,HOARE
FALOV80L8,HOARE
L8V0ZVV4,NORTH
VLOVLO898,IRONISLADS
L0FAZ80ZFA,STORMLANDS-1
ZZ08LLO0V,NORTH
L480Z9FA0,HOARE
80L0009,DORNE-1
8V49FAV0,HOARE
LZMLO4098,REACH
L8080V88,NORTH
900FA0LV4,RIVERLANDS-1
LV49LLO4FA,STORMLANDS-2
ZZ48VZMFA,STORMLANDS-2
LLOZ4098FA,REACH
Z0L0LO4LO8,RIVERLANDS-1
LZMLOLL4LO,DORNE-1
V9LOFAZ98,HOARE
LZ0LO8FALOFA,IRONISLADS
LL9Z8V40,STORMLANDS-1
LLO80LFA0L,DORNE-3
LZFA9LFAFAV,REACH
FA0LL9VLOL,#N/D
LVVLO9898,DORNE- 2
L94ZLFA4V,NULL
L800L4V4,STORMLANDS-2
L8ZLOZ8V0,HOARE
L880LO8L8,#N/D
LFA4L0LO9L,RIVERLANDS-2
FA048V9FA0,#N/D
L9FAVFALZL,STORMLANDS-1
L9VFAZ4V8,DORNE-1
LO009040V,CROWNLANDS
LV8ZLZM0,DORNE-1
LZ9LZLOZLO,DORNE-3
Z0LOLLO0VLO,RIVERLANDS-2
V00L0V44,RIVERLANDS-2
LLO98FA4V4,HOARE
900LOV0LO8,#N/D
L9LO9Z00Z,DORNE-1
L00LO8LO0V,DORNE-3
LL49Z8Z8,IRONISLADS
LLOV40LV0,CROWNLANDS
LFA0804,CROWNLANDS
8040984,IRONISLADS
LVL4V0,STORMLANDS-2
LV4FAFAZ04,NULL
L8V80FA04,RIVERLANDS-2
ZVLOL8LLL,RIVERLANDS-2
L904Z0Z0,CROWNLANDS
FA0FAV0L98,#N/D
ZZ0ZLOV00,NORTH
LO0LO40FA0V,DORNE- 2
FA0084L9V,NORTH
L94000,IRONISLADS
L840LLFAFA,#N/D
L088LOL,IRONISLADS
L8L0LO08Z,REACH
LV9V8LO,HOARE
L9FALO98ZFA,#N/D
L90900LV,HOARE
L80LLOZFA9,NULL
Z0FAZFALOL0,RIVERLANDS-2
V0L9VVZ,DORNE-1
LZLOFA0880,RIVERLANDS-2
L0LOVZZ48,IRONISLADS
L90V4VVFA,RIVERLANDS-2
FA0L0LOZZM,#N/D
L4VLOFAZ,REACH
FA09L80VLO,#N/D
L04040VV,IRONISLADS
LVV9LFAZZ,DORNE- 2
FA0FA0400L,#N/D
LV908000,DORNE-1
LZ9VLZ8V,RIVERLANDS-1
LV9LOLL90,DORNE-1
9000440LO,#N/D
LO0ZL8Z88,DORNE- 2
LO0FAFAV9FALO,CROWNLANDS
LFALO9FA8ZLO,DORNE-1
V0008Z,RIVERLANDS-2
LZLLO0ZM4,DORNE-1
L8L0L004,HOARE
Z000FA888,DORNE-3
LFAFA00V49,DORNE-1
8009Z000,STARKS
LLO9ZV4,STORMLANDS-2
L944LZLOFA,NULL
V4V000LO,IRONISLADS
L4808ZZ8,IRONISLADS
LLO80L8FAV,DORNE-3
L80V0L9Z,IRONISLADS
9000L8FA,HOARE
90080FA0,IRONISLADS
L94L9L88,HOARE
V0L4LO4LO0,RIVERLANDS-2
LO0ZVLFA4L,RIVERLANDS-2
L8FAFA4000,DORNE-1
L9FALOLLOLFA,RIVERLANDS-1
800L4L8FA,NULL
900V89VFA,#N/D
ZZL909LO0,IRONISLADS
LO0Z984V8,CROWNLANDS
LLLOV880LO,STARKS
Z04080LV,DORNE-3
L98FA84,#N/D
LV9LO9098,#N/D
L8LOLL8LO0,REACH
LVVFA800Z,IRONISLADS
Z00FA0LO98,RIVERLANDS-2
FA0LLOZLFA8,#N/D
L9ZFA0800,NULL
L9LO4FA4L4,HOARE
LLO4LFALO4FA,DORNE-1
L840LO90L,DORNE-1
L9LLOFAVV8,NORTH
LV4ZMV0FA,DORNE-3
L0VFALL80,DORNE-1
L8LO0VLV4,DORNE-1
L49FA0LOVLO,STORMLANDS-2
V04LLOL8Z,STORMLANDS-2
L9V4L940,NULL
VL4ZL00,IRONISLADS
L0LLV8FA0,RIVERLANDS-1
LVLOL0VZLO,AEGON
L9ZMLO04FA,DORNE-1
L400Z080,STORMLANDS-1
LZLOVLO9VFA,STORMLANDS-1
LZVFA0LO0FA,#N/D
Z0Z9Z4VL,DORNE-3
Z0VL000Z,#N/D
L9FALO0FA,#N/D
LV04LO0VV,DORNE- 2
V0ZFA0LO84,REACH
L88VFA089,#N/D
FA0LOZ0Z04,#N/D
LV4V088V,#N/D
ZZ004L9V,STORMLANDS-2
L48LOLFA9L,IRONISLADS
LV4Z0V44,HOARE
LLO0FAL0,NORTH
L90LO0Z4V,#N/D
FA0ZLVLL4,#N/D
LLOL4VLL0,NULL
ZZZ8LO84Z,NORTH
LFAZV8LO,NULL
L04FAV0FA4,IRONISLADS
LO0LOFA0VFAL,DORNE- 2
LL0LOL94Z,DORNE-3
LFAZLO0V,REACH
L94LFA4L9,IRONISLADS
L8L40Z49,IRONISLADS
LO0ZLLOVL4,#N/D
9LOZ0FA08,HOARE
LV8Z0ZL4,NULL
800L4LFAL,STORMLANDS-1
LO0FA884FAFA,NULL
LLO8LO0FAFAFA,DORNE-1
LO04L48VLO,#N/D
L8880L,#N/D
FA0FAV04Z4,#N/D
L8LOZLO090,#N/D
L84LO0ZLOZ,HOARE
FA0LFA440LO,#N/D
V0ZLLZ,CROWNLANDS
L9FAV00Z8,HOARE
L88Z80,DORNE-1
FA0FAFA900V,#N/D
900Z89FAFA,#N/D
Z00V8L8LO,DORNE-3
VLZMFA09,IRONISLADS
LZM4LV,NULL
LFAFALO0L8Z,DORNE-3
Z00V9ZFALO,RIVERLANDS-2
ZZ00ZZ0L,NORTH
LV48LZ8LO,IRONISLADS
LLOZFA8LOZZ,HOARE
8FA00LZFA,IRONISLADS
FA0FA4V9Z4,#N/D
800LOLLOLL,NULL
LZLL88LOV,HOARE
LV000LO,RIVERLANDS-2
LLO48Z8V8,STARKS
Z0404049,RIVERLANDS-1
LVLVZFALO9,STORMLANDS-1
80004FA0L,STORMLANDS-1
LVFA0L0Z9,STARKS
L0LZ0VVV,RIVERLANDS-2
LZLV9ZLLO,HOARE
LLOFA808L4,STORMLANDS-2
L984L88L,IRONISLADS
LO04LO0ZLFA,CROWNLANDS
FA0V8ZM00,#N/D
9404VV8,IRONISLADS
4V40ZVZ,HOARE
L9889LV0,STORMLANDS-1
LLO80FA9L9,RIVERLANDS-2
FA0FA00ZVFA,#N/D
FA0FAL8ZM0,#N/D
9LO88ZLZ,DORNE-3
L80V8V00,RIVERLANDS-1
LVZM04Z9,STORMLANDS-1
V0908VFALO,REACH
LO0LO44ZLO0,AEGON
LO0LO0V844,CROWNLANDS
L4VV9LO90,RIVERLANDS-2
900009Z0,#N/D
LO008ZZ04,NULL
LFALO9VZM9,IRONISLADS
Z0VL000Z,#N/D
LO0LOL9044,REACH
L800VLOL0,IRONISLADS
94Z40ZZ,HOARE
FA0ZLO9Z80,#N/D
ZZ0LO9V8Z,NORTH
80088LFA,HOARE
LO00FAVZ09,CROWNLANDS
L0094LFAZ,IRONISLADS
LV000V00,STARKS
LO0LOLV400,AEGON
Z0L9ZLO8FA,RIVERLANDS-2
LO04FA900L,AEGON
LLO8Z000Z,STORMLANDS-2
LZ0804LOZ,NORTH
LZFAZVVL9,NULL
8FA9V9Z0,IRONISLADS
L94900FAFA,STORMLANDS-1
LLO8V0090,NORTH
V0ZM404L,NORTH
L9VFAFALO89,RIVERLANDS-2
ZVLOZ9L9V,RIVERLANDS-2
V09FAV4LOZ,REACH
LO00089L8,CROWNLANDS
L9048VLFA,STORMLANDS-2
V00VL980,STORMLANDS-2
V094LV88,REACH
LFA8LO89FA8,IRONISLADS
LVLO0ZZ9V,DORNE-3
L0Z80ZLV,STORMLANDS-1
LZL0LO940,CROWNLANDS
V0V490L9,STORMLANDS-2
L0FA0Z0LO8,#N/D
L9FA9ZLO84,REACH
LZV4FAV09,HOARE
LV9FA4L8LO,HOARE
L8LL8440,RIVERLANDS-1
L9VL0L09,HOARE
L000V0,HOARE
L900Z900,IRONISLADS
LFA4ZZL00,#N/D
909FA440,DORNE-1
V0089V9L,RIVERLANDS-2
LLO0LOV400,HOARE
L8LO09049,RIVERLANDS-1
LZVLOZ8L0,DORNE-1
LV4FA84,DORNE-1
L4808Z,NULL
LVLOLV0LOL,HOARE
ZFA80L,HOARE
LZMLOLL4LO,DORNE-1
LVL900LO8,DORNE-1
90004Z8V,#N/D
LLOLLFAZ88,HOARE
L9LOV0L08,REACH
LZ4FAV904,HOARE
LO0LV0908,CROWNLANDS
ZZLO8FA8FA4,DORNE-1
Z00LV4,RIVERLANDS-1
L89004LOZ,RIVERLANDS-2
4840LLV,IRONISLADS
LLO9LOZ8L0,STORMLANDS-2
L9L09LLV,NULL
L408ZM04,NORTH
L848LOVZ0,IRONISLADS
L444FAFA80,RIVERLANDS-1
LLO04FA9FALO,NULL
L8LVLO944,STORMLANDS-2
LZLO0FAL4L,STORMLANDS-2
L8LLOZL,RIVERLANDS-1
LVFA9FA0LOL,STORMLANDS-1
VVVVFAZM,IRONISLADS
800LOL9ZV,STORMLANDS-1
L9ZLVVVLO,REACH
LO04ZLFA8LO,CROWNLANDS
L890FA0L9,RIVERLANDS-2
L9LO0FA840,DORNE-3
L80V40ZLO,IRONISLADS
L0Z9044Z,RIVERLANDS-1
L9FA8V0L0,DORNE-1
ZZL404VV,RIVERLANDS-2
LLOZFA00FA9,NULL
L940VLO08,HOARE
FA0ZFA9884,#N/D
LLO49V44LO,STARKS
9Z4LLO4L,IRONISLADS
ZLOFA44VV0,IRONISLADS
LV8FAZZV0,STORMLANDS-1
FA00LLL0FA,#N/D
L900FA0FAFA,NULL
LFALLO0LZLO,HOARE
L4008FA90,NORTH
L84L0440,RIVERLANDS-2
V0Z00FA00,REACH
L00FA8ZL9,RIVERLANDS-1
9004FAL89,#N/D
LVZL0908,NORTH
84L90LO8,HOARE
LVZ00ZLOV,REACH
L409V80LO,RIVERLANDS-2
FA00LV0ZV,#N/D
LVL490LLO,DORNE-1
LZLOLFA00L,REACH
LFALL90VV,RIVERLANDS-1
LZFAVZZZL,STORMLANDS-1
L9LOFAFALOZL,REACH
LZ0L0LLO4,STORMLANDS-1
ZZLO4FAFA8V,STORMLANDS-2
900988V4,#N/D
LO0ZLOVV08,RIVERLANDS-2
L8FAFAVFA,NULL
V080400Z,REACH
LZL4Z08LO,HOARE
800V9ZV4,STORMLANDS-1
V004ZM49,RIVERLANDS-2
LZ88LO0,HOARE
L8LO09FA,RIVERLANDS-1
L94FA8FA9FA,DORNE-1
LVL8L8VFA,STORMLANDS-2
L0FAZ80ZFA,STORMLANDS-1
Z0ZMZ0FAFA,RIVERLANDS-2
9FALO00,IRONISLADS
9004FA4V0,#N/D
L90LO4V40,HOARE
L4LO40L00,HOARE
80L0ZM9FA,NULL
L04009L0,DORNE-1
Z0VFAFA848,RIVERLANDS-1
L8V90ZFALO,STORMLANDS-1
LFAV8FA0ZLO,DORNE-3
FA00484FAFA,CROWNLANDS
L8L88VFAZ,IRONISLADS
L80L0Z8FA,STARKS
L49LFA08LO,HOARE
L8LOZZ04Z,DORNE-3
Z089LOFA8V,DORNE-3
V00LO0VFA,HOARE
L809V00Z,DORNE-3
L49LFA08LO,HOARE
LLL0VZFAZ,HOARE
ZZ08FA0LO4,STORMLANDS-2
L9VV9LO08,DORNE-1
LLO448L9Z,DORNE-3
LLLO48LFA0,RIVERLANDS-1
L0080LZ4,IRONISLADS
LVLO0L094,#N/D
V08904V0,STORMLANDS-2
L4FA88Z4Z,REACH
LLOZZZ8LZ,REACH
8LOLL4,HOARE
L8LO9LVZZ,#N/D
LO009040V,CROWNLANDS
L9LOVFAZZ4,DORNE-3
L80ZLO8LOFA,STORMLANDS-2
LL49LZLFA,DORNE-3
L8VL809FA,#N/D
ZZ00L0LL,STORMLANDS-2
LO0ZZ48V0,REACH
L8LLO9Z0LO,DORNE-3
L8LO9LVZZ,#N/D
9004LO4ZFA,#N/D
FA0LZZLV0,#N/D
LLO0Z80L0,STORMLANDS-1
L0000L,RIVERLANDS-1
LO0LOFA0V0V,AEGON
L9ZLOZ49L,STORMLANDS-1
LVLV9Z84,CROWNLANDS
L009Z08V,STORMLANDS-1
LZV0840Z,REACH
LV9V9L9V,STARKS
9000V9ZM,#N/D
LFA098844,HOARE
9V8Z4,RIVERLANDS-1
LV904009,NULL
90LL40V8,#N/D
L0FA0L000,IRONISLADS
LZM4VLFA4,STORMLANDS-1
80LL0VV,DORNE-1
LO0LVZMZZ,NULL
L0LO0LFA0V,DORNE-1
L4FA0FAZFA4,STORMLANDS-2
LO48Z409,IRONISLADS
L8FALO90LO0,STORMLANDS-1
LVL9LLOL0,STORMLANDS-1
LFA4084V9,STORMLANDS-2
9Z0Z0Z0,IRONISLADS
L4LO9L800,NORTH
L0LOLZZFAL,STORMLANDS-1
LZ9LLLFA0,#N/D
FA0ZL48LFA,#N/D
V08FAVFALO8,REACH
V08FAV8Z4,REACH
L8ZVLZZV,IRONISLADS
LV0L4V0LO,#N/D
V09VV9LZ,STORMLANDS-2
LFA44V48L,#N/D
LVL9ZLFA8,NORTH
FA0L0LO8L9,#N/D
L8VFAZ980,CROWNLANDS
L4LO4FA8FAZ,IRONISLADS
L8VZL0L9,RIVERLANDS-1
LFA4449VV,IRONISLADS
ZVZLZ89V,DORNE- 2
L0V0V4V0,STORMLANDS-2
L9LO0V009,RIVERLANDS-2
L8LOV80V0,STORMLANDS-2
LZ404FALO9,HOARE
V0890,STORMLANDS-2
FA0ZVZFALFA,#N/D
L0Z8FAFA4Z,CROWNLANDS
L940FA0VL,#N/D
L9ZV00Z9,DORNE-3
L8FAZZLO00,DORNE-1
FA0Z0004FA,#N/D
LO0ZFAFA4ZV,REACH
LLO44040FA,REACH
L09LO80L0,IRONISLADS
L00VZVLO0,DORNE-3
LZZVZV90,REACH
LFAFA9800V,DORNE-1
FA0FAL9L80,#N/D
LLOZFA8LOZZ,HOARE
L9LLOLZFA8,STORMLANDS-2
L848ZM,STORMLANDS-2
8004FAZ9V,NULL
L8LL4LVZ,RIVERLANDS-1
LFAV40VFAV,DORNE-1
LFAFA8VLVL,IRONISLADS
LLOZZL0FAZ,NULL
V00FAV4LO8,DORNE- 2
LZMLOVFAZ8,STORMLANDS-2
L0L8ZZ84,DORNE-3
8Z9LL90,HOARE
L0009ZLL,STORMLANDS-1
LO0ZL88Z0,DORNE- 2
L084V8LOV,IRONISLADS
LO0LO040ZFA,CROWNLANDS
LZ0VFAV0L,#N/D
L900L0ZZ,DORNE-1
LV80800L,RIVERLANDS-2
Z0LO9000FA,DORNE-3
Z040ZV8L,RIVERLANDS-2
L908LOFALOZ,NULL
LLO0FA44VFA,STORMLANDS-2
L9FAZ090FA,NORTH
V0LFA944LO,RIVERLANDS-2
LZZ00VVL,HOARE
FA0040FALO8,DORNE-3
LZL8409V,STORMLANDS-1
LZZ04FA0LO,STORMLANDS-1
LZM00LOLV,RIVERLANDS-1
V0804LOLV,REACH
8L04904,IRONISLADS
L94Z08LO4,DORNE-3
LLO4LZL,IRONISLADS
LZLLOZ89V,HOARE
FA0L08FAVL,#N/D
LVFA900Z9,NULL
V8840LZ,HOARE
9V4V4L8,RIVERLANDS-1
L94940LFA,HOARE
LFALO040Z9,DORNE-3
L8V4V8VV,STORMLANDS-2
LVVZ44LV,NORTH
LL4LLO004,STORMLANDS-1
LO04LZ0LO8,DORNE- 2
L8LLVL4FA,STORMLANDS-1
LFAV9Z4V4,NORTH
L9L04VLO4,#N/D
LV4FALFA8FA,DORNE-1
Z0Z88Z,DORNE-3
FA0LFA08LLO,#N/D
LO04FAZV4LO,AEGON
L8848LOZZ,HOARE
LZVVLOV00,IRONISLADS
ZVZMLO8LZ,NULL
L9ZVLVLOFA,REACH
L9LO0LV48,HOARE
LLVVFAZ9Z,STARKS
LVV909FA0,STORMLANDS-1
Z0FAV0L90,RIVERLANDS-1
L9FA9ZV4V,HOARE
L08LOZ8FA9,IRONISLADS
ZZFA9LO000,NORTH
L8LOFA0FA00,NULL
FA00LO0Z0Z,DORNE-3
9V00FALOFA,DORNE-3
L9ZLO8LO8V,RIVERLANDS-1
L80LOLL0L,STORMLANDS-1
8FAL004FA,HOARE
8098FAZZ,DORNE-1
L89Z8948,REACH
LLO09FA80V,DORNE-3
LO0Z0LFA8Z,AEGON
LO0Z980ZM,REACH
LO04LOFA890,CROWNLANDS
ZVLO84Z80,RIVERLANDS-2
ZVLO480V9,NULL
L9LOFAZZLOFA,RIVERLANDS-1
90FAV090,HOARE
L9Z80Z04,DORNE-3
FA0VFA8FA4Z,#N/D
90V08FA8,HOARE
L80ZVZV0,NULL
L4FA09ZZV,#N/D
8004LFA9,IRONISLADS
L8FA0FA49LO,#N/D
L98FA4FA0FA,DORNE-1
LFA9LO4404,HOARE
LVFA9LZ80,CROWNLANDS
LO0LO04L09,CROWNLANDS
L0800LZ9,STORMLANDS-2
L49LFA08LO,HOARE
V4V84FAZ,DORNE-1
V0090808,RIVERLANDS-2
V04ZV9,STORMLANDS-2
L84Z4ZML,STORMLANDS-2
V0FA8VVV8,STORMLANDS-2
L0LOV9FA4FA,STORMLANDS-2
L9LLO0LLO4,NULL
8FA9V090,DORNE-1
LLOVFALO49LO,RIVERLANDS-2
L094Z4LOV,CROWNLANDS
LVFA48889,REACH
LOZLO40,IRONISLADS
L90Z0FA08,NORTH
LO0ZFALOVLOL,AEGON
LLZZM0,RIVERLANDS-2
LLOVLLOL0V,CROWNLANDS
LVL0L800,NORTH
L0VV8LO40,HOARE
L9Z0VLO08,AEGON
FA0Z0LL4Z,#N/D
LZL80LO00,DORNE-1
8LOL4409,IRONISLADS
LLLOLFAFALO0,STORMLANDS-2
LLO04LOL8FA,NORTH
L0ZLLV94,NORTH
FA0FALV00FA,#N/D
LO0L8LLOFAV,CROWNLANDS
8FA9ZLOZZ,DORNE-1
LFA8LZ090,HOARE
LV4VZ808,STORMLANDS-2
LFA8LLO8FA0,DORNE-3
L48FA9LOL8,HOARE
LVL8ZFALO8,NULL
LO04LOFA8,CROWNLANDS
LVLOZLOLLOL,STORMLANDS-1
V0VZVLO08,STORMLANDS-2
LZ48LOVFAV,NULL
V0ZZ4L,HOARE
L4LO0400Z,HOARE
L00400FA0,STORMLANDS-1
LLO04LOL8FA,NORTH
LFAFA4ZV49,STORMLANDS-2
LZL8ZFA,CROWNLANDS
L9FA0LLZ9,RIVERLANDS-2
LFA04Z0L8,HOARE
V0VFA40V0,NORTH
L09VLOL8L,STORMLANDS-1
LFA8FA04V4,NORTH
V00Z900V,RIVERLANDS-2
L8LO4V8LFA,REACH
L4LO009FAFA,CROWNLANDS
L0FAZM0ZM,RIVERLANDS-2
L8440084,IRONISLADS
FA044088L,#N/D
80ZFA0LOL,HOARE
L84FALO0FAZ,HOARE
L8FAV9LZV,DORNE-1
8V044ZFA,HOARE
FA00Z0VLOV,STORMLANDS-1
80048FA8,IRONISLADS
L0VV8VLL,RIVERLANDS-1
LLOV4LV4Z,DORNE-1
FA0Z0FA0LO8,#N/D
L0Z80LO04,RIVERLANDS-1
L40V088L,IRONISLADS
LZ894FAFAZ,RIVERLANDS-2
LO0Z80Z9FA,DORNE- 2
LL089044,STORMLANDS-2
84Z9V9L,IRONISLADS
L4LV04VLO,IRONISLADS
V00FA98FAL,DORNE-1
LVFA8FAVZ9,RIVERLANDS-1
LV9ZVV4FA,REACH
LZLOFA4L,DORNE-1
L8Z9Z4Z8,#N/D
9444Z08,IRONISLADS
LO0Z80L4Z,DORNE- 2
LO0V890VZ,STARKS
LO0ZLOL900,RIVERLANDS-2
L0Z08LVZ,HOARE
V00LZLVFA,RIVERLANDS-2
LLO9V0000,NULL
FA0L0FALOZV,#N/D
FA00484FAFA,CROWNLANDS
L9ZLV084,DORNE- 2
L84LO9VZ4,DORNE-1
V04LOFA04L,STORMLANDS-2
80809LLO,IRONISLADS
LVV09FA88,HOARE
LO0FALO4LV0,CROWNLANDS
FA0VVZM84,#N/D
LLOLZL0Z9,REACH
84LZZFA8,DORNE-1
FA0Z4ZZFAL,#N/D
LO0ZV944Z,NULL
9ZZ0LV0,DORNE-3
LV08V0FA4,DORNE- 2
LO0Z9FAFALOFA,#N/D
80LV8FAZ0,NULL
L9VZ0LFA0,#N/D
LZ490LO8LO,RIVERLANDS-2
FA0LO08FAZ4,#N/D
L0004FAL9,STORMLANDS-1
LV409V,CROWNLANDS
9008LO09L,#N/D
L409V80LO,RIVERLANDS-2
L4LO90LLL,HOARE
L88LO08FAZ,DORNE-1
LO0L4FA0FA8,NULL
FA0LZ4LO90,#N/D
L90Z9LO0LO,RIVERLANDS-1
LVFA448,RIVERLANDS-1
L4ZZVL,REACH
L408ZM04,NORTH
LLOFA0LO094,NULL
L9VLVV00,DORNE-1
V8ZZZ40,IRONISLADS
L4LOZVL40,STORMLANDS-1
LZLOFA94,DORNE-3
LLZL00L4,RIVERLANDS-2
Z09Z0L8V,DORNE-3
L8080080,HOARE
ZZ4ZLOVL4,NORTH
4L4L4,#N/D
L98FA8LO9FA,IRONISLADS
90LFALOZV0,#N/D
V0008ZFA0,RIVERLANDS-2
80084000,STORMLANDS-1
FA0LZ0989,#N/D
8LLV009,IRONISLADS
LLVFA808FA,STORMLANDS-1
LV9ZLO04LO,#N/D
L488V80FA,HOARE
L44498FAV,STORMLANDS-1
LVZZLO40Z,STARKS
94Z4988,IRONISLADS
FA0ZLO8ZZFA,#N/D
L00L44FALO,STORMLANDS-1
LV909VV4,RIVERLANDS-2
LVFA9LO8LOL,STORMLANDS-1
LV9ZZ8V9,DORNE-3
L9LOV449Z,CROWNLANDS
FA0LO0ZVVLO,#N/D
800900LZ,STORMLANDS-1
ZZ0LL9FAV,STORMLANDS-2
L0Z90FAVLO,HOARE
LVZ480FA4,#N/D
L9V08049,HOARE
L0FA0089LO,STORMLANDS-1
L8LO908LO0,DORNE-3
Z0FA49ZV4,DORNE-3
V4V84FAZ,DORNE-1
FA008V89V,REACH
L0L4LOL04,IRONISLADS
V90LLOVV,IRONISLADS
LZ48LOVFAV,NULL
LLO89LL00,STORMLANDS-1
L89ZZ890,NULL
FA049V9ZZ,#N/D
80088V44,STARKS
ZZV94Z48,NORTH
L494Z4VLO,IRONISLADS
9LO084L,HOARE
L988ZLO8LO,STORMLANDS-2
FA004V8,#N/D
L8V4Z4LOV,RIVERLANDS-1
LV0080LL,NULL
LLOL04FAV0,RIVERLANDS-1
LO0400VVLO,NULL
L8Z84LLO4,DORNE-1
L9L8FAVLZ,RIVERLANDS-2
L0V00V00,DORNE-1
LO04V848Z,AEGON
LL40Z800,STORMLANDS-1
V4V000LO,IRONISLADS
LO0ZFA9LO89,AEGON
LFA08LO8FAZ,CROWNLANDS
LO0LVZMZZ,NULL
V0488888,REACH
V00L8LFA0,RIVERLANDS-2
LO0L00LZ0,NULL
V04ZFALV0,STORMLANDS-2
L0FAVLVLO9,STORMLANDS-1
L9V0Z8LO4,REACH
L80ZVZ0Z,NULL
Z0408L40,DORNE-3
L4FALO0L9FA,HOARE
L08FA8L9Z,#N/D
L8484804,DORNE-3
FA00L4FAV0,REACH
ZZFALO000V,#N/D
Z0ZFAV0Z8,DORNE-3
LLOVVFA8,STORMLANDS-1
L90V00LOFA,HOARE
FA049L4VFA,#N/D
L9LOFA9ZZ0,REACH
L80LVFAFA4,NORTH
L0LO048VZ,RIVERLANDS-1
L4849L40,NORTH
LLOV09L,#N/D
L8L89VZ8,#N/D
L98ZVFA8L,HOARE
LZ9LO94VZ,RIVERLANDS-2
LZFAZVVL9,NULL
LZZ0LFAV0,STORMLANDS-1
LL90ZV,RIVERLANDS-2
L9ZLFAL8LO,RIVERLANDS-2
L00LO09ZZ,DORNE-1
L0FA0089LO,STORMLANDS-1
L844LO4Z0,RIVERLANDS-1
L80909Z9,DORNE-1
Z0VVLL90,DORNE-3
LVZ040FA9,DORNE-1
9094LOL8,IRONISLADS
L448090FA,STORMLANDS-2
VZ9LOL08,IRONISLADS
L0Z0ZFA0FA,HOARE
LVV00Z98,STORMLANDS-1
LLO980LOFAZ,DORNE-3
LO04Z4000,CROWNLANDS
L04FALOVVV,REACH
LO00FA8V80,CROWNLANDS
ZZ0LO88FA0,RIVERLANDS-2
ZVZLZVZ0,DORNE-1
LV9Z9FA84,#N/D
LV89VZ44,DORNE- 2
L8LOLLFAV0,STARKS
LL09Z94L,#N/D
LZLVLOLLOZ,#N/D
L08LO94,STORMLANDS-1
900V04L,HOARE
900FA08LO9,#N/D
LZLO8VZMFA,#N/D
L4V98LO8L,CROWNLANDS
FA0084LFALO,DORNE-3
L89V8088,NULL
V0LO40Z4L,NORTH
L8Z4FAZ4Z,DORNE- 2
V0LO8V989,STORMLANDS-2
Z00FA0LO98,RIVERLANDS-2
LLO98049LO,DORNE-1
L88VL488,STORMLANDS-2
L9LLOFAVV8,NORTH
LFAZLOV4L0,REACH
9000V04FA,#N/D
L8LVLO944,STORMLANDS-2
VLV890Z,HOARE
ZZ00FA449,STORMLANDS-2
LFALOFAZM84,NORTH
L8FAZ800V,IRONISLADS
L44498FAV,STORMLANDS-1
L8Z98Z9LO,RIVERLANDS-1
V00LLOZZLO,NORTH
LFA0LO8FA44,IRONISLADS
ZZV08004,STORMLANDS-2
L90ZFA0,IRONISLADS
Z0ZM0440,RIVERLANDS-1
LO04FA4V00,DORNE- 2
Z0V4V04Z,DORNE-3
8Z4L8VLO,IRONISLADS
L809484Z,STORMLANDS-1
LZ80LOZZ8,HOARE
8000Z4FAL,NULL
LO0LOZ8ZZ0,AEGON
V0FA080L0,DORNE-1
Z0L0LO048,DORNE-3
FA090409L,#N/D
LO0Z04FA0LO,CROWNLANDS
L80909Z9,DORNE-1
LZ89V009,NULL
V00LO0Z0LO,STORMLANDS-2
L0Z00Z90,IRONISLADS
FA000Z8,IRONISLADS
LLOVLL008,IRONISLADS
FA00VZV8L,#N/D
ZZ09VVFA9,CROWNLANDS
L9LOZ0LZ8,NORTH
LZZFA4VZ8,STORMLANDS-1
LV9L0FA98,NULL
L0ZLFA0VZ,RIVERLANDS-2
LZLO0Z80L,REACH
ZZFAV080L,STORMLANDS-2
LL48Z804,STORMLANDS-1
LZLO8VLO0L,NORTH
LZZ9FA04V,#N/D
VZ0ZM8Z,DORNE-1
FA0449V89,#N/D
Z00VZ9LL,RIVERLANDS-2
V0LOFALO4LO,IRONISLADS
L4LO09LV9,RIVERLANDS-1
LL9ZZL8L,RIVERLANDS-2
84009LO9,DORNE-1
LLOZLV8LO9,IRONISLADS
L00V88V4,DORNE-3
LV9LZ944,STORMLANDS-1
LLO00FAFA09,RIVERLANDS-2
L04LOVZLO4,IRONISLADS
FA0LV00Z0,#N/D
L09LO80L0,IRONISLADS
VFAVLO0LOFA,DORNE-1
L8Z084FALO,DORNE-1
LO0ZZFA8V0,REACH
LO0FAFAZ4LO9,NULL
L4FA900LO8,RIVERLANDS-1
L9FALO00LO0,STORMLANDS-2
L8LOV80V0,STORMLANDS-2
Z04049FALO,RIVERLANDS-2
LV049ZL9,STORMLANDS-1
L90FAZMFALO,HOARE
LO9LO8940,HOARE
V0LV0LOFA9,RIVERLANDS-2
LFALOV48FAL,STARKS
8ZFAV400,IRONISLADS
90LLLLOFAL,#N/D
L8LZ9Z09,HOARE
L8000ZML,IRONISLADS
LV8LO0V00,DORNE-1
ZZ009Z4L,STORMLANDS-2
L84FAVZ08,IRONISLADS
L0VV4FAZ8,NORTH
FA0VFA8FA4Z,#N/D
L90FA04LOV,REACH
LO0LO00090,CROWNLANDS
LZ08LO988,HOARE
FA009V0L9,#N/D
L49Z0FALZ,RIVERLANDS-2
800Z0LO00,STORMLANDS-1
L409FAZ4LO,RIVERLANDS-1
L89049ZFA,DORNE-1
L9LOLFALOV4,STORMLANDS-1
LZ8LOVFA08,DORNE-3
LVZ9LO0LOFA,DORNE-1
L80ZLO08Z,STORMLANDS-1
LZFAVFA09FA,DORNE-1
L00FA880Z,IRONISLADS
VV4L890,IRONISLADS
L88ZLO8LOV,STORMLANDS-1
L90ZV40LO,RIVERLANDS-2
900480FA4,#N/D
FA00L9FA09,HOARE
849L0VV,HOARE
LV09049Z,#N/D
LO0ZM098V,AEGON
L9VZ00VL,DORNE- 2
L000FAZM8,HOARE
L408FAFA9Z,IRONISLADS
800FA000FA,NULL
FA0LO4LOFAV,DORNE-1
FA08FALZ9LO,#N/D
L90ZMV4Z,HOARE
L9LFALOZ9FA,RIVERLANDS-2
980LO80FA,NORTH
ZZFAL90LO0,RIVERLANDS-2
LFA09V8FALO,STORMLANDS-1
FA0ZVZ800,#N/D
ZZ444004,RIVERLANDS-2
LFALO48FAZ8,#N/D
FA009ZFA4LO,RIVERLANDS-1
LLO8FALOFA0,IRONISLADS
L4FALZ48L,#N/D
LVV09FA88,HOARE
L09048LO0,STORMLANDS-1
8000V0FA0,STORMLANDS-1
LVLOFA9000,NORTH
LVFA00LOZV,STORMLANDS-1
L89Z0Z9LO,STARKS
L04Z0890,STORMLANDS-1
L404ZM4Z,DORNE-1
L0LO8Z904,HOARE
L4LO84988,#N/D
LO0ZZ080FA,DORNE- 2
LVV9ZLL8,STORMLANDS-1
LFAV08L,RIVERLANDS-2
Z04ZV944,DORNE-3
LFA0L9V0,#N/D
LFAZFA0890,IRONISLADS
9FAV0L44,HOARE
L9FAZV0LOV,DORNE-1
LZ9L0L0FA,DORNE-1
LLO40ZFAV0,DORNE-1
LO0FA884FAFA,NULL
LL4900FAL,STARKS
L0L8FA0V4,NORTH
FA0084L9V,NORTH
L0V44000,NORTH
L90FAVL4L,RIVERLANDS-2
LL8LOFAZVLO,#N/D
FA00040L8,RIVERLANDS-2
FA0LZ4V4L,#N/D
FA0L89488,#N/D
L80L0L9L,STARKS
FA0LLOFAL0Z,#N/D
VZLO90ZZ,HOARE
L0009VLOV,IRONISLADS
VLZMFA09,IRONISLADS
LO0VFA90FA0,STARKS
Z0LVL40L,RIVERLANDS-1
LO009L8LFA,CROWNLANDS
L894VV08,IRONISLADS
LZVL48Z0,IRONISLADS
L9L0VV4FA,IRONISLADS
FA0FAV944Z,#N/D
9008Z8VV,#N/D
LO0LO4VLO0V,#N/D
LLVFAL0ZFA,NULL
ZZVVZ000,CROWNLANDS
LZLO09FAFA9,RIVERLANDS-1
ZZV00094,RIVERLANDS-2
L84Z0LLFA,IRONISLADS
V04FA04LO8,STORMLANDS-2
LZMFAVVFA0,REACH
498L4VLO,IRONISLADS
90VLOL8FA,IRONISLADS
LO0ZMFA49LO,REACH
LO00LLOFA90,CROWNLANDS
L880L8Z0,STARKS
FA0VVFALO8Z,#N/D
L004800Z,DORNE-3
L80498LL,STORMLANDS-2
LZVLFA9L8,HOARE
LFALFA9098,HOARE
L8Z84LLO4,DORNE-1
9L4VLLOZ,HOARE
8008VLO8,IRONISLADS
L9Z09Z00,#N/D
L9LOLLO0VZ,NORTH
L94LV9FA9,STARKS
FA000L489,RIVERLANDS-2
900980Z4,#N/D
9000FALLLO,RIVERLANDS-1
LFA0LLLO48,HOARE
FA000800LO,NULL
Z00V9FA,DORNE-3
LVZ0FA8VLO,RIVERLANDS-2
LV404Z0L,STORMLANDS-2
L4L0FAFA0L,HOARE
L40V9809,REACH
LZL488,NULL
90L80989,#N/D
8FA909LO0,HOARE
LFAZ08904,HOARE
L90LO0L90,DORNE-1
FA0080Z8V,DORNE-3
V04LLOL8Z,STORMLANDS-2
LL04Z0FALO,STORMLANDS-1
LV909V4LO,CROWNLANDS
L8LO09V90,DORNE-3
Z0LOL4LZ4,DORNE-3
L88LO0FA0FA,IRONISLADS
LZFAZZLV0,RIVERLANDS-2
LLOVLO0LLO0,NULL
L844FA8FALO,DORNE-1
FA0080889,HOARE
LLOVLO0LLO0,NULL
L84FALO0FAZ,HOARE
L0ZZ00LO8,RIVERLANDS-1
V0FA908LO9,STORMLANDS-2
L90L008FA,STORMLANDS-1
LO0Z9FAFAFA8,DORNE- 2
FA00V0LO04,DORNE-1
V0V808,HOARE
LO0FA400L4,NULL
L800LO0VL,STORMLANDS-2
FA0V8Z498,#N/D
LFA8LLO8FA0,DORNE-3
V0FAVVZV4,IRONISLADS
8Z9LO0V9,HOARE
L0FA0ZL4LO,RIVERLANDS-2
84V0LLLO,IRONISLADS
V000FA0VV,DORNE- 2
LLOV889Z8,DORNE-1
V008ZFALOFA,DORNE-1
L0ZV9V0LO,NORTH
LLOZ40ZL9,REACH
LO00VL0FA0,CROWNLANDS
LLO0094ZLO,REACH
L8LO400Z9,STORMLANDS-1
L9LOFA4FA4LO,NORTH
LLOFA00LO9LO,STORMLANDS-1
L0LFAFAFA4LO,HOARE
FA0FAV9048,#N/D
V0LZLO0V4,RIVERLANDS-2
LL0ZFALL9,IRONISLADS
L8L09FA8V,NULL
L980VVLO0,RIVERLANDS-1
ZVZMLO400,NULL
FA0LO0ZL4Z,#N/D
L0ZFAV,DORNE-1
LO0LO084,CROWNLANDS
LZ9LO94VZ,RIVERLANDS-2
L0Z88L9LO,HOARE
Z0L948FA9,STORMLANDS-2
FA0Z488L0,#N/D
LVVLLLOZV,REACH
LVFALO0V8FA,REACH
LZ90L088,DORNE-1
L4V04V49,DORNE-1
LLZVFAZZM,NORTH
L90490L9,RIVERLANDS-2
L48FA9088,NORTH
L094Z4LOV,CROWNLANDS
ZZLO90LO0LO,NORTH
80LL0FAVV,#N/D
L808V8Z9,IRONISLADS
L980VVL4,STORMLANDS-2
LO0LO0FAL4LO,CROWNLANDS
LVL0LO008,#N/D
L80FAFA0FA0,IRONISLADS
L4ZFAL0V8,STARKS
L0ZZ00FAZ,IRONISLADS
Z008Z80L,RIVERLANDS-1
FA0FA8FA0VZ,#N/D
Z0LOL4V49,RIVERLANDS-2
LLOLLZ9VL,NORTH
L9V0FA4L0,RIVERLANDS-1
80FA4ZZ0,IRONISLADS
LLZ4FAFA,STORMLANDS-1
ZVLOFALVFA9,RIVERLANDS-2
V0LO0840,IRONISLADS
LV0040FA4,REACH
L0FA04LOZFA,DORNE-1
L9ZLFA0ZZ,#N/D
L8LLOZFA0L,#N/D
L9VLZ4LO9,RIVERLANDS-2
LLO400080,IRONISLADS
L9LOZ9FAZ4,CROWNLANDS
LVFA98FA4FA,DORNE-3
L444FAFA80,RIVERLANDS-1
L44L94VV,NORTH
L8VLO40LO0,STORMLANDS-2
V4LVV4Z,IRONISLADS
L94L890LO,IRONISLADS
9LO44VVL,RIVERLANDS-2
VFA0L9LFA,HOARE
L9040V08,IRONISLADS
L4LFAFA089,DORNE-3
88VZZ08,DORNE-1
LLLOZZVZ8,#N/D
L9Z494FA9,DORNE-1
VLO00840,HOARE
9Z08VL4,DORNE-3
LLOFA00LO9LO,STORMLANDS-1
94FA8809,DORNE-3
LVLO0ZLOZ4,DORNE-1
LV88V844,NULL
L9LZL890,DORNE-3
L9ZLOZ49L,STORMLANDS-1
L9408448,DORNE-3
L4VZ0FA4Z,HOARE
L40FA0090,HOARE
V0LO0840,IRONISLADS
LZ08V0L0,NULL
L84400VZ,DORNE-3
ZZZ00040,NORTH
LLLLLOL00,DORNE-3
90LLO08FA0,#N/D
L84ZV9FA0,IRONISLADS
LO04Z0LOZLO,CROWNLANDS
L000LLOZLO,RIVERLANDS-1
900L4LO00,#N/D
LZZZLO8LO0,NORTH
ZZFAZ9800,STORMLANDS-2
LZ4LL00Z,HOARE
ZZZMV8Z0,NORTH
LZV88FA89,DORNE-3
LLOLZZ0FA8,STORMLANDS-1
9ZVZLO,#N/D
LO0ZVLVZ4,RIVERLANDS-2
L9FA8ZFA0FA,STORMLANDS-1
L980VVL4,STORMLANDS-2
L84FA9LV4,#N/D
LLO08LV,IRONISLADS
L088LOL,IRONISLADS
V089LOFA4FA,REACH
848L0FAZ,IRONISLADS
L0FALOL8ZFA,STORMLANDS-1
L0L848FA9,RIVERLANDS-2
Z0FAFA8LOL9,DORNE-3
FA04ZZ9FA4,#N/D
LZZFA0VLO8,IRONISLADS
84009LO9,DORNE-1
LZFA08LZ8,STARKS
LFAZVLOVLO0,IRONISLADS
FALO849LFA,HOARE
L4LOZ9VLO0,STORMLANDS-1
LZL4Z08LO,HOARE
L4040FA88,IRONISLADS
L90040,STARKS
LV040LOVV,CROWNLANDS
L9LLOFA049,HOARE
L8LOZVLO9LO,NULL
L0VLLOFAV0,STORMLANDS-2
LZ49V80V,STORMLANDS-2
ZVLO040ZFA,RIVERLANDS-2
LFA4Z9L,STARKS
LFAFAZM0Z0,#N/D
L9FAV00Z8,HOARE
L0000L,RIVERLANDS-1
LV8LOZ4LLO,STORMLANDS-1
L944LZLOFA,NULL
8ZMV4,#N/D
L9FAZLZ40,RIVERLANDS-2
FA0FAFAL9Z9,#N/D
9FALOFALOLL,IRONISLADS
L80FA4900,IRONISLADS
L98VV0V0,NULL
9VV4FAZLO,RIVERLANDS-1
LZ9FAVLFAZ,HOARE
ZZ4840FAV,NULL
LFA00VFALO8,DORNE-1
8FAFA9V9Z,IRONISLADS
LZ404900,IRONISLADS
8FAZ88FAZ,IRONISLADS
Z089L090,DORNE-3
L9409V9L,DORNE-1
V0VZ0LVZ,STORMLANDS-2
L0L0FAV,DORNE-1
FA00LO809L,#N/D
LLO00909V,DORNE-3
FA00Z08LOFA,#N/D
LFALOZLOFAL4,#N/D
FA0908V09,#N/D
LVFA00FA80,STORMLANDS-2
FA0VVFALO8Z,#N/D
LO0ZVLOL0Z,RIVERLANDS-2
L988LOL0LO,STORMLANDS-1
LO0LOV0FA4Z,AEGON
L00VZVLO0,DORNE-3
LLO009VLZ,NULL
L4ZZMZ40,IRONISLADS
LFALOLLO89L,IRONISLADS
L89FALOLFA8,NORTH
Z0V0FAFA80,DORNE-3
L4LO0LFA9V,DORNE-3
V00LOLFAZ0,STARKS
L0408080,RIVERLANDS-2
L4088FA9LO,DORNE-1
Z0FAVVLFA0,RIVERLANDS-2
FA0ZFA8VVV,#N/D
9000FAVFAZ,#N/D
LZMLOFAL8Z,NORTH
L40FALO080,CROWNLANDS
L89090V8,HOARE
L9809LOL8,HOARE
LLO0L0FAZ0,#N/D
L0L490LO0,RIVERLANDS-2
L9ZFA0904,#N/D
L8490Z0LO,DORNE-3
Z0LFA8800,RIVERLANDS-2
LLOFALOFALLLO,CROWNLANDS
LO0ZM0804,#N/D
FA09LO0FAFAFA,#N/D
FA0FALV00FA,#N/D
ZZV9FALLOFA,NORTH
LZ094008,STORMLANDS-2
ZZ08LFA80,NORTH
LLOZLOZ8ZFA,IRONISLADS
LZ0V4FA48,DORNE-1
LV89VVV4,NULL
ZZLLL8LOZ,IRONISLADS
LLFAFA4400,NULL
ZZZ4FAV0V,NORTH
FA0FA4900FA,#N/D
FA0ZLL800,#N/D
LO0Z08V4FA,AEGON
LVZ08408,DORNE-3
LFA4LOLFA90,DORNE-1
L0LOV8VFA4,STARKS
L80Z9480,NULL
VL440VV,IRONISLADS
ZZ0V0FAFALO,CROWNLANDS
L9Z0949L,RIVERLANDS-2
L4LFALLOZ4,NORTH
V084V840,REACH
LLOV0LO0LO0,NORTH
ZL4V80,IRONISLADS
90LLO08FA0,#N/D
LZ4LL00Z,HOARE
LZ00Z4LZ,STORMLANDS-1
8LV4L0Z,HOARE
V00FAZ40V,RIVERLANDS-2
L94LL00LO,#N/D
8FA8Z40,HOARE
LO04809VFA,CROWNLANDS
LV4ZLOFAFA0,DORNE-3
LV4Z9FALOFA,STORMLANDS-1
L894FA0V8,DORNE-1
LZ9LOV00L,NULL
LVLV9Z89,IRONISLADS
LZ0LFA0,RIVERLANDS-1
L890VVLZ,#N/D
L08LOZ8FA9,IRONISLADS
L8L04488,STORMLANDS-1
LZ08LO988,HOARE
L89V4ZLOZ,DORNE-1
LL09ZLO80,CROWNLANDS
V000LLO0L,NORTH
L8ZM09LOL,CROWNLANDS
8000V0FA0,STORMLANDS-1
L0VLFA8LL,NULL
L4FAFA04LZ,STORMLANDS-1
LV8LO0ZZM,DORNE-1
LV0LL000,DORNE-1
Z0FAVL90Z,DORNE-3
L0LOL4FAZV,RIVERLANDS-1
900FALO8LLO,#N/D
V080LO488,REACH
ZZ400Z90,RIVERLANDS-2
L9FA089,HOARE
V088ZVFAV,DORNE-1
ZZ0Z00V0,IRONISLADS
4400940,IRONISLADS
V008V9LOFA,RIVERLANDS-2
V0V0LFAV8,STORMLANDS-2
L90L044V,CROWNLANDS
LLO9844ZM,NORTH
LLLVZMFA8,HOARE
L40Z9L00,RIVERLANDS-2
LZ8LZ9Z0,NORTH
L90LOLV0Z,CROWNLANDS
L4LO80LZ4,IRONISLADS
L94ZLOZVV,DORNE-1
LV08ZLLO9,IRONISLADS
LV0LO840LO,NORTH
L0440LO00,STORMLANDS-1
L9Z94FA04,DORNE-1
L89094ZV,NULL
Z0FA8LOFA08,RIVERLANDS-1
84LLZ9V,DORNE-1
800V9V44,STORMLANDS-1
L4VFAZMFALO,NULL
LZL49000,IRONISLADS
900048FA0,#N/D
L9LOV404LO,RIVERLANDS-2
L9L09FA0FA,RIVERLANDS-2
800ZFAZVV,NULL
8000FA440,STORMLANDS-1
LZL49000,IRONISLADS
L4L9LVZ4,STORMLANDS-1
L00FAZ0Z9,IRONISLADS
L94LZ9L0,HOARE
L08L84LOFA,IRONISLADS
LZ8VV800,#N/D
L80FAV0,DORNE-1
LV44VZ08,IRONISLADS
V0FAV849Z,IRONISLADS
LFA894L0L,STORMLANDS-1
LLFALO4ZLV,#N/D
L90L48LL,CROWNLANDS
FA00L04V8,NULL
90080FA84,#N/D
L8FA00494,IRONISLADS
LV8L809LO,DORNE-3
L0VFA9LO9L,HOARE
L9LO0VZM9,STORMLANDS-2
LFA08880LO,NULL
800VLOL08,STORMLANDS-1
FA0440L8L,#N/D
L4FA0ZFA9LO,HOARE
L0LOLLZML,HOARE
L8V4008L,CROWNLANDS
800L900V,STORMLANDS-1
V0LO8VZZ,HOARE
L9LOV0ZL4,STORMLANDS-1
FA04Z8L80,#N/D
FA0FAFAL9Z9,#N/D
ZLOFAZ809LO,DORNE-1
L00V90LV,RIVERLANDS-1
LLOZ40ZL9,REACH
V08FAV8Z4,REACH
LV4LLOLLFA,HOARE
LLO4L8FA89,DORNE-3
LVZ0FALO0L,STARKS
L0LV000Z,#N/D
L9LOVV48L,RIVERLANDS-1
ZZ0ZV044,NORTH
ZZ08FAFAFAL,DORNE- 2
V0LFA0LL9,#N/D
8ZFA844V,IRONISLADS
LVV8908Z,NULL
80L90040,NULL
FA04LO9ZMFA,#N/D
LZFA4FA400,HOARE
L9004848,STORMLANDS-2
LL08Z040,IRONISLADS
L9ZZ00VZ,RIVERLANDS-1
L0Z0FALO4L,HOARE
LV90VV0V,DORNE-1
V4LOVV88,IRONISLADS
L4LLOFA090,STORMLANDS-1
LZZVZV90,REACH
LV9ZFAL48,DORNE-1
VFA4Z4,IRONISLADS
9LO4Z9LOV,IRONISLADS
800LOLLOLL,NULL
LO044LO098,AEGON
LZ0FALLOZZ,IRONISLADS
LO0LFA0L48,NULL
L4404V0L,CROWNLANDS
L8LZFA00FA,CROWNLANDS
LZZV084V,NORTH
L404008LO,NULL
Z08FA8V00,RIVERLANDS-1
FA00LOFA000,NORTH
LZ8L8800,DORNE-1
FA0FA48Z0LO,#N/D
9000FAZ9FA,#N/D
LVVLLL4FA,#N/D
LV4Z9FALOFA,STORMLANDS-1
V09VV4ZM,STORMLANDS-2
LL0V0VLO0,STORMLANDS-1
LL8FAVV8FA,CROWNLANDS
90LLLLOFAL,#N/D
FA048084Z,#N/D
LL080FA98,NULL
V0Z8LO94,HOARE
LV8LO0V00,DORNE-1
9444Z08,IRONISLADS
LLOZVLO000,HOARE
LFAFALL90FA,DORNE-1
FA0LOV8FA90,#N/D
LOVZL40LO,HOARE
LFAFA00L4LO,CROWNLANDS
L80LOZ04Z,STORMLANDS-1
800LO8FAL,IRONISLADS
LFA09LFA9FA,HOARE
LO0Z0LFA8Z,AEGON
ZZLOFA90LLO,STORMLANDS-2
ZZ08LOVLV,NORTH
L40FAVZL0,DORNE-1
LFA0FA9LOFA4,IRONISLADS
L9FA8LO008,HOARE
LO04Z4000,CROWNLANDS
LV9L0FA98,NULL
L9489489,REACH
LFAZFA0890,IRONISLADS
L9ZL44LO8,#N/D
L9L04L49,STORMLANDS-2
LLV00VZ0,STORMLANDS-1
LLO0FAL0,NORTH
LVLOZ0840,DORNE-3
LO0ZZ48V0,REACH
L8L804VFA,REACH
FA0449FALFA,#N/D
LO0FAFAV9FALO,CROWNLANDS
LO0FA0LO89L,CROWNLANDS
L0Z0ZFA48,#N/D
L04Z9V,STORMLANDS-2
9V8FAVLFA,HOARE
FA0LOV00VL,#N/D
FA0000Z9V,IRONISLADS
L094LL09,STORMLANDS-1
LFALO889LL,NORTH
Z00080ZFA,RIVERLANDS-2
L8LOZV40V,RIVERLANDS-2
L9LO80FAVZ,RIVERLANDS-2
L000FA00Z,STORMLANDS-1
FA0VZ4LO0LO,#N/D
LFA80440Z,CROWNLANDS
LFA90FA488,STORMLANDS-1
L00Z080V,NORTH
L9ZLFAL8LO,RIVERLANDS-2
LLO0Z0FALO0,IRONISLADS
8FA9V090,DORNE-1
LZLL4008,REACH
80LL0FAVV,#N/D
FA9FA0LOZ8,IRONISLADS
L0V4VVFA0,STORMLANDS-1
LFA0V9LOLZ,DORNE-3
LLOZ0FA00LO,STORMLANDS-2
LLO8ZV90L,NULL
L8LOL4LZM,NORTH
LLV98FA8V,STORMLANDS-1
L9Z90VFALO,IRONISLADS
L8LLOFA0,STORMLANDS-1
LVLV0Z08,STORMLANDS-2
LVFA4LLO,HOARE
LVLV9Z89,IRONISLADS
Z009FAL08,STORMLANDS-2
Z000Z940,DORNE-3
V0Z8LO94,HOARE
L0ZFAV,DORNE-1
LVLFAVFAVFA,HOARE
V08FA8Z40,REACH
L8LOLV9Z0,STORMLANDS-2
FA0VV849V,#N/D
LLOZ4ZLOFA4,DORNE-1
LO0ZFA0LOVV,#N/D
L9LVL90LO,RIVERLANDS-1
V004L9VL,CROWNLANDS
VFA08ZM0,HOARE
LV94FAZLV,CROWNLANDS
L8L940L8,DORNE-3
8000Z80,DORNE-1
LLZ49FAFAL,DORNE-1
V0V0LFAV8,STORMLANDS-2
LFA0FALFA80,DORNE-3
L90FA044FA,DORNE-1
L0LOV8VFA4,STARKS
9FA008FAFA,DORNE-1
L0V0V000,NORTH
LZ00ZLO40,IRONISLADS
9FA008FAFA,DORNE-1
LLOL49L,IRONISLADS
800LOLLZZ,STORMLANDS-1
LV90V9VL,STORMLANDS-1
FA00FA0FAFA4,NORTH
LZZFA4VZ8,STORMLANDS-1
LFAV4Z488,STARKS
FA00844ZV,STORMLANDS-1
L9LO0V90FA,STORMLANDS-1
L4V94LOV4,STARKS
LZ44V9Z0,CROWNLANDS
L4VLVZ0Z,IRONISLADS
L9LLO098L,CROWNLANDS
LV04LO9LO9,REACH
V00L44LO8,RIVERLANDS-2
LV0LO0L9V,RIVERLANDS-2
L9LLOFA049,HOARE
LVZV9040,RIVERLANDS-2
9008V000,#N/D
V00LOZ944,STARKS
L9Z984FAV,IRONISLADS
L9LOVL88V,DORNE-1
FA0040FALO8,DORNE-3
V0V0ZV9FA,STORMLANDS-2
LO0LO4904L,AEGON
L8LZZVZ8,NULL
LOZ8LO89,IRONISLADS
900480FA4,#N/D
900808,#N/D
LLL0V400,DORNE-1
LZFAZFAZZ8,DORNE-3
L8FA90FA49,STORMLANDS-2
ZZ009VV0,STORMLANDS-2
LOFA0FAV9,HOARE
Z0ZML9FAL,RIVERLANDS-2
FA0FAFAL040,#N/D
V04FA940Z,STORMLANDS-2
LV0ZMVLOV,STORMLANDS-2
Z0LO0VFAZ9,RIVERLANDS-2
LFAL89Z94,RIVERLANDS-1
L898FA8V4,STORMLANDS-2
LO0LO0VZ08,CROWNLANDS
Z08FA8V00,RIVERLANDS-1
LV8ZV008,STORMLANDS-1
LLOVVFA8,STORMLANDS-1
LLOLLO909Z,CROWNLANDS
LZ0949V0,#N/D
L8Z0LOVV0,#N/D
L98ZMZZ4,NULL
V4VV0LO4,DORNE-1
L4FAV4LO9FA,CROWNLANDS
ZVZ8V890,NORTH
V900FAL4,IRONISLADS
V0LLO9VLFA,DORNE-1
LLOL80LO9L,IRONISLADS
FALOZL90,HOARE
L9Z4LLLO4,NULL
8000080LO,STARKS
LVZFA0LOZ0,STORMLANDS-1
Z0LO9000FA,DORNE-3
L4VZ8909,DORNE-3
L8FA9L4,STORMLANDS-2
L8FAFA4000,DORNE-1
LZZ00FA4L,DORNE-1
LVV0V08Z,NULL
LZZV989L,IRONISLADS
L49ZV0Z0,STORMLANDS-2
LZ8ZLVZ9,NULL
L84L0440,RIVERLANDS-2
LLOV0V48Z,REACH
Z0ZFAV0Z8,DORNE-3
L8FALO0ZMFA,REACH
L8898LO88,RIVERLANDS-1
9LO0VFA00,HOARE
80Z8L9LO,DORNE-1
L40ZZZZ9,RIVERLANDS-1
9VZ0LOZZ,DORNE-1
L408049V,DORNE-1
LLL0FAV9L,NORTH
FA00088Z4,DORNE-3
L80LLO904,#N/D
LVFALO048V,STORMLANDS-1
LZ98LZ80,DORNE-1
LLOL40FA,#N/D
LO0LL0LOZ9,NULL
L98Z84,REACH
ZVLOL80V9,NORTH
LO0L498VFA,NULL
LFA4V4V,RIVERLANDS-2
9000LV8Z,#N/D
L8LOLLFAV0,STARKS
800V8LFA8,NULL
Z00VZ84FA,#N/D
L9LO0L48L,#N/D
9L94Z08,HOARE
L8L4VLOL0,HOARE
FA0L08FAVL,#N/D
Z00LZLZLO,DORNE-3
Z04LOL849,DORNE-3
LO0LO9ZZ8V,REACH
L8000LOZV,#N/D
LFAZM089FA,HOARE
Z0FA94L48,DORNE-3
89V88FAFA,IRONISLADS
V00FA090L,RIVERLANDS-2
FA0L9L4L9,#N/D
L94Z9890,DORNE-1
8804404,DORNE-1
8000LFA09,STORMLANDS-1
V09FA0V94,REACH
LVVLOFAFALOL,DORNE-3
80048V00,STORMLANDS-1
LLOZL4VZV,STORMLANDS-1
9L9L4,HOARE
ZZL0LO8LO0,NORTH
L48LOVLFAFA,STORMLANDS-1
FA0FAV04Z4,#N/D
LV8LO490LO,#N/D
Z08LO94VZ,RIVERLANDS-2
LFAZLO98FAV,STORMLANDS-1
LL8FA00VV,NORTH
L9Z88LOZFA,IRONISLADS
L8L09FA8V,NULL
VV4VV80,IRONISLADS
8008898FA,STORMLANDS-1
L49404FA0,HOARE
V989409,HOARE
LO09V8VFA9,CROWNLANDS
L09ZLO0V8,NORTH
L4L0LOL90,REACH
V094LV88,REACH
L9LOFAFAFA04,#N/D
LLO0ZL0Z9,IRONISLADS
L8L88VFAZ,IRONISLADS
LO08V084FA,CROWNLANDS
L009V4LZ,HOARE
L80L0LOLFA,NULL
L0FAZM0ZM,RIVERLANDS-2
LLO448L9Z,DORNE-3
LVV9ZL0LO,#N/D
L84L0FA8V,DORNE-1
L8LLOZFA0L,#N/D
L9VFAZ0ZV,HOARE
LO04LO0LOLFA,CROWNLANDS
L0LV9V9L,DORNE-1
98V8FAZ0,STORMLANDS-1
90L0FA090,RIVERLANDS-1
V0FA8LVV0,STORMLANDS-2
V0Z8L44V,HOARE
LLOZ8V90V,STARKS
9008LO09L,#N/D
V0FAFA00,DORNE-1
L0V0V0LV,DORNE-1
LO04FAZV4LO,AEGON
ZZZ040LOV,DORNE- 2
L0V0LO004,IRONISLADS
LZ4Z8FA8FA,STORMLANDS-2
LLOZ40004,REACH
V0Z8FAVFAL,HOARE
800FAL8LO0,STORMLANDS-1
98FA0Z40,DORNE-1
LLO8L80LLO,#N/D
LFAV0ZLLOV,STORMLANDS-1
FA00Z9049,NULL
9V08LFAFA,HOARE
FA080FAV8FA,#N/D
LL088809,#N/D
Z0VLVL88,DORNE-3
LLOZ089,RIVERLANDS-2
LZ490LO8LO,RIVERLANDS-2
849V98Z,IRONISLADS
9LO90ZV8,HOARE
LL0LLOL9Z,STORMLANDS-2
L94LV9FA9,STARKS
LLOLZVFAFAFA,RIVERLANDS-2
LO040V0FA0,CROWNLANDS
L8FAZ4ZVL,RIVERLANDS-1
FA00LO00,NULL
LFAL9ZZLV,STORMLANDS-1
LL0LO4V89,STORMLANDS-1
L98VV0V0,NULL
ZVLO040ZFA,RIVERLANDS-2
L09800LV,STORMLANDS-1
LFALLO0LZLO,HOARE
L904VL0L,RIVERLANDS-2
LO0ZLO88FA4,RIVERLANDS-2
ZZ0FA00ZFA,IRONISLADS
LZLO04090,IRONISLADS
94800LO0,DORNE-1
L4ZZ0Z4L,STORMLANDS-2
8000LFA09,STORMLANDS-1
LLO04LZ,STORMLANDS-1
V80L008,HOARE
L8080080,HOARE
LO0000Z04,CROWNLANDS
L8804LO4L,IRONISLADS
L4ZZZL0V,STORMLANDS-1
L48FA9LOL8,HOARE
L4VLVZ0Z,IRONISLADS
L84LOLFA44,#N/D
LLZZM0,RIVERLANDS-2
LZ9L49ZV,HOARE
L8LOZL0ZFA,RIVERLANDS-2
LO0LO0LLO09,#N/D
LV89L40LO,#N/D
L908VLFA4,RIVERLANDS-1
L808V0VLO,STORMLANDS-2
8009LLOZLO,STARKS
L0FAZZ80Z,DORNE-1
FA0FAVZ08FA,#N/D
L8LO9FA448,HOARE
LLVVLOLLOL,NORTH
LZ4098L0,IRONISLADS
L0LOL0048,DORNE-3
LLO8Z0VFAFA,STORMLANDS-2
V0000LO00,DORNE- 2
LVFAZFAFALO8,RIVERLANDS-2
V0Z4Z0L4,REACH
LZ0V4FA48,DORNE-1
L000V9FAFA,STORMLANDS-1
800VLFA0,HOARE
FA0VZZ9ZL,#N/D
L09VL0V0,IRONISLADS
L0Z08LZZ,STORMLANDS-1
LZFA08989,DORNE-1
L0L0FA0,DORNE-3
L0L98Z,RIVERLANDS-2
L9ZLV084,DORNE- 2
V08L0FAVFA,REACH
LZ9VZM8L,STORMLANDS-2
LV0LZ088,REACH
LLOLLO909Z,CROWNLANDS
L8FA4Z90Z,RIVERLANDS-2
LZ98V0LO9,STORMLANDS-1
L9LO0LFAL8,DORNE-1
L8FA800FA0,HOARE
Z00ZFAL00,DORNE-3
L9LZLO490,DORNE-1
LLL0VZFAZ,HOARE
L84FA894V,DORNE-3
L090V4LO4,STORMLANDS-1
L408LO800,DORNE-1
Z009LV49,RIVERLANDS-2
ZZ400FA9L,NORTH
LZ00Z49Z,DORNE-1
V0L004VV,RIVERLANDS-2
LZ00Z4LZ,STORMLANDS-1
V080LO08LO,REACH
L4ZFAL8LO4,STORMLANDS-1
80090LO4LO,STORMLANDS-1
L0LOZLLOFAFA,STORMLANDS-1
FA04FAV449,#N/D
VVLLO4LO,IRONISLADS
LO0LO4VLO0V,#N/D
L8FA0FALV4,#N/D
LFAV0VFALO0,HOARE
800L0ZLO4,STORMLANDS-1
LZMLOL80LO,RIVERLANDS-1
L80VLOZFAZ,DORNE-1
LV9V9L9V,STARKS
L848LOVZ0,IRONISLADS
L9800VV0,NORTH
840Z94L,IRONISLADS
LOZ8LO89,IRONISLADS
FA00LO00,NULL
FA009VLL4,#N/D
ZZ0FA4Z0V,NULL
LVV9LOVV9,REACH
V9LOL8V8,HOARE
L4LVL0Z0,DORNE-1
ZZ0FA8VZ4,DORNE- 2
V0ZVFA8VFA,HOARE
L08ZFA0LO0,NORTH
Z0Z8V488,DORNE-3
8ZV8Z80,HOARE
800ZV00,IRONISLADS
L080V000,STORMLANDS-1
L400Z080,STORMLANDS-1
L0009LFAV,STORMLANDS-1
LVLO0V4FALO,STORMLANDS-1
L404ZL,DORNE-1
L9V8L4VZ,DORNE-3
L08L0080,RIVERLANDS-1
LO0ZVLZMFA,RIVERLANDS-2
LO08Z00ZFA,CROWNLANDS
LZ4LO0LOV8,DORNE-3
LVLL0840,RIVERLANDS-2
L0080VZ8,RIVERLANDS-2
LLVLOZVFAFA,#N/D
LLOLLZ9VL,NORTH
LLO00LO00L,RIVERLANDS-2
LVFA088FAZ,DORNE-1
LV9LO0VZV,HOARE
LFA00LLZV,HOARE
8009LOVVFA,STARKS
LLOVFA80FA0,#N/D
L9FALO089V,RIVERLANDS-2
Z0FA94FAZM,DORNE-3
L8LO90LO40,RIVERLANDS-1
V0LO44FA84,NORTH
8000FALO0,IRONISLADS
FA0V0908LO,#N/D
LFA8FAVLO4V,CROWNLANDS
FA0084FAFA0,#N/D
LO0L9FA8L4,CROWNLANDS
LV8FA90L8,DORNE- 2
L8L8VV,HOARE
LZZ90LOZL,HOARE
L0VV0440,IRONISLADS
LVFA98LO40,REACH
L80849FAFA,NULL
LZMLZMLV,RIVERLANDS-1
L8V0LOV9FA,HOARE
LV00L984,RIVERLANDS-2
Z0FALOV4ZFA,STORMLANDS-2
FA044FALO89,#N/D
L9VV00Z4,STORMLANDS-1
V0LZ0V4,HOARE
L4L0VFAZ4,STORMLANDS-1
LLV089V4,STORMLANDS-1
L4FA040LFA,STORMLANDS-1
LO0VLO04LO0,#N/D
LZ008494,STORMLANDS-1
LZMLZLOL8,RIVERLANDS-2
ZZFAZ9800,STORMLANDS-2
LO000L89LO,CROWNLANDS
Z0890V98,DORNE-3
L0L0LOV9Z,STORMLANDS-1
LO00FAZ090,CROWNLANDS
L9VLOV808,DORNE- 2
LFA4ZVL40,IRONISLADS
L8L8Z4Z4,#N/D
Z048ZL,DORNE-3
FA0LV9V,#N/D
L8LOL4LZM,NORTH
L94Z4VFALO,RIVERLANDS-1
L9FA4LVLO9,DORNE-1
L8880VLL,#N/D
L4V88044,NORTH
VLO0,RIVERLANDS-1
V08VZM89,REACH
L8ZFAZ0LV,HOARE
L4L900LOFA,STORMLANDS-1
Z040LOFA9LO,RIVERLANDS-2
8000VFAFAV,STORMLANDS-1
FA0LLOLVFALO,#N/D
FA0Z488L0,#N/D
LO048ZZ44,AEGON
LZ4FAZFAZM,HOARE
FA0FA9LOVLFA,#N/D
84LLZ9V,DORNE-1
Z0FAZV9FA4,DORNE-3
LO0Z9V9ZL,CROWNLANDS
LZL49000,IRONISLADS
800040LL,STORMLANDS-1
LFAVV0FA40,STORMLANDS-2
L9Z9ZZ4V,RIVERLANDS-1
LO0Z984V8,CROWNLANDS
FA00L409V,STARKS
V09FA0404,REACH
Z04VLOZFAZ,RIVERLANDS-1
L8L89FA08,NORTH
V0098V09,DORNE- 2
L048LOV0FA,#N/D
LV9L0ZL0,IRONISLADS
L4V88044,NORTH
L800FA9,NULL
L90FAVL4L,RIVERLANDS-2
LFAFA9ZM,#N/D
L000888FA,STORMLANDS-1
LLO0V0LO94,#N/D
L809V984,CROWNLANDS
ZZV904ZFA,RIVERLANDS-2
FA0FA0LOVZL,#N/D
VZ49040,DORNE-1
L80FA90ZM,DORNE-1
9004LO4ZFA,#N/D
9V894FALO,DORNE-1
L9LO9Z9Z0,#N/D
8LL00LOL,IRONISLADS
L9LOFAVFA9V,NULL
800004V8,#N/D
LLV00ZZ0,STORMLANDS-1
L9L84LOFAZ,REACH
80L4L0Z,HOARE
9L4LFA40,HOARE
L80Z0L9V,NORTH
LO04880V0,AEGON
L48LOLFA9L,IRONISLADS
L888LVZL,#N/D
Z0FA090FA4,#N/D
LLOFAZ80V8,RIVERLANDS-1
V009FAFAZ4,RIVERLANDS-2
Z00LV4,RIVERLANDS-1
LO0Z9V9ZL,CROWNLANDS
L9040LO00,NULL
L8Z08000,STORMLANDS-1
9FAV0L44,HOARE
ZVLOVFA4Z0,DORNE- 2
FA0Z88980,#N/D
L480Z9FA0,HOARE
LVZ480FA4,#N/D
FAZFA4V00,HOARE
LLO9LO0FAFAFA,HOARE
L9V940ZM,NORTH
L8LOZLL0FA,NULL
FA0LL9VLOL,#N/D
LO008VZ04,CROWNLANDS
L909LOFAL4,DORNE-1
L980VZFA8,RIVERLANDS-1
LZ9VLZ8V,RIVERLANDS-1
LVFAFAZZLO0,REACH
L8804FA0FA,#N/D
LZ00FA88FA,NORTH
L8LLOFA0,STORMLANDS-1
FA000LFA0V,STARKS
9000VV0,DORNE-1
L048FAZ9FA,STORMLANDS-2
L94LO0FAFAV,STORMLANDS-1
V0V0LFAV8,STORMLANDS-2
LVVLOZVLOZ,CROWNLANDS
L9FA888FA0,IRONISLADS
98LO0440,DORNE-3
LO0ZLO0Z9FA,RIVERLANDS-2
LZ048LO9V,STORMLANDS-2
L80L0LOLFA,NULL
L840FA0LO9,RIVERLANDS-2
LLFA9LOZLV,NULL
L00004LFA,IRONISLADS
80084LO9,IRONISLADS
Z00V4Z48,DORNE-3
8FA9VFA0LO,HOARE
L00004LFA,IRONISLADS
LLOV808V8,DORNE-1
800LOLLZZ,STORMLANDS-1
Z00ZFAL00,DORNE-3
L00FAFA0LOZ,HOARE
ZZFA40009,RIVERLANDS-2
L4V9L04L,IRONISLADS
V0849VLO,IRONISLADS
FA008ZL4LO,#N/D
L0400ZFAV,RIVERLANDS-1
LLOL9489FA,IRONISLADS
LLO980LO0LO,RIVERLANDS-1
LVZ408V8,NULL
L9L00090,CROWNLANDS
FA000LFA0V,STARKS
LLVVLOLLOL,NORTH
LFAV4V0LO4,STORMLANDS-1
LZLO9LV0Z,HOARE
LVV0FALOV9,HOARE
V08V00FA0,REACH
9LOFA9FA8L,NORTH
8000LOZLOFA,STORMLANDS-1
L900FA4LOFA,STORMLANDS-1
LLOZ90FA9FA,#N/D
Z00L440FA,RIVERLANDS-1
L9ZLOL00V,RIVERLANDS-1
L4L00V9Z,DORNE-3
LL4FALOZL9,STORMLANDS-2
LVZ8LOL8V,RIVERLANDS-2
LFAZZV8,CROWNLANDS
L0094FAZZ,STORMLANDS-1
L90FA040Z,RIVERLANDS-2
LVZ040FA9,DORNE-1
L8LOFA00LO9,STORMLANDS-2
LZ4VLL4L,DORNE-1
LLOV889Z8,DORNE-1
Z0480LO,RIVERLANDS-2
LFAV4FAVFAL,#N/D
L8ZZL0Z0,RIVERLANDS-2
L98Z084LO,STORMLANDS-2
L0L0V8L9,STORMLANDS-1
L0FAV4ZLOZ,NORTH
LO0ZZLOFAFAZ,REACH
LVLLOLL9Z,STORMLANDS-1
L9ZVFA00L,#N/D
L9Z00LFAZ,#N/D
9ZZMFAL4,RIVERLANDS-1
L004LO8,#N/D
L8VLOL0Z4,IRONISLADS
L8Z0ZFA8V,STORMLANDS-2
8LFA44VLO,HOARE
8040984,IRONISLADS
LFA000L00,CROWNLANDS
L0LFAV8FAV,HOARE
LLO8Z0VFAFA,STORMLANDS-2
L909V9VZ,DORNE-3
LZMVLO0Z0,NULL
LO0ZZLOZ0FA,DORNE- 2
L8ZV00VFA,HOARE
L898800V,#N/D
LO084LO48V,CROWNLANDS
8004ZZLV,STORMLANDS-1
80L00ZLO0,STORMLANDS-1
90L4800Z,#N/D
LFA0V8FA09,DORNE-1
L08LO0LVFA,RIVERLANDS-1
L4L900LOFA,STORMLANDS-1
LFA09LFA9FA,HOARE
Z0FALOLV80,STORMLANDS-2
V0040LO08,RIVERLANDS-2
L8LLOZ80FA,DORNE-1
LLOVVL9Z9,RIVERLANDS-1
Z0LL8008,RIVERLANDS-1
L0880LFA8,NORTH
ZZ0LO9V8Z,NORTH
L9LOV489LO,RIVERLANDS-2
L9LOV404LO,RIVERLANDS-2
L8FA0LO0FA4,CROWNLANDS
LL490VZLO,#N/D
LLO0L0L40,DORNE-1
LLO900LOV0,REACH
FA4FA80,HOARE
Z0LOFAVVV9,DORNE-3
VV4VV80,IRONISLADS
ZVZM8Z0V,NULL
8000VFAFAV,STORMLANDS-1
L800FA0LOV,RIVERLANDS-2
L09004FAFA,STARKS
VL0LO8FAV,DORNE-1
V9VZVFAV,IRONISLADS
V0ZVVLO0Z,DORNE-1
LV0L000Z,IRONISLADS
L0LZZVLLO,STORMLANDS-2
ZVZFA8FAL0,NORTH
VFA09040,IRONISLADS
ZZ40ZVV9,IRONISLADS
L0FALOVFAZ0,STORMLANDS-1
L9ZLO8LO8V,RIVERLANDS-1
LO0LOZ00LO9,AEGON
LZ988FALOFA,STORMLANDS-2
LO0LOZ009Z,AEGON
LV8LO4808,IRONISLADS
LZL0LO940,CROWNLANDS
L9LO094L0,RIVERLANDS-1
LLO09FA80V,DORNE-3
894LOLL9,HOARE
L9898Z,CROWNLANDS
L00FAFA0LOZ,HOARE
LLO4FAZL0FA,CROWNLANDS
FA0ZV8FALO9,#N/D
800V0LLOFA,NULL
ZLO4LOZLO89,IRONISLADS
ZVZFA8FAL0,NORTH
FA0FA44VLL,#N/D
LFAFA49FA94,#N/D
FAL8LOVL,HOARE
L9VZ00V9,STARKS
LV8800ZLO,IRONISLADS
LZ0ZZ80FA,DORNE-1
FA0400840,#N/D
LZ0Z400FA,NORTH
L0LZM9LO8,DORNE-1
LLO9089VL,#N/D
FA0FAV9048,#N/D
LZLO0498LO,CROWNLANDS
Z04809LOV,DORNE-3
FA0Z09LO08,#N/D
LZ00Z4LZ,STORMLANDS-1
V0LLLV8V,RIVERLANDS-2
LZLOZZ988,RIVERLANDS-1
LO0ZLFA0Z0,AEGON
80LFALFAFAV,#N/D
L8FAZ0V,RIVERLANDS-2
LLFA00VFA9,IRONISLADS
FA00400ZFA,RIVERLANDS-1
LO00LO980Z,CROWNLANDS
L9L40840,REACH
ZVZMV0V4,NULL
V0LZV8VL,RIVERLANDS-2
L8L09FA8V,NULL
LLO400VZ0,STARKS
L80V8V00,RIVERLANDS-1
LVFAZFAFALO8,RIVERLANDS-2
L4FAZFA9V0,RIVERLANDS-1
8FA4FAV0Z,DORNE-1
LZ0V0Z0V,STORMLANDS-1
VL9VFA00,IRONISLADS
LVLVFAVV4,DORNE-1
Z0LLO8ZFALO,RIVERLANDS-2
FA0VVZM84,#N/D
L80V808V,IRONISLADS
8FAZ94FALO,DORNE-1
FA00L04V8,NULL
L40LLZ9Z,RIVERLANDS-1
LLOFA8Z8L4,STORMLANDS-1
L9ZLFAL8LO,RIVERLANDS-2
FA0FA8Z409,#N/D
FA0ZML00V,#N/D
L8Z08000,STORMLANDS-1
L0Z0ZLL4,IRONISLADS
LFAL0FA9LO4,DORNE-1
FA0L4VFA8LO,#N/D
LL948L94,HOARE
L9LOL09VL,DORNE-3
FA0ZFAVLV4,#N/D
LFAV9Z4V4,NORTH
9LO09L4L,#N/D
88Z80V8,IRONISLADS
FA040Z4LO8,#N/D
L9L000ZV,STORMLANDS-2
V0FA9V94V,STORMLANDS-2
L0FA0FALO,NORTH
V0009ZZLO,CROWNLANDS
L0FA00LV8,HOARE
ZZZ8L080,STORMLANDS-2
Z0LO0FAVFA8,DORNE-3
L0ZFA0FA8Z,IRONISLADS
9Z0LO,IRONISLADS
V00FA00LOZ,NORTH
L88FA00LZ,NORTH
L9FA4V9LO0,HOARE
LO0LOL8LOVFA,AEGON
L8L44Z84,#N/D
L8090Z0L,IRONISLADS
LZ0LO8FALOFA,IRONISLADS
L0VFAVV4Z,STORMLANDS-1
L9L0FALV0,CROWNLANDS
L90VLO9V4,DORNE-3
LZ9VFALOFAZ,STORMLANDS-1
90090VL4,#N/D
V09LO9LZFA,STORMLANDS-2
FA008009V,NULL
LLOZ40004,REACH
L0LO0ZZ,STORMLANDS-1
L00ZL0FALO,RIVERLANDS-2
L9FAFA809V,RIVERLANDS-1
L80ZVZV0,NULL
ZZ0VFA00LO,DORNE- 2
V8ZVVLOZ,HOARE
Z0FAV0L90,RIVERLANDS-1
L9L40FALZ,DORNE-3
L4FA09ZZV,#N/D
LLOFAZ4LZ9,REACH
8V9FAL08,DORNE-1
LO0LOZ00LO9,AEGON
L9FAFA4040,DORNE-3
LZ84V0,STARKS
V40FAZ,STORMLANDS-1
V00Z9VV0,STORMLANDS-2
L8L004FA0,STORMLANDS-1
VZ9LOL08,IRONISLADS
L08V49ZM,STORMLANDS-1
L9ZZVZLO0,DORNE-1
LL9V0ZFA8,STORMLANDS-1
ZZLO849LO0,RIVERLANDS-2
L40ZMV9V,STORMLANDS-1
L404LOVFALO,DORNE-3
Z0909VZ4,DORNE-3
LLO40ZVLO8,STORMLANDS-1
LZ404FALO9,HOARE
80LO9LO40,HOARE
L408049V,DORNE-1
V008L0,NULL
LLOV8LV00,DORNE-1
LV9Z0Z,DORNE-1
L9L40FALZ,DORNE-3
LLO0LOV448,HOARE
V0V808,HOARE
L094LL09,STORMLANDS-1
LZZ009ZLO,HOARE
L8LL00LO8,#N/D
L9FA44LOLLO,RIVERLANDS-2
LZ00ZM0Z,HOARE
890Z0Z8,HOARE
FA04L4LOZV,#N/D
FA0FA4LV90,#N/D
8L00LO04,DORNE-1
FA00LZ04LO,#N/D
L9Z4FA800,RIVERLANDS-2
L0Z9044Z,RIVERLANDS-1
VVFAFALV9,DORNE-1
LLO0V94FAFA,HOARE
L8VLFAVZFA,DORNE-3
LL8V0VLOV,RIVERLANDS-1
8FA080V0,DORNE-1
LLOVFA80FA0,#N/D
LLO89ZLOFA8,NORTH
9LOL00LO4,DORNE-3
V9409FA8,IRONISLADS
LFAL4890Z,DORNE-1
VLZFA00LO,IRONISLADS
L4FAZLO94L,STORMLANDS-2
L4980LO90,STORMLANDS-1
FA0VZLO480,#N/D
V08Z400,HOARE
L90VZ8LLO,DORNE-1
L8L0FAZZ8,RIVERLANDS-1
L4800Z90,CROWNLANDS
LLOV8ZZ00,DORNE-1
LZLZL0FAFA,HOARE
LV49LZVV,IRONISLADS
L8LL4FAFAL,NULL
LLOLFA000FA,NULL
LVL000Z0,CROWNLANDS
V0LLLFALOFA,DORNE- 2
L8LZFA00FA,CROWNLANDS
LLO00LV9L,RIVERLANDS-2
ZZ400FA8L,NORTH
L88909LO0,REACH
Z04LOL849,DORNE-3
V000FAFA00,NORTH
LOVLO00,STORMLANDS-1
L8LOZ08LOL,RIVERLANDS-1
LV049ZL9,STORMLANDS-1
LV4VL9LL,HOARE
L00008FAFA,RIVERLANDS-1
L08ZZ0FA9,DORNE-1
LO0ZFAV080,AEGON
LL04L840,IRONISLADS
L0V8V80LO,HOARE
LO0ZMZ800,#N/D
FA0FAVZ08FA,#N/D
LFAZ0ZZZFA,DORNE-3
V00ZV9LZ,RIVERLANDS-2
8LOZLO4,HOARE
V0LVLL80,DORNE- 2
940FA988,IRONISLADS
LLO940VV0,#N/D
LZLVZLFA8,IRONISLADS
Z080ZZFA8,RIVERLANDS-2
LV98LLLV,REACH
LO00088FA0,CROWNLANDS
900FAFA0L0,#N/D
LZ09Z4ZFA,#N/D
V08L0FAVFA,REACH
L0LO9L9LOZ,DORNE-1
L0ZFAV9V8,IRONISLADS
800LFA0,NULL
FA0Z4ZZFAL,#N/D
LLO9ZV94FA,NULL
LVL048LL,CROWNLANDS
LLZ0VV8,DORNE-1
L9898Z,CROWNLANDS
LO0LO4LOL08,AEGON
LO0LOVLO00FA,#N/D
Z00ZLO004,RIVERLANDS-1
LVVFA800Z,IRONISLADS
L448LO0L0,RIVERLANDS-1
80FA0FAFA40,NULL
V88VLOZ8,DORNE-1
L0L0FAFA09,STORMLANDS-1
L808980Z,DORNE-3
L9LFA8V0LO,STORMLANDS-1
L9LV9LO0LO,STORMLANDS-2
V08V494,HOARE
VLO90ZZM,HOARE
FA0LLOZLFA8,#N/D
L94004,#N/D
L4LO09LV9,RIVERLANDS-1
L89LLOZL8,DORNE-1
V0LOZFALO0FA,NORTH
VLO90ZZM,HOARE
LLZ00Z0V,DORNE-3
LLO00FAFA09,RIVERLANDS-2
LO044LO098,AEGON
9VV4FAZLO,RIVERLANDS-1
L908FALO0V,IRONISLADS
Z00ZM9L4,DORNE-3
VLO0V888,HOARE
V0LV0LOFA9,RIVERLANDS-2
L98ZFALZ4,STARKS
V90LO8VV,IRONISLADS
V04LV0LFA,STORMLANDS-2
FA0LOZ9840,#N/D
LLO9Z0Z0Z,#N/D
LVLO489Z9,DORNE-3
FA008800LO,NORTH
L9ZVL0,#N/D
FA0ZV9ZL8,#N/D
LLOFAL0LO04,STORMLANDS-2
L8FAFAFA0LFA,STORMLANDS-1
8Z0L8FAZ,IRONISLADS
L0L4ZM00,RIVERLANDS-2
L9LOZ808L,STORMLANDS-1
V04L4FA00,STORMLANDS-2
LLOFA0L9L0,#N/D
80080V,#N/D
8009FAZFA9,#N/D
LLOZ4FA9FA9,DORNE-3
9V08V0L,HOARE
L8L4000FA,DORNE-3
ZZVVFAFAV8,NORTH
L9084V0LO,STORMLANDS-2
L00LLLOL4,HOARE
FA0LVFALO80,#N/D
LVZ0VLO,DORNE-1
900V84FA8,#N/D
V00ZLZ8LO,RIVERLANDS-2
LO0FALO0988,NULL
LLO4FA4909,NULL
LVFALO0LO,STORMLANDS-1
FA0FAFAFA4,#N/D
LLOV4VFA0LO,STORMLANDS-1
FA0L8ZV0L,#N/D
L4LVL0Z0,DORNE-1
L89LO0FAFAL,NULL
L90FAZMFALO,HOARE
L8L09Z00,#N/D
L40FAV9Z9,DORNE-3
Z0VL8ZLZ,DORNE-3
LV404Z0L,STORMLANDS-2
LL0Z808LO,#N/D
L98Z0L0LO,DORNE-3
L4V040Z4,DORNE-1
LZ8L8800,DORNE-1
L90LFA4ZLO,NULL
FA0ZMZLFA0,#N/D
V0V9LOZVL,NORTH
V90LLOVV,IRONISLADS
LO0FAFAZ00V,NULL
LFALO48VV0,#N/D
LFALO04VLO8,HOARE
LLO48VFAFA8,DORNE-1
LLOVLO00V0,NULL
ZZ000LLLO,STORMLANDS-2
LZMLFALV8,REACH
L900LOL0LO,STORMLANDS-2
LO040000FA,NULL
LVL0FAZZFA,NORTH
FA0L9Z9FAZ,#N/D
LZ00LZFA4,#N/D
L944Z0LLO,RIVERLANDS-2
ZZV4Z484,DORNE-1
8L80LO09,IRONISLADS
LFAV98Z44,DORNE-3
L4000884,RIVERLANDS-1
90VLOL8FA,IRONISLADS
8ZFAFA9LO0,IRONISLADS
8LO89FAV9,DORNE-1
LFAFAL0L8L,NULL
V04V0V44,REACH
Z008VZFA0,RIVERLANDS-2
L40Z0084,STORMLANDS-1
LZL4LO0,REACH
FA0049LOFA8,DORNE-3
L9Z088LV,DORNE-3
LVV0049Z,DORNE-3
LV8FA80LZ,STORMLANDS-1
L94LL0LO0,DORNE-1
Z0888L00,DORNE-3
L844ZZ,STORMLANDS-1
V08FA9LO4FA,REACH
ZZ0LZ0ZLO,NORTH
L4L0FAVZ0,HOARE
L4088FA9LO,DORNE-1
800LFA0V0,STORMLANDS-1
LZZMZZ84,IRONISLADS
LVVLOFAFALOL,DORNE-3
LV00L09L,DORNE-1
Z0LOL0LFA8,RIVERLANDS-1
FA00LOFA000,NORTH
V0880V40,#N/D
L9LO0V440,STARKS
L8LOZL0ZFA,RIVERLANDS-2
LLOVFA00LFA,DORNE-3
LZ9V0LO9LO,IRONISLADS
L88VLO848,IRONISLADS
L4Z4FA900,#N/D
L9LO0FA8V8,#N/D
L8LOFALFA00,DORNE-1
L9LO8L4VL,STORMLANDS-2
L84VVL98,IRONISLADS
FA0LVZZLOFA,#N/D
FA009V0L9,#N/D
LVLFALOV,HOARE
LZM80LOVZ,DORNE-3
LFALFALZ4,HOARE
L9LOVFA80Z,RIVERLANDS-1
L9ZVFA00L,#N/D
L4LO84988,#N/D
Z00VZ84FA,#N/D
LL04V8,#N/D
L888LOVLLO,HOARE
LFA0L9V0,#N/D
Z08404ZLO,DORNE-3
FA0FA8FA0VZ,#N/D
900009,#N/D
8004VVLOFA,NULL
FA000989L,HOARE
L9890LO09,STORMLANDS-1
89FA00FA8,HOARE
L08008VLO,HOARE
LLO00LVLO0,HOARE
FA008LO0LZ,AEGON
L49LOL9VV,REACH
9ZZZVLZ,DORNE-3
V00FAZ9VLO,DORNE-1
8009FAZFA9,#N/D
LZ0VFA4FAV,CROWNLANDS
L800Z09FA,STORMLANDS-1
LV009FAZ0,NULL
Z0FALO09Z0,DORNE-3
L90FALLOFAL,DORNE-3
90ZLL08,HOARE
FA0FAVZVFA9,#N/D
FAFA94VLO4,IRONISLADS
LZVV8ZVZ,STORMLANDS-1
V004ZM49,RIVERLANDS-2
VFAFA0980,HOARE
L4FALO88FAL,HOARE
FA0FAV8LOFA4,#N/D
LLZML084,DORNE-1
FA0FA8VL0,HOARE
V0400080,STORMLANDS-2
V8L8FA90,HOARE
LFAZZ8VLL,STARKS
LV8VLOL00,NULL
LL8LLOZVFA,NORTH
ZZ0FA00ZFA,IRONISLADS
LV8894LOZ,IRONISLADS
L9VZ00V9,STARKS
L8LOZL0ZFA,RIVERLANDS-2
L8V80FA04,RIVERLANDS-2
L9FAZ0VFAL,STORMLANDS-2
LLOLFAFA09Z,DORNE-1
40LOFA08,DORNE-1
LV490L48,NULL
LFAFAZLO4FAL,NORTH
L489088LO,STORMLANDS-1
LZ9VVFAFA9,NORTH
LV90FAFAZ9,#N/D
FA0ZL9ZVL,#N/D
LZFA0LOV,NORTH
LO0LOVVLLOZ,REACH
L90LOLLO,CROWNLANDS
9FAL4ZL0,IRONISLADS
LZ048V0Z,NORTH
LZMZM89LO,HOARE
LLO00FA9V4,#N/D
V00ZLOFA,STORMLANDS-2
LLVFA4LO84,DORNE-3
LFAV08LOZ8,STORMLANDS-1
L8FALVFAVZ,REACH
800LLVZ,HOARE
8LZ0ZFA0,HOARE
LL04V8,#N/D
V9FA009L,HOARE
LV80ZLL9,DORNE-1
LZ8LOV094,HOARE
904VFA44,HOARE
FA0FALOV948,#N/D
Z0ZMLOFA9L,RIVERLANDS-2
9ZV48L,DORNE-1
9009090Z,#N/D
ZZ04FA40FA,STORMLANDS-2
L890VVLZ,#N/D
LO0V890VZ,STARKS
LZ04LO4VZ,STORMLANDS-1
V08V08V0,REACH
Z0FA0LOL0Z,DORNE-3
FA0LOL9LO9FA,#N/D
LLO88L408,HOARE
L89Z8948,REACH
LLOFA0Z00LO,HOARE
L48LO0FA94,STORMLANDS-1
L48900L9,STORMLANDS-1
LO0490ZFA9,CROWNLANDS
LLOV0Z9LO9,RIVERLANDS-2
FA0ZFAFA90V,#N/D
L90L0ZL9,HOARE
L09004FAFA,STARKS
LLO8LOLZZZ,STORMLANDS-2
LZLO04LO,HOARE
LZ48V88V,STORMLANDS-1
L80VLLOFA0,NORTH
L44LO90FA0,HOARE
L4FA0ZFA9LO,HOARE
LVZ0L0V0,#N/D
L9ZLOZ980,IRONISLADS
LVLFA80LO4,STORMLANDS-1
LFAFAV890LO,IRONISLADS
FA0Z0LL4Z,#N/D
VLFA0VFA0,DORNE-1
V090L0LOV,REACH
90Z44Z0,IRONISLADS
L800L804,CROWNLANDS
FA0LLO0ZM9,#N/D
8004LFA9,IRONISLADS
L0LOFA0Z8Z,#N/D
L48Z0808,STORMLANDS-1
LZFA49LLO8,DORNE-1
LZFAL0FA0LO,HOARE
80L0ZM9FA,NULL
LFAVZZ048,DORNE-1
L4VZ0LO00,RIVERLANDS-1
89LLO0ZLO,HOARE
ZLOFALOV9FALO,HOARE
LFA09FAZ0L,#N/D
V40FAZ,STORMLANDS-1
ZZ8LFA4V0,STORMLANDS-2
L94Z0LL9,IRONISLADS
L0VFA04LO9,STORMLANDS-1
L9FA0LLZ9,RIVERLANDS-2
L0Z00Z90,IRONISLADS
LO8V889V,HOARE
L4ZFAVL48,HOARE
LVV089LFA,#N/D
L40V9LVZ,IRONISLADS
LVZVLO8LFA,CROWNLANDS
LVLLL008,STORMLANDS-1
L90490L9,RIVERLANDS-2
L9ZZ8FAZL,STORMLANDS-1
LZ0ZV8V0,NULL
LV0Z94,STORMLANDS-2
LV8FA0ZFALO,STORMLANDS-1
LFAZM089FA,HOARE
LZVLOVFA84,NULL
80L9L8LOZ,NULL
90L4V8,#N/D
LL4L9VFA0,#N/D
Z000FA0FA4,RIVERLANDS-2
80ZFA0LOL,HOARE
L8Z0L404,STORMLANDS-1
LVV4LO94V,CROWNLANDS
94FA8809,DORNE-3
L448LO0L0,RIVERLANDS-1
LZFALVLZV,DORNE-3
L89004LOZ,RIVERLANDS-2
LV0LVLLO8,REACH
L9Z8LL44,IRONISLADS
FA0004VZZ,DORNE-1
L80949Z8,REACH
LZ80LLOZZ,STARKS
V009FAFAZ4,RIVERLANDS-2
LLO8LLOV0LO,DORNE-3
90084FA,#N/D
LZL4LO0,REACH
800008LO0,STARKS
LLL0LZ0L,STORMLANDS-1
LVL000Z0,CROWNLANDS
FA00L9FA09,HOARE
LLL8048Z,IRONISLADS
LLFAZ9080,STORMLANDS-1
9FALOFALOLL,IRONISLADS
LZM00L89,STORMLANDS-1
4VV0ZM8,HOARE
V08FAV8Z4,REACH
L4LOLL0,IRONISLADS
L98ZFALZ4,STARKS
Z080LOVFALO,RIVERLANDS-1
ZZ4L8LLO4,NORTH
ZVZ9LO8VLO,NULL
V0ZZVVLL,DORNE-1
800V08ZM,STORMLANDS-1
FA008LO044,RIVERLANDS-2
L9ZZ44LOZ,HOARE
LLOL0FAFA8L,HOARE
L000V9FAFA,STORMLANDS-1
Z0FA0V8FA0,RIVERLANDS-2
LFA0FALFA80,DORNE-3
LVFA0Z89LO,CROWNLANDS
LFA80VL0V,STORMLANDS-1
LFAZZV8,CROWNLANDS
L0VZL494,STARKS
800LOZ80Z,STORMLANDS-1
ZZL0L8,NORTH
FA0V00LOL0,#N/D
L84LO4L9V,RIVERLANDS-2
LL0FAZLOV0,STARKS
8849Z0Z,IRONISLADS
L9LOLFAL8V,HOARE
LZ9V0LO9LO,IRONISLADS
L04FALOVVV,REACH
L494Z4VLO,IRONISLADS
Z0Z98LO0LO,RIVERLANDS-2
L89094ZV,NULL
80000FA0FA,STORMLANDS-1
Z0V98LZLO,RIVERLANDS-2
FA0ZLO90VFA,#N/D
LLLOLVV09,IRONISLADS
L8ZM49V9,NULL
FA0Z088V0,#N/D
Z0FA4Z4LOL,RIVERLANDS-2
L4VZ448Z,NULL
V008V00LO,#N/D
FA009ZFA8LO,STORMLANDS-2
L00L98Z0,RIVERLANDS-1
LLO9LOV09FA,DORNE-3
900VZ,DORNE-1
LVZM0000,STORMLANDS-2
L8VLOL0LFA,#N/D
LL889LOFAL,DORNE-3
Z000LZ0FA,RIVERLANDS-2
L440LOFA00,CROWNLANDS
L084V00Z,STORMLANDS-1
L0LOVL9LL,DORNE-1
L94089FA0,RIVERLANDS-2
L0ZLO9ZZ4,HOARE
LLVFA8LOZ4,RIVERLANDS-2
L9LO880V9,IRONISLADS
LO0LVZMZZ,NULL
Z008VZFA0,RIVERLANDS-2
LZ0FALLOZZ,IRONISLADS
L00VFA9FAFA,DORNE-3
L0FA9ZVZ8,RIVERLANDS-2
LV9FA9408,DORNE-1
V0LO0LZFA9,NORTH
FA0L8ZV0L,#N/D
LVV8V08LO,STORMLANDS-1
LZ0ZLO088,IRONISLADS
L44ZM049,CROWNLANDS
LO0LO48V4Z,#N/D
LO0LOLLOZZ0,#N/D
LFALO4LO4V4,STORMLANDS-1
L80LO0LLV,HOARE
LVLO4V880,#N/D
L8LFAFA0Z0,#N/D
LLL80ZFAZ,DORNE-1
L0FA0LOZV0,CROWNLANDS
LV0ZV9V9,CROWNLANDS
900FA0000,#N/D
L9LO0880LO,RIVERLANDS-2
LV0ZMVLOV,STORMLANDS-2
L8LO8LVVL,DORNE-1
FA0V9Z0,#N/D
FA004ZLLFA,IRONISLADS
FA0FAFAFA4,#N/D
L9L009FA0,#N/D
LL088809,#N/D
L40ZM4LZ,STORMLANDS-1
LO00FAVLVV,CROWNLANDS
L40Z08Z8,NORTH
L8FA8FA4VL,REACH
L9V40904,REACH
LO88VV,DORNE-3
LVFA000FAFA,NORTH
LFAL0880LO,DORNE-1
LZZMZZ84,IRONISLADS
LZ9LO9LOFA4,RIVERLANDS-2
LFAFA9FA0VL,IRONISLADS
V09VV9LZ,STORMLANDS-2
Z009L8LOZ,RIVERLANDS-2
Z0Z944VZ,DORNE-3
L8ZZ0FA0Z,DORNE- 2
9ZZ98,DORNE-1
LL0090,STORMLANDS-1
LVL4V0VFA,STORMLANDS-1
VFAZMLO9Z,IRONISLADS
V0Z4FAZLFA,REACH
L4L00VFALO,REACH
LO080VLFA4,STARKS
V8ZVVLOZ,HOARE
LV840FA0Z,DORNE-3
LLZMVFA08,DORNE-1
LFA8LO89FA8,IRONISLADS
94008VFA,DORNE-1
LZZLOVZZFA,HOARE
V0FA8VVV8,STORMLANDS-2
LFA4800VV,DORNE-3
LVFA4494LO,STORMLANDS-1
Z0VLOZ40Z,DORNE-3
LL904LOZ8,STORMLANDS-1
LLOV8LV00,DORNE-1
ZZZ8FA0LO9,NORTH
L4VV00V4,RIVERLANDS-2
LVFA4494LO,STORMLANDS-1
L80FAV88V,STORMLANDS-1
L80084LO8,RIVERLANDS-1
FA000FALO0V,#N/D
L9FA00LVZ,HOARE
FA008800LO,NORTH
L80LOVZ8FA,#N/D
L8V0LFA0Z,NORTH
FA000FAFAZLO,#N/D
L4FA0ZLO9Z,STARKS
L4L904L9,STORMLANDS-1
L0L40LOLFA,IRONISLADS
LO0LOLV400,AEGON
L9VV0V8V,STORMLANDS-2
889LO004,IRONISLADS
Z0ZMZ0FAFA,RIVERLANDS-2
LO0LOLV400,AEGON
L9L090Z0,HOARE
V048V8ZM,REACH
ZZLLFA049,NORTH
80LLO4Z0L,NULL
LFAZFA8V89,HOARE
L9ZZ44LOZ,HOARE
L9FA9FAFA,IRONISLADS
L8LLO49FAV,NULL
Z0FAL88L0,RIVERLANDS-2
L8FAZ00FAFA,REACH
VLFA9VLOFA,DORNE-1
L9ZFAV448,DORNE-3
V9LVFA0Z,HOARE
L0Z00Z90,IRONISLADS
LLO90080Z,REACH
LLO8FAZFAVFA,STORMLANDS-1
L9LLOZ88V,DORNE-1
880LO04LO,DORNE-1
8LVFAFA0L,IRONISLADS
L08L0LO4Z,STORMLANDS-1
9LOFA9490,HOARE
L80400FA0,CROWNLANDS
L904VZVLO,RIVERLANDS-2
L404ZM4Z,DORNE-1
LFA4800VV,DORNE-3
L8040008,HOARE
V08890,CROWNLANDS
ZZ48V8VLO,STORMLANDS-2
Z0ZM0440,RIVERLANDS-1
LV98LO9FA8,STORMLANDS-1
L8LO09V90,DORNE-3
LL90LOV0L,STORMLANDS-1
L9VZ00VL,DORNE- 2
FA00LVLOFAL,#N/D
L4VZ8909,DORNE-3
ZZVLOFA480,NORTH
L898V0FALO,STORMLANDS-1
L9FAZ090FA,NORTH
LFAFA4ZVFA0,DORNE-1
Z04L8048,DORNE-3
L9ZMV4L4,DORNE-3
L8LLOV0VZ,RIVERLANDS-2
L909Z0,REACH
ZZ4FA0ZL8,IRONISLADS
L0FAZVV9,IRONISLADS
V0FAVLZZV,DORNE-1
L9Z4FAZL9,DORNE-1
LO8LL0ZZ,HOARE
L8Z0900L,DORNE-1
V00FAFAFA80,RIVERLANDS-2
ZZZ04L40,NORTH
L9Z00Z,DORNE-3
LL9Z8V40,STORMLANDS-1
V0LOZL,DORNE-1
FA048FA088,#N/D
L9ZML8FA8,REACH
L094LOVLFA,#N/D
V98Z094,HOARE
L000LLOZLO,RIVERLANDS-1
L8Z4FAV00,#N/D
8008VLO8,IRONISLADS
LZLO8VZMFA,#N/D
LLZLOFAV0Z,STARKS
LZMZM89LO,HOARE
LO0LO0L4V8,CROWNLANDS
ZZLOV9LOL0,#N/D
L0FA89098,RIVERLANDS-1
LZZLOV8ZM,HOARE
90LZLZ00,#N/D
L808LO444,#N/D
8LO40FALO0,#N/D
LZ98LLO0L,DORNE-1
LO0LO04Z8LO,CROWNLANDS
FA0084LFALO,DORNE-3
LV90LOL0Z,STORMLANDS-2
L00LLO0VL,DORNE-1
LFA08FALLZ,RIVERLANDS-1
LFALOLFAFA40,IRONISLADS
LL089044,STORMLANDS-2
ZZLOFAFAV0LO,NORTH
LFALZ8L0V,RIVERLANDS-2
LZ80FA8FA0,NULL
L9489489,REACH
LLLO4LO9LV,#N/D
80LL0FAVV,#N/D
V0L4V04V,#N/D
L89L9LO89,CROWNLANDS
L9LO40LZLO,STARKS
LV909VV4,RIVERLANDS-2
L8LOZZ8L9,DORNE-3
V00V94ZM,NULL
LZMLO8V0V,REACH
LL9LO88Z0,HOARE
LO0Z0FA000,CROWNLANDS
LZLOZ80Z9,RIVERLANDS-1
L8VL809FA,#N/D
LZ9Z0LOZFA,IRONISLADS
LVZLO9FAL0,CROWNLANDS
L900LOZLOFA,STORMLANDS-1
L09FA0LOZFA,HOARE
LVZMV9Z0,RIVERLANDS-2
FA004L494,#N/D
LFA0989VL,DORNE-3
L0ZMLFA9Z,STORMLANDS-1
L9V0FALFA0,RIVERLANDS-1
L4FALFAL04,RIVERLANDS-2
L8LO9LVZZ,#N/D
V09L09FAV,REACH
L8LOZ90FAZ,DORNE- 2
V909L88,#N/D
LV904V0LO,#N/D
L84LO0040,NORTH
L489ZLO40,#N/D
L9FAFA09ZL,#N/D
LO040V0FA0,CROWNLANDS
LFAVFA8VV9,RIVERLANDS-1
L894VV08,IRONISLADS
L9L8LOVZM,HOARE
Z0FA4FAZL4,RIVERLANDS-1
L0L9ZMVZ,IRONISLADS
VLO40ZL8,IRONISLADS
L898V0FALO,STORMLANDS-1
LV9LOLLLL,#N/D
LZ8808V9,HOARE
V0Z9LLO8LO,DORNE-1
L084LO809,IRONISLADS
L94LFAV09,DORNE-3
V0ZZ8LL0,DORNE-1
V000FAFA00,NORTH
FA000FA0LOL,DORNE-1
V0008ZFA0,RIVERLANDS-2
LFA0LO4LO8L,REACH
FA0ZZ90ZFA,#N/D
LFAL4L4FAZ,STORMLANDS-2
ZZFAL90LO0,RIVERLANDS-2
L8V4V8VV,STORMLANDS-2
LLO89FA9,RIVERLANDS-2
L8LO9FAV00,DORNE-3
LLOVLO80FA9,STORMLANDS-1
LFA9LO0L9Z,IRONISLADS
ZZVLOFALO9LO,#N/D
LVLVFA80Z,DORNE-1
L80849FAFA,NULL
LLOVV40,STORMLANDS-1
V0V0VLL9,STORMLANDS-2
L0FA9848FA,NORTH
L8LOZ08LOL,RIVERLANDS-1
LV8FA4400,NULL
L00FA9LOFAL,RIVERLANDS-2
V894809,IRONISLADS
LFA0L89Z4,DORNE-1
V00080FA9,#N/D
L0FAV9FA09,CROWNLANDS
LFALO0LZ0Z,STORMLANDS-1
LL48040V,DORNE-3
LZML4009,CROWNLANDS
L0V0LLOVZ,IRONISLADS
FA04FA0VLO0,#N/D
LO0LOFA0V0V,AEGON
FA008VV8Z,DORNE-1
800LO400LO,STORMLANDS-1
FA04FA0VLO0,#N/D
L9ZVV4Z0,IRONISLADS
LV09FA084,NORTH
LO0LOFA0V0V,AEGON
LV8VZ0Z9,#N/D
FA048090V,#N/D
L90LO9Z04,NULL
LVFA00FA80,STORMLANDS-2
L8LZZVZ8,NULL
Z0Z0094V,RIVERLANDS-2
L8FA9L4,STORMLANDS-2
FA00FA9894,NORTH
90LO89VL,IRONISLADS
LVZLLV9V,RIVERLANDS-2
L8L08ZV4,CROWNLANDS
LVFA448,RIVERLANDS-1
LLOZ88900,#N/D
L848404Z,CROWNLANDS
Z0FAZFAFA00,RIVERLANDS-2
980LO80FA,NORTH
L4ZZ90FAFA,#N/D
900LOL9V,HOARE
V90LO8VV,IRONISLADS
L89LOVLO9LO,HOARE
LVLFA8FAFA0,IRONISLADS
LLOV48848,IRONISLADS
LLO4L4FA49,STORMLANDS-2
V09V0VL9,STORMLANDS-2
V08Z0088,REACH
L8LVFA04LO,RIVERLANDS-2
L88FA9LO0V,STORMLANDS-1
L9Z09Z00,#N/D
LO04LOLVVL,CROWNLANDS
ZZ0Z4V48,NORTH
L94Z4VFALO,RIVERLANDS-1
L90Z0VFA8,DORNE-1
LLO900044,STORMLANDS-1
LV44LO89FA,IRONISLADS
LLLFA9ZZZ,HOARE
V9FA009L,HOARE
L9Z494FA9,DORNE-1
FA89LVV,HOARE
LV9FAVLOVLO,AEGON
Z0L4098V,DORNE-3
89Z0ZFAZ,IRONISLADS
L8VLO8FAZ4,STORMLANDS-1
L8ZZL0Z0,RIVERLANDS-2
L9LO8ZLO80,RIVERLANDS-2
LLO9LOVLO0L,STORMLANDS-2
L9LO000FAZ,RIVERLANDS-2
98094LOL,RIVERLANDS-1
L4ZLOL0,HOARE
LZFA0ZZFAV,#N/D
L0FAV4ZLOZ,NORTH
ZZ4FA98Z9,NORTH
L4V94LOV4,STARKS
9098FA40,HOARE
L9489489,REACH
8LZ94LV,IRONISLADS
8FAFALOZ,HOARE
L890LLO0Z,IRONISLADS
Z0FALOZLV0,RIVERLANDS-1
L8LVZFAL8,IRONISLADS
L0FA9ZLOFA0,STORMLANDS-1
Z0ZFAV0FAZ,DORNE-3
LVLOFA8V,NORTH
L908V9FAL,CROWNLANDS
LZZFA080FA,STORMLANDS-1
L9L08ZFAL,RIVERLANDS-2
LFA84Z484,RIVERLANDS-2
LZ9Z0LOZFA,IRONISLADS
V0LOZL,DORNE-1
L9FA8Z8Z0,DORNE-1
Z080LOVFALO,RIVERLANDS-1
LV00L984,RIVERLANDS-2
Z04L8LOFA0,DORNE-3
LO0LLV0LO0,NULL
LVLO9FAV,IRONISLADS
L49LO0Z90,NORTH
LLOVZ940LO,DORNE-1
L4LOZ0Z8Z,STORMLANDS-1
L8Z90L80,RIVERLANDS-2
90LFA0VFA0,#N/D
900098FA,DORNE-1
VLL08LO4,IRONISLADS
8004L00FA,STARKS
L980LOLL0,RIVERLANDS-2
LZZ9FA04V,#N/D
900VLO8FAL,#N/D
FA0LLLO440,#N/D
L9LO8VZ00,DORNE-1
LFA4LO8LOVL,HOARE
Z04809LOV,DORNE-3
L9VV409FA,STORMLANDS-2
L0FA008,STORMLANDS-1
L40FA0L,IRONISLADS
900V084FA,#N/D
L8Z9Z0FA0,DORNE-1
V00FAZ40V,RIVERLANDS-2
LVZMZLOLZ,STORMLANDS-1
LFA809LLV,CROWNLANDS
LLOLZFA0LO0,RIVERLANDS-1
LV89L40LO,#N/D
LV400L,DORNE-3
L408049V,DORNE-1
L49FA08V0,HOARE
LL0089LV,DORNE-3
V08FA0L,REACH
FAFAV4LO,STORMLANDS-1
L0L40LOLFA,IRONISLADS
L8LOFA9L9FA,DORNE-3
LV8FA8VZ8,DORNE-1
LFAV0LV8LO,STORMLANDS-1
LFAZFA8V89,HOARE
LLO4FAZ04Z,RIVERLANDS-2
90V08FA8,HOARE
L0FAZ044V,#N/D
L0ZLL0Z9,STORMLANDS-1
Z0LO8Z980,DORNE-3
LZLO89LO90,IRONISLADS
LLLO48LFA0,RIVERLANDS-1
LO04LOFA80V,CROWNLANDS
L0ZMZ9FA9,HOARE
L0ZLFA0VZ,RIVERLANDS-2
VL0V88FA,IRONISLADS
L8440FALOV,HOARE
L8LO0L9V0,STARKS
L9LOLZ094,STARKS
L8909LO0V,CROWNLANDS
LFA94988Z,STORMLANDS-1
L9LOFAFALOZL,REACH
L8LLOZLO09,DORNE-3
FA0VLO4LOL0,#N/D
L0LOVL9LL,DORNE-1
LOZ88FA,STORMLANDS-1
FA0FA8V0FAV,#N/D
FA04FA0VLO0,#N/D
L40VV0FA0,DORNE-1
LLOFA9FA49FA,NULL
ZZVLO49LO0,NORTH
L094449Z,STORMLANDS-1
LV4V08Z4,HOARE
L0ZFA0L8LO,DORNE-1
FA0FALO9490,#N/D
LO000Z0VL,CROWNLANDS
L9Z0LOLZL,DORNE-3
FA0008L4V,STORMLANDS-1
L9004098,#N/D
LLL0LZ0L,STORMLANDS-1
LV8Z9LLO4,STORMLANDS-1
L9LO44044,HOARE
LV0FAFA4VFA,REACH
ZZLLLLO9V,NORTH
LLOFAVV980,CROWNLANDS
LLO09Z9LO8,STORMLANDS-1
L0FALOLLOL0,NORTH
900Z0LO0FA,#N/D
LFA9LOVZVV,REACH
LLO8908Z9,#N/D
Z009VLO0FA,DORNE-3
V0LVZFA8L,RIVERLANDS-2
Z089L090,DORNE-3
LFAFA9FA0VL,IRONISLADS
FA0LZ0FA8LO,#N/D
L80ZLO0FAFA,#N/D
L4FAZ8LFA9,RIVERLANDS-2
V90LFAZ0,HOARE
L98FA8LO9FA,IRONISLADS
FA00L4FAV0,REACH
ZZ4LOLFA8L,NORTH
80FA4L80,HOARE
LZLOZLFA88,NULL
LFAFA98LOLLO,CROWNLANDS
894FAL9V,IRONISLADS
LLOL00ZLOZ,#N/D
FA0L4FA00V,#N/D
LVLO009FA4,DORNE- 2
LZMZFA840,RIVERLANDS-1
LZM0FAFA9FA,#N/D
800FAL8LO0,STORMLANDS-1
L9LVL90LO,RIVERLANDS-1
LVL8L8VFA,STORMLANDS-2
L9FAFAZ9Z9,REACH
LFALO9LO80L,DORNE-1
FALOV9LZL,IRONISLADS
LZMLO4098,REACH
LVFA80908,NULL
L8LLO49FAV,NULL
L90L4ZLO9,RIVERLANDS-1
FA0LO9LO,HOARE
L8Z8098L,DORNE-1
LLOL0FAFA8L,HOARE
FA0FALV00FA,#N/D
8FA9V9Z0,IRONISLADS
L84FAZ89LO,DORNE-3
L40FAVZL0,DORNE-1
Z0LO8Z980,DORNE-3
8849Z0Z,IRONISLADS
L8ZZ8L,CROWNLANDS
800Z0LO00,STORMLANDS-1
Z00800Z0,DORNE-3
LVFA0LFA0V,IRONISLADS
L48900L9,STORMLANDS-1
LV8VFAL00,DORNE-1
V0VFA40V0,NORTH
9FA008FAFA,DORNE-1
Z84Z,IRONISLADS
900800V0,#N/D
Z08LO894Z,DORNE-3
LFAVLO8V4Z,HOARE
FA0LVZZLOFA,#N/D
L894L00Z,RIVERLANDS-1
Z0Z9L9FA4,DORNE-3
90ZZ89FA,HOARE
LFA9009FAFA,CROWNLANDS
V00LO0098,RIVERLANDS-2
LLVVV00L,DORNE-3
LVLFAFAZM9,STORMLANDS-2
4840LLV,IRONISLADS
LO000VLV8,CROWNLANDS
L4FAFAZMLZ,NORTH
L0ZLOLFALO0,RIVERLANDS-2
L9Z49890,HOARE
L0V88L0LO,DORNE-1
LFA0LLO00FA,RIVERLANDS-1
FA0LLFA000,#N/D
L848ZM,STORMLANDS-2
8LO8L0LO0,HOARE
LV0LZ0FAFA,STORMLANDS-1
LLV00900,RIVERLANDS-1
FA0LOZ0FALL,#N/D
L0V00Z0Z,IRONISLADS
V00LLOZZLO,NORTH
FA0ZFA9884,#N/D
ZZ009VV0,STORMLANDS-2
L940VLO08,HOARE
LZ8008,HOARE
LLZ9FAVV8,NORTH
L0VL8LO00,DORNE-3
FAZ08LOFAL,#N/D
L08008VLO,HOARE
90LFA8LOL9,#N/D
Z04L8LVL,DORNE-3
Z0FA000L8,RIVERLANDS-1
L49LLZ84,STORMLANDS-1
LFA40LOFAFALO,IRONISLADS
L0L848FA9,RIVERLANDS-2
FA00ZLO00FA,NULL
L949Z4,RIVERLANDS-2
LV09FALFAZ,STARKS
L89VLOL40,HOARE
V8LZ904,HOARE
FA040ZVZL,#N/D
LO00L9LOFAV,CROWNLANDS
8L04904,IRONISLADS
LFAFA8VLVL,IRONISLADS
L4LOZ9VLO0,STORMLANDS-1
LLOZZ9844,#N/D
LO0L9ZFA09,NULL
LFAZZ8VLL,STARKS
800L8FA8,IRONISLADS
900Z0LO0FA,#N/D
L940V8FAZ,NULL
L8FA4FA040,IRONISLADS
L88FA9LO0V,STORMLANDS-1
LVZ0894L,#N/D
L0LFALO904,STORMLANDS-2
LV984LOVZ,DORNE-1
L0ZVFA84LO,IRONISLADS
L8Z9VVZFA,DORNE-3
V0LOZLO08FA,NORTH
L90ZMV84,#N/D
LZZV8LOFA9,STORMLANDS-1
L8FALOV080,DORNE-1
80LOZ0V,DORNE-1
LO04FAFA4Z0,DORNE- 2
LZ0949V0,#N/D
L8FAVZFAZ0,RIVERLANDS-1
LVLOVVFALO0,#N/D
L0L4V0L4,STORMLANDS-1
9FA4000LO,HOARE
LFALOLFAFA40,IRONISLADS
LLFA0449Z,NULL
LZ4VVLO94,IRONISLADS
L800V80Z,RIVERLANDS-1
FA0ZMZLFA0,#N/D
L0L0L0VFA,STORMLANDS-1
LZ00V4V8,RIVERLANDS-1
L00VLOV4V,RIVERLANDS-2
LFA8Z9ZVZ,STARKS
L9ZVFA00L,#N/D
LZ0LO00V0,HOARE
V0L08L8L,RIVERLANDS-2
80LFA0VVL,STARKS
ZZ08LOL04,NULL
L9FA00LVZ,HOARE
Z08V9048,DORNE-3
L90L04LOZ,STORMLANDS-1
VLFA809LO,HOARE
L9Z009FA0,STARKS
L0LO4LZ98,STORMLANDS-1
L4LO09LV9,RIVERLANDS-1
LLO00FA0LL,IRONISLADS
L0880L4Z,STORMLANDS-1
L8FAZZLO00,DORNE-1
FA0LZZLV0,#N/D
L9FA8ZV49,HOARE
FA00VFAV0LO,#N/D
LLO0L94L9,HOARE
L8LL4LOLZ,DORNE-1
FA0FAV944Z,#N/D
ZZLVZM40,IRONISLADS
840Z94L,IRONISLADS
L444FAFA80,RIVERLANDS-1
L98Z09Z0,DORNE- 2
LLO9VL00FA,CROWNLANDS
9FA8FAFA08,DORNE-1
LV0LFALO8V,STORMLANDS-2
L4L0VL49,RIVERLANDS-1
LVL90LOZL,HOARE
L4088FA9LO,DORNE-1
LL44000LO,IRONISLADS
L4ZLOVLOLFA,RIVERLANDS-2
L0LOV0LL9,DORNE-1
LO00FA9FAVZ,CROWNLANDS
L90LO0FA98,DORNE-1
V0FAFA00,DORNE-1
L40FA9090,CROWNLANDS
LLO0V89,#N/D
8ZL8Z9V,HOARE
LO0FAZVV9Z,CROWNLANDS
L8VLO049V,STORMLANDS-1
L0V4Z0LZ,STORMLANDS-2
L498Z0,DORNE-1
L8FAVLO0LFA,DORNE-1
L89VLOL40,HOARE
LVVFA404LO,HOARE
L0800LVFA,RIVERLANDS-2
FA0LFAV8L9,#N/D
LLOFA0LO094,NULL
9V8Z4,RIVERLANDS-1
V9LOL8V8,HOARE
VZL40LO0,HOARE
V08LOZ0VV,REACH
FA0089VZ0,IRONISLADS
LFAZV0049,DORNE-1
LLO9LO8FA00,DORNE-3
LFAV4LO80LO,DORNE-1
L9LOLLO84FA,NULL
L48LLZZL,STORMLANDS-1
LFA940Z0V,RIVERLANDS-1
L9L0V0L0,NORTH
LZZV989L,IRONISLADS
L000FALO80,IRONISLADS
FA00V4LZL,DORNE-3
LFA9LOVZVV,REACH
L9V0FAFAZV,NULL
LLLO0ZFAL0,STORMLANDS-1
V08ZLOZFA0,REACH
V0FAVLZZV,DORNE-1
LFAL89Z94,RIVERLANDS-1
LVZZ09VFA,IRONISLADS
LLOZ89Z08,DORNE-1
L09LO49FA4,STORMLANDS-1
L90VZL09,CROWNLANDS
LFA8FA0008,DORNE-1
ZZLOLFA90FA,CROWNLANDS
L9FA00VLOV,#N/D
L8VV9FAFAV,DORNE-3
L08VVL04,#N/D
L9LVLZZ9,RIVERLANDS-1
LV88ZFAFAV,NULL
ZZ0ZV00L,IRONISLADS
V04ZZFA8L,STORMLANDS-2
LV0FA444L,NULL
L9FAFA0ZL0,STORMLANDS-1
ZZZZLO04Z,NORTH
LZM4LV,NULL
90884LOV,HOARE
9L0LO0V0,HOARE
LL0LO4V89,STORMLANDS-1
ZZZZLO04Z,NORTH
LLOL9LOL0L,STORMLANDS-1
LFAL4L804,CROWNLANDS
FA0FA0LFA8L,#N/D
FA0LOZFAV9Z,#N/D
L9FA8FA808,#N/D
V0LLO8949,RIVERLANDS-2
L4FA8408L,STORMLANDS-2
L4V4L84LO,STORMLANDS-2
L8009800,DORNE-1
LLO9FA9LO80,CROWNLANDS
LO0ZFA888Z,AEGON
L40FALO080,CROWNLANDS
LZ0840Z0,RIVERLANDS-1
L89FA0LLO0,RIVERLANDS-1
L98VLO90V,HOARE
LL40Z00LO,STORMLANDS-1
ZVLOV9LLZ,RIVERLANDS-2
800V4LL0,STORMLANDS-1
V0LO0ZFA89,STORMLANDS-2
LLOZ8LFAVZ,HOARE
L98LOL9,DORNE-1
L9V8L4VZ,DORNE-3
ZZ4VLZVZ,NORTH
LV40009Z,DORNE-1
LFA9FA09V8,IRONISLADS
LVV8ZLLOV,HOARE
LLOFALOZVZM,NULL
LL8LLOZVFA,NORTH
ZLOFAZ809LO,DORNE-1
Z0LO0LZLFA,RIVERLANDS-1
4FALO94Z0,HOARE
LV9FALO4L0,DORNE-1
LLLLO8L04,DORNE-1
L4L4LFAL8,IRONISLADS
L00V0FAFA9,IRONISLADS
LVL0V0VFA,RIVERLANDS-1
LVV989LO9,STARKS
L40FAVVZ4,HOARE
L8LOLL0LOZ,REACH
LVFA04L,DORNE-1
LV8LVV,DORNE-3
L90FA4084,STORMLANDS-1
L9LOZ89V0,DORNE-3
L0FAFA09FA0,HOARE
Z04ZV944,DORNE-3
L4LOL00,HOARE
LLOLLL44V,RIVERLANDS-2
V0LOZLO08FA,NORTH
LLO9FAVZLO0,DORNE-1
V009LZ4LO,RIVERLANDS-2
L9LO808FA8,NORTH
V089LZ90,REACH
ZZV4Z484,DORNE-1
L48LOVLFAFA,STORMLANDS-1
FA044FALO89,#N/D
VL8Z80L,IRONISLADS
LFAZ09L00,DORNE-3
LLO0LO8404,RIVERLANDS-2
L48LO9FA0Z,HOARE
V040LO9,CROWNLANDS
FA009FAFAV4,DORNE-3
L8ZV00VFA,HOARE
LZFAL0FA0LO,HOARE
LLOV889Z8,DORNE-1
LFALO8V09FA,IRONISLADS
L8LO89490,STORMLANDS-1
LO0LO0V844,CROWNLANDS
LLOFAV9Z4Z,STORMLANDS-1
LZ0ZV8V0,NULL
LLOZ4L8FA0,DORNE-1
L0V4VVFA0,STORMLANDS-1
LFA4800VV,DORNE-3
FA0Z00090,#N/D
LV08V0FA4,DORNE- 2
4090FA0FA,DORNE-1
900L4ZLO9,#N/D
LO0ZFAV9LL,REACH
V0890Z8V,NORTH
LO0LO48V4Z,#N/D
ZZ00FA449,STORMLANDS-2
9L0LO0V0,HOARE
LV9FA4080,STORMLANDS-2
Z0VVL4LOV,DORNE-3
LZ0LO08FA9,NORTH
LLFAV9480,STORMLANDS-1
LZ0FA4V49,NULL
L880Z9FA9,DORNE-3
L49LOZ8V0,CROWNLANDS
LV8VL0LO8,NULL
V0949L00,STORMLANDS-2
L08LVZ0FA,DORNE-3
LO0LO49084,#N/D
9009L4Z8,#N/D
L4LVLOLVLO,DORNE-1
LO08VFA9,CROWNLANDS
ZZFA44LO48,NORTH
LO08VFA9,CROWNLANDS
V08Z0Z8Z,REACH
V0LO80088,HOARE
L8LOV800LO,RIVERLANDS-2
L8490Z0LO,DORNE-3
LZMVL0Z9,NORTH
LO0FA400L4,NULL
FA0444LZ4,#N/D
L98LLFA40,REACH
L840089V,RIVERLANDS-1
LO04LOZLO09,CROWNLANDS
L0ZZMLZV,STORMLANDS-1
VL9FA044,HOARE
V04490L0,STORMLANDS-2
8000LO0V8,STORMLANDS-1
LL49L40L,#N/D
Z008000Z,DORNE-3
Z0V89ZV8,DORNE-3
LO00ZZ0L9,CROWNLANDS
LLOFA009Z0,IRONISLADS
LLFA9LOZLV,NULL
LVVZZZZ0,IRONISLADS
L94LOFA900,DORNE- 2
L40044LO9,DORNE-3
LLO0LOZV0L,CROWNLANDS
FA044088L,#N/D
L0ZLFA0VZ,RIVERLANDS-2
L8989FAV8,IRONISLADS
90L009FA8,#N/D
LO049V9VV,AEGON
V09LOZZFA,IRONISLADS
LL80LL9V,STORMLANDS-1
L9ZFA0Z4V,RIVERLANDS-2
Z0V8LVFA8,RIVERLANDS-2
L9L08ZZ0,DORNE-3
L9880LOL0,CROWNLANDS
L9LOV8V8LO,NORTH
FA0VLOVZ04,#N/D
V409808,DORNE-1
LO04LOFA80V,CROWNLANDS
8VL0V,STORMLANDS-1
LV0LO840LO,NORTH
V089LO0FALO,STORMLANDS-2
L8VFA09V0,DORNE-1
V0LO0FA408,HOARE
LO0LOFALO4Z9,AEGON
L84L980Z,REACH
LV90FAFAZ9,#N/D
LO0Z0L9LO8,AEGON
LFAFA9VL8LO,RIVERLANDS-1
L9VZ0VZV,STARKS
Z0809V4LO,RIVERLANDS-1
LLO08LO8FAL,NULL
LZMLZ4FA0,STARKS
L4LOLLZLZ,HOARE
L8L4L098,DORNE-1
LVLLO8LZ9,RIVERLANDS-2
V04FALO0FAV,STORMLANDS-2
Z0L0Z44Z,RIVERLANDS-2
FA0LO9Z944,#N/D
LZ89FA4VFA,NORTH
FA00LVLOFAL,#N/D
FA0LVFAVLOFA,#N/D
LVLL940FA,NORTH
LFA4Z9L,STARKS
V4LOFAZ0FA,IRONISLADS
LLOZ4L8FA0,DORNE-1
884L4ZL,HOARE
FA0089VZ0,IRONISLADS
L8L4VLOL0,HOARE
9808FA8Z,DORNE-1
Z0LO88LO,RIVERLANDS-2
LV90Z000,NORTH
L900L4FA4,RIVERLANDS-2
V0008ZFA0,RIVERLANDS-2
LLLO4LOZL0,RIVERLANDS-1
L8FAFAL0FA9,STARKS
LO0LOZLZLOV,AEGON
LVLFAZ40L,AEGON
LV0LOVZFAFA,#N/D
L490,RIVERLANDS-1
LO0LL0LOZ9,NULL
FA04Z9LFAL,#N/D
FA0FA8ZMLLO,#N/D
ZZLO8FA8FA4,DORNE-1
80LZM9ZLO,STORMLANDS-1
LV4LLOV80,STARKS
9ZL480FA,DORNE-3
8L008ZFA,IRONISLADS
V0V0LO088,STORMLANDS-2
L9FA00040,#N/D
LZML9L4LO,NULL
LOZLLO098,IRONISLADS
LZFA8LZV4,REACH
L0V88L0LO,DORNE-1
LZLVFAVVL,RIVERLANDS-1
L908FALO0V,IRONISLADS
L0FA0ZV48,NULL
800V9ZV4,STORMLANDS-1
L09LO8LO4L,DORNE-1
L0FAZVV9,IRONISLADS
LVFA0L0Z9,STARKS
LV80LZV4,RIVERLANDS-2
L4LO9L800,NORTH
ZZ4L8LLO4,NORTH
9000FAVFAZ,#N/D
8004V080,STORMLANDS-1
900LO0080,#N/D
LFAL84LO9FA,CROWNLANDS
8009FAZFA9,#N/D
LVLOLV0LOL,HOARE
LO08Z00ZFA,CROWNLANDS
LZ0VZZFAZ,IRONISLADS
L94V88FA0,NORTH
L0FAV9FA09,CROWNLANDS
FA0449V89,#N/D
L9L09LLV,NULL
LO00LO9L8L,CROWNLANDS
L440,IRONISLADS
L08FAVL44,DORNE-3
900ZLO0FAL,#N/D
FA00ZV009,RIVERLANDS-1
VLO4LOV09,IRONISLADS
L94FALFAVL,RIVERLANDS-1
V00LL9Z8,NORTH
L0V84LLO4,DORNE-1
80008ZV0,NULL
LO0ZZFA8V0,REACH
L0904FA,STORMLANDS-1
80L49800,STORMLANDS-1
L9ZZ04L4,IRONISLADS
LLO0FA4VLO9,HOARE
V00L0L40,NORTH
L9LFALOZ9FA,RIVERLANDS-2
FA0FAFAL040,#N/D
L909Z0,REACH
L0LOLZZFAL,STORMLANDS-1
L49Z9LO0V,STARKS
L44498FAV,STORMLANDS-1
L89LO8FAFA4,NORTH
FA0080Z8V,DORNE-3
LZZZZLOL0,NULL
L94L4FALO8,REACH
9L9L4,HOARE
LFA000VFA8,STARKS
LLOV0V48Z,REACH
LZ84V8LOL,NULL
LV0Z0ZV4,#N/D
L9V88489,RIVERLANDS-2
LLZ04VLOL,NORTH
LZL0ZLLOFA,RIVERLANDS-2
ZZV8ZM0V,NORTH
L80LVFAFA4,NORTH
L49V04L4,HOARE
L9Z8LO0LLO,DORNE- 2
LFA00VL0Z,#N/D
9L9ZLO80,DORNE-1
LVZV0V0Z,DORNE-1
L9LO09VFA8,RIVERLANDS-1
VZZM0VL,HOARE
LO0Z0LOFA04,AEGON
80FA004V0,STARKS
FA00FAFAFA,#N/D
80LL0VV,DORNE-1
L8LFA84V0,CROWNLANDS
LL0V4VFAL,DORNE-3
V0FAZ8V04,DORNE-1
LLO4LOVLFAV,RIVERLANDS-2
LV0L0Z8Z,STARKS
LO08ZL080,CROWNLANDS
800V00LO,IRONISLADS
L9L0VZM0,STARKS
Z0ZFA8V0L,DORNE-3
L9Z4FAZL9,DORNE-1
Z04049FALO,RIVERLANDS-2
VFALO0049,IRONISLADS
LLO0Z900V,DORNE-3
L9LOLLOL8FA,RIVERLANDS-2
Z00LO8898,RIVERLANDS-2
9090FAVZ,IRONISLADS
9ZM4FA00,RIVERLANDS-2
L90LV0Z0,STORMLANDS-2
L98VLO90V,HOARE
V084LO00V,REACH
LLFA0Z4LLO,RIVERLANDS-1
L00FA9LOFAL,RIVERLANDS-2
LZMLVFA0Z,STORMLANDS-1
L9L409ZM,RIVERLANDS-1
LVV989LO9,STARKS
L8040VZL,DORNE-1
Z0FAV9Z,RIVERLANDS-1
L9ZZZZZ4,STORMLANDS-1
V0890,STORMLANDS-2
LLO0Z080,HOARE
LVVVLVFAFA,REACH
ZZ0LVV8LO,NORTH
V0L80Z8FA,#N/D
LVL900LO8,DORNE-1
LZ0ZL49L,REACH
FA00FA00FA0,RIVERLANDS-1
LFALOFA8898,DORNE-1
LZZZ0Z40,IRONISLADS
V0LO800FA,DORNE-1
LV48FA009,HOARE
89089L8,IRONISLADS
LLO844V4V,DORNE-1
VZZM0VL,HOARE
L4FAFALOFA8LO,NULL
498L4VLO,IRONISLADS
L4FAV4LO9FA,CROWNLANDS
LZM00LOLV,RIVERLANDS-1
L8LO8V4FA0,DORNE-1
Z00FALV0FA,RIVERLANDS-1
L0LOL40L0,RIVERLANDS-1
L90FA9004,NULL
LZFA8LZV4,REACH
800VLZLO0,NULL
L9Z4FAZL9,DORNE-1
ZZZ9VFAZ8,IRONISLADS
L8V0088Z,#N/D
L8FAFAL0FA9,STARKS
L88FALOFALFA,DORNE-3
L0VV0440,IRONISLADS
LZ8ZLVZ9,NULL
LV0LL040,DORNE-1
LO0ZVLZMFA,RIVERLANDS-2
L9FA00FA4L,NULL
L9FAVFA000,STARKS
L800LOV09,DORNE-1
LO0LZ008Z,NULL
Z0LOLLOZFA4,DORNE-3
LV09FA084,NORTH
L8LOZVLO9LO,NULL
V0LO9Z0FA4,NORTH
L00FA9L0Z,RIVERLANDS-2
FA00VFAFALOL,HOARE
VVV4LOL0,HOARE
ZZZZ9LO4FA,NORTH
L4FAVV008,#N/D
LFAL04V00,NULL
L90LOVL90,DORNE-1
80L4Z9LO0,STARKS
V080900V,REACH
LZ40FA8V4,DORNE-3
L9Z088LV,DORNE-3
L9ZFA0ZFA0,STARKS
L4ZLLOZLZ,STORMLANDS-1
LLO0L94L9,HOARE
LFA0LLLO48,HOARE
LFA98090LO,DORNE-1
LO0LOLLOZZ0,#N/D
LZ0FA4V49,NULL
ZZ4840FAV,NULL
LVVLOFAFALOL,DORNE-3
FA0909LOV4,#N/D
L89ZVLV8,DORNE-1
V0LLLFALOFA,DORNE- 2
LLO00909V,DORNE-3
LO0Z0FAL4V,AEGON
L8090094,STORMLANDS-1
L98LOL9,DORNE-1
LLOVVFA8,STORMLANDS-1
L9LLO890L,DORNE-3
V0V4Z0FAV,STORMLANDS-2
L0LZZ84Z,DORNE-3
FA00LOFAZVLO,AEGON
LZ0Z89LLO,HOARE
FA0FAVZ08FA,#N/D
90Z44Z0,IRONISLADS
V00Z0484,RIVERLANDS-2
L9L40840,REACH
L0LFAV8FAV,HOARE
L4ZZZL0V,STORMLANDS-1
L9FA00LO09,AEGON
8ZZ4Z0LO,IRONISLADS
L9LOZL009,STORMLANDS-2
L0LVFAVL0,DORNE-3
LZ9V0LO8L,NULL
LO00LO4LO0LO,NULL
LO0L9LOVZ4,CROWNLANDS
L9V0LZV8,HOARE
L8VZ0LZFA,STORMLANDS-1
LO04L4FALOFA,DORNE- 2
LZM4409Z,IRONISLADS
800LO8FAL,IRONISLADS
VVFA490Z,HOARE
LO0LOZ4Z00,#N/D
LO00FAVZ09,CROWNLANDS
LO0ZLO08Z0,RIVERLANDS-2
FA0V0089LO,#N/D
L4ZM440L,IRONISLADS
L49VZ00FA,STORMLANDS-1
L9FALFA044,IRONISLADS
LV44FAFA00,CROWNLANDS
V0Z00FA00,REACH
L4Z0LOLLO0,STORMLANDS-1
LZ8FA9ZLO0,DORNE-1
LO0ZL98VZ,REACH
LVV9ZLL8,STORMLANDS-1
LLVLOZVFAFA,#N/D
V0ZL098Z,REACH
LV44LO89FA,IRONISLADS
L9Z0V9FA4,#N/D
LV9V894LO,DORNE-1
FA0004ZZ4,DORNE-3
L90VFALVL,NULL
LV4FA84,DORNE-1
V0L08LOLL,#N/D
FA00V4VL9,IRONISLADS
L0L8FA0V4,NORTH
FA0FA8V04V,#N/D
FA00LOV0VFA,#N/D
LVZM0000,STORMLANDS-2
LZLO89LO90,IRONISLADS
LZLOVLO8ZL,DORNE-1
ZLO4ZM40FA,CROWNLANDS
LFALO94LO90,STORMLANDS-1
L4000884,RIVERLANDS-1
L00LO4Z0LO,STORMLANDS-1
LO0ZLZLO80,DORNE- 2
L9FAVZVLFA,REACH
800V0888,NULL
FA0LZZLV0,#N/D
VL44840,HOARE
L08LO0Z,STORMLANDS-2
V0Z0Z449,REACH
LFA0049VLO,HOARE
LVLVFAL80,DORNE-1
LVFA9FA0LOL,STORMLANDS-1
Z04LO09FAL,DORNE-3
LLOZV4000,#N/D
LO04Z040LO,CROWNLANDS
LLOFA9L0ZV,DORNE-3
V0FAV040,DORNE-1
L88FALO0ZL,HOARE
L9LLLO00Z,STORMLANDS-1
LV80LZV4,RIVERLANDS-2
LV9LO0V,HOARE
LVLO8L400,DORNE-1
800090ZL,NULL
L8L9VLVZ,NULL
L0L0L4LV,RIVERLANDS-1
L0Z9LLO8LO,RIVERLANDS-1
Z009VLO0FA,DORNE-3
L00FA9FAZV,STORMLANDS-1
80LFALO000,NULL
L9LZV090,NORTH
V0949L00,STORMLANDS-2
LL84FALOFAL,REACH
LZ00Z49Z,DORNE-1
LZFAV00FAFA,STORMLANDS-1
LO0LOFALO4Z9,AEGON
V04ZVZ89,STORMLANDS-2
L9L8900V,RIVERLANDS-1
LLOL9VFA04,STORMLANDS-2
LLOV00LLOZ,STARKS
LLO8VL0LOV,REACH
L80FALO09L,RIVERLANDS-2
800LOL9ZV,STORMLANDS-1
ZZV4000L,IRONISLADS
V0V000Z,HOARE
90L00LOFA0,#N/D
FA0409LO4V,#N/D
LFA8LO0LL0,IRONISLADS
9ZZ98,DORNE-1
FA0L88L0L,#N/D
L08FA9LO89,#N/D
Z004FAFALO0,DORNE-3
LVLO8LLO8FA,#N/D
LO04ZZ40V,CROWNLANDS
LLLVZMFA8,HOARE
LO0Z08V4FA,AEGON
LO0FA08LOFA4,NULL
LFAZFA8LO9V,REACH
LVLOFA8LO09,IRONISLADS
L80FA0VFA9,STARKS
LLOLZFALOZV,IRONISLADS
L89FA0LFA0,DORNE-3
FA0LL0LLO4,#N/D
LFAV8LL98,RIVERLANDS-2
V00LO0VFA,HOARE
L80LLOZFA9,NULL
ZVZFA8FAL0,NORTH
LFA90LZ4L,IRONISLADS
9FA4L808,IRONISLADS
L0LO8Z4Z8,STORMLANDS-1
LLO0400V0,STORMLANDS-1
LLO484ZM9,STORMLANDS-1
FA00ZV009,RIVERLANDS-1
L0V9FA808,NORTH
FA0Z9ZFAZLO,#N/D
FA00FA09LO4,STORMLANDS-2
LLO9LOZ8L0,STORMLANDS-2
FALZ0VZV,DORNE-1
L40000Z4,STORMLANDS-1
LL0LZZLZ,RIVERLANDS-1
L890VVLO0,IRONISLADS
L9LOVL88V,DORNE-1
80LLVL9Z,STORMLANDS-1
LVFA9LOV44,STORMLANDS-1
LLOVL8LOZ4,REACH
LV049ZL9,STORMLANDS-1
ZZ80940Z,NORTH
Z0ZLO0FAZL,STORMLANDS-2
8ZV8Z80,HOARE
V08Z0Z0L,REACH
LFA40V49L,IRONISLADS
LFALFA9098,HOARE
L0LO0049Z,HOARE
L94Z08LO4,DORNE-3
LV4LOLV04,HOARE
LVFA0LVFA0,STARKS
Z08VLO4,DORNE-3
V0L4LO4LO0,RIVERLANDS-2
L8L89FA08,NORTH
L08VVL04,#N/D
L0FA008,STORMLANDS-1
LZMLOFAVVL,STORMLANDS-1
ZZ40LO0FA9,STORMLANDS-2
L90L08FALO,STORMLANDS-1
LVL8V9FALO,NULL
L4FA0L094,STORMLANDS-1
LLLFA00LL,RIVERLANDS-2
V949094,DORNE-1
80ZLO040,IRONISLADS
L090L00V,RIVERLANDS-2
V00FA4FALO4,RIVERLANDS-2
ZZ4FA4ZLOFA,DORNE- 2
FAZ08LOFAL,#N/D
FA0LLL0V4,#N/D
Z0948L0Z,DORNE-3
L4L80FALZ,HOARE
9000LV8Z,#N/D
LV0Z0ZV4,#N/D
LVFALO8FAVFA,IRONISLADS
L848LLO80,#N/D
800FALOFA8FA,STORMLANDS-1
V0884080,REACH
8008LOVVLO,STORMLANDS-1
V098L4ZZ,STORMLANDS-2
L4VZ0LO00,RIVERLANDS-1
LFAV0LV8LO,STORMLANDS-1
Z0L0V984,DORNE-3
L900FA0V0,HOARE
9LVZ4LOV,IRONISLADS
89FALO0FAL,HOARE
90LZLO00LO,#N/D
LZZLOVZZFA,HOARE
LLO9LOZ8L0,STORMLANDS-2
LLOVZV80L,RIVERLANDS-2
FA00ZLO00FA,NULL
LZFALVLZV,DORNE-3
V04LOFA04L,STORMLANDS-2
LO04ZZ40V,CROWNLANDS
LL0FA948V,STORMLANDS-1
L9LO40LLV,DORNE-3
L4FALO4048,STORMLANDS-1
L4Z08FA9Z,STARKS
LLO08L4FAFA,STARKS
LLV9LOLZM,NORTH
LLOVFAFA08FA,DORNE-1
LVZFAVFAFALO,STORMLANDS-1
LV4VL9LL,HOARE
LFALO9LO80L,DORNE-1
LLO48L449,STORMLANDS-1
V00Z4Z0LO,NULL
L4L00VFALO,REACH
90V08FA8,HOARE
VL9FA044,HOARE
L4L9Z0ZFA,HOARE
8LOFA9VV0,HOARE
LFA4Z908L,NULL
LVLO09409,STORMLANDS-2
LO0LOZ00LO9,AEGON
L9LZV08L,DORNE-3
L4Z48LO0FA,STORMLANDS-1
80ZZL8FA,IRONISLADS
V040LO0LO8,STORMLANDS-2
LFA80FA048,DORNE-3
L9LOVZZ8FA,IRONISLADS
9ZV48L,DORNE-1
L4LOZFA040,CROWNLANDS
4ZL88FAL,IRONISLADS
FA09FALO9LOV,#N/D
V09FA4FA4FA,#N/D
VZFA00L0,IRONISLADS
ZZFALO0900,RIVERLANDS-2
L4LL9Z08,NORTH
FA049V9ZZ,#N/D
9009LO4,#N/D
V0400Z,STORMLANDS-2
V0LZLZ90,RIVERLANDS-2
VZMFALFA8,IRONISLADS
L9FAFA0000,#N/D
LLOV0Z9LO9,RIVERLANDS-2
FA0L8V0Z8,#N/D
L9Z4FA800,RIVERLANDS-2
LLOV00LLOZ,STARKS
LLLFA088FA,STORMLANDS-2
L8LO4FA008,RIVERLANDS-1
L8890449,CROWNLANDS
FA0FAFA0VL8,#N/D
LV00L9LL,NORTH
L4FA0LO090,RIVERLANDS-1
LZVV4408,NORTH
LV80FAL8V,CROWNLANDS
VLFA0VFA0,DORNE-1
849LL0FA,HOARE
LZ4ZZ889,HOARE
FA0FA0LOLFA4,#N/D
LLLO4LLLFA,RIVERLANDS-1
V00VLOLFAZ,STARKS
80LFA4LO9LO,STARKS
LO00FAZFALOFA,CROWNLANDS
FA000LOV84,#N/D
LV90Z084,RIVERLANDS-2
LV0LO4FAVFA,HOARE
L80L0LOLFA,NULL
LZ0ZZ094,IRONISLADS
L800LO9Z0,CROWNLANDS
LL00Z08V,STARKS
ZZFAV080L,STORMLANDS-2
LVLLL008,STORMLANDS-1
ZZZ0V809,IRONISLADS
ZLO4LOZLO89,IRONISLADS
Z08LO894Z,DORNE-3
LZ0ZV8V0,NULL
80008LO00,STORMLANDS-1
L8FA8L4Z9,CROWNLANDS
900V04L,HOARE
9VVLO4V9,RIVERLANDS-2
L4LOLL0,IRONISLADS
94800LO0,DORNE-1
LO00LVFA90,CROWNLANDS
Z08FA8LOVZ,RIVERLANDS-2
LLOFA80048,NULL
8000904LO,STORMLANDS-1
LZ0489ZM,RIVERLANDS-1
LO04FAFA4Z0,DORNE- 2
LLOVV0ZLZ,#N/D
ZZZ04L40,NORTH
LZML0Z80,STORMLANDS-1
L90400LOFA,DORNE-3
L9LO0LVL0,IRONISLADS
LV009LOFAFA,NORTH
LVV400,DORNE-3
LFA8LOZ0FAL,STORMLANDS-1
L4LO4FA8FAZ,IRONISLADS
900L0ZFALO,#N/D
V0L0LO84L,RIVERLANDS-2
4098LFA4,DORNE-1
L0VLL09FA,IRONISLADS
Z0LOZ8Z9FA,RIVERLANDS-2
900V4LOVL,#N/D
V00LL9VZ,RIVERLANDS-2
V00FAV4LO8,DORNE- 2
9LO8800FA,DORNE-3
LZLO8VLO,#N/D
80Z0000,HOARE
LZLO04FA90,IRONISLADS
9LO0900Z,DORNE-3
V0V4Z0FAV,STORMLANDS-2
LO0LO0LLO09,#N/D
LV9LO04LO0,#N/D
FA0Z4V88FA,#N/D
Z08Z9VLOFA,#N/D
ZZ804LVZ,NORTH
L490L8FAFA,STARKS
L00L98Z0,RIVERLANDS-1
L0V0ZZLOZ,IRONISLADS
L40Z88L9,DORNE-3
LLZLOFAV0Z,STARKS
LV8LO490LO,#N/D
L80FA0VFA9,STARKS
LLO08404V,HOARE
L9ZLOVLO80,NULL
LZLFA9088,IRONISLADS
L44ZLOVZV,#N/D
LFALOFAZVVV,RIVERLANDS-2
LV0FALLOLL,HOARE
L4FA09VFA0,STORMLANDS-1
FA0048LO,#N/D
89Z094LO,HOARE
FA0VL9448,#N/D
V00Z9FA0,IRONISLADS
LVFAZ8Z00,DORNE- 2
LZV9LOFA8LO,NULL
L80Z0FAL9,RIVERLANDS-2
L898V0FALO,STORMLANDS-1
L0FA4ZV00,DORNE-1
LV04ZZ9FA,IRONISLADS
LVVLOFAFALOL,DORNE-3
LFALO0VZ94,DORNE-1
L00V90LV,RIVERLANDS-1
LVFA4Z4FA8,#N/D
LLOL0FA4LL,REACH
Z09Z0L8V,DORNE-3
LLOL000LO4,RIVERLANDS-1
FA0490884,#N/D
LV909V4LO,CROWNLANDS
L8VLO8ZLOFA,#N/D
ZZFA980L4,NORTH
L0LO4LZ98,STORMLANDS-1
84VLOVV9,#N/D
LV4000,STORMLANDS-1
L9LLOFA049,HOARE
L49LOL9VV,REACH
LFALOFAZVVV,RIVERLANDS-2
L9L00FA08,DORNE-1
FA0Z0VLO90,#N/D
LVV890LL,CROWNLANDS
FALZ0VZV,DORNE-1
800000LO9,NULL
800VZLL0,STORMLANDS-1
9L94Z08,HOARE
LFAFA8LO4LFA,CROWNLANDS
FA00LVLOFAL,#N/D
Z0008FAFAFA,RIVERLANDS-2
LO48Z409,IRONISLADS
L900V0ZV,REACH
80094ZLOV,NULL
L009FA0VLO,IRONISLADS
FALOFAVFA4L,DORNE-1
L904VL0L,RIVERLANDS-2
LZ08040FA,RIVERLANDS-1
L4ZZ0Z4L,STORMLANDS-2
800LLOZL8,NULL
FA0FA8L8L8,#N/D
L0FA0FALO,NORTH
Z0LO0VFAZ9,RIVERLANDS-2
ZZ4LOLFA8L,NORTH
4FA4LFA,RIVERLANDS-2
L88909LO0,REACH
VL4ZL00,IRONISLADS
LLL4Z904,#N/D
LFAVV0FA40,STORMLANDS-2
LLOVLOL4LLO,STORMLANDS-1
LVFA0V0ZM,HOARE
V4ZZZFA8,HOARE
L9FA00FA4L,NULL
LZ0VZZFAZ,IRONISLADS
LO0LO0LLO09,#N/D
LZZMZM09,#N/D
L80LFAFAZZ,STORMLANDS-1
L84ZVL00,IRONISLADS
LLO00FAL89,STORMLANDS-2
LO0LOFA0ZML,AEGON
ZZL404VV,RIVERLANDS-2
LL0LO4V89,STORMLANDS-1
90884LOV,HOARE
LV80FALO,NULL
900LO0FA4LO,#N/D
Z0LO4VFAL8,RIVERLANDS-1
LO0FALO0988,NULL
80LLLFAZ9,STORMLANDS-1
Z0ZLO0FAZL,STORMLANDS-2
FA0LZLOLFA0,#N/D
900FALL09,#N/D
L000FALO80,IRONISLADS
LFA40V49L,IRONISLADS
L0VLL09FA,IRONISLADS
L4Z0LO0FALO,NULL
LL80ZMV9,#N/D
LFAZZLO4LLO,IRONISLADS
LLO04LO08LO,STORMLANDS-1
LV0008LO8,DORNE-1
LLV0FALV4,#N/D
L444L00V,STORMLANDS-2
LV90LZMZ,STORMLANDS-1
L9FA40LL4,#N/D
V0ZMV4FA0,NORTH
LV0LOFAZVZ,STORMLANDS-2
L4VZ8V8LO,STORMLANDS-1
L9L0LO44L,DORNE-1
L9L08ZFAL,RIVERLANDS-2
L4LFALZMZ,REACH
L0490LO0FA,IRONISLADS
L8LZM000,DORNE-1
L8LO448L0,REACH
L9L8900V,RIVERLANDS-1
VZZM0VL,HOARE
LLOZ089,RIVERLANDS-2
ZZVFAFAFA8FA,IRONISLADS
L9L0VV4FA,IRONISLADS
LLO0FA4VLO9,HOARE
LZ9FAVLFAZ,HOARE
80LZZ09L,NULL
L0V00Z0Z,IRONISLADS
LVLO9L0ZM,DORNE- 2
L408ZM04,NORTH
L4FA900LO8,RIVERLANDS-1
LV9V00LLO,DORNE-1
LV9V0LZ4,#N/D
LO0LO9ZZ8V,REACH
L9LO988FA0,DORNE-1
LZ9LLLFA0,#N/D
LLO0FA00ZLO,DORNE-1
L004FAFA9LO,STORMLANDS-1
L9LV0Z4Z,NORTH
L8Z90L80,RIVERLANDS-2
80LLOVFAZLO,STORMLANDS-1
L4L904L9,STORMLANDS-1
L000888FA,STORMLANDS-1
800VVLZL,STARKS
LZL0V449,DORNE-1
L0898FAV0,STORMLANDS-1
V0ZFALFALL,REACH
LO0Z40909,AEGON
LZFALO0904,STARKS
Z000VZFAV,RIVERLANDS-2
LVVZLOZZ4,STORMLANDS-1
L9FAVV9FA9,RIVERLANDS-2
ZZ000Z0V,STORMLANDS-2
LLOZLO00ZL,REACH
Z009VFAL9,DORNE-3
FA0LO09ZLOL,#N/D
L9VFAFALO89,RIVERLANDS-2
Z0V89400,DORNE-3
LL080FA98,NULL
FA04FAL0VV,#N/D
L890VVLZ,#N/D
LLO89FAZLL,DORNE-3
L0FA4LOZ00,HOARE
LLZ4LO48Z,NULL
LLLO0FA900,HOARE
LVZ9LO0LOFA,DORNE-1
L80L0Z8FA,STARKS
LVLO0ZZ9V,DORNE-3
ZZL8V89FA,DORNE- 2
V0889V0FA,REACH
LZVVL989,IRONISLADS
L0FAV4ZLOZ,NORTH
LLO08LO8FAL,NULL
V0LO0840,IRONISLADS
L9ZVZM8LO,RIVERLANDS-2
FA00LZ900,STARKS
L8L89VZ8,#N/D
LLOZZFAZLOV,RIVERLANDS-1
8L88VFAL,HOARE
LLV089V4,STORMLANDS-1
L9FAZV0LOV,DORNE-1
L8L4L098,DORNE-1
LZ8808V9,HOARE
LL9Z8V40,STORMLANDS-1
L4ZL0080,HOARE
LVFA0V0ZM,HOARE
L9LO0FA840,DORNE-3
L9040FA9FA,CROWNLANDS
LLOFA949LO9,DORNE-1
LLO8LO0FAFAFA,DORNE-1
L9L0LO049,RIVERLANDS-1
L900Z900,IRONISLADS
L8Z48LO9L,DORNE-3
L4LV0V0FA,DORNE-1
FA0L4VZ80,#N/D
LLO989V48,NULL
L9Z04008,NORTH
900FA00LL,#N/D
Z009VV0V,DORNE-3
LLO890ZMLO,NULL
L800FA0FA4,#N/D
8V8LO9LO0,IRONISLADS
LLO890Z9FA,RIVERLANDS-2
4ZMLO08LO,IRONISLADS
L0800ZLO9,#N/D
LO0LLO8909,NULL
LL0090,STORMLANDS-1
L080LV04,IRONISLADS
V0ZLOFA8LO4,HOARE
L880FALV4,HOARE
FA0FALOV948,#N/D
L808LZVFA,RIVERLANDS-2
L044VLO8FA,IRONISLADS
80L0009,DORNE-1
ZZZ90809,NORTH
8009FAZFA9,#N/D
LL0V4FA0Z,STORMLANDS-1
LVV89VV0,#N/D
L49408ZFA,NORTH
LZZ0V44Z,#N/D
8V4480L,HOARE
L8LLVL4FA,STORMLANDS-1
8000FAV00,STORMLANDS-1
V0LO9LLOV0,STORMLANDS-2
FA0440Z0LO,#N/D
LO0L00LO0Z,NULL
ZZ0ZLOFA0FA,NULL
Z090Z048,STORMLANDS-2
LFALLOFA98LO,NULL
8004089,HOARE
LVZ8L0,REACH
LLOFA09FA,DORNE-1
8L9V4V,HOARE
L90FA0809,RIVERLANDS-2
L449FAZZFA,STORMLANDS-2
L4090Z4L,STARKS
L9498FA84,STORMLANDS-1
Z0LO80LOZ0,DORNE-3
L90L008FA,STORMLANDS-1
V009LO04Z,RIVERLANDS-2
V448L00,DORNE-1
L94ZVLOV4,HOARE
LVLO90840,DORNE-1
FA0VV849V,#N/D
V0LOZFA000,NORTH
9VLOLLO0Z,RIVERLANDS-1
V0V9VLZM,NORTH
L04LO8408,HOARE
V0Z4LOFALFA,REACH
L9Z08LFA0,#N/D
FA0L0ZLLO8,#N/D
FA04L8LZFA,#N/D
848L0FAZ,IRONISLADS
LLOVZV80L,RIVERLANDS-2
L4FALL4ZFA,NORTH
ZZ0V4090,NORTH
LVLFAFAZM9,STORMLANDS-2
Z00V0440,RIVERLANDS-2
V4LOVV88,IRONISLADS
800Z4489,STARKS
LZLO0900V,HOARE
L908V4LO4,RIVERLANDS-2
FA0FAL9L80,#N/D
L4FAL0LO0V,HOARE
LFAFA89LZ0,DORNE-1
8LOLFA9LV,IRONISLADS
L9LFA988Z,HOARE
LO0ZL4VZ8,DORNE- 2
L08LOZ8FA9,IRONISLADS
L0FALOZ4VV,RIVERLANDS-2
L8LOLL0LOZ,REACH
LFAV8LOVLOZ,STORMLANDS-1
LFA4ZM0ZZ,IRONISLADS
L0LLLOZ00,NORTH
L9V4FAFA0L,STORMLANDS-1
L8VFA0VZL,STORMLANDS-1
900VFA,DORNE-1
900Z004V,#N/D
LFA0LO90LO0,HOARE
L9FA9ZV4V,HOARE
LLO4ZLLO09,#N/D
L49404FA0,HOARE
LL004ZVZ,STORMLANDS-1
L04FA00,DORNE-3
L0FAZ4008,NORTH
LLO4ZLLO09,#N/D
LL0800ZM,STORMLANDS-1
V008V9LOFA,RIVERLANDS-2
80044LO08,STORMLANDS-1
LLO0Z0FA4LO,HOARE
LLO88L408,HOARE
L90L088L,STORMLANDS-2
V84Z0FAV,HOARE
L0FA0ZL4LO,RIVERLANDS-2
L8LOL0V9L,RIVERLANDS-2
L00L08LOFA,STORMLANDS-1
L044FA4FAL,RIVERLANDS-1
V0804448,REACH
LLO48VFAFA8,DORNE-1
8LOFA8LO88,HOARE
LVLO90840,DORNE-1
V9ZZZZV,#N/D
L9L40FALZ,DORNE-3
L9FAL904Z,CROWNLANDS
L94ZVLOV4,HOARE
LO0ZZLOZ0FA,DORNE- 2
80LZM90Z,STORMLANDS-1
LZZLOV8ZM,HOARE
V0Z8FAVFAL,HOARE
L988ZLO8LO,STORMLANDS-2
L8ZVZ8ZLO,STORMLANDS-1
L0LO0ZZ,STORMLANDS-1
LZ844080,STORMLANDS-1
FA0L8Z800,#N/D
L40ZM4LZ,STORMLANDS-1
L9FA94FA04,REACH
800FALOL08,#N/D
9FAV0LOFA0,HOARE
L80VLOZFAZ,DORNE-1
LZM0904FA,IRONISLADS
LFA80Z0,DORNE-1
L0FA9L40LO,DORNE-1
FA0LLFA000,#N/D
90LZ80FA4,#N/D
V08V8LO04,REACH
LLOFAVV44L,STORMLANDS-1
LV8Z9LLO4,STORMLANDS-1
LO0Z9FAVZ0,REACH
L890VVLO0,IRONISLADS
VZL40LO0,HOARE
V8ZZZ40,IRONISLADS
LVFA9LOV44,STORMLANDS-1
LZLLOZ89V,HOARE
LFA0LL4LOZ,RIVERLANDS-2
LZZL9V9FA,STORMLANDS-1
V0LO0ZFA89,STORMLANDS-2
8LFA9,DORNE-3
800Z04LO0,NULL
LV84VZ89,DORNE-1
V00FA00LOZ,NORTH
V00FA00LOZ,NORTH
L8VV9FAFAV,DORNE-3
L49V4LO44,RIVERLANDS-2
LLFALO00,STARKS
LL004ZVZ,STORMLANDS-1
L494ZLO0LO,DORNE-1
L04Z09L8,IRONISLADS
8V044ZFA,HOARE
LO0ZZZFAVFA,DORNE- 2
FA0FA0LOV8L,#N/D
800ZZLO40,STORMLANDS-1
LVLO8LLO8FA,#N/D
LFAZV98Z9,IRONISLADS
FA0FAVLOZFAL,#N/D
LO0ZVFA8FALO,RIVERLANDS-2
LO0ZZ4V88,REACH
V09888LOV,NORTH
FA0LZL9LO0,#N/D
V0FALO00LZ,DORNE-1
8ZFA0Z80,IRONISLADS
LVFAZ8VZM,IRONISLADS
VFAL0LVFA,HOARE
Z04VFAZZ4,RIVERLANDS-1
80V0Z8Z,HOARE
L9L844,#N/D
ZZFA9VZLOFA,NORTH
FA0FALOFAZLV,#N/D
LO0LOZ00LO9,AEGON
L8L004FA0,STORMLANDS-1
8FAFA00,HOARE
800LOZ80Z,STORMLANDS-1
LVFALO0V8FA,REACH
8LO44900,DORNE-1
L00FAFA0LOZ,HOARE
L08L84LOFA,IRONISLADS
L0VFA98V,HOARE
LO049V9VV,AEGON
ZZFA0LOFAVL,IRONISLADS
9Z4VVFAFA,HOARE
LLOZVLO800,STORMLANDS-2
L4Z90L8LO,CROWNLANDS
8Z4ZZM8,IRONISLADS
LFAZFA4V0FA,DORNE-3
L9FAVV9FA9,RIVERLANDS-2
LZ00LO444,DORNE-1
LV984LOVZ,DORNE-1
VLOVL904,IRONISLADS
9ZM4LOZZ,DORNE-3
FA0L9LOV8L,#N/D
900V084FA,#N/D
L0LOFA4Z00,RIVERLANDS-1
LL04LOL84,CROWNLANDS
LZ4LO0LOV8,DORNE-3
LLFALLO00V,IRONISLADS
LVLFAFA9ZM,#N/D
L8V00LZV,HOARE
8FAZ8VLO9,IRONISLADS
LFA0404ZFA,NORTH
LV9FALOFA0L,STORMLANDS-1
L8880L,#N/D
8009Z000,STARKS
L0444800,DORNE-1
L0FA9ZL00,STORMLANDS-1
LL40Z800,STORMLANDS-1
L9FA408LV,STORMLANDS-1
L940LOV9LO,STORMLANDS-1
V08Z400,HOARE
L9084V0LO,STORMLANDS-2
FA0ZV8FALO9,#N/D
ZZZ44VZFA,STORMLANDS-2
V0008Z,RIVERLANDS-2
L94089FA0,RIVERLANDS-2
LLFALO9FALO0,DORNE-1
L9ZZ00VZ,RIVERLANDS-1
FA0Z9Z04FA,#N/D
LFAFAV88LL,DORNE-1
Z0098LZL,RIVERLANDS-1
FA0409040,#N/D
L80LL800,CROWNLANDS
L8FA09L4FA,CROWNLANDS
L8ZV89LOV,HOARE
Z0098LZL,RIVERLANDS-1
9ZZMFAL4,RIVERLANDS-1
LLOZL8ZML,STARKS
L400LOVFA4,DORNE-1
LZVVLOV00,IRONISLADS
LZV8VLOFAV,STORMLANDS-1
LO0FAFA9880,CROWNLANDS
LO0Z804V9,REACH
Z0ZLO08VFA,RIVERLANDS-2
ZZ4ZLOVL4,NORTH
LZL488,NULL
8LO48,HOARE
LFA900904,STORMLANDS-1
LO0LOZLZLOV,AEGON
LVLOZ8FA4L,IRONISLADS
V000LO84L,CROWNLANDS
LV0ZV9V9,CROWNLANDS
LZL009L8,STORMLANDS-1
ZZ0ZM94FA,STORMLANDS-2
Z00FALOLFAZ,RIVERLANDS-1
900V89VFA,#N/D
LFAFA49FA94,#N/D
L9VLZ4LO9,RIVERLANDS-2
L8Z9VV88,RIVERLANDS-1
L8LOV800LO,RIVERLANDS-2
LVZM4LOVL,HOARE
LFALO0089LO,#N/D
909FALOVLO,HOARE
LV4ZLOV0LO,STORMLANDS-1
LLO9V0000,NULL
L8000ZML,IRONISLADS
FA0V4Z0VL,#N/D
LV4ZLOV0LO,STORMLANDS-1
800VLFA0,HOARE
LZFA9LL80,DORNE-1
L8000ZML,IRONISLADS
Z0048FALO0,RIVERLANDS-2
LFA9LO4404,HOARE
LFALO0LO0FA4,HOARE
LZFAZLO09V,REACH
FA0FA0V4VV,#N/D
80809LLO,IRONISLADS
988LO48V,IRONISLADS
VL0LO8FAV,DORNE-1
LLO89LOZLO4,HOARE
L0VLFA8LL,NULL
VVVFA0FAZ,HOARE
L988VVL9,DORNE-3
FA004LO8LOZ,STORMLANDS-2
L880L80L,#N/D
V0L40VLOZ,RIVERLANDS-2
L8FA49L0Z,CROWNLANDS
L9LZV08L,DORNE-3
LO0L4FAZ,NULL
LLO884FA88,DORNE-3
L8ZZ098V,DORNE-1
LZ00Z08LO,DORNE-1
LL04L008,CROWNLANDS
L8089V0Z,STARKS
LFA400888,HOARE
FA0VZ8VZM,#N/D
LFA44V48L,#N/D
90L48404,#N/D
L094LOVLFA,#N/D
LO0LO00Z,REACH
900VV4,#N/D
8004V49V,NULL
L94LLOL0FA,NORTH
FA0400840,#N/D
9LO0VFA00,HOARE
FA00L0L9FA,NULL
L0LV9LLO0,#N/D
LLO4ZZV04,DORNE-1
LVLO88L4Z,STORMLANDS-1
9ZM4LOZZ,DORNE-3
ZZFAZLOZLO9,NORTH
L88ZFAFA0V,DORNE-1
900LO8V0,DORNE-1
LLOFALOVL,IRONISLADS
80L0ZZ04,STORMLANDS-1
9VLOLLO0Z,RIVERLANDS-1
LL0FAZ9LL,NULL
LZV0FA0,IRONISLADS
LLFAZ9L90,NULL
9FA00VZ8,DORNE-1
FA0LO9LO,HOARE
LO0Z9FAFAFA8,DORNE- 2
FALVZ94LO,HOARE
LLOV40LO40,STARKS
FA0VZZ9ZL,#N/D
LZFAZLO09V,REACH
L90FA9VVV,CROWNLANDS
LL90098FA,STORMLANDS-2
Z00000VFA,DORNE-3
LZLO04LO,HOARE
LO00FAVZ09,CROWNLANDS
900LLZ0V,#N/D
ZZFAZVZ0L,#N/D
L94LZ9L0,HOARE
LO0Z9V9ZL,CROWNLANDS
L900LOZZL,HOARE
LLO04VZL8,RIVERLANDS-1
L0FA44LOZ9,DORNE-1
L4LLV9VZ,STORMLANDS-2
L9FA8ZLV8,REACH
L8L08ZLO8,DORNE-1
L800400L,CROWNLANDS
FA0FALOZ09V,#N/D
LZM44V4FA,STORMLANDS-1
V089LZ90,REACH
LZL0ZLLOFA,RIVERLANDS-2
LZ4FA4Z9Z,HOARE
V008V00LO,#N/D
LVZZ8Z,NORTH
L4ZFAL8LO4,STORMLANDS-1
L88LO0FA0FA,IRONISLADS
L8LOLL0LOZ,REACH
ZVLO0Z0LV,RIVERLANDS-2
L8LVZFAL8,IRONISLADS
L440LZ9L,STORMLANDS-1
V809VFAL,HOARE
Z009VV0V,DORNE-3
LFA009FAL8,NULL
L90FA4LO9FA,HOARE
LLOV880V0,IRONISLADS
L00LOL48L,RIVERLANDS-2
L8L4L004,HOARE
800VL498,NULL
LVV94VLFA,REACH
90L48404,#N/D
LVLL80,RIVERLANDS-1
FA0FAFA900V,#N/D
LV40494FA,DORNE-1
L94FALFAVL,RIVERLANDS-1
Z0L09V09,STORMLANDS-2
LV8Z008FA,DORNE-3
LO00LO9L8L,CROWNLANDS
L88ZZ0VV,IRONISLADS
8004LO8L4,NULL
L4808ZZ8,IRONISLADS
L00FA880Z,IRONISLADS
L4V44V9FA,RIVERLANDS-1
LV48LZ8LO,IRONISLADS
L90V8V00,IRONISLADS
L049VL0FA,#N/D
L8LLO0LFA0,IRONISLADS
90L48LOZ0,#N/D
L9800VV0,NORTH
LV0FAVLLO0,STORMLANDS-1
LO0LOV9LOL4,REACH
V08LOL4ZV,REACH
ZZ0ZM94FA,STORMLANDS-2
LO0LZVLO98,CROWNLANDS
L400Z080,STORMLANDS-1
LZ0008L0,NORTH
LFAVV840V,DORNE-1
L9000FAL9,#N/D
L9Z09VVL,CROWNLANDS
LO049LOFALO0,CROWNLANDS
L0VZVZV8,#N/D
Z08490LL,DORNE-3
L9LO40ZM0,STARKS
LLO0FA98L8,DORNE-1
LZ900LO04,IRONISLADS
V00FAZ40V,RIVERLANDS-2
LZ9440L4,DORNE-1
LZ0LO4V48,RIVERLANDS-1
L04FAV0FA4,IRONISLADS
LZ0ZL49L,REACH
LO0LO4L49Z,REACH
L000ZFA08,DORNE-1
Z08FA8V00,RIVERLANDS-1
LFALOV084FA,RIVERLANDS-1
L084V8LOV,IRONISLADS
V08Z98FALO,REACH
LLO04LO08LO,STORMLANDS-1
L80LOV009,DORNE-1
LO04LOLVVL,CROWNLANDS
ZZ00L0LL,STORMLANDS-2
Z08Z9VLOFA,#N/D
L9LO949V8,REACH
L9LLL8VFA,STARKS
L8VFA0VZL,STORMLANDS-1
V0LOV4488,REACH
LO0900V9LO,CROWNLANDS
L9FA0884L,DORNE-1
LZ8L04LV,NORTH
L90VZ8LLO,DORNE-1
L8900LOZ0,STORMLANDS-1
LLO0VVZVZ,STORMLANDS-1
L480FA00V,NULL
LFA9Z9LO98,IRONISLADS
Z0FAZ09VL,DORNE-3
LLO009VLZ,NULL
L8L0LZL0,HOARE
LLOZ9L00V,RIVERLANDS-1
L4V44V9FA,RIVERLANDS-1
L0VLLOFAV0,STORMLANDS-2
V0088LL0,STORMLANDS-2
9L94Z08,HOARE
LFA0FALO4FALO,NORTH
L89VLV0V,HOARE
Z0FAFAFAV0LO,RIVERLANDS-1
VFAVLO0LOFA,DORNE-1
V00L44LLO,CROWNLANDS
L98Z09Z0,DORNE- 2
LO04LO4L9V,CROWNLANDS
VLO0V888,HOARE
FA009VLL4,#N/D
L909FA04FA,STORMLANDS-1
L0FAZVV9,IRONISLADS
L0400VZM,CROWNLANDS
LO0LOZLZLOV,AEGON
LZ8Z880FA,DORNE-1
LVZ408V8,NULL
L409FALLO4,#N/D
V04FAV900,STORMLANDS-2
LFAVFA4LV4,IRONISLADS
FA0ZL444Z,#N/D
8009LZ,STARKS
LV400900,IRONISLADS
L4Z840LO8,IRONISLADS
8V8LL84,IRONISLADS
V009Z989,RIVERLANDS-2
Z0Z88Z,DORNE-3
V09V0LLOV,STORMLANDS-2
L00LO09ZZ,DORNE-1
FA008V89V,REACH
L0080ZVFA,NORTH
L04FA0FA0FA,#N/D
L8Z08000,STORMLANDS-1
ZZLOFAFAV0LO,NORTH
LFAV4Z488,STARKS
LFAL9Z04L,STORMLANDS-1
L404LOVFALO,DORNE-3
VV9890L,IRONISLADS
V08FA8Z40,REACH
L880FA4L9,RIVERLANDS-2
V04490L0,STORMLANDS-2
LO04LOV89V,CROWNLANDS
LZ0FAFA8ZZ,IRONISLADS
L4009ZM0,STORMLANDS-1
LZM9FAVVZ,NULL
LFAZ08FA0Z,NULL
LLOV40LO40,STARKS
LVLO90840,DORNE-1
LO04Z94LO9,CROWNLANDS
LFA0FAVVLO8,IRONISLADS
900FA0LV4,RIVERLANDS-1
ZVLOL9L0FA,RIVERLANDS-2
80LFA4LOLLO,STORMLANDS-1
LLO8LOLZZZ,STORMLANDS-2
L49Z0FALZ,RIVERLANDS-2
LZ90L088,DORNE-1
V0090808,RIVERLANDS-2
L44LOFA8LO9,HOARE
L94Z409Z,STORMLANDS-1
LL0FA948V,STORMLANDS-1
V000FA0VV,DORNE- 2
LFA4Z908L,NULL
LLOFAV9Z4Z,STORMLANDS-1
L84VFAZZ9,HOARE
9000L4LZ,#N/D
LFAFA4L080,HOARE
LZM4409Z,IRONISLADS
L0LOFAFAZZZ,HOARE
L8L0V9VFA,DORNE-3
80LFA0VVL,STARKS
Z00VV009,DORNE-3
80089LO,NULL
LVZ98FAFALO,STORMLANDS-2
V0L8FA988,RIVERLANDS-2
L0V880,STORMLANDS-2
LLZ904,STORMLANDS-1
LVLLO8LZ9,RIVERLANDS-2
LV00VZLOFA,#N/D
L84ZVL00,IRONISLADS
L90FAV90L,DORNE-3
LZ0L0ZV9,STORMLANDS-1
8000V9VL,NULL
LV8VVFAFAZ,#N/D
L90FA0LO0V,#N/D
8ZMLO4ZZ,HOARE
LLLOL88LFA,NULL
80LFA9Z98,#N/D
L9FA8FA808,#N/D
L8FA8L4Z9,CROWNLANDS
L8FALOFA088,AEGON
LLOLFA000FA,NULL
LV8FA90L8,DORNE- 2
9FA8LOLLOV,DORNE-3
LZ0L0ZV9,STORMLANDS-1
9L0LO0V0,HOARE
L9VVV08FA,REACH
L90ZMV,NULL
V0V0LO088,STORMLANDS-2
L0L8LZ40,STORMLANDS-1
LVLOLVZZV,RIVERLANDS-2
LFA0LL4LOZ,RIVERLANDS-2
FA00FA0ZFAZ,#N/D
LL0840ZZ,CROWNLANDS
LO00Z4LOZ4,CROWNLANDS
V4000ZM,HOARE
Z040Z80Z,RIVERLANDS-1
4L4L4,#N/D
LFA9LOVZVV,REACH
LV4FAFAV,CROWNLANDS
90Z8FA90,DORNE-1
L08VV04Z,DORNE-1
L9480LO44,RIVERLANDS-2
ZZVZ0VZ9,STORMLANDS-2
L89Z809L,DORNE-1
L98FA90L8,STORMLANDS-2
LZV4Z04Z,HOARE
L4V4L4LO0,CROWNLANDS
LLOFA949LO9,DORNE-1
LZ00LZFA4,#N/D
L0LOFAZ4,REACH
L8VZ98V4,IRONISLADS
LV94LL90,#N/D
L8804FA0FA,#N/D
L08ZZ0FA0,CROWNLANDS
LLLVLO0VFA,DORNE-3
LL948L94,HOARE
80LVLO9Z0,STARKS
404Z00FA,HOARE
L00944Z4,DORNE-3
V0FA9040V,#N/D
LO0LO408LO0,AEGON
FA0VZMLOV4,#N/D
L94ZV484,RIVERLANDS-2
L8LO448L0,REACH
VFA04400,HOARE
ZVZFA0808,NORTH
VLOVL904,IRONISLADS
L9FAVLL,#N/D
L489ZLO40,#N/D
L9ZMV0,DORNE-3
L9V04FA40,#N/D
L040FAFA4LO,NORTH
L90FA0004,DORNE-3
L49LO9FAFA4,STORMLANDS-2
FA00FA9490,REACH
V0LLO9VLFA,DORNE-1
LZV0840Z,REACH
L89LOFAZFAV,STORMLANDS-2
L904LO00Z,RIVERLANDS-1
9ZVLOLL8,RIVERLANDS-1
LVV89ZLO4,NULL
V0V0LO088,STORMLANDS-2
LVLZFA8LO9,REACH
4ZMZMFA8,HOARE
LLO04Z0L0,NORTH
L40FA9090,CROWNLANDS
L4FAFAFA088,IRONISLADS
V08FAV8Z4,REACH
LFA940Z0V,RIVERLANDS-1
L8VFAZ980,CROWNLANDS
LO88VV,DORNE-3
L80849FAFA,NULL
V004VZFAV,RIVERLANDS-2
L9898Z4Z,HOARE
L0044FAZ9,#N/D
LLOZZV8Z4,IRONISLADS
L80LZ0Z0,NULL
LL0FALVV4,#N/D
LL440FAZ0,STORMLANDS-1
L90VLO9V4,DORNE-3
ZVLOZLOZ90,DORNE- 2
L9Z4FA800,RIVERLANDS-2
LLO0FAL0,NORTH
L00ZFA00LO,RIVERLANDS-1
LZLOVL440,STORMLANDS-1
9L9ZLO80,DORNE-1
L9V940ZM,NORTH
Z0LZFA0LOV,DORNE-3
Z0LZFA0LOV,DORNE-3
L0L0LFA08,DORNE-3
L0V0LLOVZ,IRONISLADS
LZZ48Z40,DORNE-1
FA984LO,HOARE
8L88VFAL,HOARE
L4L9LOZ0LO,STORMLANDS-1
LLOZ8000Z,STORMLANDS-2
FA009Z498,DORNE-3
Z004FA4LFA,RIVERLANDS-2
Z0LO000LO0,DORNE-3
ZZFA8Z0VFA,DORNE- 2
L94FAV809,HOARE
ZZLLL8LOZ,IRONISLADS
V0004044,DORNE-1
LLOL04FAV0,RIVERLANDS-1
FA0V8Z498,#N/D
L88FA844FA,DORNE-3
LFA0LLZFAV,DORNE-1
LO0VL0004,REACH
L80V8880,CROWNLANDS
LO0Z80LO,REACH
L0V0V000,NORTH
L9LO094L0,RIVERLANDS-1
V000FA9ZLO,DORNE-1
V00LO0LFA8,RIVERLANDS-2
80809LLO,IRONISLADS
V00FA0Z0Z,RIVERLANDS-2
LZ80FA8FA0,NULL
V0LOZFA8Z,DORNE-1
FA0L9LO40Z,#N/D
8L0LOFA00,HOARE
L4480409,STORMLANDS-2
900LLZ0V,#N/D
L8FA4FAZZL,STORMLANDS-2
Z0FAZ9Z0FA,RIVERLANDS-2
9FAL4ZL0,IRONISLADS
8LOLL4,HOARE
LV0094V4,STORMLANDS-1
L4LFALZMZ,REACH
9FAV0L44,HOARE
L09LVZL8,RIVERLANDS-1
L8FALVFAVZ,REACH
8040984,IRONISLADS
FA0ZLVLL4,#N/D
ZZLZZM0LO,CROWNLANDS
L8LO4FA008,RIVERLANDS-1
L00VFAFA8V,IRONISLADS
ZZ40LO0FA9,STORMLANDS-2
FA0Z8LOL8Z,#N/D
FA0FAV0LO40,#N/D
L8L8Z4Z4,#N/D
Z0FAV9Z,RIVERLANDS-1
LZMFAL8V0,IRONISLADS
L0FA04ZLOZ,#N/D
L4L8009Z,#N/D
LLOVZ8Z4Z,STORMLANDS-1
ZZ09L8FAL,RIVERLANDS-2
LZ00LO4,#N/D
LO0FAZM4VV,CROWNLANDS
ZVZ44FALOV,DORNE- 2
L9ZVZ4,CROWNLANDS
L9FA8V8LO4,STARKS
L9V94004,STORMLANDS-2
L09Z8000,RIVERLANDS-2
L49408ZFA,NORTH
L8ZLO9LOV9,IRONISLADS
LO09FA0VZFA,CROWNLANDS
LO04Z8094,CROWNLANDS
LVLOLZV44,DORNE-1
LLOVL804L,IRONISLADS
L9FAFA09ZL,#N/D
LVLOLV0LOL,HOARE
LLVVV00L,DORNE-3
8000LO448,NULL
Z04L94Z4,RIVERLANDS-2
L8FA9LO004,DORNE- 2
V488LZL,DORNE-1
ZFA80L,HOARE
L4FAFAZMLZ,NORTH
L8LOZZM8L,#N/D
LZ4LZLO8L,REACH
L9LOZ9FAZ4,CROWNLANDS
LFAFA8LO4LFA,CROWNLANDS
Z0LVZ9L4,RIVERLANDS-2
LLO0LO0LO49,RIVERLANDS-2
ZZLLLLO9V,NORTH
LOZ8LO89,IRONISLADS
FA0LZ4LO90,#N/D
ZVZMFAVL0,RIVERLANDS-2
800FAVFAFALO,STORMLANDS-1
L8088ZML,CROWNLANDS
FA00LVLOFAL,#N/D
900980Z4,#N/D
FA00000ZL,RIVERLANDS-2
LLO4LFALO4FA,DORNE-1
L8V0LO09L,STORMLANDS-1
L8LFA4ZVFA,HOARE
LV8800ZLO,IRONISLADS
L908V9FAL,CROWNLANDS
L09L98LO8,DORNE-1
LLV00VZ0,STORMLANDS-1
FA0FA000LFA,#N/D
LO0LO00V9LO,CROWNLANDS
V09LFALO49,REACH
L090800LO,#N/D
LL84FA40FA,#N/D
L9ZVZM8LO,RIVERLANDS-2
VLLOLFA0LO,IRONISLADS
V0Z04LO00,REACH
900LO8V0,DORNE-1
L80L8V,NORTH
LO0ZV40VFA,#N/D
LV0LZ08L,STORMLANDS-1
LLOLZZ0FA8,STORMLANDS-1
L9FALFA9FAZ,STORMLANDS-2
889LO004,IRONISLADS
LO0LO44ZLO0,AEGON
VL904ZLO,HOARE
L94V4FA0L,NULL
LZL8ZFA,CROWNLANDS
L9ZLOL00V,RIVERLANDS-1
L9FAL984L,STORMLANDS-2
8LZ498L,IRONISLADS
L88LO04,#N/D
L9LVLOZ0Z,IRONISLADS
L8ZZ9LL9,IRONISLADS
LO0ZV4LZ9,RIVERLANDS-2
L800V809,STORMLANDS-1
L84L0FA8V,DORNE-1
L880VLO4Z,#N/D
L89LOFA9FA0,STARKS
LLO0980Z0,STORMLANDS-1
