ID,GASTO
L9V94FA90,1
LLLOZZVZ8,
L8LZV8LLO,
LLLO4LLLFA,1
FA0FAV9048,
LLOZFAFA0,
L9LLL8VFA,1
LV4LFAV8FA,
L800ZLO,1
LVLFAZML0,
LO0FA80V4LO,
LVLOZZ809,1
L9FAFA0V98,
LLOL9ZL04,
LL49LZLFA,1
V0VLOL4VL,
LLOLFAFA09Z,1
LV400L8LO,
FA0Z088V0,
LV84LZFA0,
L840LLFAFA,
90L4V0FALO,
L880VLOFA0,I
L8L804VFA,1
L80LLO9LOV,
LZLO000LO0,
L84FA9LV4,
FA0LOVFALO00,
L849LOLZ0,1
L80V40ZLO,1
L90L0FALO9,1
FA0ZZ4LZLO,
L90FALFA8L,
L88VFA089,
80ZFAFA,
FA0ZLO080Z,
L9Z0LOZ00,
LO04VLO4L0,1
L84LO0040,1
L9000V0FA,1
L880LO8L8,
L8804940,1
L0LV9LLO0,
LVZ04ZLO4,
LZMLVFA0Z,1
L400ZLOZV,1
LO0VLO04LO0,
FA0Z00Z98,
LFALZZFAZM,
L8FAFALLL0,1
LV4ZLO9L4,
900ZMLOZLO,
L9ZFA4FAVFA,
LLOZV4L,
LLV00VZ0,1
V94FA49L,
LO04LZ4LOFA,
LVZM90Z9,
FA0Z88980,
LLO4LO40FA8,
L8ZZ9048,
LLOV8FAZL9,1
LLOV00FA89,1
L9Z4FA800,1
L8VLOVVLLO,
90L000FA8,
V09V4LOZ,
L90LO0Z4V,
L9LLL040,1
LVVLOZFALOL,1
LO0ZV40VFA,
LZ4LO0LOV8,1
FA0Z0L0Z0,
L0,
LFA4ZZL00,
L8FAZLO0L4,1
FA0FA9800L,
LLOV9L00FA,1
L00L08LOFA,1
ZZLOL400Z,
L0800ZLO9,
9Z98FA44,
FA0Z0LOFALZ,
LZLO04FAL0,1
L9Z400LOFA,
L8Z9Z0FA0,1
LLOLZV0LO0,1
L40FAVVZ4,1
V0L80Z8FA,
LL0LOL94Z,1
LLOV0LO0LO0,1
L980Z04FA,1
L94VFA8ZL,
LV90LFA0V,1
LV048ZV0,
LZ48900FA,1
LZ4L0Z00,
FA04089FAV,
L9Z08LFA0,
L9FAVLL,
LZ80FAV04,1
LVV0LLFAL,1
LLOZZMFA04,1
LV4VV9L0,
8000LFAFAFA,1
LVLOL98LV,1
L9Z0FAFAFA0,
900LO4L89,
900ZZFAFA9,
9004FAL89,
V0Z8L49FA,
L80LLFALOZ,
ZZVLOFALO0L,1
FA0V8LLO4Z,
LZ4LVVLFA,1
L49LO9FAFA4,1
L9V4VZ80,
LZ88LO04Z,
ZZ48LO48LO,1
L9FAFA09ZL,
LVLLLO4V4,I
L8VLOL0LFA,
LO0LL0LOZ9,1
L80L0L9L,1
V0Z8ZFAL,1
L8ZLO09LL,
L80FAFA0FA0,1
FA04L8LZFA,
L49LLZ84,1
L4FALLO8FAL,
LVZM0000,1
L4LFALZ89,
809FALO0Z,
LV9FA9000,1
L80FA0LZ9,1
LZ0VFAV0L,
L8LOZZM8L,
L888L4LZ,
L9408448,1
LV84LZMLO,
L8490840,
L4V0LO9LO8,
L0FA9ZL00,1
LV4000,1
LV0Z000Z,1
LLO04FA9FALO,1
L89LOFAZ09,
L80L9LOV8,
LLOL0L4L8,
LV8VVFAFAZ,
L9L4ZLO49,
V0LO440FA0,
L9LFAZ8LZ,
L949V488,
LLZLLV49,
90084FA,
LZ8Z4LFA4,1
LFA408LO9FA,1
L90ZV90L,
V0Z0Z449,1
L0L49000,1
FAZ80,
Z0LOLLO0VLO,1
LLO08LO8FAL,1
ZZL04FALO9,
LVZMV9Z0,1
L80LOVVZFA,1
FA009ZLOZZ,
LFAVVVVLZ,
FA04049FA0,
L8L0LLFA4,
L4ZV0LO48,
LZ08V0L0,1
ZVZ98Z49,
9L4LFA40,1
LZ0LO8FALOFA,1
LZ4LO0LOV8,1
90LLO0LOZ8,
LZMFA8L,1
LO0ZFA09LO8,1
L00L4ZZZ,1
LO0ZLLOVL4,
LLFALLO00V,1
FA040980FA,
FA0VLV0LO0,
8FA40FALFA,I
L9VZ40VL,
LZV88FA89,1
L484LOFA0Z,1
LZ9009LOL,
LO04V80Z0,1
L4Z0LO040,
LVLO84L,1
LZMLOLL4LO,1
LVLOFAL0FAV,
LLOZ00848,1
9V894FALO,1
V0L004VV,1
L94Z4VFALO,1
LV9LOLL90,1
LLLZML04,
FA0Z98Z04,
L8880VLL,
LZ0ZFALO8L,
LLO00FA9V4,
90004Z8V,
LLOZV9V8V,1
L88ZFA94Z,1
LFA9L8LOFA4,
LLO8VL0LOV,1
LV4V088V,
LV0LZ08L,1
LV00VL0V,
L9ZLO040L,1
FA0400980,
LVZ0894L,
ZVLOZLOZ90,1
L8ZM8LL0,
V0L9VVZ,1
L40ZZZ0Z,
L0Z8FALO00,1
LFA4LO8LOVL,1
FA0ZLL90FA,
L0000LO04,
L90400LOFA,1
LVFA408,
L880FA089,
L094LOVLFA,
LLLOZ44Z0,
L88Z4ZZLO,
L880L0FA0,
L8LVZFAL8,1
LLOV8LOLFAL,
LZML0Z80,1
L09LO4004,1
LO0ZLOFA4ZZ,
L04L40ZM,
L90LOLLO,1
L9L0FALV0,1
L80V40ZLO,1
L8FAZZ9LOFA,
L94800V8,
LLL4Z904,
LV9ZLO04LO,
LVVLOZFA0LO,I
FA0LOFA9008,
LZ8Z880FA,1
L8FAFAFA084,
LV0V44V9,1
L4Z0FALO0V,
L88Z0LFAL,1
FA0ZZL9LL,
LLO00LV9L,1
LZLO8VLO,
L08894LZ,1
LL0FALVV4,
L9FAVFA4LO8,1
800FA4ZMLO,1
LVVFAZ4VV,
FA04008L8,
LZLOZ448FA,
LVZZLO40Z,1
LFALOZLOFAL4,
V00FAVL44,
L80VV048,1
LV9ZMFA98,1
L9L40FA8V,
L0VZVZV8,
L90FA0ZM9,1
L9FA8V0L0,1
LLO09L04Z,
V0004880,1
LLOLFALOZ40,
LVFA4L9VFA,1
L80048FAV,1
FA04FAV449,
LFA9090V4,
LV4ZMLO00,
90084FA09,
L9Z0FAFAFA0,
LV000L00,
LZVLOZFA44,1
L8VLO8ZLOFA,
L909V9LOL,
L8ZLO00V9,
LVVZ0LL0,
LLO4Z9LL4,
L880ZMFA4,1
FA04ZML90,
FA0LOL40V0,
LLO4ZLLO09,
LZZMV8LOV,
L8FA0FALV4,
L84ZZZMFA,
LVZL0908,1
90L40LOLL,
L44ZLOVZV,
L84Z9Z9V,
LV9LVZ0Z,
L909084FA,
LZFA0VZZLO,
Z0840V9V,
LLO8VLOL,
FA0FALOV904,
LZFAZZZ0L,1
LFALFAL8FA4,
FA0480V84,
L94Z0V08,1
L0849LOZ9,
LFALO0LOVV0,
LFALLLOFALLO,
LLFA404,
80LFALVVL,
L00LLLOL4,1
L9004098,
L8V0L4,
FA0V0Z0L8,
L80V0L9L,
9009VFA49,
LVV9V8VFA,1
L9ZFA0ZFA0,1
ZZ0LZ8,
90LFA88V9,
LZM0FA4V0,1
L9004098,
L9040V08,1
LL9Z8V40,1
L04LFA080,
LV90FAZLO9,1
LLO9LVFA0FA,
L9LOFA04V8,1
L904FA094,1
FA048040V,
L8LLO908L,
L90L08FALO,1
L94LZML0,
LFA9FAZL89,1
LLO8909V9,
LZ80V98L,1
L4LOZ0L89,
LV80LLFAL,
L90LOZ040,
Z0LZ000Z,1
L4940LO40,
LZ8LZLOFA8,
FA0ZVZ800,
LLO8L80LLO,
LVZL80FA0,1
Z040L444,
FA09L80VLO,
80LVFA8LL,1
L49FA0FAFA0,1
FA0480FALOL,
L4009ZM9,1
L90ZMV84,
900LOV0LO8,
LLOL40FA,
L80LLO904,1
L9L8LLO4LO,
LV89V88L,
L900ZM04,1
LLVV00Z0,1
L90L8FAZ4,1
90LFA8LOL9,
L904ZZFA9,
L9000FAL9,
LVL80V90,
L90480LLO,
LFA8880VL,
L4LV0V0FA,1
L4LO08VFAZ,
89LO4L9L,
FA0Z8LOL8Z,
L9ZL44LO8,
FA0ZLO080Z,
FA0VLO9LZ4,
LO0ZFA0FA0L,
L9VLOV808,1
L8LO80V0V,
L8L4L004,1
L8LFA4ZVFA,1
800LLVZ,1
L9LOVZFALZ,1
L89V8088,1
FA0VZM49FA,
LLV49ZMZ,
8004V0V0,
L90FALO0FAZ,
L8L9V89FA,1
Z08Z9VLOFA,
8008Z49,
FA04FALO48LO,
800VLV0LO,
L9L9LO0LOFA,
LO0LOZ08FA0,
L888LVZL,
FA0V9ZV,
LZMZ000FA,
L90VL0LV,
LV9LO04LO0,
V04FAV04V,
VL40LLOV,
FA0Z09LO08,
L49V4VFAL,1
L8VL809FA,
V0LVLOV40,1
L94LL00LO,
L8V4LOL8FA,1
LZMLOFAVVL,1
LL04LOL84,1
LO0LO0FAL4LO,1
LZV9ZLO88,
LLO489L,1
LZV0049V,
ZZZ00040,1
LO04ZLOFAZ0,
L0V840LOFA,
ZZ040408,
FA0LO849V8,
L90ZFA9LZ,
LVVFA800Z,1
L4ZVLOVLOV,1
90LZLO00LO,
L00V88,
L9ZV0L0LO,1
L08VVL04,
L8L89VZ8,
LV9FA40LLO,
LLVVV00L,1
L9VVV4FA8,
LO044LOVV4,
L800400L,1
900FA08LO9,
L04FA0FA0FA,
LZ404V0L,1
L49LZ80L,
LV4FA49VFA,
LV4FAV00Z,
LLO0L0FAZ4,1
L9VZ8040,1
LVZFA4FAL0,1
90LL980,
L800L809,
L9809LOL8,1
Z080ZZ0LO,
LZLO9898FA,1
LV8908VV,
LZLO9898FA,1
FA0ZL0LLO4,
L0LZZ84Z,1
9V09FALO8,
90LFA4ZZ4,
L9FA4V9LO0,1
Z0VL000Z,
L8904L00,
FA0VFALO4V0,
8FA04LOVL,1
8009084,1
LLOL00ZLOZ,
FA04L0808,
V00080FA9,
L84ZV8L9,
LZZMZM09,
Z090LOZ40,
LZV804,1
LV498VLFA,1
L0804VL0,1
80LZMZZM,1
V0490FAL4,
9LOL004FA,
FA0FA8489FA,
FA0ZFAVLV4,
L800FAVLL,
FA0V40LVFA,
LO08LO0LLZ,1
L8Z0L4VZ,1
LLO94LOVVFA,
LV498LO89,
VZ800FAL,
L8Z0LOVV0,
908FA9LLO,1
FA004LOFA,
LO0FA0VZZ4,
LFA4Z9090,1
L0040ZVLO,
L40FA404L,
LVFA90FAFAZ,
L89488FA0,
LVVFA8LLO9,1
L9LO4LOV08,
LFA0L89Z4,1
L9444LOVZ,1
LV90LOL0Z,1
LO008ZZM0,
L4ZML90Z,
LV0V40V0,
900VL0ZL,
LZ8FAFALLO0,1
9000V804,
LV0L0LO00,1
V0ZLOFA8LO4,1
LL94VZM8,
FA0Z44FA84,
L8ZLOZ8V0,1
900009,
909ZZ98,
L84040L0,1
LVLZLOFAFA0,
LVL0FAZ9FA,1
LLOVFA044Z,1
FA0LO8FA0,
Z0ZZLO480,
L4Z4FALO90,1
L9VLL04V,
L90V889Z,
900040LV,
LZZ0V44Z,
L909V00Z,1
L4Z0LOFALO0,
L90V889Z,
900Z004V,
LLO0Z0LV9,
LL00V0Z0,
80009L8FA,
LV09FALO0L,
L8LOFA04ZFA,1
L8L8Z4Z4,
LZL840LLO,1
L4984ZV0,
90LLO08FA0,
FA00LZ488,
L48VZMZLO,
V909L88,
FA08LLOFA88,
LVL4088LO,
LLO404LVZ,
L8Z0LOVV0,
L88LO0FA0FA,1
LLO0L0FAZ0,
LVV4988LO,
L900890LO,
L880FA4L9,1
LLO490L09,1
FA94FA,
LZZZ8LOZ0,
ZVZ4440LO,
L8FAFAFA0LFA,1
LLO4ZLLO09,
LVLOVVFALO0,
9008940Z,
94FAZ0,1
LLOV0ZLOZ9,
L4FA0ZLO9Z,1
9009LOZLOL,
L84Z909L,
LO0LO4VLO0V,
LVL0LO008,
900V49V4,
LZ9FA90FA4,1
FA0FA9LO9LO0,
L4L0908Z,1
900L0FAVL,
L9FA00VLOV,
L4409884,
L90LOFALVV,1
LFA9L84,
LVLZZ4LO0,
9000L004,
L4LVLOLVLO,1
L98LLO0FA9,
900ZL080,
V809LO9Z,
LZ480ZZFA,1
L0L0Z4V0,
FA044FALO89,
FA0VZ8VZM,
900409VLO,
L8L08ZLO8,1
900FA80LL,
LFA44V48L,
LV90LZMZ,1
LFA4V4V,1
L800VLOL0,1
L080VZ9L,
9LO80VZZ,
L4FAZ40Z9,1
LLO0LO000LO,
L90LO9048,1
LZFALVL8LO,
L0094V0FA,
V0FA98FA49,
LV40009Z,1
L8FAFA0LLOFA,
L80FA4V40,
LO0Z08LLL,
LLO908Z,
L04ZLVLOL,
LZML0V80,1
L0LZZ44L,1
L9LO0LO0LO8,
L98Z0L0LO,1
L8LOFAVLLO9,
8LO4LOFA44,1
LVV00VFA9,
9008LO98V,
9008LO0LOL,
V0FAFALO90,1
L8V0LFA0Z,1
L8Z4FAV00,
L4ZFAVFAFA0,
LZZ8LOFALV,1
LFA94LOVLL,1
L904V80L,
V88LO89Z,
V00LO09LOFA,
ZZ040408,
L940FA0VL,
L8L8ZZ40,1
FA0449FALFA,
LVLFAL094,
FA009804Z,1
L8ZV0LO08,
LLV8ZVLOZ,1
LV0Z0ZV4,
LZZ944FA0,
LV9Z9FA84,
V0080LOVFA,1
L9ZLFA0ZZ,
L0VLO0Z9LO,
9800ZFA0,
FA0V4FA408,
LLOV800FA8,
V04VLLO08,
LFA0404ZFA,1
L4FA009FA0,1
L48V04V8,1
L9LZ4VLLO,
L808LO0VFA,1
L800FA0FA4,
LFAV8LOFA40,
L9FAFA0000,
L0FAZ044V,
LLLO04ZLO8,
LL48040V,1
L89LOFAL,1
L4FALO4048,1
80LFA0V,
LV484084,
L8FA0LOL80,
8FA4LOFA9LO,
L8Z0L4VZ,1
L8ZLO40LOL,
L9Z00LFAZ,
LFAV80ZFA8,
LFAV4FAVFAL,
L4LVZVLOZ,1
LZFA0ZVZZ,1
LFALO88L8L,
LV0LOFA4FA0,
L0FA090VFA,
LZ9LZ98V,
LL948L94,1
L8Z9V9Z9,
LZ0FAVV40,
FA0Z0909LO,
LVV048LLO,1
LV40040LO,
FA0ZLO9Z80,
L8FA0LO0VZ,
FA0400840,
L9ZVFA00L,
LVZ480FA4,
LFAZ8VZZM,
LVVZ80Z9,
9009L4Z8,
FA0LOZ9840,
8004Z090,
L0V04LO90,
LZ0LOFAZFAV,
FA04Z04VV,
LFA0LLOVLO4,
80FA0VVFA,
LLOZLZLO9V,
ZZVLO0LO90,
80FA0FA08,
L9LO0FA8V8,
L800FAFA40,
LLOZZM8Z0,1
L4LO0ZZFAV,
90LFA9FALO0,
90L00ZMV,
80L0FA0LO4,1
800004V8,
L0L0L8VV,
L0Z40LO04,
LFALOV4ZLO4,
LVLO0L094,
LO0LOFALO84Z,
L9VFAFA9V0,
L90L4FA0Z,
LVL4LLO9LO,
L9FAFA80LOFA,1
L8FAL9Z40,
LZZ8LO00FA,1
LLOV980ZFA,1
LLOZ40LO,1
LFALO844V0,
L4Z90LV8,
L090800LO,
90LLFAZ09,
LVLOFA8V,1
FA0ZL9ZVL,
L000LVLO0,1
L0FAZ80LLO,
L4LOFA9VLLO,
FA0VZ89ZLO,
ZZLO09LO44,1
LFA009FAL8,1
L9Z89840,
LZ00LO4,
L9V90008,
L90FA4LO9FA,1
900ZLO0LO0,
LVLO004LL,
Z04048Z0,
L8L804VFA,1
FA04FAFA0V9,
LFAZM90LFA,
ZZ49Z84LO,
L4L8009Z,
L9FA0VZZFA,1
L8Z0V440,
L9094V,
LV9V894LO,1
LO09LZV0V,
LZLVFAL00,
L90FA9LLO0,
FA090LO809,
ZZFAVV89LO,1
L008VZ9FA,
VVZZZVZ,
LFAFA90080,1
LVLOVFA088,
900FA980FA,
L9ZZLV4L,
LLOZZ9844,
9000L498,
L90V0Z4L,1
L49FA0LOVLO,1
LVL4LO08LO,
LLO8908Z9,
L4V0LLOVV,1
LLOFA808L4,1
V04FAFALO0LO,1
L80VZVLO9,1
L80VZVLO9,1
FA049L4VFA,
LO0440FALOZ,
L9VZ8040,1
LZ0LOFA9LL,
L9090VZLO,
LFAFA44ZFAL,
L9Z040VL,
LFA9V8L8L,
L9FALO0FA,
L0LZZ84Z,1
L98LLOZL0,1
L0V00L40,
L89L9ZM0,
LO0LOVV00V,
LO04FAFA4Z0,1
L8LV0VZZ,
L4FAFAV00V,
LLO0Z448V,1
L9LV0004,
L0LZ00FA0,
ZVLO0Z0LV,1
LV8L0VFAZ,
LO0LOL9044,1
V008V00LO,
LLO9FAVL80,1
LFAFAFA4900,
L9ZMFAZ80,1
L8FAL9LO0L,
LVL88880,
LLO9L4Z9L,1
L80FA0V9LO,
LLO8900LV,
LLO904LO0L,
LZZ40L9FA,
LL0Z808LO,
LLOLLLFAFA9,
L9044V0LO,1
940FA0Z0,
LL0V4FA0Z,1
L9FA40LL4,
VVFA9Z08,
L4L80FALZ,1
900FAFAFALOZ,
L4L4LFAL8,1
Z008FA908,
ZVLO4LL9LO,
LV804Z90,
L9004V8V,
800V8LFA8,1
LLO0VFAV08,
L0Z0ZFA48,
LV49FA0ZV,
80L90040,1
LLOFA440Z0,
L9Z9Z0,
LVFA4ZVVV,
9008LO98V,
L80LFAFAZZ,1
LLO08ZLZ4,1
LVZV0V0Z,1
FA04ZLOL90,
L84LO09LO0,
L8LOL4VVLO,
L8LFAFA0Z0,
VV0LLO48,
Z0ZLL000,
LZ0Z98VZ,1
V00VFA8LFA,
FA0ZLOVFA08,
L8Z84LLO4,1
LVZFAZ44L,
FA0ZVZFALFA,
L49LLO4LL,
L048V408,
LV4800ZM,1
L9FAL8LV9,1
LZ0949V0,
FA0LOL049V,
V00LOLV8Z,
LZ04L08FA,
L9Z0V9FA4,
9008LL0FA,
L49V4LO44,1
LV94LOL8LO,
L94V0LO0FA,
LFA009FAL8,1
L8FA89FA4Z,1
FA0LO080FA0,
LZ80FAVLOL,1
L09FA0LOZFA,1
FA0L08LLOZ,
L9Z494FA9,1
LFA44V04LO,
LLOFA0049FA,1
FA0ZFA80LOL,
LLOLZZ0FA8,1
L48LOLFA9L,1
FA00L40ZZ,
LFAZ400LZ,1
LVL449VFA,
LVL4VVLLO,1
L8LO0L9V0,1
L84ZV9FA0,1
LLOLFA0V80,1
LV90FAFAZ9,1
L8L9V89FA,1
FA04L000FA,
L84FA00V0,1
L4VZ448Z,1
FA0Z909LOFA,
LLO8004,1
LZ4ZM444,1
L8FA4FAZZL,1
FA0LOV80V0,
LLOVZ8Z4Z,1
900ZVLOVLO,
FA0ZL9ZVL,
LV0098LO9,1
FA040Z4LO8,
FA00FAZM8LO,
LLOV00LLOZ,1
90049VV0,
LLOZ0400LO,
FA00ZV08LO,
FA0V0ZL0FA,
LLO0LOV400,1
Z0V90LLO8,
LVZ00004,1
FA0LOVFALO00,
L8944VZLO,1
L0Z00LO0LO,1
FA0Z8LO0LOZ,
FA0VZMLOV4,
L40LOFAFA9LO,1
LZLOZZ988,1
LLO0980Z0,1
LZML0Z80,1
LVLLV4L8,1
FA0VLO4LO0L,
FA00FA84L9,
LVFALLOFA04,1
ZZZMV8Z0,1
90090VL4,
LLOZLO8LOZ0,1
LFAFA9VL8LO,1
LLO0ZVVFA0,1
9000ZMFAZ,
9008L40L,
LLOLLL44V,1
LZ0880,1
FA0L0LOZZM,
900L409FA,
V0L08LOLL,
L840008FA,1
9000LOV,
LZ9VFALOFAZ,1
FA0Z4V88FA,
98LOZ88Z,
FA00LZ04LO,
FA0LO09V04,
LZLOFA8FA48,1
L4L0VFAZ4,1
LZFALO0904,1
LZFA4Z890,1
Z048ZL,1
LLO0FA98L8,1
FA0Z08ZLOFA,
90L80FAV0,
L49408ZFA,1
L890FA0L9,1
LFA8FA0008,1
LVZMZLOLZ,1
LVLFAFA9ZM,
FA09VZZ8L,
LLO0LZ9LOZ,1
LFA48ZFA8FA,1
FA0VV8LZ0,
FA0Z89004,
LLOZLL8ZFA,1
90L48404,
LVLO84FAV8,1
FA0409LO4V,
LFAFA9ZM,
LLO40ZFAV0,1
FA04FA488FA,
LO0ZZV890,1
LFAZLOL4ZV,1
LZ9Z0LOZFA,1
L8FA0ZFA0LO,1
L4ZFAL8LO4,1
LV4ZLOFAFA0,1
LZ9LZLOZLO,1
Z0FA090FA4,
FA0ZLOLLO0L,
LZMLO8V0V,1
Z000VZFAV,1
L8LO4FA008,1
FA0LOVZZVFA,
L4LLOFAZ00,1
900V4ZFA,1
90L48404,
FA0ZLOV90FA,
FA0FA8FA0VZ,
L0LFAFAFA4LO,1
FA0LOZ0Z04,
FA048V9FA0,
LV0VZM08,1
Z04VLOZFAZ,1
L904ZZL9,1
LVLL0840,1
8440FA0V,1
L490FAL40,1
900ZLO0LO9,
L8ZL0V,
L8Z48LO9L,1
FA0ZLVLL4,
Z0FAV9Z,1
LFA0LOLLV4,1
FA084900Z,
LFA0L9V0,
LFAFA94L4V,1
L4LLLO89Z,1
LLO88ZVL9,
L90L0LO88,1
L40ZZZZ9,1
LLO00LO00L,1
L9VFAZ4V8,1
L80ZL9LO0,1
FA000LO04Z,
LO0LO00VLOV,
FA00LOV49L,1
LZZZLO8LO0,1
90LZ4LZ0,
9ZVZLO,
FA0FA9L48V,
LZ008494,1
FA0480V09,
900L4LO00,
FA0Z90FA89,
LZLO0498LO,1
FA0LO94FA4Z,
LV08V0Z0,1
LLLLLOL00,1
FA0LO800Z0,
LZMLOFAVVL,1
V0LO9LLOV0,1
L9FA8ZLV8,1
LO0LOV409Z,1
FA040VLOFA4,
900VV4,
L9LO9Z00Z,1
L00ZFA00LO,1
FA009ZZ08,
LO049004FA,1
L9ZFAV40LO,
LLO00LO8FALO,1
FA0V4048Z,
LZ0LO4V48,1
L4Z0LOLLO0,1
FA00LLOFAZ4,
L8LO9LVZZ,
L0FA04ZLOZ,
L9V04FA40,
FA04FA0LOL0,
L00V04V8,1
VFAFALOZ0LO,1
L8V4FALV0,
FA04Z000LO,
LL0004L0,
LVZVLO944,
LVL0L884,
L49FALO4L0,
FA0ZLO90VFA,
L0Z9FA980,
9L9VFA9L,1
L8VLO049V,1
900940FA4,
LVLO0L094,
L8949FAFALO,
9000440LO,
L900094Z,
LO0LOVLO00FA,
L8ZV89L9,
80L80LO0FA,
L9LO9Z9Z0,
ZZLOV9LOL0,
LVFAFA8Z00,
LFA09FAFAV4,1
V00L09V8,
Z0LOVL0LL,
L0ZLO48,1
9004VV4LO,
FA0440Z0LO,
L8VZ800V,1
LLOFA9LO08V,
LV08V004,
LL0V0LO4LO,
L94V4FA0L,1
LZMLO9049,
LZ0L89VZ,1
FA0ZV9ZL8,
LVFAZ0840,
L9Z08LFA0,
90L4L0VFA,
LLV0FALV4,
FA04089FAV,
LFA88VZ0Z,
LLOVL804L,1
LZL,
L90ZFAFA44,1
LVLO0ZLOZ4,1
90LZLZ00,
LO0ZV4LO00,
LZ4LO9444,
V09LLOFAFAL,1
L84Z909L,
LVZ0LO0LO0,
FA0V04984,
L9489LO80,1
Z0949ZFA4,
LLOZ9V4FAV,1
L90FAFALOZ9,
V0ZZFA08LO,
L8ZZ04ZZ,
L440V0,
V008Z009,1
L494FA04Z,1
8LO40FALO0,
LVL8L000,1
LFAFAZM0Z0,
L9ZFAV0FA0,
L04Z0LLO8,
9498V0V,
L89Z4VLOL,
L08ZMLFA0,
L80LLOFAV0,1
L9LZLZ8FA,
LO00V08LO8,
L40ZM4LZ,1
L9LOFA9848,
L0Z0FAVFALO,
LLOZ900FAL,
V0Z88V0FA,1
L8908Z,
LLOVLOL4LLO,1
Z084FA9FA8,1
LZ9ZLOZ9L,1
LFA9FA09V8,1
9ZZMFAL4,1
L8LOZLO090,
LV848ZVLO,
LLO90LOFAZM,1
L4V4FALZLO,
9000FAZ9FA,
L8FAL0004,
LVLVFAZ,
L9LO0LVL0,1
L0VVVL0LO,
LV88FAVZV,1
FA0FAZ0VFA0,
LLO008LO98,1
FA0FALO00V4,
LVZZ900FA,
LFAFAVLOFAFAFA,
LLO0V0044,
LVV4FAVFAV,
LVFA4Z9VZ,
ZZ0LOVV9V,
90L0FA09FA,
L8V980LLO,
L0LO8ZLO04,
LFA8Z000Z,
LV0V00FAFA,1
FA0ZLOZZ9V,
V0LO0LO9FA,
LZVFA98LOFA,
LVFA4VFALOL,
L8VZ98V4,1
L08LO8L,1
800FALOL08,
90094L8V,
900V9LFAL,
L8VV0L0L,1
LZ8808V9,1
LLOZFAZL9L,1
L9094888,1
L9VFAVLZ9,
LV4049,
LFAZFA0Z0L,
LVZ9FALO0V,
LL0L90L8,
L04LO4988,1
Z0LO009FA8,
L8VFA4LO8L,1
LLOFA04LO,
LZV0FAZFAFA,
LZ0ZM094,1
LLO980LO0LO,1
L9FA98VV0,
L90VLOFA4V,
L400LOVFA4,1
LFA09V8FALO,1
LZ0LLO490,
900FA4009,
L804V9ZV,
LV0LZVL9,1
LL490VZLO,
900LO8V0,1
LFA808900,
L80009LFA,
LLO888ZZV,1
LFALO0V09LO,
LVZ0ZLOFALO,1
L9LO40408,
L80LO884LO,1
LVZVFA0,
L9080LO4L,
L894VLLO0,
L9FALOFAVV0,
LV0LL000,1
LL08FAZ49,
Z00LOZ9FAL,
8ZLFAZML,
FA0Z98008,
LV8FA8VZ8,1
8V4VZZ0,1
LV4LLOLLFA,1
L84VLLO40,
L440LO0,
LV4Z884LO,
L84LOLFA44,
V8Z0LZZ,
LLO80V08V,1
L8ZZLO004,1
9FA89VLL,
L908VLFA4,1
L8ZMFA09FA,
L84LZL8L,1
L800L4V4,1
80LFALFAFAV,
LZLLZMFA8,1
90004L,
LZ0ZZ80FA,1
L880L8LL,
LV800ZMV,1
L9ZMV04FA,1
LV900LOLZ,
LV8894LOZ,1
LLO9FALZ0L,
LZM8LO984,1
LFAVVFAL48,
Z0LOZ8Z9FA,1
L098LO4FA8,
900VL044,
L4ZL4009,1
LLOLLO909Z,1
L4LZLOZV9,
L9FA04FA00,
L48LV00V,
VLOVZV,
L94ZLFA4V,1
L9FAFA9VZ8,1
L9Z408ZFA,
LV40LLOZV,1
L940LOZZM,
LZZFAZZMV,
LFA49FA840,
LO0LO0LLO09,
L98484V8,
L8LL8440,1
9000444V,
L0ZZ4VFAZ,
FA044FAZFA0,
FA0L8L90Z,
Z0Z0Z9FA0,
9008LO09L,
LVLOFAZ4,1
L90844,
LLOVV0ZLZ,
FA0809VLOV,
L0V4LOVLOL,
FA0LOFAVZ4FA,
L9L8LOV0LO,
LLO0LOFA000,
9004ZMV9,
LV8ZM80L,1
LLOLZFA0LO0,1
VLOL00FAL,
900L4048,
LV89L40LO,
L80FA4VL0,1
LV9Z4FA9FA,1
LLO0080VFA,
LV08VL,
Z0Z0V40LO,1
900VL448,
LVV49LOVL,1
LZLOVLOZFAL,
LZMFA8L,1
LFA8880VL,
9008Z8VV,
LZ9L8L8L,1
FA0V9Z0,
L9LVLOZ0Z,1
L8089V0Z,1
L8090Z0L,1
V008VLVFA,
L8FA8L4Z9,1
V009V4FAZ,
L80ZLO08Z,1
LO0LOZ09Z0,
8V8L0ZM,
LO0ZVZ00Z,1
L44LZ988,
L9V04004,1
LV4Z0LO9LO,1
L444L00V,1
LLV4090Z,
L8LO8V800,1
L8LLO08L0,1
LLZZLLOFALO,
L4Z49ZMZ,
L8LLVL4FA,1
LLO098040,1
L894FALO,1
LO0Z00094,
LVZFA9Z0V,
L408049V,1
L84ZM000,1
Z004VLO80,
LV400L,1
80080V,
LV9LO9098,
90094VFA9,
L44LLFA,
L940FAZ,
V0880V40,
900VZM0Z,
90048LLOL,
L4VLFALOVV,
L9ZFA0904,
LV0L4V0LO,
LLLO44L4L,
LVLFAVVLZ,1
L84LO0ZLOZ,1
LFA4Z9LO09,
L8V0VV,
LV4408Z8,1
L9FA400,1
8008L8LZ,
L80LOVZ8FA,
LLO890Z9FA,1
L4FA0ZM00,1
V0400L90,
V0LO808LOV,
V089Z090,
90049409,
FA0ZLO8ZZFA,
L004LO8,
LVZMLOZ8LO,
L890Z4ZV,1
L94LZ0Z0,
LZ9LOLLFAL,
V0VFAL8Z0,
L8LV89VL,
LZFAVFA09FA,1
LZMLZLFAL,1
LV9FA0Z0LO,
V00940LO9,
L0090Z,1
L9LOZ808L,1
9004040Z,
L8FA89FA4Z,1
L800FALLOV,
L094LOVLFA,
LVLO0LOVFAL,1
L090V4LO4,1
LFAZ0LOFA90,1
L8ZLLO4,
Z00L88L4,1
LVFAZZLO9L,
800VVLZL,1
LVLLO8L0FA,1
Z04Z0009,1
LFA40L80V,
LVVLOZFALOL,1
900VLZ0LO,
LZ94VFAFA9,
LFA0044LO9,1
FA0ZM900LO,
L8L0LZFAFA,1
LO0908Z0,
LO0LO009LZ,
FA0FA0LZ,
80L9FA004,
L4VVLOZ90,
L9FALO98ZFA,
LVZ090LO4,1
LFALOZ4FA4FA,
V04FA0ZMV,
LLVFAFALOL4,1
LFALLZ0,
L00LV00L,
L80Z8ZLOZ,
LL40FAL0L,
9ZLO49VFA,1
L489ZLO40,
LV0L4LO0LO,1
LZ0V4000,
L9488FAL9,
Z0Z09LO90,
LO0LO0V4,1
FA04ZML90,
L9LOLFALFA9,
L4ZL8L89,1
L9ZFAV088,
L808FA4LO0,
ZZ0Z4VLO8,
Z09FAVFA04,
LV88V844,1
V0VLLO9FAL,1
LO0ZV4LO00,
L8FA8LOZV4,
LLOVFA80FA0,
L0LOLL9FALO,1
L888ZLOVLO,
L8FAV,
L8L0V9VFA,1
V008Z09V,1
L0L89V8L,
LL00LLZ4,
LV08LZ0Z,
V0Z8ZFAL,1
L90FA0ZLOL,
FA080FA044,
ZVZ8V890,1
LV8VZ0Z9,
LLO8040Z4,
LZ0VFAV0L,
LVVFA404LO,1
LZLOLFA00L,1
LVFAVFALO,
900Z89FAFA,
V00880FAL,
80LLOVV84,
LFALO48FAZ8,
L9L009FA0,
LL098094,
L4Z00VL8,1
L9LZ4LOZ4,
8040984,1
8009FAZFA9,
L94ZZLOL0,
L8VVFA98L,
900890VL,
V00FAZ9VLO,1
LLO9Z0Z0Z,
L040FA8LO0,1
LLO0V0LO94,
LL8LOFAZVLO,
L8409FA4FA,
LLO40ZVLO8,1
L40Z408FA,
L90L09LOZ,
LVFAFALO848,
LFAZMFAL,
LV800000,1
LLZLO0L0V,1
LZ404FALO9,1
L00VLO0,
L9LO08FAZ9,
LVFA09V94,
L480Z8LL,1
9FA89VLL,
L894VV08,1
L0FAV9FA09,1
FA04VVFA0V,
V0L4V04V,
LLOV0Z0VL,
L9LOZ89V0,1
L8094000,
90044FA9Z,
FA0V44L,
Z00VZ84FA,
L9ZVL0,
LVZL0FA,1
LLO440ZZM,1
9FA40VV9,
L9L08FALOFA,1
FA0VLOFA0LZ,
LLO9Z9004,
Z0FA0FA0Z8,
L880VLO4Z,
L9ZV0Z94,1
LLOFAL0LO04,1
V0L8FAV00,
L8L44Z84,
LL09Z94L,
L9FAFAV089,
L848LLO80,
LFA809L4LO,
LVLO4VFAL8,
LVFAL004Z,
VLO0FA9FAL,1
L48LOVLFAFA,1
L880LFA40,1
L98FA84,1
ZZLO04VFA8,
LZMLOFA9LO9,1
LLOVZ940LO,1
LL09LLO0FA,
LFALO0FA0LLO,
LV9094FALO,
L0LO4LO0,
900FA00LL,
98ZM4FA0,
LV0LO0VV9,
FA04VV9V0,
L8000FAV0,
LVVLLL4FA,
FA0V000FALO,
LLO8LO0FAFAFA,1
L8LLOZFA0L,
FA0LOL0VLO4,
L0FA0LO490,
LZLOVL440,1
L9LO0L48L,
LV804VZ0,1
L048FA88Z,
LO04L48VLO,
Z0VLOV9Z0,1
L84ZMZ0V,
LFA00VL0Z,
L9Z0LO9LOV,
FA0FA44Z04,
900FALOZ00,
900V4LOFA4,
L40ZLOV0FA,
LLO9LO0FAFAFA,1
L0Z0FA04V,
LFAZMLO894,
L9L04VLO4,
LO4V4LFA4,
LZLO8VZMFA,
L9Z09Z00,
LLOV0Z9LO9,1
L80FA08LO0,
LZ00LZFA4,
LZ0FA08FA0,1
LFA4V89Z4,
900V4LZ0,
LL4V4ZFAZ,
80040V90,
L048LO98LO,1
L80FALO000,1
FA0ZMLO9L8,
L8000LO00,
FA04LLO4V0,
L8ZLV0LO8,1
L4L0VL49,1
LVZFALO9LO9,1
FA04LOZ0ZL,
FA0VL9448,
FA0LO0Z4VLO,
ZZLLOZ90L,1
LFAFALO0L8Z,1
ZZVLOFALO9LO,
LLO00VFA00,
LV900FAZ0,
LO0ZFAV9L4,1
L494FA40FA,1
V00VFA94FA,
980LOL49,
L8VZL0L9,1
L8000LOZV,
LVLOZ8Z4V,1
FA0ZFA9884,
900LOFA0LL,
L88VLL48,1
LLO0FAVFALO4,
LFAFA9L8,
LVL4Z0VL,
L0080V44,1
LFAFAZVZ80,
900FA0000,
8LOVLO00V,
VFA80ZVLO,
L409FALLO4,
LLO4V4FAL8,
L4900LV0,1
LL480LOV0,
FA048L4,
L8ZLOFAFA4LO,1
LFA908LOV0,
90LZZM0LO,
LV04ZLZFA,
L9FAFAFA9Z0,
LVZM4980,
LLO00FAFAFALO,
LZZ9FA04V,
Z09LV8LFA,
L9ZL98L4,
LLO0984Z0,1
LLLZ8ZLZ,
V09FA4FA4FA,
8Z4ZZM8,1
LV94LL90,
LZ9LOFA4,1
L8V90Z9L,
LV08Z808,
L4988Z,
940LZ84,
LV0V0088,
LV0LOVZFAFA,
L840ZFA4FA,1
L890L880,
LZLOFA0880,1
L400LO9V0,
L8804FA0FA,
900VLO8FAL,
LLOVV0494,1
L4V0Z80Z,1
880FA0L9,
L44ZZ0LO9,
LL8LZM4Z,
LV48L890,
L8L409Z9,
LL4ZZ0Z8,
LVV9ZL0LO,
LZ8890ZV,1
900890LOFA,
FA048FA088,
L4LLV9VZ,1
LV009LOFAFA,1
9LO09L4L,
LLO4FA4Z94,
L44L8ZZZ,
ZVLOZ90L0,
LZML4009,1
9000FAZ9FA,
LZ404V0L,1
LL0FA08,1
L4Z4FA900,
L80LFAZFAFA,
LFA00VLOZ4,
LLZZM0,1
L4Z098V0,
LV4Z0FAV0,
8LFA9L4Z,
ZVZLZVZ0,1
LLOFAFAFAFALO8,1
L400LO00LO,
LL4L9VFA0,
LLFA80L4Z,
L8FA94L09,
LO0Z9FAFALOFA,
L8L4FA4LOV,1
FA0Z4049L,
LFALFALO90V,
LZ9LV400,
L4V00ZLV,1
LO04FALOLZL,
V04098ZLO,
LO00VLVFAFA,1
LFAFA49FA94,
LZ9FAFA0LO9,
LV4FAFAZ04,1
L4LO84988,
LV8400Z4,
L898LOFA9FA,
L808LO444,
LV0VVLLO8,1
LVFA90VZFA,
ZV948L,
LL088809,
LO0LO49084,
Z04LOL48Z,
LLO4Z0L04,
L4FA084FA4,1
LVZ49V00,
LLO00ZFA89,
LO0Z4Z800,
LLOV09L,
L80Z9VLO4,
V0V00L8LO,
L4LL0FAFA9,1
ZZL49L0LO,
90LLLOFAFALO,
LZLLO0ZM4,1
LV4000,1
LFA0ZLL04,
LVZFAV4LL,
LVL0FA04L,
90080880,
LZ880LLO4,
FA040V8V8,
LLO80LFA0L,1
L4L04098,
LVZFA0LOZ0,1
L949V488,
LVFA8VV,1
L8L0L80LO,
L889L0FA0,
90L4LO4,
9000ZFAV9,
LZ9LO0L98,
LFAFALO0L8Z,1
LLOFAFAZ0V0,
V0ZM84L0,1
L9LO00L8FA,1
LL9Z9VFA0,1
LL04V8,
L0ZLZZ94,
LLFA00000,1
LO0ZLZLO80,1
L9LLO8VZ0,1
LVLOZV900,
FA0LV0094,
LV09049Z,
LLO0LO0LO49,1
LLO409880,1
LLOZVZFA89,1
LLOVLO80FA9,1
L049Z084,
L4V0LLOVV,1
L800V80LO,1
FA0909LOV4,
LV08LOLV4,
LLO0L0FAZ0,
900ZVLOVLO,
LLO88ZVL9,
LLOV9FAFAFA9,1
LLOVV0L44,
L8FA4LOV9L,1
900V4880,
L8ZLOFA049,
V09LOV40Z,
L9LZ0LO0LO,
L00VL880,1
LZLZLLOZ0,
ZVLOZ90L0,
LLOFA40FA40,1
LFAV04ZVZ,1
LLO0VV84L,
LVLO4089L,
LLOZZLO9VFA,
LV0VLO00LO,
LZML4009,1
94LZ000,
LZLVLOLLOZ,
LV8L49Z0,
L9V8L049,
V9ZZZZV,
L8880L,
LVL0V4FALO,
L8FA88LOFA4,1
L84L008Z,1
FA0FAL00,
LVLO4L0L9,1
LFAZZ0098,
LV909VV4,1
LLOZLOLLOZ9,
LVVFAVFA8Z,
LVLO8LLO8FA,
FA0FAV04Z4,
L8FALLO8V0,1
L900LFAZ8,
L9FA4LO0L4,
FA08Z0FAVL,
LFA8VLO8L0,
FA04VFALO80,
L80FA0VFA9,1
LL84FA40FA,
L0ZLL0Z9,1
L90L0ZL9,1
LV09FA984,1
LV8LO490LO,
LLO49440Z,1
LV9LZLZZ,
FA0ZFAFA90V,
L8L0LLOVL,1
LLO9089VL,
VL00V84,
L8ZV0FA9V,
L8LOZZ8L9,1
LV90FA40V,1
L80LZVVV,
L4V44LV8,1
L8LO400Z9,1
900Z89LOV,
LLV44Z0Z,
LFAL0944LO,
L00V0V4V,
LZFAZFAZZ8,1
LV08LOLV4,
L9L00ZVLO,
L8Z8ZZM8,1
L0Z88L9LO,1
L9L8L88LO,1
ZZFAZVZ0L,
900800V0,
LZ0LOFAZFAV,
L84LZL8L,1
L48V04V8,1
L9LO0LVL0,1
FA0ZLOZZ9V,
LLOL40FA,
LFAV0ZVLOV,1
Z00V09VFA,1
V04V0LOFA8,1
L04LOZ098,1
LZLOZ894FA,
FA098FA909,
80090LOLZ,1
L9408448,1
LZMLOL80LO,1
LV8LOZ4LLO,1
9004ZL90,
9FA4L808,1
90L09840,
FA0FA489Z0,
V88VLOZ8,1
L4LOZ88LFA,1
L89004LOZ,1
LV0Z4FAFA4,1
L84Z0LLFA,1
FA0FA8V0FAV,
LLO9LZLOZ0,
FA0V4LOVFAV,
LZVVFA0LLO,1
LZLLO0ZM4,1
L8040044,1
FA09ZZVL8,
FA0VZLO480,
FA09LVVFA0,
988V49LO,1
LO00004LV,
V8Z0FAZ0,1
L8FALVZ84,1
LFALOVL9Z0,1
LLO00FAL89,1
900ZLO0FAL,
LZ0VFAV04,1
LO0Z9FAFALZ,1
9008V000,
LLOZ4ZMLO9,1
FA04Z9LFAL,
FA04ZZ9FA4,
L40VV0FA0,1
V848VLL,1
FA0ZLOFAFA94,
LFA084FA4LO,1
LV00VZLOFA,
LLO844V4V,1
LVV890LL,1
LVVVFAVZLO,1
90098LO0Z,
L900L0ZZ,1
L08Z8LVV,1
Z0VLVL88,1
L8940LOLL,1
LZLO80VFA0,1
FA040LOLFA4,
FA04000VLO,
LV0FA444L,1
LZLLFAVZL,1
FA0Z0VLO90,
LLOVZV80L,1
FA08000LO9,
L0LOVL9LL,1
84009LO9,1
FA000FA0LOV,
FA0449V89,
FA0Z4VFA,
FA09ZZ09LO,
FA0Z0LOLLOZ,
FA0VZVFAFAFA,
900LOFA8LFA,
FA088L489,
FA0VZFA0Z0,
FA0LOVVFA40,
L4FAFALOFA8LO,1
FA0Z9ZFAZLO,
L00FA9L0Z,1
8ZMV4,
FA04FALO0VLO,
L8090LO09,1
LV90VV0V,1
FA000844LO,
LO0VFA90FA0,1
9000V9ZM,
L8LZ48FAFA,1
LZMFAVVFA0,1
LLOZV448FA,1
Z000FA888,1
V0LO9Z0FA4,1
904V90Z,1
900FAFAL0V,
LVLL0ZFA9,1
V000L049,
90L0448FA,
L449ZFA44,1
FA0VLO4LOL0,
L4ZFAL0V8,1
FA0LO08FAZ4,
LVLVLFA9FA,1
V009FAFAZ4,1
900988V4,
LLLOFAZFA08,1
FA04FA0VLO0,
LFA40LOFAFALO,1
FA0Z0004FA,
LV409V,1
9009LO9,
FA0040LOVL,
FA08LZZ4FA,
LV89FA8FA0,1
80FA0FAFA40,1
LO0LOZZ89Z,1
L88004FA8,1
FA0VZ0VV9,
FA00Z40LL,
FA04LO9ZMFA,
900FA8LOL8,
FA0LOZ90Z8,
LZLO80VLO0,
84VLOVV9,
LLOLFA8FAVL,1
L8LO90LO40,1
LV9V9L9V,1
FA09FAFALO08,
90VLOL8FA,1
LL40Z800,1
L8LO09FA,1
V0LOFA00FA9,1
FA0FA904,
LLO0LO0Z89,1
Z00V9ZFALO,1
FA00LFA9ZV,
LLO04FA9FALO,1
L9VLO94ZLO,1
ZZZV00ZL,1
LV9LZLFAL,1
90LL40V8,
LV0LFALO8V,1
V00Z4FAL8,1
ZZ09FAFAFALO,
LLOLZZ0FA4,1
LO04FA098L,
90L04ZZ0,
900FA9ZZFA,
FA0484L0FA,
LV904009,1
FA09VFA9V4,
L9LL84L4,1
LVL000Z0,1
L8LO8V4FA0,1
VFAVLO0LOFA,1
FA0V0088L,
LZ0FALLOZZ,1
LZVV8ZVZ,1
FA048LO49V,
LZ9FAVLFAZ,1
L049VL0FA,
LV449008,1
L90FA0LO0V,
900480FA4,
FA0LOLV8Z0,
LZ9V90LO0,
FA0L9FA804,
FA0004LFAL,
ZZ4LO8004,1
900980Z4,
L44488V8,1
90LZ80FA4,
V00LL9Z8,1
LVLO98LO,
LFA0049VLO,1
FA0408LZV,
LVLZFA8LO9,1
FA04LOL40Z,
L0FA9L40LO,1
LZZL0490,1
LV4Z04LFA,1
Z0FAZ9VL4,
LVVLO8V80,1
LO0L00LZ0,1
FA0LO8000Z,
9V4LFAFA0,1
LLOZLV8LO9,1
LLLLO40VZ,1
FA008FA08LO,
FA0V0908LO,
LLO4LFALO4FA,1
LLO8948V9,1
FA0Z0VL40,
FA0Z9Z04FA,
FA048984L,
FA0VFA4LZLO,
L8LO0VLV4,1
LZLO08409,1
L4LLLZ80,1
L49FA4LO48,1
LZV9LOFA8LO,1
L9FA00040,
LLOZV4000,
L48ZZFALOZ,1
LZFA9LZL0,1
L09LO0FALV,1
FA0LOZ0FALL,
FA0488Z8Z,
LLOZ88900,
L4FAVV008,
FA0ZZ9L48,
LVZ0V0ZLO,1
FA040ZVZL,
L4FALVZ00,1
L40000Z4,1
90LV9LOL8,
9FAFA408L,1
FA0LOV0409,
L4L0VL49,1
900V0004,
L00LO8940,1
LV8VVFAFAZ,
LZ00409FA,
LLL8048Z,1
FA0V04V00,
LLOFALOFA9FALO,1
L490VFA00,1
LFALOLZZ0LO,1
FA0908V09,
LVFA9FA0LOL,1
LFA0LLO00FA,1
900FAFA0FAV,
L44LZ08V,1
L88LOLFA89,1
LZLZL0FAFA,1
FA04Z8L80,
FA0FALO9490,
FA0VVFALO8Z,
L84LO88LO8,1
900LO0FA4LO,
LLO4ZVLV8,
FA0409040,
L90FA408L,1
LZV49VVLO,1
80LFA9Z98,
FA04LLO4V0,
900FAZVV8,
L988LOL0LO,1
FA0LVFAVLOFA,
90L48LOZ0,
LZFA8VZ9Z,1
FA00LVLOFAL,
FA0VFAZ809,
LZ409V0FA,1
90LO0FALOZ,1
LL9808LO4,1
LVLOZLOZVL,
L8LVLO944,1
L4V4VZ98,1
L9Z49890,1
L4LOZ9VLO0,1
FA0ZL00,
LVFAFAFALV8,1
FA00VL489,
ZZLO09VV8,1
LLOV8ZZ00,1
FA048ZM80,
FA0LOZFAV9Z,
L4L0FAVZ0,1
FA048090V,
9009FA04L,
900L4ZLO9,
LLO9FA0LO9V,1
FA0LOFA09,
L894VV08,1
L404FA040,1
LLOLZVFAFAFA,1
9000V04FA,
ZZ0FA4Z0V,1
LVLVFAL80,1
L8L0LZL0,1
V00LOFAZ0LO,1
LVFA0FAZ0L,1
LZLVFAVVL,1
Z0888L00,1
L9Z0LOLZL,1
900FAFA90L,
V0LZ9LFA9,1
LZ0FA4V49,1
LVVZ44LLO,1
FA08LLOL09,
LZ9LO9LOFA4,1
900808,
800L8FA8,1
LVLFAZ40L,1
LZZV989L,1
900FALL09,
L48ZL90V,1
Z0ZMLO0L0,1
LFAFA90080,1
L8080080,1
LLOL0VZ4Z,1
LLO0Z900V,1
L000ZFA08,1
LLO04LZ,1
FA0490884,
LVZLZLO40,1
L4Z49L90,1
800V4LL0,1
L8L09Z00,
L840ZV90,1
LLOL0FA4LL,1
FA0ZLO0LOL4,
FA09LZVZZ,
LZ9LLLFA0,
LFAL0880LO,1
LFA4084V9,1
LZVLOZVV8,1
L8V0088Z,
FA0FAV4L8V,
L408FAFA9Z,1
900V0Z44,
L94L9L88,1
FA09FA0840,
LVZ0FALO0L,1
FA0LO84VFAV,
8ZFAZ8,1
L0LV000Z,
FA04VLLO0FA,
LOFA0FAV9,1
L90ZLLFALO,1
900L0ZFALO,
LO0V949LFA,1
L80ZLO0FAFA,
800LLOZL8,1
L40FAV9Z9,1
FA00LLL0FA,
90L80L00,
V00Z9L0Z,1
LVFA9LOV44,1
L00V90LV,1
LZLOLLO4FA0,1
L4L0FAFA0L,1
L9ZZLV4L,
LO88VV,1
LLO4VV0L4,1
L0044FAZ9,
80L48400,1
LLO84FA00Z,1
LV0ZMVLOV,1
V889LOFAFA,1
L084LO809,1
V940VLO4,1
LZ804LOFAFA,1
LFA844FA00,1
FA0ZZ84FAL,
FA0ZFA9884,
800480VLO,1
FA0LO0LFA0FA,
FA00FAZLO90,
FA0VV0LOZL,
LL409ZM4,1
FA00ZFA80LO,
FA0ZZ90ZFA,
LLOV048FA9,1
900LLVLO9,
FA0Z49Z0L,
8004Z9LZ,1
L9LO00LOZ,1
LZ0LO84ZFA,1
FA0ZL48LFA,
LZZLO0ZM4,1
LV9V00LLO,1
LFA0LL4LOZ,1
L0VV0FALO9,
L404008LO,1
FA0LL8FA84,
9LOZ0490,1
FA08FALZ9LO,
L0Z9LLO8LO,1
LO0L800FA0,1
90L80989,
4L4L4,
LZZLFALFA0,1
800ZV00,1
L8Z0900L,1
LV4ZV0Z0,1
L4LO4FA8FAZ,1
LLO49V44LO,1
LFA900904,1
FA00FA0LZ0,
LVV0V08Z,1
LLOZZL90FA,1
900ZZMLLO,
900V09VL,
FA0ZFA8VVV,
V0LLO89LO0,1
LZ4Z0ZZLO,1
LL80ZMV9,
L88VLOZ0L,
9008LOVZZ,
Z000VFALOFA,1
FA088LO8FA9,
FA04LO94L9,
9000FAVFAZ,
L8FA8FA4VL,1
LLO00LV9L,1
LZFAZFAZZ8,1
FA0V00090,
LVFA900Z9,1
FA0ZZFA0ZFA,
L80LOV4L0,1
L440LVFA0,1
L88909LO0,1
FA084L4Z9,
L494FA40FA,1
ZZFALO000V,
LLOV48848,1
LO040ZZV0,1
LVFA4Z4FA8,
90LFALOZV0,
8FA909LO0,1
8404FA4L,1
Z0804049,
L000ZFA08,1
L00LO8FA,1
L00LO0VFA9,1
LZZ804LOL,1
LVFA000FAFA,1
LO0LOLLOZZ0,
L4FA900LO8,1
LV9V0LZ4,
L9FAZ8V0LO,
LFA940Z0V,1
900LO0080,
L9000Z0V,
LO08080VL,1
LLO9FA9LO80,1
LL44000LO,1
LZMLOZ00L,1
L4L0Z49V,1
L8FAFA4000,1
900V4LOVL,
90LZ04V0,
V08400FAV,1
L80LO0LLV,1
LLLO984LOV,1
LLOL000LO4,1
V0LV0LOFA9,1
LL80L00LO,1
LVZ4LOZZL,1
FA048ZZ0Z,
L4FA04FA4V,1
L4088FA9LO,1
FA0FAL0000,
L80LOV009,1
FAZ08LOFAL,
L08FALO8ZLO,1
FA0Z40Z8V,
Z0ZFAV0Z8,1
L9ZZZZZ4,1
84VLOV8Z,
Z009L8LOZ,1
L8FALOVLO09,1
L8LO8LVVL,1
LFALVV0FAFA,
900V89VFA,
LZFAV48LO9,1
V0V4Z0FAV,1
LLO8Z0L0LO,1
L00FA9LOFAL,1
LZ0489ZM,1
LZVFA0LO0FA,
LL0VLL,1
LV084FAZ9,
LLOZL4VZV,1
LZVV0LO94,1
L80VZVLO9,1
FA0VLOZL0Z,
L8FA89Z48,1
V000LV90,
L88FA00LZ,1
LFALO0089LO,
LZ9VFAFAFALO,
FA0040FA8FA,
LFA0404Z0,1
L9FAL0L04,1
LV00L984,1
FA0004V49,
L84L0440,1
LLOFA0L0LLO,1
FA0V0FAZ8V,
8ZFA844V,1
LLO440VVFA,1
LLO04LO08LO,1
LV04LZML,1
FA0LOV00LLO,
FA0VV849V,
LVFA0LZLOV,1
900LZ948,
LV44FALO9V,1
L480Z9FA0,1
LVL8V9FALO,1
L8Z0ZFA8V,1
FA04Z4VLOFA,
LV80ZLL9,1
LVZZMZMFA,1
90LLLLOFAL,
FA080ZLL4,
LLOL80V0V,1
Z0ZMZ0FAFA,1
LZ9LOV00L,1
L8VV9L4Z,
LLO08L4FAFA,1
LVFA4LLO,1
L8FA0V8LOZ,
LZLO9LV0Z,1
ZVZMLO8LZ,1
9004ZZMZ,
FA004L908,
LL8FA0L09,1
FA08VFA9ZM,
LZV84ZLOV,1
LLOVLO0LLO0,1
Z0FAVL90Z,1
LL08LZFALO,1
FA0V8ZM00,
8V4VZZ0,1
LZL80LO00,1
LO0LLO8909,1
LZM0FAFA9FA,
8V8LL84,1
LZLOVL44FA,1
L0L490LO0,1
900LOVZVL,
L4LO0400Z,1
FA048084Z,
LL8FAVV8FA,1
LFAVZ0V8FA,1
LZ8FAV0V4,1
LFAFAVVFA49,1
FA0ZL444Z,
Z04FALO448,1
LVZFAVFAFALO,1
L9L40840,1
LLO0LO9Z04,1
L9LO40L48,
FA0Z0LL4Z,
L4FA0L094,1
FA09LO0FAFAFA,
LVFAZ44,
LZMLOV9L0,1
LV900800,1
90L48VFA8,
LL494FALLO,1
L8FA84ZLOFA,1
LL8FA00VV,1
FA0LLO0ZM9,
L90LOLV0V,1
L4008FA0V,1
L94V40LO0,1
LFA4L0FA80,
LO0ZFA0LOVV,
LLO08ZZZZ,1
LLOVFAFA08FA,1
L00LO09LV,1
FA0LO0ZVVLO,
LZVVLOV00,1
Z00448FA0,1
L9LO80LO0LO,1
LLZLO4909,1
LL9LO4LOL4,1
L9LOVZZ8FA,1
LZZ844V0,1
L80Z8LL0,1
FA0VFA8FA4Z,
LVZVLOVLV,1
L48Z0808,1
L48FA9LOL8,1
9000FAZ8FA,
9404VV8,1
LZMLO4098,1
FA0VFAZ0L0,
94LO9090,1
LFA0FALFA80,1
LVFA0Z89LO,1
LLOL04FAV0,1
LV400FAL4,1
L9ZV8V8LO,1
LZ0FAFA8ZZ,1
L40ZVLO9Z,1
LLO8FALOFA0,1
L8L09FA8V,1
9009090Z,
L4LO80ZZV,1
FA0LFA8VLO0,
L8Z8ZZM8,1
L000V0FAL,1
LV4VZ808,1
900VZ890,
L9LOLZ49FA,1
FA0LO0ZL4Z,
LZ08FAFA44,1
FA0LOL9LO9FA,
L90LO4V40,1
LL49L40L,
900LZ4FA4,
L84L98FA4,1
L48FALO80Z,1
LLFALO4ZLV,
L04009L0,1
L0LO004LO0,1
LZLLO0098,1
8008898FA,1
L9L844,
FA0FAL4FAV0,
FA04FAL0VV,
L880094L,1
LVL4V0VFA,1
LZV9L0VV,1
LLO0FA888V,1
V0Z8LO94,1
90L4FA4ZM,
LZ00LOLZFA,1
L0FAZV444,1
FA08ZM40LO,
900LZLOV4,
L0LO0FALOVL,1
L898800V,
LZ84ZVL4,1
L8FA0FA49LO,
L9FAZL0ZL,1
L4LOZFA040,1
89LO9084,
L48L4090,1
L4VLO8ZLL,1
L9ZLOL00V,1
FA0LO48FAV9,
FA080FAV8FA,
FA0808LO98,
L890ZM9V,
FA0LFA0LO0Z,
LL004ZVZ,1
FA0V8Z498,
L88LO04,
90L4800Z,
L4L9Z0ZFA,1
L9L00ZVLO,
FA00LZ4FA0,
FA0V48ZZ0,
LVZ00008,1
900ZM90V,
L0LO0FALOVL,1
L800ZL9V,1
LO08ZFA80FA,
V00Z800L,
FA0LO09ZLOL,
FA0VV0ZLO9,
LVLFAL000,1
LFAZ0ZZZFA,1
80LLO9,1
89LLO0ZLO,1
L044VLO8FA,1
80LLO4Z0L,1
LLOZ90FA9FA,
LZ9V4FA94,1
LL080FA98,1
FA0ZLOVFA00,
FA04V0FAFAFA,
L4FALOZZ44,1
LVVL008L,
9004FA4V0,
900LLO4ZM,
FA080LOFA0LO,
LZFAL0FA0LO,1
LVFAZFAFALO8,1
LL4Z40FA0,1
V00Z4Z0LO,1
L8000908,1
L84FAZ89LO,1
LFAV0LV8LO,1
L0000LZFA,1
LLZ4LO48Z,1
LL40ZLFA0,
LVFA0LOZ88,1
LZFAZVVL9,1
L8L04488,1
LLOLV0LOV4,1
LLOZ00LO0L,
LVFAZ8VZM,1
900FALOL0LO,
LVLOZ8FALOFA,1
FA09ZVLO0FA,
LFAL0V04V,
LVV44000,1
FA0LOV00VL,
L80FAV0,1
FA048VZ9Z,
FA0444LZ4,
LZ0V4FA48,1
900V0V9FA,
L890VVLZ,
L4FA09ZZV,
Z0LOVFA0FA8,1
LZ04LO4VZ,1
V0FA8LO9V0,1
9000LVFAL,
FA09FALO9LOV,
L8080V88,1
L000V9FAFA,1
FA0Z84084,
LLVVFAZ9Z,1
LVLOL0VLOFA,1
FA09LOVLZZ,
8V044ZFA,1
L880LO840,1
L400VVFA0,
L8V90ZFALO,1
80LVZ084,1
L9VFAFALO89,1
LL4Z80LO9,
900LL4FA0,
FA048008V,
LV0048Z0,1
L0LV0LFA9,1
FA0LOV8FA90,
LVZM9VFALO,1
FA0V0444FA,
ZZ80FAZ9FA,1
90000L00,
FA0L00V4LO,
FA0V4Z0VL,
L0L8090Z,1
LLO8Z8Z49,1
ZZ0VLO989,1
L000Z9FAFA,1
FA0VZZ9ZL,
L090L44LO,1
FA09LOLLOVFA,
9000L909,
FA0ZFA4004,
L4ZFA9Z04,1
FA09Z9489,
LLO8VZL4FA,1
LLFA0449Z,1
L000FA00Z,1
L8FA4Z0,1
9V4ZZM0,1
80L8Z4FALO,
FA000LOV84,
900LVLOL9,
L80LOLL0L,1
L80Z9480,1
FA0FA900ZL,
90080FA84,
LFA4Z908L,1
LV0ZL890,1
44098LOFA,1
LV90V9VL,1
LZ90L088,1
L0LZZVLLO,1
FA0LZ0LOLZ,
9FAFAZ040,1
LZ800LOL0,1
FA0FAVLOZFAL,
LLO8LOLZZZ,1
FA0VZ48FAFA,
FA04444Z0,
FA004LO8,
90L0044Z,
L40V9LVZ,1
VLOFA8VFALO,1
LVVLOL9FAZ,1
L94Z409Z,1
LLO000LO0L,1
LLZ0FALO94,1
L80ZFA9FAV,1
LZFA0ZZFAV,
LLOLFA0008,1
LZ00V4V8,1
FA049V9ZZ,
9004800Z,
L4V04V49,1
LV0L000Z,1
LV4FA80VL,
L8LO89490,1
LLOFA009Z0,1
FA0V0884V,
FA0LOZLO08V,
LV08ZLLO9,1
LLOLZFALOZV,1
90L40FAFAFA,
900VZZLFA,
L40Z9L00,1
LLO89LOZLO4,1
L0VFA9LO9L,1
900FA0884,
L4LV04VLO,1
L8FAZ00FAFA,1
LFAFA4L080,1
L9LO44890,1
LO0FA8FA0FA0,1
FA048808L,
FA0LO0LOL8V,
L80L0Z8FA,1
LLVLZFA0LO,1
L008LLVLO,1
LL800LLFA,1
LV8Z9V8L,1
FA0ZM4090,
FA0Z0V400,
L8ZVV0FALO,1
L880L80L,
LLO09L490,1
900FAFA0L0,
L88LO4LFA8,1
FA00LO9009,
FA090409L,
9000LO980,
L8FA04FA40,1
FA0ZFAV498,
FA04LO80LO4,
V800ZL4,1
L4ZFAVL48,1
LO0ZZ4V88,1
FA000Z8ZV,
LV90Z084,1
FA0VZ4LO0LO,
900V00,
LLOFAFA0V,1
L8FA09V04,1
LZLO04LO,1
LLOFA480Z9,1
LLOFA0Z00LO,1
L9FALLOFALO0,1
LLOZLFALLO0,1
LZ9VZM8L,1
9000L4LZ,
LLO8LO988V,1
FA0ZLL800,
LLO8FAZFAVFA,1
LLZMVFA08,1
FA0Z0LO9LL,
LZ09Z4ZFA,
LLO0Z8400,1
80044LO08,1
LZ08VFALO0,1
ZZFA8ZLO4LO,
L80L848Z,1
LZ9000VV,1
FA0Z0FA0LO8,
L840FA0LO9,1
LVLOFA9000,1
FA0Z488L0,
LV840FA0Z,1
FA0V0VVLO9,
900Z0Z44,
LVV089LFA,1
FA00FAFA800,
L8LOL0V9L,1
LLO940VV0,
FA04400Z8,
L0Z88L9LO,1
LZ84944Z,
Z0LOFAVVFA8,1
9000FALZ0,
Z88988,1
LVL490FA8,1
LLOFA8Z8L4,1
LZ00ZM0Z,1
90LFA0L8LO,
LO0Z04FA0LO,1
LFAFA094LO8,1
900V8ZML,
Z004LOZZ0,1
LVLOV8900,1
LLOFAZFA40Z,1
80LFA4LOLLO,1
LVLOFA8LO09,1
LLO9LOVLO0L,1
FA0V9V008,
FA00Z00FALO,
L9LO90ZLO4,
LLL08LO04,1
L844LO4Z0,1
V00L8084,1
FA000ZFA90,
LVZ8LOL8V,1
LZVZ0948,1
8LVFAFA0L,1
L0LO8FAL9LO,1
FA0V00LOL0,
L90FA044FA,1
9004L089,
V0L008LL,1
LZ4VLL4L,1
FA0Z4V004,
L090ZFAZ4,1
90L4L89V,
900V80V4,
FA0FA9LOVLFA,
LLO4VLO9FALO,
ZMZ8FAFA,1
L8LL00LO8,
L9L8L88LO,1
LLO0LOVLO8Z,1
L8L88VFAZ,1
900V48Z8,
FA0Z80LLV,
FA0ZFAFA48Z,
LLO0Z0FALO0,1
90LL0FA00,
LV8LO4808,1
FA0VVZM84,
VL440VV,1
LZ84V0,1
LZLOLLOFALOFA,1
L90LOLV0Z,1
LZ4FAZFAZM,1
900009Z0,
FA0449VZL,
900V8LO08,
FA0ZMZLFA0,
90L0LO0VV,
90V00VZ,1
L40Z0L98,1
FA08LO0LOZ4,
FA0LOZZ0L8,
FA0VZLO90V,
FA0ZML00V,
900L0FALL,
FA0808898,
LVZ0L0V0,
FA09VVLOFALO,
LZ89FA4VFA,1
9098FA40,1
LLZVFAZZM,1
900ZLO090,
LVL8ZV80,1
L0FALOZ0Z9,1
ZZ44V8L4,
LZ0VLOFA09,1
LLFA0Z8Z0,1
L49FALO88FA,
L0LO0FAZZ0,1
FA0Z900LO4,
FA0FA8Z409,
LLV0FA84L,1
LVLLOLL9Z,1
80LL0FAVV,
LLLO4LO9LV,1
L908080LO,1
FA0ZVL4LV,
9009LO4,
FA0VV49LO0,
FA0Z4ZZFAL,
L4LFAFA0Z4,1
FA09Z4FAVL,
L00V98VV,1
LFAV4Z488,1
LV0FA0FALO9,1
LVZZM0L0,1
LLV4LV4V,
FA04L44ZFA,
Z04ZV84V,1
FA09VV9ZFA,
FA0V449Z4,
LZ40LO909,1
LZVLOVFA84,1
LZ0ZV8V0,1
LVL0FAZZFA,1
FA0V0089LO,
V04FALO0FAV,1
FA0LO9Z944,
LVZLO9VLO0,1
FA0ZLO0LOL9,
FA0LOL90V9,
LLOLZFA9LOL,1
LV9Z0Z,1
FA0LO9V044,
L9040LO00,1
LLO4FAZL0FA,1
LFAL9080L,1
L494Z4VLO,1
FA0L049V4,
LLO0Z98LO0,1
FA09044L0,
L8ZVZ4FA9,1
LVFA4494LO,1
L8V8VFALOFA,1
ZZFAZVZ0L,
900LLZ0V,
VVFAFAZLL,1
LZ94V984,1
L44LO90FA0,1
FA0440L8L,
FA0LO84VLOL,
900FALOFA49,
L0400ZFAV,1
LLOVZ0LOFA4,1
FA0VZ00V8,
FA000FALO0V,
900940FALO,
FA0VLOVZ04,
900Z04LOZ,
90L4V8,
FA009ZM40,
90L009FA8,
8L00LO04,1
LV0LO840LO,1
LZZZLO0,1
LZ8VV800,
FA09V8V8LO,
FA0ZV89LO4,
FA08LLO09FA,
FA0FA944,
LZM80LOVZ,1
FA044088L,
900800V0,
Z84Z,1
FA0ZV8FALO9,
FA00LOV4LOV,
ZZ00LOFA9Z,
L0FA0Z0LO8,1
FA04L4LOZV,
FA089080LO,
L4V9L04L,1
L89VVFAFA4,
LZZLOFA0ZZ,1
LZ948080,1
FA09ZZ0Z4,
Z08LZ8LOV,1
900048FA0,
FA0004LZL,
FA0LL0LLO0,
L9LOV8V8LO,1
LFALZ8L0V,1
LV4LOV49Z,
ZZLOFAFAV0LO,1
FA0Z00090,
FA0Z4VL,
LZL49000,1
FA0FAL4FAV0,
900Z0Z44,
LZZZLO0,1
LVZZMZMFA,1
FA0Z0LL4Z,
LVLO84FAV8,1
LVZZM0L0,1
Z0888L00,1
LLO0LO0Z89,1
L949V488,
LVZ0FALO0L,1
FA0Z40Z8V,
FA0VFALO4V0,
L98LLOZL0,1
LVFAZ8VZM,1
L890ZM9V,
LLO8FALOFA0,1
9004800Z,
Z004LOZZ0,1
90L0LO0VV,
LVLFAL094,
L8Z0L4VZ,1
L8000LOZV,
LL4L9VFA0,
FA0Z0909LO,
FA0ZZFA0ZFA,
FA0ZZ84FAL,
V0V4Z0FAV,1
L800FALLOV,
L8FA0ZFA0LO,1
L80LOVVZFA,1
LFA9FA09V8,1
LLZLO0L0V,1
VLO0FA9FAL,1
LZFAVFA09FA,1
8V4VZZ0,1
LVFA0LZLOV,1
900009Z0,
LLO09L490,1
900L0FALL,
FA0ZLOV90FA,
LO04VLO4L0,1
LV90LFA0V,1
FA04LO94L9,
LLOZL4VZV,1
L9VZ8040,1
L800VLOL0,1
FA0VLO4LO0L,
FA0ZLO90VFA,
L8880VLL,
LLOZLFALLO0,1
V0L008LL,1
LLOLFA0008,1
LO0FA8FA0FA0,1
L80ZFA9FAV,1
LLV0FA84L,1
L4FAFALOFA8LO,1
LL409ZM4,1
FA084L4Z9,
LZLOLLO4FA0,1
L80LOV009,1
L8FA89Z48,1
LFALOZLOFAL4,
Z0ZFAV0Z8,1
90LFA4ZZ4,
ZZLO04VFA8,
V009FAFAZ4,1
LV00VZLOFA,
LLOL0L4L8,
L00LO8FA,1
80L48400,1
L88VLOZ0L,
FA0004V49,
LLO9L4Z9L,1
L8L9V89FA,1
LL94VZM8,
LFA00VL0Z,
L4FA009FA0,1
LLOVFAFA08FA,1
FA0LLO0ZM9,
LLO0LOVLO8Z,1
L94VFA8ZL,
FA040VLOFA4,
Z048ZL,1
FA0FA9LO9LO0,
L8880L,
900V4ZFA,1
LVLO0LOVFAL,1
LVL4088LO,
LV4ZMLO00,
L94V4FA0L,1
900FAFA0FAV,
LV9V00LLO,1
800LLOZL8,1
LVZLZLO40,1
LLO0LO9Z04,1
LLOVLO0LLO0,1
LZFAL0FA0LO,1
LVZ00008,1
L000Z9FAFA,1
LZ8808V9,1
LV88FAVZV,1
FA0V4FA408,
L9LOFA04V8,1
LZV84ZLOV,1
VLOFA8VFALO,1
L40Z0L98,1
89LLO0ZLO,1
V0LOFA00FA9,1
L4FA900LO8,1
900LO0080,
FA04VLLO0FA,
LLO04LO08LO,1
90L4800Z,
LLOLV0LOV4,1
LZLOLLOFALOFA,1
FA048808L,
L880L80L,
LLO0Z0FALO0,1
L8FA04FA40,1
L9ZVFA00L,
L8L04488,1
L0Z00LO0LO,1
L00L08LOFA,1
FA0ZLVLL4,
L9Z08LFA0,
L0000LZFA,1
L4LO80ZZV,1
L4L9Z0ZFA,1
LLOZLFALLO0,1
LLO89LOZLO4,1
LO0ZLOFA4ZZ,
LZZ8LO00FA,1
900VLZ0LO,
L09LO4004,1
FA04FAFA0V9,
L9FA8ZLV8,1
ZZ00LOFA9Z,
LV800000,1
98LOZ88Z,
LVZ0894L,
L84FA9LV4,
LVLFAZML0,
LZZ0V44Z,
LLOZ40LO,1
LLOV9L00FA,1
L800ZLO,1
L0FAZ80LLO,
LZ0880,1
L8VLO8ZLOFA,
L0FA9L40LO,1
LLOL0FA4LL,1
LV9Z9FA84,
LLO9LO0FAFAFA,1
LZ0VFAV04,1
LLFA404,
LLO84FA00Z,1
LLO008LO98,1
90LL980,
L8VZ800V,1
LZLOZZ988,1
LO0LL0LOZ9,1
FA0ZLOFAFA94,
V00LL9Z8,1
FA0488Z8Z,
L80LOV4L0,1
L4L0Z49V,1
LFA940Z0V,1
LZ0880,1
LVZ04ZLO4,
LV44FALO9V,1
LZ04LO4VZ,1
V0Z8LO94,1
LV8Z9V8L,1
LLOFA480Z9,1
FA04400Z8,
LZ84V0,1
FA0ZLOV90FA,
9ZVZLO,
L88Z4ZZLO,
L80048FAV,1
LZZ944FA0,
L9004V8V,
80L80LO0FA,
LV0VZM08,1
LLO0980Z0,1
LLO0980Z0,1
L00VLO0,
800FALOL08,
FA0FA9LOVLFA,
LLOFA480Z9,1
L4Z0LOLLO0,1
L8880L,
FA0V449Z4,
FA0Z0V400,
LV9094FALO,
L8ZV89L9,
L9ZLO040L,1
80LVFA8LL,1
LV8VZ0Z9,
LO0Z4Z800,
L0400ZFAV,1
LVFA4Z9VZ,
900V4ZFA,1
L904ZZL9,1
L4Z4FALO90,1
LV0L0LO00,1
LLV0FALV4,
L8FA0LOL80,
L8FA4LOV9L,1
LO0ZVZ00Z,1
L90LOZ040,
LZV84ZLOV,1
LZL80LO00,1
94LO9090,1
80LLO4Z0L,1
L9ZV8V8LO,1
L40V9LVZ,1
90LL0FA00,
LZ8VV800,
LZMZ000FA,
LLOVLO80FA9,1
L84ZV8L9,
L40ZM4LZ,1
L80LZVVV,
L44ZZ0LO9,
LLOVLOL4LLO,1
L9ZL44LO8,
FA090LO809,
LZ0LLO490,
LZLLZMFA8,1
FA04FALO0VLO,
FA0Z4VFA,
VFAVLO0LOFA,1
V000LV90,
LLOZL4VZV,1
L90844,
LV400FAL4,1
9FAFAZ040,1
FA0LO0LFA0FA,
FA0VV0LOZL,
LZMLOZ00L,1
LLO84FA00Z,1
LLOV0ZLOZ9,
LZ9FA90FA4,1
LZ804LOFAFA,1
LLOLZFA9LOL,1
LFA4L0FA80,
LLO8Z8Z49,1
ZZ00LOFA9Z,
FA0Z09LO08,
L0FA9ZL00,1
9000ZFAV9,
FA0ZFAV498,
90L009FA8,
LL0FA08,1
LZ9LOV00L,1
L940FAZ,
LO00VLVFAFA,1
L40FAV9Z9,1
Z000VFALOFA,1
Z080ZZ0LO,
Z009L8LOZ,1
LFA4Z9090,1
LZ9LZ98V,
L409FALLO4,
L4Z4FALO90,1
L00LV00L,
900LOV0LO8,
ZZFAVV89LO,1
L800ZLO,1
L0090Z,1
LV94LL90,
LLOLFALOZ40,
FA0409040,
LZ404FALO9,1
LZFALO0904,1
L904ZZL9,1
V9ZZZZV,
L8ZLOFAFA4LO,1
V0004880,1
LVFALLOFA04,1
L0L49000,1
LFAFA9VL8LO,1
Z048ZL,1
V0Z88V0FA,1
9L4LFA40,1
LL49L40L,
LFAL0V04V,
LLO4VLO9FALO,
LZ40LO909,1
L90LOLV0V,1
8V4VZZ0,1
V00Z4Z0LO,1
LZV9L0VV,1
LLV4LV4V,
Z0Z0Z9FA0,
LFAFAVVFA49,1
L90FA0ZM9,1
9000ZMFAZ,
Z84Z,1
L890ZM9V,
L0000LZFA,1
FA049V9ZZ,
ZZFA8ZLO4LO,
LV4Z0LO9LO,1
90000L00,
L9LO08FAZ9,
L40000Z4,1
LLL8048Z,1
LLL4Z904,
FA04L44ZFA,
FA0LO9V044,
LVFA90VZFA,
FA0Z8LOL8Z,
L9LOFA9848,
9000ZFAV9,
FA0FA0LZ,
LLOLFA0V80,1
LZMLOFAVVL,1
L8090LO09,1
L8490840,
LVLZFA8LO9,1
FA0VFA4LZLO,
900LOFA0LL,
L00LO0VFA9,1
LL80ZMV9,
L400LOVFA4,1
L90L08FALO,1
LZLO04LO,1
LLVLZFA0LO,1
L090ZFAZ4,1
L80L848Z,1
FA0Z0V400,
FA09V8V8LO,
L8FAL9Z40,
L8L0LZL0,1
FA0ZV89LO4,
LZ0949V0,
LFA09FAFAV4,1
L9000V0FA,1
L80LLO9LOV,
L44488V8,1
LZLVFAVVL,1
LLO00VFA00,
L4FA04FA4V,1
L44ZLOVZV,
900LZ948,
LLO0LO9Z04,1
80LLO9,1
LLFALO4ZLV,
LZLO0498LO,1
LZMLO8V0V,1
9008L40L,
FA04FALO48LO,
L4LLOFAZ00,1
L4LO0400Z,1
LLOZ90FA9FA,
L890VVLZ,
FA04FA0LOL0,
LV0FA444L,1
V0LO9Z0FA4,1
L49FA4LO48,1
L90FA0LO0V,
LLO409880,1
LLLO984LOV,1
LZZ944FA0,
LFALOLZZ0LO,1
LLO8908Z9,
L800V80LO,1
LLO4V4FAL8,
LV0LZVL9,1
LV09FALO0L,
LLO00FA9V4,
LLO40ZVLO8,1
V0ZM84L0,1
9008LL0FA,
LL4Z80LO9,
LLOFA480Z9,1
900009Z0,
L9LO0LVL0,1
FA00LOV49L,1
LZFA8VZ9Z,1
L4V4VZ98,1
LVV0V08Z,1
LLO94LOVVFA,
LV9LO9098,
FA0ZLOV90FA,
L4Z0LOLLO0,1
900LZ4FA4,
LZ04LO4VZ,1
LZV9L0VV,1
FA0808898,
V0LO9Z0FA4,1
LLOZ4ZMLO9,1
LFAV0ZVLOV,1
L9LFAZ8LZ,
LLOZLO8LOZ0,1
LFA8FA0008,1
FA04FAFA0V9,
ZZZMV8Z0,1
900L4048,
L84LO0040,1
L40LOFAFA9LO,1
FA0LO8FA0,
900ZL080,
LV40009Z,1
8ZFAZ8,1
L80L0L9L,1
900FAFAL0V,
L90L4FA0Z,
988V49LO,1
8ZMV4,
FA0488Z8Z,
FA0480V09,
FA0LO08FAZ4,
FA080FA044,
L0LOVL9LL,1
L480Z8LL,1
LLZLO0L0V,1
LV900LOLZ,
LV4LLOLLFA,1
LVV49LOVL,1
L80FA4VL0,1
L8L0LZFAFA,1
90LLO0LOZ8,
800VLV0LO,
L9Z0V9FA4,
LLO0080VFA,
LLOL0VZ4Z,1
Z0ZLL000,
L94LL00LO,
FA0Z98Z04,
L90L0FALO9,1
L9FA8ZLV8,1
LV800ZMV,1
FA0V9ZV,
L9000V0FA,1
L4LLOFAZ00,1
L449ZFA44,1
LVL8V9FALO,1
ZZ0VLO989,1
FA0ZLO90VFA,
LLO88ZVL9,
LVFA408,
L89V8088,1
FA0VZM49FA,
LV4ZMLO00,
L80LLFALOZ,
L9LOZ89V0,1
LLO90LOFAZM,1
L800ZL9V,1
V0L008LL,1
LLFA0Z8Z0,1
9098FA40,1
LVLLOLL9Z,1
FA0ZLOFAFA94,
90LZ80FA4,
LZ9V90LO0,
LLO9FA0LO9V,1
FA0ZL00,
LLOV48848,1
8FA909LO0,1
LV94LL90,
L890L880,
L840ZFA4FA,1
LLOFA04LO,
LVZ00004,1
LV90LFA0V,1
90L48404,
LL09Z94L,
LVFA0LZLOV,1
8008898FA,1
LFAV0LV8LO,1
LVVLOL9FAZ,1
LZ8FAV0V4,1
LVV44000,1
L044VLO8FA,1
FA00LZ4FA0,
LL800LLFA,1
L80L0Z8FA,1
900L0FALL,
L9Z09Z00,
LFAFA094LO8,1
LL800LLFA,1
FA04400Z8,
LZ9000VV,1
Z04ZV84V,1
L8ZVZ4FA9,1
900Z89LOV,
900890VL,
ZZ0VLO989,1
LVFA0LOZ88,1
LLO940VV0,
L0LO8FAL9LO,1
900V8LO08,
9098FA40,1
ZZ00LOFA9Z,
L9FAL8LV9,1
LLO8004,1
LVLLV4L8,1
L9LLL040,1
LL49LZLFA,1
V0L08LOLL,
L0ZLO48,1
LFAFAZM0Z0,
LLOLFA8FAVL,1
FA04FALO0VLO,
FA09FAFALO08,
LZ8Z4LFA4,1
FA0LO8000Z,
L000ZFA08,1
80L80LO0FA,
FA040VLOFA4,
90049VV0,
FA0FA9L48V,
FA04FAV449,
LV84LZMLO,
ZZLO04VFA8,
LZ0949V0,
L8L89VZ8,
LZV88FA89,1
LV048ZV0,
LVZ0V0ZLO,1
LVFA0FAZ0L,1
8004Z090,
LVV890LL,1
L8Z9V9Z9,
LLOLLO909Z,1
L8Z0LOVV0,
LLO0VV84L,
V000LV90,
LZLO9898FA,1
L490FAL40,1
LVLL0840,1
L9FA4LO0L4,
L84FA00V0,1
L9ZLO040L,1
L0Z8FALO00,1
LLOZV4L,
FA04VVFA0V,
9004ZMV9,
900V49V4,
V848VLL,1
LO04FA098L,
FA0FA904,
LVLOZLOZVL,
FA048LO49V,
L0LO0FAZZ0,1
900V09VL,
LZVV0LO94,1
L8ZLO00V9,
LVLLLO4V4,
Z0ZLL000,
L800FA0FA4,
LVZFALO9LO9,1
LO04FA098L,
L4Z49L90,1
L9000Z0V,
L9VZ8040,1
LLO8Z0L0LO,1
L4FA084FA4,1
L08Z8LVV,1
LLO4LFALO4FA,1
LLO8948V9,1
900V09VL,
L9LO00LOZ,1
LZ404FALO9,1
FA0V4Z0VL,
LLOL04FAV0,1
V800ZL4,1
9000L4LZ,
9000LO980,
L44LO90FA0,1
FA09044L0,
LVLOZ8Z4V,1
LV0LOVZFAFA,
LZ9LOLLFAL,
84VLOVV9,
90LLLOFAFALO,
LZMLVFA0Z,1
L9Z9Z0,
8004V0V0,
L9LOZ89V0,1
L80FAV0,1
L9ZLOL00V,1
L48L4090,1
LV4VZ808,1
80044LO08,1
LZ800LOL0,1
ZZ0VLO989,1
FA048808L,
L0VFA9LO9L,1
Z88988,1
900800V0,
LVFA90VZFA,
LLO40ZFAV0,1
L49FA0FAFA0,1
LLOZ00848,1
LZ9LOFA4,1
LVZVLOVLV,1
89LO9084,
900V8ZML,
FA040Z4LO8,
LVFA900Z9,1
LVFA000FAFA,1
L909084FA,
9004ZL90,
LLV0FALV4,
FA0L9FA804,
LVZ0V0ZLO,1
9FAFA408L,1
LFA9V8L8L,
LLOZV4L,
LVLOFA8V,1
900L409FA,
LO0LO4VLO0V,
L9ZV0L0LO,1
FA09LVVFA0,
L00LLLOL4,1
LV449008,1
LLOFA40FA40,1
L4L4LFAL8,1
900FA4009,
FA048040V,
LZLO9LV0Z,1
9004ZZMZ,
L4V04V49,1
LZ4FAZFAZM,1
FA09VV9ZFA,
L494Z4VLO,1
FA0Z4V88FA,
LZ4L0Z00,
L8FALVZ84,1
9FA4L808,1
LZFA8VZ9Z,1
L84LO88LO8,1
LZLVFAVVL,1
LVZFA0LOZ0,1
ZZVLOFALO0L,1
FA04ZZ9FA4,
90098LO0Z,
LLO00ZFA89,
FA040980FA,
L9LOZ808L,1
90LLFAZ09,
LLO4LO40FA8,
LVZ00008,1
LVLOL0VLOFA,1
LLO80V08V,1
L94ZLFA4V,1
LVFA09V94,
FA040V8V8,
LV8VVFAFAZ,
L480Z8LL,1
LL4V4ZFAZ,
L840ZFA4FA,1
L9ZLFA0ZZ,
LVL449VFA,
LV900LOLZ,
900V9LFAL,
L80048FAV,1
LVLOL98LV,1
LZ4LVVLFA,1
900V0004,
L9FAFAV089,
LZ80FAVLOL,1
FA0V4048Z,
FA0FA9L48V,
L48LOLFA9L,1
LFA44V04LO,
LZ0ZFALO8L,
LLO844V4V,1
9009VFA49,
LFAFA90080,1
LVL4Z0VL,
L9444LOVZ,1
L90FA0LO0V,
FA0ZZFA0ZFA,
LFA0ZLL04,
LZ0FALLOZZ,1
80L48400,1
V940VLO4,1
8ZFAZ8,1
L440LVFA0,1
L4ZFAVFAFA0,
LZLO08409,1
L8LV0VZZ,
FA0ZM900LO,
L909V9LOL,
L909084FA,
FA0FA489Z0,
LLOZV448FA,1
L9LO00L8FA,1
L4FALVZ00,1
L90V0Z4L,1
L00LO8FA,1
LZZLO0ZM4,1
LL80ZMV9,
L4V4VZ98,1
L80LOV009,1
Z000VFALOFA,1
LV0VLO00LO,
LFAZZ0098,
L0ZLL0Z9,1
L84ZM000,1
LV0LZVL9,1
LVFAFALO848,
LO0ZLZLO80,1
LZ008494,1
ZVZ98Z49,
L0FA04ZLOZ,
LV8ZM80L,1
90049VV0,
ZZZV00ZL,1
LVFA0FAZ0L,1
LZ9V4FA94,1
LVV44000,1
L8ZVV0FALO,1
V00L8084,1
LZFA0ZZFAV,
LVL490FA8,1
Z0Z0Z9FA0,
L494FA40FA,1
LLO8908Z9,
FA0VV0LOZL,
L8LO400Z9,1
FA0ZL0LLO4,
L08VVL04,
9000444V,
L908VLFA4,1
L40FAV9Z9,1
8004Z9LZ,1
Z000VFALOFA,1
LFALO0V09LO,
L9ZV8V8LO,1
9000FAZ8FA,
L9L00ZVLO,
LZ9V4FA94,1
ZZFA8ZLO4LO,
80FA0FA08,
LO0ZFA0LOVV,
LO0LLO8909,1
L94V40LO0,1
L88LO4LFA8,1
LLZMVFA08,1
LLL08LO04,1
LO0Z04FA0LO,1
LFAFA094LO8,1
VVFAFAZLL,1
L0FA0Z0LO8,1
LFALFAL8FA4,
LZLLFAVZL,1
L80LOV4L0,1
LV80LLFAL,
L9FALLOFALO0,1
LVL8ZV80,1
L4009ZM9,1
LFA09FAFAV4,1
ZZVLOFALO0L,1
80LFALVVL,
9000V9ZM,
FA0FA8V0FAV,
L8ZVV0FALO,1
ZMZ8FAFA,1
LLOLZZ0FA4,1
LLO0LO0LO49,1
900LO0FA4LO,
LL409ZM4,1
L8FAFAFA084,
LVFA9FA0LOL,1
FA0Z40Z8V,
L9FALO0FA,
L4FA009FA0,1
LLO9Z0Z0Z,
L98FA84,1
FA0FA8489FA,
L0VLO0Z9LO,
LVVLLL4FA,
L84VLLO40,
L9ZFAV088,
LLO49440Z,1
LLO9LZLOZ0,
ZZ4LO8004,1
L94L9L88,1
LL44000LO,1
ZZFALO000V,
LVFA4494LO,1
LZ4ZM444,1
LZ00409FA,
L049VL0FA,
LZ8Z4LFA4,1
L4088FA9LO,1
L88VLOZ0L,
LZ9VFAFAFALO,
LV400FAL4,1
900FALOL0LO,
FA0Z0LO9LL,
L8FAZ00FAFA,1
L80L848Z,1
LLO4VLO9FALO,
9000L004,
LLO08ZLZ4,1
Z0FA0FA0Z8,
LLOVZV80L,1
LVLZFA8LO9,1
LZZV989L,1
900L0ZFALO,
L88FA00LZ,1
FA04VVFA0V,
L00FA9L0Z,1
LZ409V0FA,1
LLO9FA0LO9V,1
L8LO0VLV4,1
LZLO08409,1
L00LO8940,1
LLOFA0L0LLO,1
L0080V44,1
L894VLLO0,
LV44FALO9V,1
LLOLV0LOV4,1
LV4VZ808,1
80090LOLZ,1
LFAFA9L8,
L0044FAZ9,
L9FAL0L04,1
LVZFA4FAL0,1
LLO0080VFA,
LFA808900,
L90L0ZL9,1
FA0ZL0LLO4,
LVL88880,
LFA0ZLL04,
FA040V8V8,
LO0VFA90FA0,1
LVFAVFALO,
LFA844FA00,1
900LLVLO9,
80FA0FA08,
L84ZV8L9,
L8VZL0L9,1
LO0L800FA0,1
L9ZVL0,
Z0ZLL000,
LL0Z808LO,
900ZL080,
L848LLO80,
L4ZFAVFAFA0,
L8L08ZLO8,1
FA088LO8FA9,
LVFA000FAFA,1
LZZMZM09,
LO0LOL9044,1
LL48040V,1
L8LL8440,1
L004LO8,
Z0LOFAVVFA8,1
LVLOV8900,1
LLOLZFA9LOL,1
LLO4FA4Z94,
L9LOFA9848,
L89LOFAL,1
L0FA04ZLOZ,
L8VL809FA,
LLO8004,1
L0800ZLO9,
LLOV09L,
LV08Z808,
9LO09L4L,
LLOLZFA0LO0,1
Z04VLOZFAZ,1
LVLO84FAV8,1
LV9094FALO,
L8LFA4ZVFA,1
L8ZL0V,
L8Z8ZZM8,1
9FAFAZ040,1
80LFA4LOLLO,1
L800ZLO,1
FA0LO84VFAV,
LVFA900Z9,1
800L8FA8,1
LLO0Z8400,1
LZ9LZLOZLO,1
LVLOFAL0FAV,
LLO08LO8FAL,1
LO0FA8FA0FA0,1
LLOZLFALLO0,1
L40Z0L98,1
L8V8VFALOFA,1
LZ0VLOFA09,1
LVZZM0L0,1
900ZM90V,
L000Z9FAFA,1
L48L4090,1
L8L88VFAZ,1
L8ZVV0FALO,1
LO0FA8FA0FA0,1
900ZLO090,
L00V98VV,1
LLOZVZFA89,1
L40LOFAFA9LO,1
FA048008V,
LLO89LOZLO4,1
L8FA4Z0,1
LZ4VLL4L,1
ZZZ00040,1
L9488FAL9,
LV9ZMFA98,1
L9FAFAV089,
L490FAL40,1
LVZMZLOLZ,1
LZLO0498LO,1
L0FAV9FA09,1
LVFAZ44,
LLOZ90FA9FA,
Z0LOLLO0VLO,1
9Z98FA44,
LO0LOV409Z,1
L8FAL9Z40,
LLO8VL0LOV,1
900940FA4,
L0LO004LO0,1
FA0Z4V004,
FA0Z80LLV,
L89VVFAFA4,
L8LOL4VVLO,
L8L8ZZ40,1
LV9Z4FA9FA,1
L8VZ800V,1
L9FA00VLOV,
V0LZ9LFA9,1
FA09LZVZZ,
L800V80LO,1
L08FALO8ZLO,1
8FA04LOVL,1
Z0ZLL000,
Z0FA0FA0Z8,
LL00LLZ4,
L9044V0LO,1
LV0Z0ZV4,
LVLLV4L8,1
L9LO9Z00Z,1
9008V000,
V00Z4FAL8,1
L00LO0VFA9,1
LZZLFALFA0,1
LZ9VFAFAFALO,
FA0V0FAZ8V,
L890FA0L9,1
L00ZFA00LO,1
LVFA8VV,1
L49FALO4L0,
L90LOLLO,1
L0LV9LLO0,
L8ZZLO004,1
LV400L,1
L8V4FALV0,
L4V0Z80Z,1
900FA80LL,
VLO0FA9FAL,1
Z0Z0Z9FA0,
L44L8ZZZ,
FA0LLO0ZM9,
9004800Z,
900V9LFAL,
LZ0LLO490,
LZ80FAVLOL,1
Z0FAVL90Z,1
L8ZM8LL0,
LO04V80Z0,1
90L40LOLL,
LV409V,1
L0040ZVLO,
L0Z0FAVFALO,
LV0FA444L,1
LZLLFAVZL,1
LVLL0ZFA9,1
800V4LL0,1
LFAFA90080,1
LV9LVZ0Z,
FA0VZ0VV9,
LZFAZZZ0L,1
L440LVFA0,1
900LOFA8LFA,
LZMLOL80LO,1
LV89FA8FA0,1
Z0FAZ9VL4,
LL08LZFALO,1
LL4Z80LO9,
L880LO840,1
L8L04488,1
L8FA4Z0,1
90LFA0L8LO,
LLOFAZFA40Z,1
90V00VZ,1
LLZVFAZZM,1
LLO0LO0LO49,1
L490VFA00,1
LLOLZVFAFAFA,1
LLL4Z904,
L9ZV0Z94,1
LZLOVL44FA,1
LV0048Z0,1
L0FAZV444,1
L0FAZV444,1
L4ZFA9Z04,1
80L8Z4FALO,
LLOZLO8LOZ0,1
LO0ZLOFA4ZZ,
FA0LO94FA4Z,
FA00LOV49L,1
LO0LO0FAL4LO,1
L08Z8LVV,1
L44LZ08V,1
L4LOZ9VLO0,1
FA040ZVZL,
L4Z0FALO0V,
L00FA9LOFAL,1
LZ08VFALO0,1
9004L089,
L9LO44890,1
VVFAFAZLL,1
FA0ZML00V,
L80LO0LLV,1
LVV0V08Z,1
9000L498,
800480VLO,1
LV00L984,1
LLOL80V0V,1
L880094L,1
L0LV0LFA9,1
LVLFAVVLZ,1
LVVLOL9FAZ,1
900V00,
L8FA04FA40,1
LFALZ8L0V,1
LLOLZFALOZV,1
ZZ44V8L4,
9008LL0FA,
FA04L0808,
L94V0LO0FA,
L9FA40LL4,
LZLVLOLLOZ,
LVLOFA8LO09,1
LVZ8LOL8V,1
80LL0FAVV,
LZ9FA90FA4,1
FA08LLO09FA,
LLZZM0,1
FA0L9FA804,
LLO94LOVVFA,
LV9094FALO,
L0FAZ044V,
ZZ040408,
LVL0FA04L,
9000FAZ8FA,
L0LO8FAL9LO,1
FA0Z0V400,
LLZ0FALO94,1
L84VLLO40,
LLVVV00L,1
LLOLFA8FAVL,1
LO0V949LFA,1
LVL4Z0VL,
LO0LO0FAL4LO,1
LO08ZFA80FA,
L880094L,1
900LLO4ZM,
LVZ0894L,
900409VLO,
80090LOLZ,1
FA000844LO,
LV89FA8FA0,1
L4Z49L90,1
90LLLOFAFALO,
LZLOZ894FA,
L490VFA00,1
LFA0LL4LOZ,1
L9FAZ8V0LO,
LLOFA808L4,1
9000L498,
L4VZ448Z,1
FA040980FA,
L48LOLFA9L,1
L9ZLO040L,1
90LZ4LZ0,
FA0FA8FA0VZ,
LFA4LO8LOVL,1
FA0LO94FA4Z,
L90L0FALO9,1
L900094Z,
LO0ZV40VFA,
L8L0LLOVL,1
LV0V00FAFA,1
LLO00LO8FALO,1
L04LOZ098,1
FA040V8V8,
L9LO00L8FA,1
L440LVFA0,1
L404008LO,1
LFALVV0FAFA,
Z00VZ84FA,
V04FA0ZMV,
LVL490FA8,1
L49FALO88FA,
LLO4FA4Z94,
LV8L49Z0,
L9ZLFA0ZZ,
L48V04V8,1
FA0ZLOLLO0L,
LFAFA94L4V,1
LO0LO0V4,1
L4LVZVLOZ,1
LZLO80VLO0,
LVFAZ44,
LVFA0LOZ88,1
LLO8LO988V,1
LVL490FA8,1
LV8Z9V8L,1
FA0ZFAFA48Z,
LZ90L088,1
LLOLFAFA09Z,1
LZLOFA8FA48,1
L8ZL0V,
900V9LFAL,
L4ZFAL0V8,1
FA048984L,
90LZ80FA4,
L4Z00VL8,1
LVLOZZ809,1
FA0ZLL90FA,
LLO980LO0LO,1
LVL0FAZZFA,1
8L00LO04,1
90L48LOZ0,
L9LFAZ8LZ,
L490VFA00,1
900FALL09,
FA04VLLO0FA,
LVZ4LOZZL,1
ZZ80FAZ9FA,1
9000L909,
LFAL0V04V,
L9ZL98L4,
LLO0Z98LO0,1
V909L88,
L9ZL44LO8,
900L0FAVL,
90004L,
90004L,
LZ880LLO4,
L84Z0LLFA,1
FA0ZZL9LL,
84VLOV8Z,
FA0ZLO9Z80,
L8L9V89FA,1
LO0LO00VLOV,
900ZZFAFA9,
LVV048LLO,1
L800FAFA40,
L90844,
LZFA4Z890,1
L9V94FA90,1
L0VZVZV8,
LV9Z9FA84,
LLOZ0400LO,
LO0ZV40VFA,
LZZ40L9FA,
L9LOV8V8LO,1
FA0ZLO9Z80,
LVL4088LO,
ZZVLOFALO0L,1
L84Z0LLFA,1
L08Z8LVV,1
LVFAFAFALV8,1
L084LO809,1
L8Z0900L,1
L48ZL90V,1
L80FA0VFA9,1
FA0LOVVFA40,
LV9LZLFAL,1
LLL4Z904,
LLVFAFALOL4,1
LLOVFA044Z,1
LLOV00LLOZ,1
LZ0L89VZ,1
LLOZZMFA04,1
LO0L00LZ0,1
LZZV989L,1
LLOL9ZL04,
L9VFAFA9V0,
LVFA408,
L8VZL0L9,1
V0LLO89LO0,1
L4FA0ZM00,1
LZMLOV9L0,1
FA04Z4VLOFA,
L84L98FA4,1
L48Z0808,1
LLO0LOV400,1
9000LOV,
80L80LO0FA,
L8090Z0L,1
L84L008Z,1
ZVZ4440LO,
L49LO9FAFA4,1
L4ZVLOVLOV,1
LVZL0908,1
L04LOZ098,1
LVVLOZFALOL,1
LLOZLL8ZFA,1
LLO9LVFA0FA,
L9FA00040,
LZZ804LOL,1
LVZLZLO40,1
8004Z9LZ,1
L408FAFA9Z,1
L8LO400Z9,1
L409FALLO4,
L880LO840,1
L0L8090Z,1
L0LO004LO0,1
LVV44000,1
LLO8LOLZZZ,1
L80ZFA9FAV,1
LLOVZ0LOFA4,1
L9LOVZZ8FA,1
80044LO08,1
LLOFAFA0V,1
VL440VV,1
90LL0FA00,
FA0Z900LO4,
LLOLZFA9LOL,1
L8LOL0V9L,1
LV4FA80VL,
900940FALO,
LLO9089VL,
L9Z00LFAZ,
LZLLO0ZM4,1
FA0LOZ0FALL,
FA04LOL40Z,
L8FA8FA4VL,1
LLOV048FA9,1
9009LOZLOL,
LVL4Z0VL,
L880LFA40,1
L9FAL8LV9,1
L4LO0ZZFAV,
LLOVV0ZLZ,
L88LO0FA0FA,1
Z0FA090FA4,
V04FA0ZMV,
L84L008Z,1
LVFA408,
FA04L000FA,
FA0Z0LOFALZ,
LO0ZFA0LOVV,
LV900800,1
LV804VZ0,1
L40ZM4LZ,1
80LLO9,1
LLOLFA0008,1
LVVLOL9FAZ,1
FA0FA900ZL,
LV8Z9V8L,1
FA0ZLOZZ9V,
LV0LZVL9,1
FA0FA8FA0VZ,
LLO8VL0LOV,1
L4LOFA9VLLO,
L4L0VFAZ4,1
FA0Z49Z0L,
LVZFA4FAL0,1
L84ZV9FA0,1
L9ZLO040L,1
FA0L8L90Z,
LO0LO0V4,1
LVLO0ZLOZ4,1
80080V,
L8Z0LOVV0,
FA040VLOFA4,
LLOZLZLO9V,
LLOVZ8Z4Z,1
L4900LV0,1
L8804FA0FA,
L49V4LO44,1
L44ZZ0LO9,
LL8FAVV8FA,1
L4LO0400Z,1
9004ZZMZ,
FA0Z84084,
LZLO04LO,1
LLOFAZFA40Z,1
L008LLVLO,1
900V8LO08,
L9FA8V0L0,1
L9FAFA09ZL,
FA0LOL0VLO4,
V0FA98FA49,
LV8FA8VZ8,1
L94V40LO0,1
Z0ZMZ0FAFA,1
L0Z88L9LO,1
L8LFAFA0Z0,
LZML0V80,1
L09FA0LOZFA,1
80L9FA004,
LVLO84L,1
L90FA4LO9FA,1
FA0Z909LOFA,
L84FA00V0,1
LLOZZMFA04,1
L40VV0FA0,1
904V90Z,1
FA0V0088L,
LFA0404Z0,1
LZ80V98L,1
900V4880,
LVZVLOVLV,1
LLO8FALOFA0,1
LO08ZFA80FA,
90L4L89V,
LZ89FA4VFA,1
L49FALO88FA,
L490FAL40,1
L40FAVVZ4,1
L90FA4LO9FA,1
9004040Z,
LZZMZM09,
L90ZMV84,
LO0ZLOFA4ZZ,
L900ZM04,1
LFALOV4ZLO4,
L9LO0L48L,
LZLO80VFA0,1
LZMFAVVFA0,1
FA0Z9ZFAZLO,
LVVFA404LO,1
LZLOZ448FA,
FA0480FALOL,
L4LV0V0FA,1
LLLLLOL00,1
LLO980LO0LO,1
LV0LL000,1
LZLOLFA00L,1
FA0Z4VFA,
LZFA9LZL0,1
LZLOLLO4FA0,1
Z0804049,
L4FAZ40Z9,1
900988V4,
L8LO8V4FA0,1
9FAFA408L,1
LLOLZZ0FA4,1
V089Z090,
800FA4ZMLO,1
L9Z9Z0,
LVZL0FA,1
L8Z0L4VZ,1
LVVFA404LO,1
FA04VV9V0,
LZ0LOFAZFAV,
LZ0LOFAZFAV,
LZZ8LOFALV,1
L80LLOFAV0,1
L8LLOZFA0L,
LZLZL0FAFA,1
LO0L800FA0,1
LZVLOZVV8,1
LZLO9898FA,1
LLO08L4FAFA,1
LV9LO9098,
LV9FA0Z0LO,
LVZ0ZLOFALO,1
Z04FALO448,1
FA048084Z,
V00Z4Z0LO,1
V00Z800L,
LLOLZZ0FA4,1
FA0484L0FA,
L408FAFA9Z,1
ZZVLOFALO9LO,
90LFALOZV0,
L94800V8,
L8ZV89L9,
8004V0V0,
FA0444LZ4,
FA04ZLOL90,
LLOV0LO0LO0,1
V0L80Z8FA,
LLOZ00848,1
LVZFA0LOZ0,1
L84LO88LO8,1
90L4LO4,
L94ZLFA4V,1
LLOZFAZL9L,1
LV009LOFAFA,1
L00LO09LV,1
FA0ZFA4004,
89LO9084,
FA0ZFA4004,
L4LO80ZZV,1
LFA9FAZL89,1
9V4ZZM0,1
L4ZFAVL48,1
900ZLO090,
LV4LOV49Z,
L0VFA9LO9L,1
LZ94V984,1
L49FALO88FA,
V04FALO0FAV,1
LZ94V984,1
FA0400840,
LV4Z0LO9LO,1
LL8LZM4Z,
Z084FA9FA8,1
LZMLZLFAL,1
L4LVLOLVLO,1
LLOV09L,
L4ZFAVL48,1
FA0ZM4090,
LZLLO0ZM4,1
LLO0Z900V,1
L4L0Z49V,1
LLO84FA00Z,1
FA0FA9LO9LO0,
L9ZMFAZ80,1
L8FAFAFA0LFA,1
LL9Z9VFA0,1
LVZM4980,
L80LZVVV,
LLO888ZZV,1
L9LO40L48,
LV900800,1
LZ08FAFA44,1
L8880VLL,
L8VZ98V4,1
L4LOZ0L89,
LZ9LOV00L,1
LVLOL0VLOFA,1
L8089V0Z,1
FA04Z04VV,
L9LVLOZ0Z,1
L88LOLFA89,1
L8Z0900L,1
LO88VV,1
LV4ZV0Z0,1
LLLOFAZFA08,1
LLOLZZ0FA4,1
LZVLOZVV8,1
V0Z8LO94,1
LVLFAL000,1
L880LO840,1
LLOVV0494,1
FA04FA0LOL0,
LZ9V4FA94,1
LZ09Z4ZFA,
LZ800LOL0,1
L000FA00Z,1
8004Z090,
LV08VL,
900FA4009,
80LFA4LOLLO,1
90V00VZ,1
LVZLO9VLO0,1
LV4LOV49Z,
L988LOL0LO,1
FA0LOFA09,
LZ00409FA,
L4L0FAFA0L,1
LVVLOZFALOL,1
80009L8FA,
L489ZLO40,
8000LFAFAFA,1
L8VLO8ZLOFA,
V848VLL,1
LO0LOZZ89Z,1
LV4ZV0Z0,1
L08894LZ,1
ZZLO04VFA8,
LVL88880,
904V90Z,1
LVV048LLO,1
L8LO09FA,1
9000V04FA,
L88LOLFA89,1
LFALO0089LO,
L904ZZL9,1
LVFAFA8Z00,
LLV49ZMZ,
LL00V0Z0,
L9L009FA0,
L900890LO,
LV9V9L9V,1
LZFA9LZL0,1
FA04LOL40Z,
LZFAZFAZZ8,1
LFA4084V9,1
L008VZ9FA,
L84040L0,1
LL49LZLFA,1
LVLO0L094,
9000LOV,
8004V0V0,
LO04V80Z0,1
LFAZM90LFA,
L9LOV8V8LO,1
LZ40LO909,1
L49FALO88FA,
LZFAVFA09FA,1
ZVLOZLOZ90,1
8040984,1
LVLFAL094,
Z080ZZ0LO,
FA0Z98008,
L84FAZ89LO,1
9V4ZZM0,1
LZ84944Z,
LVV089LFA,1
LLL08LO04,1
L9FAFA09ZL,
9009LO9,
FA04Z8L80,
FA0LVFAVLOFA,
900FA0000,
LV49FA0ZV,
80080V,
LV08VL,
V04V0LOFA8,1
LL9808LO4,1
L00V90LV,1
Z009L8LOZ,1
LZ9VFAFAFALO,
L9LOVZZ8FA,1
LLO8VZL4FA,1
LZ00ZM0Z,1
LLZ0FALO94,1
L0LO0FAZZ0,1
LZZZLO0,1
LZZ8LOFALV,1
LVZV0V0Z,1
FA0ZLO0LOL4,
L9FAL0L04,1
LFA94LOVLL,1
FA0Z909LOFA,
FA048V9FA0,
L0ZLL0Z9,1
LV80ZLL9,1
L880LO840,1
L48FALO80Z,1
L0L8090Z,1
FA0LOL9LO9FA,
L4LV04VLO,1
LZ84944Z,
VVFAFAZLL,1
L4FAZ40Z9,1
L08FALO8ZLO,1
LZLOZ448FA,
Z0VL000Z,
LZ480ZZFA,1
FA04L0808,
LO0LO49084,
LLOL000LO4,1
FA0LV0094,
L8L44Z84,
FA0VZVFAFAFA,
Z0FAZ9VL4,
L988LOL0LO,1
LL409ZM4,1
LFA844FA00,1
LLOZZM8Z0,1
FA0V0ZL0FA,
L8FAL0004,
FA0L0LOZZM,
LLLOZ44Z0,
900V4LZ0,
L8FA0FALV4,
V889LOFAFA,1
Z0804049,
LO0LOL9044,1
L4FA0ZLO9Z,1
LZ0Z98VZ,1
LFA0LLOVLO4,
80L0FA0LO4,1
LZ04LO4VZ,1
FA0VV0ZLO9,
LFAL9080L,1
FA0V449Z4,
LLO9LO0FAFAFA,1
L44ZLOVZV,
L9408448,1
LV88FAVZV,1
LLOL80V0V,1
L044VLO8FA,1
L9Z0LOLZL,1
LZVV8ZVZ,1
FA040ZVZL,
FA048ZZ0Z,
84VLOV8Z,
900808,
Z0804049,
LLO9FA9LO80,1
LO040ZZV0,1
L08FALO8ZLO,1
FA048VZ9Z,
FA0LOZLO08V,
L9LO90ZLO4,
LV90V9VL,1
L40V9LVZ,1
LLVLZFA0LO,1
LLZMVFA08,1
LZ8VV800,
LV49FA0ZV,
LLOV0ZLOZ9,
FA0VZ0VV9,
FA0490884,
LZLO8VLO,
L9ZZLV4L,
L8V0088Z,
LV084FAZ9,
V04FAFALO0LO,1
FA0VFALO4V0,
V008V00LO,
LLO0VV84L,
9004VV4LO,
L9FALO98ZFA,
800004V8,
L908VLFA4,1
L80FA4VL0,1
FA0FAZ0VFA0,
ZVZ8V890,1
FA048984L,
LVFA9FA0LOL,1
L44488V8,1
FA04LO94L9,
LFALOZLOFAL4,
8ZFA844V,1
LO04FAFA4Z0,1
LZ008494,1
L840008FA,1
LZ0LO4V48,1
LO0ZLOFA4ZZ,
L9LO9Z9Z0,
LZM8LO984,1
9000LOV,
L9LZ4VLLO,
LVZ0894L,
L0VLO0Z9LO,
LLOFA40FA40,1
LZ00V4V8,1
LVZ0L0V0,
L40Z0L98,1
90084FA09,
LO0ZV4LO00,
LVL8ZV80,1
L90FA0ZM9,1
L00VL880,1
LLL08LO04,1
900V48Z8,
LVLOFA8LO09,1
L8VV9L4Z,
90LFA8LOL9,
LZ008494,1
LVV048LLO,1
LVL8L000,1
L894FALO,1
V0FAFALO90,1
L8Z48LO9L,1
LLO0V0LO94,
FA0ZL444Z,
L04009L0,1
FA0ZFA4004,
LVZZM0L0,1
9009LO4,
LLOLZFA9LOL,1
L9LOV8V8LO,1
LZV0FAZFAFA,
80FA0FAFA40,1
80090LOLZ,1
Z00V9ZFALO,1
LLO409880,1
L4Z0FALO0V,
LLOV48848,1
LFA0404Z0,1
L04FA0FA0FA,
LZMLOL80LO,1
900FAFA90L,
L400VVFA0,
LZVZ0948,1
FA0449VZL,
LZZLOFA0ZZ,1
900VZ890,
LLO40ZFAV0,1
V0L004VV,1
L8FA0FALV4,
900FA8LOL8,
FA09ZZVL8,
FA0LO0Z4VLO,
LLO0Z900V,1
LFALOZLOFAL4,
LVL0FA04L,
FA0V8ZM00,
LV8FA8VZ8,1
LL8FA0L09,1
LFAZ0ZZZFA,1
LV8LO4808,1
9000FALZ0,
44098LOFA,1
L4V9L04L,1
FA0LOZZ0L8,
LV4800ZM,1
LLO9L4Z9L,1
Z0FA090FA4,
LZL840LLO,1
LO0ZV40VFA,
L8LOZLO090,
FA0LOFAVZ4FA,
LZ9ZLOZ9L,1
L8L0L80LO,
LLO8LO0FAFAFA,1
Z08Z9VLOFA,
FA040Z4LO8,
LLO9089VL,
LLOVV0494,1
L9ZFAV088,
90LZLZ00,
LLO8004,1
L9000V0FA,1
L4LO08VFAZ,
LVZ0LO0LO0,
L4V0Z80Z,1
L940FAZ,
LV90FAZLO9,1
L8FALOVLO09,1
LFA4V4V,1
L90L08FALO,1
L04FA0FA0FA,
LZLO80VFA0,1
FA0FA9LOVLFA,
L44LZ08V,1
LZZLFALFA0,1
900V0Z44,
L0VV0FALO9,
FA0VZ00V8,
LZVLOZFA44,1
L9489LO80,1
V0VLLO9FAL,1
LFAFA94L4V,1
80L9FA004,
L0804VL0,1
LVFA4LLO,1
80LVZ084,1
LO04L48VLO,
L8944VZLO,1
L489ZLO40,
L84L98FA4,1
L80Z8LL0,1
LZLOLLOFALOFA,1
FA048LO49V,
LV4Z04LFA,1
L049VL0FA,
LO0Z9FAFALZ,1
L840ZFA4FA,1
LV400L,1
L904FA094,1
LZVFA0LO0FA,
LLOZL4VZV,1
LLOFA04LO,
89LO9084,
LLO8FAZFAVFA,1
L80L848Z,1
LLO0Z8400,1
L0FALOZ0Z9,1
LVZZM0L0,1
L4FAZ40Z9,1
L8L8ZZ40,1
L9L08FALOFA,1
L494FA04Z,1
V00LOFAZ0LO,1
800ZV00,1
LVLVLFA9FA,1
FA0ZZ9L48,
LVZ0V0ZLO,1
LZ9FAVLFAZ,1
L8L4L004,1
LFAFA94L4V,1
LLO0FA98L8,1
LLOZFAFA0,
L84FA9LV4,
LFAFA9L8,
L4LO4FA8FAZ,1
LZVFA0LO0FA,
LLOFA0L0LLO,1
L8FALOVLO09,1
L0ZLL0Z9,1
LZML0V80,1
9LO09L4L,
LV0LZVL9,1
FA048040V,
LVLFAFA9ZM,
LFA8FA0008,1
L80Z9VLO4,
L88LOLFA89,1
LFALO0089LO,
L9VFAZ4V8,1
LLO00LO8FALO,1
L9L844,
LV4800ZM,1
L80LLO9LOV,
L8880VLL,
FA040VLOFA4,
LLOFA0049FA,1
LV9LOLL90,1
L8VLO8ZLOFA,
LZ4LVVLFA,1
L9V04FA40,
LLO0ZVVFA0,1
LFAZ400LZ,1
FA0Z88980,
L9FA0VZZFA,1
L00L08LOFA,1
LFA4L0FA80,
FA0444LZ4,
LV4408Z8,1
LLO0LOV400,1
L09LO4004,1
FA0LO48FAV9,
L4FA09ZZV,
LFAFA9VL8LO,1
LZFAZVVL9,1
LLVVFAZ9Z,1
L9L8L88LO,1
900FA0884,
80L8Z4FALO,
LZM80LOVZ,1
L908080LO,1
L90FA408L,1
L9LO00L8FA,1
L440LVFA0,1
LZZ804LOL,1
LLOV048FA9,1
LLO0Z900V,1
LLOFA0L0LLO,1
LL0Z808LO,
LL00V0Z0,
LO0ZFA09LO8,1
L9FA00VLOV,
80FA0FAFA40,1
L8FALVZ84,1
FA0LVFAVLOFA,
LZFA9LZL0,1
L404008LO,1
LLOV800FA8,
FA0LOL0VLO4,
L8ZLOFAFA4LO,1
90VLOL8FA,1
90L48VFA8,
L9VFAFALO89,1
Z0LOVFA0FA8,1
LZ00ZM0Z,1
L9Z9Z0,
L8FAFA0LLOFA,
LO0L800FA0,1
LZMLOV9L0,1
LZVVLOV00,1
LZ00LOLZFA,1
LLOV048FA9,1
800ZV00,1
LVZLZLO40,1
ZZFALO000V,
LFA0404Z0,1
LLO0L0FAZ0,
LLOV8FAZL9,1
LV9Z9FA84,
L880FA4L9,1
L4LOZFA040,1
L9VFAFA9V0,
L8LOL4VVLO,
Z048ZL,1
L84FA00V0,1
LV9ZMFA98,1
LV88V844,1
LLOVV0494,1
Z000FA888,1
LLO8948V9,1
L4ZFAL0V8,1
8ZMV4,
L49LO9FAFA4,1
LLO8948V9,1
L9LLO8VZ0,1
900LOFA0LL,
LZ9VFAFAFALO,
LLOFAL0LO04,1
90044FA9Z,
LZMLO8V0V,1
LVLFAL000,1
LFAFA4L080,1
L80L848Z,1
9004FAL89,
Z004LOZZ0,1
LFA44V48L,
LLOFA009Z0,1
L9VLO94ZLO,1
L94L9L88,1
FA0Z4ZZFAL,
9008LOVZZ,
LV80ZLL9,1
L0000LZFA,1
LL800LLFA,1
LO0ZZ4V88,1
LZVLOVFA84,1
V0080LOVFA,1
L000V9FAFA,1
L4ZFA9Z04,1
LVFAZ8VZM,1
90LZZM0LO,
L9FAFA9VZ8,1
L80ZLO08Z,1
L9LZLZ8FA,
LZ89FA4VFA,1
LVLFAVVLZ,1
L400LO00LO,
L4Z00VL8,1
L4LO84988,
L840ZFA4FA,1
Z09LV8LFA,
Z00V09VFA,1
988V49LO,1
9FA4L808,1
LLO4Z0L04,
LZ00409FA,
FA0LOZFAV9Z,
LLO04LZ,1
LZ0FA4V49,1
LFALVV0FAFA,
L4LLLO89Z,1
L880ZMFA4,1
FA0FA8V0FAV,
FA0VZVFAFAFA,
LV4000,1
LZV49VVLO,1
FA0488Z8Z,
LOFA0FAV9,1
LV08V0Z0,1
L9VLOV808,1
LFA4ZZL00,
LO049004FA,1
L9090VZLO,
FA0FAL0000,
8ZFA844V,1
80LZMZZM,1
L9LOFA04V8,1
LZMLOV9L0,1
LV80ZLL9,1
LVVL008L,
LZZ844V0,1
LLO0Z98LO0,1
FA0ZV89LO4,
LLOZ4ZMLO9,1
LZ0VFAV04,1
LLO00ZFA89,
LO0LOLLOZZ0,
L88Z0LFAL,1
L8FAFAFA084,
L80FA0LZ9,1
LL00V0Z0,
LLO9FAVL80,1
LLOV0Z9LO9,1
Z00448FA0,1
LL8FA0L09,1
LO0LO0LLO09,
LFA808900,
ZZ80FAZ9FA,1
80LVZ084,1
LLOL80V0V,1
L80FAV0,1
Z0LOVFA0FA8,1
L48FA9LOL8,1
L4LLV9VZ,1
LFALO0V09LO,
LLO08ZZZZ,1
L84Z9Z9V,
900LO8V0,1
FA0VLOZL0Z,
LLOZV9V8V,1
LZFA4Z890,1
FA0LO080FA0,
L9L0FALV0,1
L8FA0ZFA0LO,1
L8LOFA04ZFA,1
L8LZV8LLO,
LFAV0ZVLOV,1
LO0VFA90FA0,1
L900L0ZZ,1
900V0004,
FA0ZL00,
V089Z090,
L894FALO,1
L484LOFA0Z,1
L4FALO4048,1
L804V9ZV,
FA0VLO9LZ4,
LFA0LOLLV4,1
LLOVZ8Z4Z,1
LL0LOL94Z,1
L9LZLZ8FA,
FA044FAZFA0,
L800FA0FA4,
LV09FA984,1
L84FA9LV4,
LVLLV4L8,1
L80FAFA0FA0,1
LVVVFAVZLO,1
LFA084FA4LO,1
L84LO88LO8,1
LV0LFALO8V,1
V08400FAV,1
L4L0FAFA0L,1
L404008LO,1
8FA909LO0,1
V08400FAV,1
L8V0088Z,
LZLOZ448FA,
LZFAV48LO9,1
LZM80LOVZ,1
LV90FA40V,1
LFAZLOL4ZV,1
L980Z04FA,1
L8VZ98V4,1
L9LOZ808L,1
LZMFA8L,1
LV09FALO0L,
LLO8VZL4FA,1
900FA9ZZFA,
LZ409V0FA,1
90LO0FALOZ,1
FA0ZZ9L48,
L00LO8FA,1
L9LO40L48,
FA04VFALO80,
L8L0LLOVL,1
LLO8FALOFA0,1
L8L09FA8V,1
LL80L00LO,1
FA0FAL4FAV0,
L400VVFA0,
VLOFA8VFALO,1
80LLO4Z0L,1
LLOZ00LO0L,
L4LVLOLVLO,1
LV848ZVLO,
LLO9089VL,
LL800LLFA,1
FA0ZFAV498,
L008LLVLO,1
LV08ZLLO9,1
FA0440L8L,
LV9Z0Z,1
LLO08ZLZ4,1
V0ZM84L0,1
LV804VZ0,1
ZZLLOZ90L,1
90LO0FALOZ,1
L00V90LV,1
LLOFA0L0LLO,1
L4V00ZLV,1
L0V00L40,
L80FA0V9LO,
LZV84ZLOV,1
L9FALLOFALO0,1
FA0V44L,
L4FA0L094,1
LVLFAL000,1
ZZ0VLO989,1
FA04FAL0VV,
L4L9Z0ZFA,1
FA0LO0LOL8V,
LO0FA8FA0FA0,1
VLOFA8VFALO,1
L0LO0FAZZ0,1
LL48040V,1
L08894LZ,1
LZ8890ZV,1
FA0Z84084,
LO0Z9FAFALZ,1
ZVZMLO8LZ,1
LZ8FAV0V4,1
L9V94FA90,1
Z84Z,1
L0FALOZ0Z9,1
L84040L0,1
900ZZFAFA9,
L80048FAV,1
LZVLOZFA44,1
LV0ZL890,1
L40Z9L00,1
9004L089,
FA04L4LOZV,
LV9Z0Z,1
L00FA9L0Z,1
L9FA00040,
FA0LO8000Z,
LZV9LOFA8LO,1
V00Z9L0Z,1
L8V0088Z,
9LOZ0490,1
LZVLOZVV8,1
LV9ZLO04LO,
L9ZZZZZ4,1
L8LVZFAL8,1
L49FA0FAFA0,1
L90844,
LV4800ZM,1
LLO80LFA0L,1
VLO0FA9FAL,1
L9LO0L48L,
L9VFAFA9V0,
LV09FALO0L,
LLOL9ZL04,
LLO490L09,1
900LL4FA0,
LVFA0Z89LO,1
L880L80L,
LLO0LOVLO8Z,1
FA0Z00090,
V04FALO0FAV,1
FA04L44ZFA,
FA0449VZL,
L409FALLO4,
L00V98VV,1
L849LOLZ0,1
LZL80LO00,1
LZZ844V0,1
FA04L4LOZV,
L4V9L04L,1
9004040Z,
LV4Z0LO9LO,1
LLOLLL44V,1
FA048V9FA0,
LZ9LOLLFAL,
LV40LLOZV,1
FA0Z0004FA,
LO00004LV,
V0LLO89LO0,1
L900L0ZZ,1
L8940LOLL,1
ZZ4LO8004,1
L8VVFA98L,
L80ZL9LO0,1
FA0400980,
9000440LO,
LFAV80ZFA8,
L800FALLOV,
FA04FA488FA,
LO0ZZV890,1
L090800LO,
V0ZLOFA8LO4,1
Z009L8LOZ,1
LVL0FAZ9FA,1
L49V4VFAL,1
L90L4FA0Z,
LV84LZMLO,
84VLOVV9,
FA0FALO9490,
9008LOVZZ,
90L80L00,
L9090VZLO,
L84L0440,1
FA04000VLO,
FA0V4LOVFAV,
9498V0V,
9000LVFAL,
LLOL04FAV0,1
L90FA044FA,1
LVZ8LOL8V,1
V800ZL4,1
L9Z00LFAZ,
L4L8009Z,
FA0ZFA80LOL,
L8089V0Z,1
LV4LFAV8FA,
LO0ZLLOVL4,
9000V804,
ZZ0Z4VLO8,
LVVLO8V80,1
LZ9FAVLFAZ,1
L88LOLFA89,1
LV88V844,1
L090800LO,
L904ZZL9,1
L8FA4FAZZL,1
LL4ZZ0Z8,
FA0Z4049L,
FA0ZFAFA90V,
LZ9LOFA4,1
L80FAFA0FA0,1
L0LOLL9FALO,1
LO0VFA90FA0,1
LV409V,1
L40000Z4,1
LZVV8ZVZ,1
L09LO0FALV,1
L8FAFAFA084,
900LLVLO9,
L0VV0FALO9,
LO0L800FA0,1
FA0Z89004,
LLVV00Z0,1
LZ08V0L0,1
LVLO84FAV8,1
LL8FA0L09,1
LZ08FAFA44,1
900VZM0Z,
V09LLOFAFAL,1
L49LLZ84,1
9ZVZLO,
84VLOV8Z,
L9ZMFAZ80,1
L8LOFAVLLO9,
LLOV09L,
L8L8ZZ40,1
LV4408Z8,1
90084FA09,
LZ4L0Z00,
LLO08ZLZ4,1
LLOL40FA,
LFAZM90LFA,
L90480LLO,
L0ZLO48,1
L9LO0L48L,
LL4V4ZFAZ,
FA04LLO4V0,
LZ9V90LO0,
800480VLO,1
LV40LLOZV,1
FA0Z88980,
V0LO9LLOV0,1
Z04Z0009,1
9V894FALO,1
LLLO4LLLFA,1
LLOLFALOZ40,
LVFAZ8VZM,1
LFAFA4L080,1
L9Z0V9FA4,
LVZFAZ44L,
L80Z9480,1
LLO4VLO9FALO,
LLV0FA84L,1
FA0FA8Z409,
LV900800,1
L94V4FA0L,1
LL04LOL84,1
LLOZ0400LO,
LZML0Z80,1
L8V8VFALOFA,1
LLOZV448FA,1
LFA0FALFA80,1
L0Z0ZFA48,
9000V04FA,
L8LOZZ8L9,1
LVFAFAFALV8,1
LFA0404ZFA,1
LVZMV9Z0,1
LV9ZMFA98,1
900ZMLOZLO,
L4ZL8L89,1
ZZ0Z4VLO8,
V008Z09V,1
V0Z8ZFAL,1
9009FA04L,
L44ZZ0LO9,
LFA4V4V,1
900040LV,
L880VLO4Z,
L98Z0L0LO,1
LL09Z94L,
L4FA009FA0,1
LLO0LZ9LOZ,1
FA08LZZ4FA,
LLLLO40VZ,1
L90ZV90L,
FA0FA904,
V0LOFA00FA9,1
LZLOLLO4FA0,1
LFA900904,1
Z084FA9FA8,1
Z084FA9FA8,1
LZ9L8L8L,1
LLO4FAZL0FA,1
V000LV90,
L8LO8LVVL,1
FA0LOVZZVFA,
ZZLO09LO44,1
LV9094FALO,
8V044ZFA,1
LLOZLFALLO0,1
FA0V00LOL0,
FA04LO80LO4,
LLO0Z0FALO0,1
LZ948080,1
LLZVFAZZM,1
ZZLO04VFA8,
LV09FALO0L,
LLOLZV0LO0,1
FA0LO0LFA0FA,
LZ84944Z,
FA0V48ZZ0,
LL4Z40FA0,1
LLZLO4909,1
LVLOV8900,1
90L0044Z,
FA0ZLO0LOL9,
FA0LOZ0Z04,
FA0449FALFA,
L444L00V,1
90044FA9Z,
V0LVLOV40,1
LL8LOFAZVLO,
L9VLOV808,1
L4L0VFAZ4,1
L900ZM04,1
FA0ZV9ZL8,
L40ZZZZ9,1
L00VLO0,
L94Z4VFALO,1
LV0LZ08L,1
L909V9LOL,
LLO00FAL89,1
904V90Z,1
LO04FA098L,
LO049004FA,1
LO0VLO04LO0,
LFA0LOLLV4,1
LO0LOVLO00FA,
LV9LOLL90,1
V0490FAL4,
LFAVZ0V8FA,1
LVLVFAL80,1
FA0LOFA9008,
LL0VLL,1
LLO000LO0L,1
LLOLZFALOZV,1
L0FA0Z0LO8,1
L940FAZ,
LZ9LZ98V,
LZV88FA89,1
L49408ZFA,1
LLLLLOL00,1
98LOZ88Z,
LO0Z9FAFALZ,1
LZLO80VFA0,1
L04LOZ098,1
Z0888L00,1
L084LO809,1
900LLVLO9,
LZFA0ZVZZ,1
L9LOLZ49FA,1
LO0LO0V4,1
L8L44Z84,
L40Z9L00,1
FA09Z4FAVL,
L9040LO00,1
L44LO90FA0,1
LLOZ0400LO,
FA0ZLL90FA,
LLOFAFAFAFALO8,1
9004FAL89,
800FALOL08,
LZ8890ZV,1
L90FA408L,1
FA09VFA9V4,
L8FAFAFA084,
LLOL000LO4,1
LVLOV8900,1
LVLOFA9000,1
LO0ZZ4V88,1
LLO09L490,1
FA0V0Z0L8,
FA0484L0FA,
L9000Z0V,
LO040ZZV0,1
V889LOFAFA,1
LVLLV4L8,1
FA04L000FA,
L80LLOFAV0,1
LLO904LO0L,
LLO0L0FAZ4,1
LFA40LOFAFALO,1
LV0Z4FAFA4,1
FA04LOZ0ZL,
L894VV08,1
LZLO08409,1
L9FALO0FA,
L98FA84,1
LLOV800FA8,
L9LFAZ8LZ,
LZMLOV9L0,1
LFA4L0FA80,
LZ84ZVL4,1
9004FA4V0,
LL004ZVZ,1
LZ80V98L,1
LV0LL000,1
L90L08FALO,1
FA0Z98008,
FA0FAVLOZFAL,
8LVFAFA0L,1
L8FA8L4Z9,1
LZ0LO8FALOFA,1
LO0VLO04LO0,
L880LFA40,1
FA0480V84,
LVVVFAVZLO,1
FA0480V84,
LV9V9L9V,1
V8Z0FAZ0,1
L8L0LZL0,1
LLOZLOLLOZ9,
LZLVFAL00,
L800L4V4,1
FA098FA909,
LFAFAVVFA49,1
LVLOZ8FALOFA,1
LLOLV0LOV4,1
LZZ844V0,1
FA0V0444FA,
LV08ZLLO9,1
LZ8VV800,
LZZ8LO00FA,1
ZZ0Z4VLO8,
L8L0L80LO,
ZVZLZVZ0,1
FA0ZLOVFA00,
L0000LZFA,1
FA084900Z,
8LO40FALO0,
L494FA04Z,1
FA0FALOV904,
FA0VZFA0Z0,
LVVVFAVZLO,1
L40LOFAFA9LO,1
LVLO98LO,
L80FALO000,1
9LOZ0490,1
L800V80LO,1
L8V980LLO,
LO08ZFA80FA,
LLOLV0LOV4,1
L9ZV8V8LO,1
LLO0Z448V,1
LZ9Z0LOZFA,1
FA0FA900ZL,
L9LO44890,1
LL8FAVV8FA,1
FA048084Z,
FA080LOFA0LO,
LZLOLLOFALOFA,1
9000LVFAL,
FA04V0FAFAFA,
90L0044Z,
LLO0Z8400,1
900LVLOL9,
L4ZFAVL48,1
L88LO4LFA8,1
FA0V9V008,
L8FA0FA49LO,
L88LO04,
LLO8LO988V,1
90L09840,
LFA844FA00,1
LLOFA0049FA,1
L90FA9LLO0,
V0ZM84L0,1
L8LOFAVLLO9,
ZVLO0Z0LV,1
LO0LOZZ89Z,1
LFALOLZZ0LO,1
Z0VLOV9Z0,1
L8V0VV,
L84VLLO40,
LO0LO0FAL4LO,1
FA08LLOFA88,
L8FA89FA4Z,1
L8FAZLO0L4,1
LZ08V0L0,1
LV08V0Z0,1
FA0Z0LOFALZ,
L4LO0ZZFAV,
L8000LO00,
V0LO9LLOV0,1
L80ZL9LO0,1
L00V04V8,1
L094LOVLFA,
FA08LLOFA88,
LV4ZLO9L4,
LLLOZ44Z0,
800VVLZL,1
9ZVZLO,
LV9ZMFA98,1
L9V4VZ80,
LZLO80VLO0,
LL40Z800,1
80LFA9Z98,
LO04FA098L,
LV449008,1
LL9808LO4,1
LV9V0LZ4,
L9Z0LO9LOV,
FA009804Z,1
L8ZLOZ8V0,1
L80LOVZ8FA,
LL8FA00VV,1
LLVLZFA0LO,1
LZ09Z4ZFA,
LV90Z084,1
FA09ZZ0Z4,
L44LO90FA0,1
L4L80FALZ,1
84VLOV8Z,
L8L0LLOVL,1
FA049L4VFA,
LO04FAFA4Z0,1
LVLOFAZ4,1
LLO0V0LO94,
LLO8Z8Z49,1
LZ84ZVL4,1
L88LO04,
900V0V9FA,
900V80V4,
LV840FA0Z,1
44098LOFA,1
LLO88ZVL9,
L8Z48LO9L,1
L89V8088,1
90049409,
L80ZFA9FAV,1
LL4Z80LO9,
LFALO48FAZ8,
LLOFALOFA9FALO,1
LV0FA0FALO9,1
LL44000LO,1
LVZ090LO4,1
FA048ZZ0Z,
LVLLO8L0FA,1
LZM8LO984,1
LVFA0LZLOV,1
FA0ZLOVFA00,
LZVZ0948,1
FA0VZ48FAFA,
V909L88,
L9VLO94ZLO,1
L4900LV0,1
L8LO0VLV4,1
LLO49V44LO,1
LZLO8VLO,
L0Z00LO0LO,1
L0Z9FA980,
LL49L40L,
V0L008LL,1
V00L8084,1
FA04V0FAFAFA,
Z004LOZZ0,1
LLOLZFALOZV,1
FA0Z4V004,
LLOFA04LO,
90L04ZZ0,
LLLLO40VZ,1
LVLOZLOZVL,
8FA909LO0,1
LFA940Z0V,1
Z004VLO80,
LFALZZFAZM,
LVFA0LZLOV,1
80LVZ084,1
L4LFAFA0Z4,1
LV9LO9098,
L94LZ0Z0,
L4LLOFAZ00,1
FA04049FA0,
LV0V00FAFA,1
FA0Z0LOLLOZ,
FA0FALO9490,
LZV49VVLO,1
FA0408LZV,
LLOV8ZZ00,1
LVV9V8VFA,1
LO0V949LFA,1
FA08Z0FAVL,
FA0Z8LO0LOZ,
FA0LO800Z0,
LVV0LLFAL,1
LLV0FALV4,
L8L0V9VFA,1
90004Z8V,
LLOLLL44V,1
L8VVFA98L,
LFA44V04LO,
LO0ZLLOVL4,
L9ZL44LO8,
LV0L0LO00,1
LVFA90VZFA,
LLO904LO0L,
L9FA8V0L0,1
LLOV800FA8,
LLVV00Z0,1
L0L0Z4V0,
LLLOZ44Z0,
LLOV00FA89,1
LVVLOZFALOL,1
L4LOZ88LFA,1
LZMFAVVFA0,1
LV9V894LO,1
L8VLO049V,1
ZZLO09LO44,1
LVFA0FAZ0L,1
L00LO8940,1
LLLO984LOV,1
LZ80V98L,1
LL0L90L8,
LLO8Z8Z49,1
L8V90ZFALO,1
LV400FAL4,1
LLFA0449Z,1
LLOFA8Z8L4,1
L0LFAFAFA4LO,1
L0Z0ZFA48,
FA0VLV0LO0,
ZZLO09LO44,1
LV4LLOLLFA,1
Z0LOZ8Z9FA,1
L9LZLZ8FA,
LVLLO8L0FA,1
LLOL9ZL04,
LLOZ40LO,1
LVZ00008,1
LZ0FAFA8ZZ,1
L090L44LO,1
LLO000LO0L,1
L9Z49890,1
LV90FA40V,1
LZFA8VZ9Z,1
LZ409V0FA,1
LV848ZVLO,
LZ8FAV0V4,1
LVZFAVFAFALO,1
LL494FALLO,1
Z04FALO448,1
LVL8V9FALO,1
LV4FA80VL,
LZ00V4V8,1
LVLOFA9000,1
FA0VLOVZ04,
Z84Z,1
900Z04LOZ,
L84VLLO40,
LO0ZZV890,1
9FA40VV9,
V089Z090,
90LLFAZ09,
LV4ZLOFAFA0,1
L4FA009FA0,1
LVV089LFA,1
L4V04V49,1
900Z04LOZ,
L00V98VV,1
LZLOVL440,1
FA0LO09V04,
L90L0LO88,1
L00LV00L,
LLOZV9V8V,1
LVFA4LLO,1
LVFAZ44,
FA09ZVLO0FA,
90LFA0L8LO,
LZL49000,1
Z0VLOV9Z0,1
LL0FA08,1
L9Z00LFAZ,
LV0ZL890,1
LL9LO4LOL4,1
L844LO4Z0,1
L8FA09V04,1
L0Z88L9LO,1
L80LOLL0L,1
L8ZVZ4FA9,1
LV0LO840LO,1
LVL449VFA,
FA0ZLO080Z,
L4LOZ88LFA,1
L090L44LO,1
LLZ0FALO94,1
90L0LO0VV,
L84LO0ZLOZ,1
L8089V0Z,1
LZ4ZM444,1
L0Z9FA980,
L0L0Z4V0,
L8ZV0LO08,
ZZLO09VV8,1
L904FA094,1
ZZ09FAFAFALO,
LZVFA0LO0FA,
80FA0FA08,
90L80FAV0,
FA0FA9800L,
900ZVLOVLO,
LZ9VFALOFAZ,1
L98Z0L0LO,1
FA0LOV80V0,
Z00L88L4,1
L8Z0ZFA8V,1
LLZLO4909,1
L9FAZL0ZL,1
900LZLOV4,
LLFALO4ZLV,
L48Z0808,1
L0LO0FALOVL,1
L0LO8FAL9LO,1
L4LLLZ80,1
LLO000LO0L,1
Z88988,1
L8ZVZ4FA9,1
L8LO9LVZZ,
LLLOZZVZ8,
V0004880,1
FA0LO09V04,
L9V94FA90,1
L494FA04Z,1
900988V4,
FA0408LZV,
9ZZMFAL4,1
LV9V894LO,1
L4LLV9VZ,1
L80L0L9L,1
L908080LO,1
LLO00ZFA89,
900FA9ZZFA,
FA04LLO4V0,
900V4LOVL,
LZ9LO9LOFA4,1
LZ804LOFAFA,1
LZVV0LO94,1
L800FAFA40,
LV40LLOZV,1
LO0LOL9044,1
LZV0FAZFAFA,
LV88V844,1
FA0LO0LOL8V,
LVZLO9VLO0,1
V089Z090,
90094VFA9,
LLO9Z9004,
9009L4Z8,
FA04000VLO,
90L48LOZ0,
LZVV8ZVZ,1
90084FA,
90L4LO4,
LLO04FA9FALO,1
FA04L0808,
LV0L0LO00,1
L9ZV0Z94,1
FA0LOVZZVFA,
9V4LFAFA0,1
VL440VV,1
L8FALLO8V0,1
LFA0044LO9,1
LLOVV0ZLZ,
LZLOVL44FA,1
L4008FA0V,1
FA0V0444FA,
LLO0FA888V,1
FA09LOVLZZ,
LO0LOV409Z,1
L00VL880,1
L9L8L88LO,1
L8FA4FAZZL,1
LZ80FAVLOL,1
LLO0080VFA,
LLO940VV0,
LLO940VV0,
L80Z8LL0,1
LLOVFA80FA0,
LZ00LOLZFA,1
80L8Z4FALO,
L090ZFAZ4,1
FA0VLOFA0LZ,
L90LO9048,1
L00LO09LV,1
LFAFA094LO8,1
LO0Z04FA0LO,1
900ZLO090,
LZ0ZV8V0,1
LLOVV0494,1
L9040V08,1
LFA00VLOZ4,
L9FA00040,
90VLOL8FA,1
FA0V40LVFA,
L8L44Z84,
FA0ZL444Z,
Z00448FA0,1
L9FAVLL,
LL9LO4LOL4,1
L890Z4ZV,1
L8Z0ZFA8V,1
L8Z8ZZM8,1
90L04ZZ0,
V000L049,
LV0LO840LO,1
LLV4LV4V,
900L0FALL,
90L09840,
9FAFA408L,1
LO4V4LFA4,
L8L04488,1
LZLOVL440,1
FA04FA488FA,
LFAV04ZVZ,1
FA080ZLL4,
LV4Z0LO9LO,1
LL4V4ZFAZ,
LV9LO04LO0,
FA0Z0LO9LL,
L0LZZVLLO,1
FA04444Z0,
L8L4L004,1
LLOZ40LO,1
LZML4009,1
LZ8Z4LFA4,1
FA048090V,
L9FAZ8V0LO,
LZML0V80,1
L8V0LFA0Z,1
L8FA0V8LOZ,
L9ZLOL00V,1
L8V90ZFALO,1
FA0ZLL800,
L9LO90ZLO4,
FA0408LZV,
LZVV0LO94,1
V00940LO9,
L848LLO80,
L4LLV9VZ,1
L44L8ZZZ,
L0400ZFAV,1
LZ0VLOFA09,1
FA0484L0FA,
LFA0LL4LOZ,1
900808,
LO00VLVFAFA,1
LVVL008L,
L8LO89490,1
L0090Z,1
LZZLFALFA0,1
900FA980FA,
LFAZZ0098,
L8Z48LO9L,1
LO0LOV409Z,1
L0Z9LLO8LO,1
800FA4ZMLO,1
L9ZZZZZ4,1
90LZ04V0,
LZMFA8L,1
LFALOV4ZLO4,
L8ZVV0FALO,1
LLOFA0Z00LO,1
LLV00VZ0,1
L4V04V49,1
LZVVLOV00,1
Z04FALO448,1
LZ0Z98VZ,1
LV400FAL4,1
LVFA4L9VFA,1
LZFALO0904,1
LV90LOL0Z,1
L4FALO4048,1
LLO9LVFA0FA,
Z0Z0V40LO,1
LVLOFAL0FAV,
FA0ZL9ZVL,
80L90040,1
L8Z0ZFA8V,1
LZFAZVVL9,1
L80Z8LL0,1
FA0LO48FAV9,
LL49L40L,
900V80V4,
L90LO9048,1
LV0LOVZFAFA,
LZ9LOLLFAL,
LZLOFA0880,1
ZVZLZVZ0,1
L0Z0ZFA48,
FA009804Z,1
LLO0LO9Z04,1
FA0Z8LOL8Z,
L4984ZV0,
LLO4LO40FA8,
FA088L489,
90LFA88V9,
90L48404,
V00940LO9,
LLO8FAZFAVFA,1
ZVZ98Z49,
LZ4Z0ZZLO,1
L908VLFA4,1
L9FA4LO0L4,
LV909VV4,1
4L4L4,
LZMLOL80LO,1
FA0Z0LOLLOZ,
LLO9LZLOZ0,
L90LO4V40,1
LVVL008L,
L94Z409Z,1
FA0VZ4LO0LO,
FA0FAV4L8V,
L0V00L40,
L8FAFAFA0LFA,1
LV48L890,
LFA4084V9,1
V0LLO89LO0,1
FA0FA8489FA,
FA04VV9V0,
L880FA4L9,1
L9ZL98L4,
L444L00V,1
ZZ48LO48LO,1
L9ZFAV088,
L8LO90LO40,1
LLLOFAZFA08,1
LLOV8ZZ00,1
V04FA0ZMV,
LLOZFAZL9L,1
LLO9LVFA0FA,
L8L0L80LO,
LV9FA0Z0LO,
FA0Z00Z98,
LZ0LO4V48,1
L9Z0FAFAFA0,
FA0ZLOLLO0L,
L48LOVLFAFA,1
FA0V000FALO,
LL00LLZ4,
LV84LZMLO,
L90ZFAFA44,1
L8L0V9VFA,1
FA04L8LZFA,
L9ZFA0ZFA0,1
L9004098,
LFAL0880LO,1
L88Z0LFAL,1
LZLZL0FAFA,1
FA09FA0840,
800L8FA8,1
FA048090V,
L4ZL4009,1
9000444V,
LLOL0VZ4Z,1
L890L880,
LLOVV0ZLZ,
LV89L40LO,
L8Z0L4VZ,1
V8Z0LZZ,
V00LO09LOFA,
L880FA4L9,1
LZ48900FA,1
L8LZ48FAFA,1
FA0V04V00,
9009VFA49,
LV4Z04LFA,1
8004Z9LZ,1
LVZM4980,
L449ZFA44,1
LVLOFA8LO09,1
LLOFA8Z8L4,1
LZ8808V9,1
LZ0Z98VZ,1
LFA808900,
L090L44LO,1
90044FA9Z,
LLOZVZFA89,1
FA0FAL00,
L8804FA0FA,
LV08V0Z0,1
LV9FA0Z0LO,
FA0Z08ZLOFA,
LFALZZFAZM,
LV0VZM08,1
LV90Z084,1
900V48Z8,
9FAFAZ040,1
ZZ44V8L4,
L9LO9Z9Z0,
8440FA0V,1
LO0LOVLO00FA,
L9L8LLO4LO,
LLOV980ZFA,1
800LLVZ,1
LL04V8,
L9FAVLL,
FA0ZV9ZL8,
LV0L4LO0LO,1
L88004FA8,1
LZ0VFAV04,1
FA04008L8,
L84Z9Z9V,
LVV890LL,1
LLLOFAZFA08,1
LZVVFA0LLO,1
Z0VLVL88,1
LVZFA0LOZ0,1
LFALOLZZ0LO,1
FA04LOL40Z,
L48ZL90V,1
80LFA9Z98,
LFA0049VLO,1
80LFALFAFAV,
LLLLO40VZ,1
LZV49VVLO,1
90LL980,
L8LLVL4FA,1
94LO9090,1
LFAVZ0V8FA,1
L890ZM9V,
LV848ZVLO,
L88909LO0,1
LVFA000FAFA,1
L8FA8FA4VL,1
L88FA00LZ,1
LZ94VFAFA9,
L0LO4LO0,
LZML0V80,1
L84L008Z,1
900FA80LL,
Z00VZ84FA,
L84LO0ZLOZ,1
LLOV0ZLOZ9,
L8ZV0LO08,
V0FA8LO9V0,1
V0FA8LO9V0,1
9000LVFAL,
9009090Z,
L90480LLO,
L8FA84ZLOFA,1
9404VV8,1
FA0449VZL,
LLO9FAVL80,1
LO04L48VLO,
L48V04V8,1
L0L8090Z,1
L8LO4FA008,1
FA0409LO4V,
FA0LO0ZL4Z,
FA044088L,
FA0ZV8FALO9,
L80Z9480,1
FA0FAVLOZFAL,
V04V0LOFA8,1
LVL490FA8,1
L90LOZ040,
80L0FA0LO4,1
L84LZL8L,1
LVVFA800Z,1
LL40Z800,1
LV0V44V9,1
LV4Z04LFA,1
L49FA4LO48,1
LLO4LFALO4FA,1
9009VFA49,
LLZZM0,1
FA0LOL049V,
FA04049FA0,
L8L0LZFAFA,1
LVZMZLOLZ,1
Z04VLOZFAZ,1
LV8LOZ4LLO,1
900Z89FAFA,
FA0FA489Z0,
LZV9LOFA8LO,1
LZ9LLLFA0,
LLOL0FA4LL,1
90LFALOZV0,
L408049V,1
V00080FA9,
L08894LZ,1
L844LO4Z0,1
LLLO4LLLFA,1
L0LFAFAFA4LO,1
L4ZFAL8LO4,1
FA0FALOV904,
LFALFAL8FA4,
80L0FA0LO4,1
LZLO80VLO0,
L9FAL0L04,1
L94V40LO0,1
LVLOL0VLOFA,1
L40ZVLO9Z,1
80LZMZZM,1
LLO00LO00L,1
L0090Z,1
LLOZ00LO0L,
L8LL00LO8,
LV0098LO9,1
LZ4LO0LOV8,1
900VLZ0LO,
90LL40V8,
LLLLO40VZ,1
90080FA84,
L90FA044FA,1
LZ0FALLOZZ,1
LLOFALOFA9FALO,1
FA04LO94L9,
LLZVFAZZM,1
LO0ZZV890,1
ZZZV00ZL,1
L8944VZLO,1
LL00V0Z0,
L9V04FA40,
LZV0FAZFAFA,
L88004FA8,1
L8040044,1
L4LLLZ80,1
V00LOFAZ0LO,1
L8000LOZV,
LZFAV48LO9,1
LV04LZML,1
L8Z9V9Z9,
FA04089FAV,
LLO8909V9,
LZ0880,1
L894FALO,1
L40VV0FA0,1
FA0FA8V0FAV,
LLOFALOFA9FALO,1
V00LL9Z8,1
L44488V8,1
L09LO0FALV,1
L404FA040,1
8404FA4L,1
LO0LOLLOZZ0,
LZFAV48LO9,1
LV40040LO,
LVFAFA8Z00,
FA0400980,
L9000FAL9,
900FAFAFALOZ,
L8LFAFA0Z0,
L4ZFAL8LO4,1
80LFALFAFAV,
V000L049,
L90L8FAZ4,1
L000V0FAL,1
L48L4090,1
LZ0FAFA8ZZ,1
L9FA00VLOV,
LLO0980Z0,1
L090800LO,
L0LV9LLO0,
L09FA0LOZFA,1
L8ZZLO004,1
LV900LOLZ,
V00080FA9,
L90LOLLO,1
L80Z9VLO4,
LZ0VFAV04,1
LLO8L80LLO,
LL08LZFALO,1
L4Z0FALO0V,
900V4LOVL,
LLO8Z0L0LO,1
L480Z9FA0,1
FA0VFAZ0L0,
V00940LO9,
LFA48ZFA8FA,1
90LLO0LOZ8,
LVLO84L,1
LVLL0ZFA9,1
LV9FA9000,1
84009LO9,1
LV90VV0V,1
L84Z0LLFA,1
LL0Z808LO,
L4FA0L094,1
LLO08L4FAFA,1
LVLOZ8FALOFA,1
L8080V88,1
L88LO4LFA8,1
L090ZFAZ4,1
FA0VV49LO0,
FA040LOLFA4,
LO00004LV,
V00LOFAZ0LO,1
L4V4VZ98,1
LV9LZLFAL,1
Z0ZMLO0L0,1
L8LO8LVVL,1
LVL0FAZ9FA,1
LLOLFA0V80,1
L80LLO904,1
V00080FA9,
L90V889Z,
LVZV0V0Z,1
ZZ040408,
L4L4LFAL8,1
900V49V4,
LL494FALLO,1
L8040044,1
LFA0FALFA80,1
LLO9FAVL80,1
LZZ8LO00FA,1
L9LO0FA8V8,
L4LO80ZZV,1
LVZV0V0Z,1
L0080V44,1
L0804VL0,1
V00Z9L0Z,1
LVZLZLO40,1
LVFA0LOZ88,1
94LZ000,
LZ4VLL4L,1
LVLVLFA9FA,1
FA0Z80LLV,
LV0FA0FALO9,1
LVLZZ4LO0,
LV4VZ808,1
L480Z8LL,1
80L90040,1
LFA0L89Z4,1
V8Z0FAZ0,1
V00Z9L0Z,1
L494FA40FA,1
LLOZZL90FA,1
L8000LOZV,
Z0804049,
L4L0Z49V,1
LFA4084V9,1
L8944VZLO,1
LLOZZMFA04,1
FA0ZLOVFA00,
LZ0FA08FA0,1
L48ZZFALOZ,1
L80FALO000,1
L44LZ08V,1
LV800000,1
LZZZLO8LO0,1
LVLO84FAV8,1
LV80LLFAL,
FA04FALO48LO,
FA040LOLFA4,
L8090LO09,1
LO0LOZZ89Z,1
L8VZ98V4,1
LFALO0V09LO,
LZ00409FA,
LVFAFAFALV8,1
V08400FAV,1
LZ9LLLFA0,
L44LZ08V,1
FA0LOV0409,
L9Z49890,1
LFAL0880LO,1
LVV0V08Z,1
LLOVFAFA08FA,1
94LO9090,1
LO0ZLZLO80,1
V0LO808LOV,
LLOV8FAZL9,1
LVL4VVLLO,1
8V8LL84,1
L48FALO80Z,1
900V48Z8,
FA04444Z0,
L8VV0L0L,1
LFA4V4V,1
LFA0ZLL04,
ZZLOFAFAV0LO,1
L4ZVLOVLOV,1
LLOZV448FA,1
LZML0Z80,1
L890Z4ZV,1
LL40ZLFA0,
V00L8084,1
LLOVZ0LOFA4,1
9009L4Z8,
L9408448,1
V0LZ9LFA9,1
LLOZLV8LO9,1
FA0V0Z0L8,
LVLO98LO,
LZFA8VZ9Z,1
LLO00LV9L,1
LZ9LO9LOFA4,1
L084LO809,1
900048FA0,
L8L0LZFAFA,1
L80LOVZ8FA,
V0V4Z0FAV,1
90LL980,
LZMLOFA9LO9,1
LV904009,1
LV0LFALO8V,1
FA0FA9L48V,
L800FA0FA4,
L0Z9LLO8LO,1
L4Z49L90,1
LL49LZLFA,1
Z0LOLLO0VLO,1
L4FALVZ00,1
L4FAVV008,
L4FALVZ00,1
L8FA0LOL80,
LLOLFA8FAVL,1
LV8LOZ4LLO,1
80LFALVVL,
L8040044,1
FA04Z04VV,
LFA4ZZL00,
FA0FAL00,
L8FA8L4Z9,1
L8LLVL4FA,1
LLO0984Z0,1
FA0FALO00V4,
900VLO8FAL,
LV44FALO9V,1
FA0LOL90V9,
L8LO8LVVL,1
L8LV0VZZ,
L4ZFAL0V8,1
LLOLFAFA09Z,1
90098LO0Z,
L949V488,
ZZ4LO8004,1
LFA0LLO00FA,1
LVZFALO9LO9,1
90L00ZMV,
L94V4FA0L,1
LLOLZV0LO0,1
L09LO4004,1
L9ZMFAZ80,1
L8FAFA0LLOFA,
L4900LV0,1
L8ZLOFAFA4LO,1
Z0FAV9Z,1
L84ZV9FA0,1
90L48404,
ZVLOZLOZ90,1
LLO08LO8FAL,1
L40FAVVZ4,1
L0LZZVLLO,1
LZ94V984,1
LZMLVFA0Z,1
L490FAL40,1
LLOL9ZL04,
LLOVFA044Z,1
L4L0908Z,1
LVLO0ZLOZ4,1
LVZ0LO0LO0,
V0Z8ZFAL,1
9008V000,
FA0LOLV8Z0,
LLFA0Z8Z0,1
L90L0ZL9,1
LV9LVZ0Z,
VLO0FA9FAL,1
900LZ948,
FA080FAV8FA,
FA0ZLO0LOL9,
90L4V0FALO,
LVV44000,1
L8LO0L9V0,1
V0L004VV,1
LV08V0Z0,1
L4Z4FALO90,1
L40LOFAFA9LO,1
LVLOFAZ4,1
FA04LLO4V0,
9V4LFAFA0,1
L4LL0FAFA9,1
900FA8LOL8,
LZFAZZZ0L,1
9000ZMFAZ,
LO049004FA,1
L4L0908Z,1
LZ9VZM8L,1
900VZM0Z,
LZ84944Z,
LLOVL804L,1
FA0Z0LOLLOZ,
FA0Z98008,
LFAVZ0V8FA,1
LVZM9VFALO,1
LVZ00008,1
L8FA09V04,1
LZ800LOL0,1
LLOL0L4L8,
L4V4VZ98,1
90L00ZMV,
LVLO4L0L9,1
L4V44LV8,1
V0L08LOLL,
900FA0000,
FA0VLO4LO0L,
LLOLLL44V,1
L4VVLOZ90,
L8FA84ZLOFA,1
FA048VZ9Z,
L90LO4V40,1
L4L80FALZ,1
LV4Z0FAV0,
L44ZZ0LO9,
L09FA0LOZFA,1
LZVZ0948,1
LVFAFA8Z00,
LLO489L,1
FA0Z00Z98,
FA0480V09,
90084FA09,
LFA09FAFAV4,1
FA0VZLO90V,
FA0VZ8VZM,
L8L8ZZ40,1
LVZ0LO0LO0,
L80ZFA9FAV,1
LFA0404ZFA,1
LVL8L000,1
L9040V08,1
L80L9LOV8,
L8FA88LOFA4,1
LV90LOL0Z,1
LV4V088V,
FA0Z08ZLOFA,
LZMLVFA0Z,1
L8ZLOZ8V0,1
L84FAZ89LO,1
L84L008Z,1
LFA09V8FALO,1
LL8FAVV8FA,1
L400VVFA0,
LLO9LOVLO0L,1
9008LO98V,
L0Z0FAVFALO,
LVZL0908,1
L4L0FAVZ0,1
LLOV048FA9,1
L9LO00LOZ,1
900V0Z44,
LVLFAZ40L,1
LO0Z4Z800,
L4LOZ88LFA,1
L8VV9L4Z,
LL8FA00VV,1
LZ48900FA,1
L90LOLV0V,1
V00LO09LOFA,
LV8ZM80L,1
LZ8FAV0V4,1
L9ZV8V8LO,1
FA0004LZL,
L9LOVZZ8FA,1
FA0809VLOV,
LZM0FAFA9FA,
V0FA8LO9V0,1
L444L00V,1
L4V0Z80Z,1
FA0Z488L0,
L08VVL04,
LZ480ZZFA,1
L0040ZVLO,
FA04ZLOL90,
L4LOZ0L89,
LV0LZ08L,1
L04L40ZM,
LVLOFAL0FAV,
L9FA400,1
FA048008V,
LLOFAFA0V,1
V00FAZ9VLO,1
LLOFA0049FA,1
LFA0L9V0,
ZVLOZLOZ90,1
V0FA8LO9V0,1
LLO8FAZFAVFA,1
LFAV80ZFA8,
L9488FAL9,
9008940Z,
FA04ZML90,
ZVZ8V890,1
80LFALVVL,
LLO9FA0LO9V,1
LVZ4LOZZL,1
LZVLOZVV8,1
LO88VV,1
LLO440VVFA,1
FA0LLO0ZM9,
LVFA0Z89LO,1
FA0Z84084,
L04009L0,1
FA0ZFAFA48Z,
LFAFA9VL8LO,1
8000LFAFAFA,1
L9ZFAV0FA0,
L4FAVV008,
FAZ08LOFAL,
L000Z9FAFA,1
900V8ZML,
FA0VFAZ0L0,
L8080V88,1
LFAV4Z488,1
90094VFA9,
9004ZMV9,
90048LLOL,
LL088809,
LVLOZZ809,1
LFAV4FAVFAL,
L4ZFAVFAFA0,
L8L8Z4Z4,
L90L0LO88,1
LL0L90L8,
L0LFAFAFA4LO,1
LZLLZMFA8,1
L808LO0VFA,1
8008898FA,1
LFAZ0ZZZFA,1
L8L8Z4Z4,
90L40FAFAFA,
8L00LO04,1
LLO4LO40FA8,
900940FALO,
LLV4LV4V,
LLO0VV84L,
LVZZMZMFA,1
FA0FAL4FAV0,
L4VLO8ZLL,1
L8Z8ZZM8,1
L9LO80LO0LO,1
LZ09Z4ZFA,
FA0VZM49FA,
9008LL0FA,
LLO8Z8Z49,1
FA080LOFA0LO,
FA0808LO98,
9FAFAZ040,1
L0FA0Z0LO8,1
L9V94FA90,1
LZZ0V44Z,
LO0LO00VLOV,
ZZLOV9LOL0,
LLO0L0FAZ0,
8V8LL84,1
LVLOZ8FALOFA,1
L4VLO8ZLL,1
LFAL0V04V,
L40Z9L00,1
LL44000LO,1
V889LOFAFA,1
L4FA04FA4V,1
L800L809,
L0FAV9FA09,1
FA0Z8LO0LOZ,
LLO9FAVL80,1
Z0VLOV9Z0,1
L9L40840,1
LVFA4L9VFA,1
L4ZFA9Z04,1
LLO098040,1
9Z98FA44,
L8FAL9Z40,
LVZ04ZLO4,
L80LLFALOZ,
L880ZMFA4,1
FA0VFAZ809,
ZZFAVV89LO,1
LLOV9L00FA,1
LL9Z8V40,1
L94V40LO0,1
90L09840,
9004ZL90,
LFAFA094LO8,1
L9LL84L4,1
L88ZFA94Z,1
FA0Z0L0Z0,
FA04Z000LO,
LZLOLLOFALOFA,1
90LFA88V9,
FA0ZZ90ZFA,
FA0ZFA8VVV,
LL0FA08,1
L88FA00LZ,1
L890FA0L9,1
L9ZV0L0LO,1
LZVVFA0LLO,1
ZVZ8V890,1
L9V8L049,
LZLOFA0880,1
FA0ZZ9L48,
LV09049Z,
LVLO8LLO8FA,
LZ4Z0ZZLO,1
LFAZ0LOFA90,1
LZLOFA8FA48,1
ZZFAVV89LO,1
LFA0LOLLV4,1
L400LOVFA4,1
LLO4FA4Z94,
LFAZZ0098,
LZ80FAVLOL,1
LLOL80V0V,1
LO08ZFA80FA,
LLO0FA888V,1
LFA4L0FA80,
89LLO0ZLO,1
FA0VV0ZLO9,
LZ08VFALO0,1
FA0LOLV8Z0,
LL9808LO4,1
LZLLZMFA8,1
FA0FAV04Z4,
FA0FA8Z409,
LLFA0Z8Z0,1
V940VLO4,1
FA0ZL48LFA,
L8VZ800V,1
VL440VV,1
L84040L0,1
LZFALO0904,1
ZZ48LO48LO,1
90LZLZ00,
LFAV0ZVLOV,1
LO04LZ4LOFA,
FA0V00090,
L408FAFA9Z,1
FA0400840,
LLZLO0L0V,1
L80LOV4L0,1
L4FA900LO8,1
8404FA4L,1
L8LV0VZZ,
FA0V8LLO4Z,
LLOV0Z9LO9,1
L8ZLO00V9,
8V8LL84,1
Z0LOZ8Z9FA,1
LV0LZ08L,1
LLO4V4FAL8,
L900ZM04,1
LZLOZ894FA,
LV90VV0V,1
9498V0V,
LZLO08409,1
90LO0FALOZ,1
L800FAFA40,
V0L004VV,1
L8LO90LO40,1
FA0490884,
FA04ZZ9FA4,
ZZ0FA4Z0V,1
L8LVLO944,1
900940FA4,
V0LVLOV40,1
LVLL0840,1
FA0Z00090,
FA0FA8Z409,
LLOFA808L4,1
L40FAV9Z9,1
LVVZ44LLO,1
LLOZ4ZMLO9,1
84VLOVV9,
LV94LL90,
LLOZFAZL9L,1
L9LO40L48,
LZLOVL44FA,1
L8L88VFAZ,1
L80Z8LL0,1
90L4800Z,
L0044FAZ9,
LLOZZ9844,
L90ZLLFALO,1
L9809LOL8,1
L8FAFA0LLOFA,
LLO89LOZLO4,1
LZZZLO0,1
9004VV4LO,
LZLOVL440,1
900LLZ0V,
L40Z0L98,1
V9ZZZZV,
FA0LOZ9840,
L8ZV89L9,
LVLLO8L0FA,1
LZ4ZM444,1
LV4Z0FAV0,
LVZMV9Z0,1
L0L49000,1
Z00V09VFA,1
LZ9V90LO0,
L9LLO8VZ0,1
V0LOFA00FA9,1
LV9V00LLO,1
900FA980FA,
V0LV0LOFA9,1
V0LLO89LO0,1
L9000Z0V,
L84L0440,1
LLO8040Z4,
FA0VZLO480,
L00FA9L0Z,1
V848VLL,1
L9ZMFAZ80,1
LV40009Z,1
LZLO9LV0Z,1
FA09LOLLOVFA,
LFAV0ZVLOV,1
L8ZL0V,
L80ZL9LO0,1
LFAFALO0L8Z,1
L84ZV8L9,
L9ZVL0,
FA048FA088,
L90L0ZL9,1
L8090Z0L,1
Z000VZFAV,1
LZ0ZFALO8L,
LVL449VFA,
L9LZ4VLLO,
LL4V4ZFAZ,
LV08LOLV4,
LLVFAFALOL4,1
L0Z00LO0LO,1
Z0LOLLO0VLO,1
LLO0ZVVFA0,1
9009LOZLOL,
LVLO8LLO8FA,
LLOZLOLLOZ9,
LZ9LOFA4,1
LV0LOVZFAFA,
L49V4VFAL,1
LFA09FAFAV4,1
L4FALO4048,1
900ZMLOZLO,
LV0098LO9,1
L9LO00L8FA,1
L9VLO94ZLO,1
FA0V0088L,
LLOZ88900,
LLOLZVFAFAFA,1
LZZ804LOL,1
LV89L40LO,
LZL80LO00,1
LVZZMZMFA,1
94LO9090,1
FA0FAL4FAV0,
L8ZM8LL0,
LFA48ZFA8FA,1
L4V0Z80Z,1
LZFAZZZ0L,1
800L8FA8,1
90L000FA8,
900L4LO00,
9000L498,
L88LO4LFA8,1
LZ0V4FA48,1
FA048808L,
L9LO44890,1
FA00LOV49L,1
90L0448FA,
LLOVZV80L,1
LLO844V4V,1
LL08LZFALO,1
L844LO4Z0,1
L0VFA9LO9L,1
LLO9FA9LO80,1
900ZZMLLO,
FA0FAV4L8V,
LZLOFA8FA48,1
L404FA040,1
LLOL0FA4LL,1
FA0Z49Z0L,
800ZV00,1
L0VV0FALO9,
LVL0FAZ9FA,1
LLO9L4Z9L,1
L4ZFAVFAFA0,
L8LOZZ8L9,1
LVLOFAL0FAV,
L840008FA,1
L8LFA4ZVFA,1
FA0Z8LO0LOZ,
L90L4FA0Z,
LZLO04FAL0,1
L900094Z,
FA0FA0LZ,
LZLOZZ988,1
L90LOLV0V,1
LLO8L80LLO,
LV0048Z0,1
80LLO4Z0L,1
L40ZVLO9Z,1
8LVFAFA0L,1
LLO00LV9L,1
LLOL40FA,
FA0409LO4V,
LZMLOFAVVL,1
L0ZLO48,1
LVZ00004,1
L80VV048,1
LL0VLL,1
FA0Z89004,
L94LL00LO,
90090VL4,
L4VZ448Z,1
LZZZ8LOZ0,
L909V9LOL,
LVL4VVLLO,1
LFA0044LO9,1
L80VV048,1
L90V889Z,
L900890LO,
90L4L0VFA,
LLOLFALOZ40,
94FAZ0,1
L88004FA8,1
9009LO9,
FA04Z9LFAL,
L0LOVL9LL,1
FA0Z4VFA,
L00FA9LOFAL,1
L4FA0L094,1
900LZ948,
LLFALO4ZLV,
LL40ZLFA0,
L8FA4Z0,1
LLOFAZFA40Z,1
L8V8VFALOFA,1
9Z98FA44,
L90FA4LO9FA,1
Z00448FA0,1
FA04FAFA0V9,
LLOZLL8ZFA,1
LFAFA9ZM,
LVLLLO4V4,
LLO00FAL89,1
FA040V8V8,
LZ8Z4LFA4,1
FA048ZM80,
900FAFA90L,
FA04ZLOL90,
FA09VZZ8L,
LLO8909V9,
FA0Z0VLO90,
LV8VZ0Z9,
FA0LOV0409,
FA0LO0Z4VLO,
90L4LO4,
Z0ZMZ0FAFA,1
LLO08ZZZZ,1
FA04FAL0VV,
L8LO8V800,1
ZZ4LO8004,1
LLO04LZ,1
L909V00Z,1
LO0LO4VLO0V,
L840FA0LO9,1
FA0Z0LO9LL,
LLO0LOVLO8Z,1
LZM80LOVZ,1
V000L049,
LV8LOZ4LLO,1
9FA4L808,1
FA048LO49V,
LL409ZM4,1
LV4ZV0Z0,1
V00LOFAZ0LO,1
FA04LO9ZMFA,
LLOZZMFA04,1
L84L98FA4,1
89LO9084,
Z0Z0Z9FA0,
LL40FAL0L,
L4L8009Z,
FA0Z90FA89,
FA0VZMLOV4,
L9ZV0Z94,1
FA0V9ZV,
FA0ZFAVLV4,
L8FA4LOV9L,1
L4LV0V0FA,1
90LLFAZ09,
FA0Z09LO08,
LFAZLOL4ZV,1
9Z98FA44,
ZZ0Z4VLO8,
L8490840,
LO0LOFALO84Z,
LVL4VVLLO,1
8440FA0V,1
L8FA0ZFA0LO,1
L8000908,1
LZ08FAFA44,1
FA0Z4VL,
FA0VLO9LZ4,
Z0ZZLO480,
LLO00LO8FALO,1
L9094V,
FA0Z909LOFA,
V0L80Z8FA,
LO04V80Z0,1
44098LOFA,1
Z0LZ000Z,1
L480Z9FA0,1
FA0V48ZZ0,
Z0LOVFA0FA8,1
LVLOFA9000,1
FA0Z900LO4,
LFA009FAL8,1
LLOLZZ0FA8,1
LLVVFAZ9Z,1
90L4FA4ZM,
900V8LO08,
LVLLOLL9Z,1
LV800000,1
LV08VL,
LO0ZFA0LOVV,
L044VLO8FA,1
LLOZ00LO0L,
LZMLO4098,1
9V4ZZM0,1
LLOVL804L,1
LL00LLZ4,
L8Z9V9Z9,
LL9LO4LOL4,1
ZZ09FAFAFALO,
FA0ZLO0LOL4,
L48ZL90V,1
LO0V949LFA,1
FA0LOV00LLO,
L0L490LO0,1
LL08LZFALO,1
LLOVLO80FA9,1
L80FA0V9LO,
FA09Z9489,
LLO8VZL4FA,1
LVFA9LOV44,1
90L009FA8,
LL0FA08,1
LVZM9VFALO,1
90LZZM0LO,
L80LOVVZFA,1
L00L08LOFA,1
LFALZZFAZM,
FA00LZ488,
L4988Z,
LO0LO0V4,1
LO00004LV,
FA040ZVZL,
LV904009,1
Z0888L00,1
9000FAVFAZ,
L9ZZLV4L,
LZFAZFAZZ8,1
FA0ZL48LFA,
ZZVLOFALO0L,1
LVFA09V94,
LFAV4FAVFAL,
V00LO09LOFA,
FA0FALO00V4,
LLVFAFALOL4,1
LLOZLO8LOZ0,1
L9LLL040,1
9008LO0LOL,
LZ0Z98VZ,1
LVZ00004,1
V0L4V04V,
9L4LFA40,1
L90L0FALO9,1
900Z004V,
L8VFA4LO8L,1
90LLLLOFAL,
LV900800,1
LO0LLO8909,1
L880094L,1
9404VV8,1
LVZM9VFALO,1
FA0Z0LOFALZ,
LL948L94,1
L4FA0ZM00,1
LZZ804LOL,1
LVZ0FALO0L,1
FA04FA0LOL0,
V04FAFALO0LO,1
8009084,1
L8LV0VZZ,
8Z4ZZM8,1
L4LO08VFAZ,
FA04Z04VV,
L8Z9V9Z9,
L90L4FA0Z,
L980Z04FA,1
LLV00VZ0,1
LLLLLOL00,1
L94VFA8ZL,
FA0ZFA80LOL,
LZZLOFA0ZZ,1
LLO00LO8FALO,1
LFA0LOLLV4,1
LLOZ00848,1
FA0ZZ4LZLO,
L8L9V89FA,1
L0LZZ44L,1
L80LOVZ8FA,
LO0Z9FAFALOFA,
L9ZFA0904,
FA04049FA0,
80009L8FA,
LO0LO49084,
LZFA4Z890,1
LFA0L9V0,
LZ8FAFALLO0,1
L80ZL9LO0,1
LFAZ400LZ,1
L80VV048,1
L9LO9Z00Z,1
LVFALLOFA04,1
LFA40LOFAFALO,1
LV4Z04LFA,1
L4FAVV008,
L9Z08LFA0,
LZ9LO9LOFA4,1
LV0ZMVLOV,1
FA0V40LVFA,
FA0ZVZFALFA,
LO0ZFA09LO8,1
800VLV0LO,
L8804940,1
FA04L0808,
LLOV800FA8,
FA080FA044,
FA0Z9Z04FA,
LZ0FA4V49,1
FA0LOV00LLO,
FA0FALO00V4,
LO0Z9FAFALZ,1
FA0LO800Z0,
L9LOZ808L,1
LV90V9VL,1
L8FA0ZFA0LO,1
9FA89VLL,
FA0VLOFA0LZ,
LV0FA444L,1
90080880,
L900L0ZZ,1
V00Z4FAL8,1
L8LO8V4FA0,1
LFAFALO0L8Z,1
LVVZ44LLO,1
LV0ZMVLOV,1
LV800000,1
L800400L,1
LFAFA9ZM,
900VV4,
LVFA90VZFA,
Z0ZMLO0L0,1
L8L0L80LO,
L90L0LO88,1
9V894FALO,1
L8FA89FA4Z,1
LVVZ44LLO,1
LZ9LOFA4,1
L4ZVLOVLOV,1
FA0V4LOVFAV,
L90FA408L,1
ZZLO09VV8,1
ZZFALO000V,
LV900FAZ0,
L0080V44,1
FA0FA9800L,
LZZZLO8LO0,1
L8Z84LLO4,1
LZLOZZ988,1
LZ4L0Z00,
FA0LO0Z4VLO,
L0LZZVLLO,1
Z08LZ8LOV,1
LVFA4Z4FA8,
LZMLOZ00L,1
LLO4VV0L4,1
LZ0LO84ZFA,1
LFA00VLOZ4,
LLZ4LO48Z,1
LLO0ZVVFA0,1
LLO40ZVLO8,1
LL0L90L8,
LLOV980ZFA,1
90L48VFA8,
V008Z009,1
LO04L48VLO,
LO4V4LFA4,
LLZLO4909,1
9000L4LZ,
FA0V9V008,
L94LZ0Z0,
L8LO8V800,1
L8L0LLOVL,1
LZ84ZVL4,1
LLOFAFA0V,1
L90LOLV0V,1
Z0LOFAVVFA8,1
LLFA0Z8Z0,1
LLOFAFAFAFALO8,1
L4FA0ZM00,1
L8LO8V800,1
9V4ZZM0,1
LV8LO490LO,
LZ9ZLOZ9L,1
FA0V4FA408,
LLOZLZLO9V,
LLOZV9V8V,1
FA00LOV49L,1
L909V9LOL,
LLLOFAZFA08,1
LLOZ88900,
LL80L00LO,1
FA0ZFA8VVV,
LV084FAZ9,
FA0LV0094,
L4ZFA9Z04,1
L800ZL9V,1
LZFAL0FA0LO,1
900V8ZML,
L8LO400Z9,1
LV48L890,
Z00L88L4,1
LZ8890ZV,1
LLO844V4V,1
L8LO09FA,1
ZZ09FAFAFALO,
LLL8048Z,1
FA0ZMLO9L8,
LLO440VVFA,1
LLOVZ940LO,1
LV4ZLO9L4,
V0LO9LLOV0,1
L9L009FA0,
900890VL,
V09FA4FA4FA,
LVLOZZ809,1
LLO08ZZZZ,1
LZ08FAFA44,1
900LZLOV4,
LZZ844V0,1
LLOFA8Z8L4,1
LLLOZ44Z0,
FA0LO8FA0,
LFA9FAZL89,1
LLOZ00LO0L,
900FALOL0LO,
L8FA4Z0,1
L80LOLL0L,1
90LV9LOL8,
LZ0LO84ZFA,1
8FA04LOVL,1
FA0FA9L48V,
L9L0FALV0,1
L4LO84988,
L4Z00VL8,1
LLOZLO8LOZ0,1
L00LO8940,1
LZZL0490,1
9V4LFAFA0,1
V940VLO4,1
L94VFA8ZL,
FA0L0LOZZM,
VFAFALOZ0LO,1
LO0ZFA09LO8,1
FA04089FAV,
LZFA0ZZFAV,
ZMZ8FAFA,1
LZ94V984,1
90049409,
L8L4FA4LOV,1
L040FA8LO0,1
LLO0FA98L8,1
LLV8ZVLOZ,1
900409VLO,
L4LO0400Z,1
FA08VFA9ZM,
L898800V,
L000Z9FAFA,1
L40ZVLO9Z,1
LFA4Z908L,1
L4LV04VLO,1
FA0ZM4090,
LFA0ZLL04,
L4Z0LOLLO0,1
L00LO09LV,1
LV8FA8VZ8,1
L0LO004LO0,1
LVL4V0VFA,1
LLO0Z8400,1
900V80V4,
L89VVFAFA4,
LV4LOV49Z,
L89VVFAFA4,
L9040LO00,1
LFA44V48L,
FA0LO84VLOL,
L0LOLL9FALO,1
FA08LO0LOZ4,
FA0LO9Z944,
904V90Z,1
LO00004LV,
Z04ZV84V,1
LVLVLFA9FA,1
900LOFA8LFA,
FA0409040,
V0L4V04V,
908FA9LLO,1
LV4Z0FAV0,
L8LO4FA008,1
L84040L0,1
L8940LOLL,1
L09LO0FALV,1
Z0ZZLO480,
L8L4L004,1
L400ZLOZV,1
FAZ08LOFAL,
FA0809VLOV,
L9L0FALV0,1
FA04Z000LO,
L4FA0ZLO9Z,1
9000ZFAV9,
LZ00LO4,
LLV49ZMZ,
L90L0FALO9,1
900ZZFAFA9,
L4Z90LV8,
LO0LOVLO00FA,
L900094Z,
LLO0LZ9LOZ,1
900ZLO0LO0,
FA04Z4VLOFA,
L9FAVLL,
L4008FA0V,1
LZ00LOLZFA,1
L000V0FAL,1
L8080V88,1
LFAV0LV8LO,1
LFA4Z908L,1
LLO9LOVLO0L,1
L40ZZZZ9,1
LZMLOFA9LO9,1
L8L08ZLO8,1
LVFAZFAFALO8,1
L0LO0FAZZ0,1
900940FALO,
L48FA9LOL8,1
L8LL00LO8,
80044LO08,1
LV8400Z4,
FA048L4,
L9FAFA0000,
L80LLO9LOV,
LVZ8LOL8V,1
LZZLOFA0ZZ,1
L4V9L04L,1
LLO08L4FAFA,1
L0800ZLO9,
FA0FA9800L,
LLOL0L4L8,
L90ZLLFALO,1
LVFA900Z9,1
LLO0Z448V,1
L0VLO0Z9LO,
LFAL9080L,1
LLOLFA0V80,1
LV90FAFAZ9,1
Z000VFALOFA,1
90LL980,
LLO4FA4Z94,
LV009LOFAFA,1
L9FAZL0ZL,1
L84FAZ89LO,1
LLZMVFA08,1
LZ9000VV,1
FA0LO84VLOL,
Z08LZ8LOV,1
L4L0FAVZ0,1
FA0LOFA9008,
L940LOZZM,
LFA0L89Z4,1
L849LOLZ0,1
L80ZLO08Z,1
LZM0FAFA9FA,
LL8LZM4Z,
LV0L0LO00,1
LVLOV8900,1
LVFA0FAZ0L,1
L8L0LZL0,1
FA0Z0VL40,
LLO0ZVVFA0,1
L40ZVLO9Z,1
LL40ZLFA0,
LVZVLOVLV,1
L84LO88LO8,1
900FAZVV8,
LO0V949LFA,1
L4L0Z49V,1
L04009L0,1
90V00VZ,1
900FALOFA49,
FA0LO0LFA0FA,
L8LOFAVLLO9,
FA0ZL00,
L9040V08,1
L80LOV4L0,1
900890VL,
900FALOZ00,
L8FALLO8V0,1
LLOLLO909Z,1
LL490VZLO,
L9LOFA04V8,1
LV44FALO9V,1
LV4FAFAZ04,1
L0804VL0,1
Z084FA9FA8,1
LFAZ400LZ,1
LZVV0LO94,1
FA044FAZFA0,
LFAZ0ZZZFA,1
L0LV0LFA9,1
L9FAZL0ZL,1
LZ4FAZFAZM,1
44098LOFA,1
LLZ0FALO94,1
9009090Z,
LVVLOL9FAZ,1
Z08LZ8LOV,1
LV4ZLOFAFA0,1
LO08LO0LLZ,1
LV0L4V0LO,
L880LFA40,1
FA04L000FA,
L8LO0L9V0,1
9ZLO49VFA,1
LLO0V0LO94,
LZL840LLO,1
LZZ944FA0,
900ZLO0LO9,
L9FA8ZLV8,1
FA0LOV80V0,
Z0LZ000Z,1
L4LOZFA040,1
L4FALOZZ44,1
L840FA0LO9,1
LO4V4LFA4,
Z04Z0009,1
FA09ZZ09LO,
V88VLOZ8,1
Z000VZFAV,1
L8FA0LOL80,
LLLO4LO9LV,1
FA04Z8L80,
900FAFA90L,
LZ9LZLOZLO,1
9000ZMFAZ,
LV90FA40V,1
LV88FAVZV,1
LLO980LO0LO,1
FA0Z98Z04,
L8VZ800V,1
FA0Z088V0,
L8Z9Z0FA0,1
LFA48ZFA8FA,1
FA0V0884V,
L909084FA,
LLO4FAZL0FA,1
L8LVZFAL8,1
LVZMZLOLZ,1
V0L08LOLL,
90L48404,
Z0Z0V40LO,1
LLO0FA98L8,1
L008VZ9FA,
L8ZM8LL0,
900LO4L89,
L909084FA,
V008Z009,1
LV4000,1
LV0FA0FALO9,1
L404FA040,1
L404FA040,1
L4FA04FA4V,1
FA04VLLO0FA,
90LZ04V0,
L908080LO,1
LV9LZLFAL,1
LV0LL000,1
LLZ4LO48Z,1
9000L909,
LLO0Z0FALO0,1
LLV0FA84L,1
FA0LOL90V9,
L00V98VV,1
L9FAFA0000,
LLOFA40FA40,1
FA00LFA9ZV,
L048LO98LO,1
L490VFA00,1
LV498VLFA,1
V00LO09LOFA,
L84Z909L,
L9LOLZ49FA,1
LLOZZL90FA,1
L800L809,
LFA0404Z0,1
LLOZ0400LO,
V88VLOZ8,1
LV0Z4FAFA4,1
LVZ0V0ZLO,1
L840ZV90,1
L94800V8,
LO040ZZV0,1
LVZM4980,
L8LV89VL,
FA0LOVFALO00,
LV0V00FAFA,1
8009084,1
LFALO88L8L,
L8VFA4LO8L,1
FA04FALO48LO,
LLV8ZVLOZ,1
900ZLO0LO9,
LZMLOFA9LO9,1
9V894FALO,1
Z0ZZLO480,
LV0098LO9,1
LLOZFAFA0,
900FA08LO9,
L8FA89FA4Z,1
Z080ZZ0LO,
LZ0489ZM,1
L9FAFAV089,
FA080ZLL4,
LFALOV4ZLO4,
LFA4LO8LOVL,1
L8FAL9Z40,
LVVVFAVZLO,1
FA044FALO89,
FA0LOL0VLO4,
L00VLO0,
900V4ZFA,1
LVFAVFALO,
Z000VZFAV,1
FA0ZM900LO,
LL4ZZ0Z8,
900Z89LOV,
L9V4VZ80,
L49LZ80L,
V008Z09V,1
L94Z0V08,1
LZVVFA0LLO,1
LFA408LO9FA,1
900980Z4,
LL0VLL,1
LLOFA40FA40,1
LFA0LLOVLO4,
L9ZZZZZ4,1
Z0VL000Z,
LLO8LO988V,1
ZMZ8FAFA,1
FA0FA944,
FA0FA944,
L8090LO09,1
L8040044,1
L9V04004,1
LVLFAVVLZ,1
FA0ZZ4LZLO,
Z004LOZZ0,1
LZV9LOFA8LO,1
LLOL0VZ4Z,1
L4LO4FA8FAZ,1
LOFA0FAV9,1
LVL8V9FALO,1
LVZ00004,1
V00FAZ9VLO,1
LL490VZLO,
LLO440VVFA,1
LLO8VL0LOV,1
LV40040LO,
LZ9L8L8L,1
LV88FAVZV,1
LLO904LO0L,
L00ZFA00LO,1
FA0LO080FA0,
L84FA00V0,1
LV009LOFAFA,1
LLV49ZMZ,
L8LLOZFA0L,
L0800ZLO9,
LLO9LZLOZ0,
LFA44V04LO,
L94LZ0Z0,
900480FA4,
LV9V0LZ4,
FA048ZZ0Z,
V0LV0LOFA9,1
LLOVFA044Z,1
FA0VZ89ZLO,
ZVLOZ90L0,
LLO0LO0LO49,1
L90ZLLFALO,1
FA0449FALFA,
FA0VV49LO0,
L8V8VFALOFA,1
900LL4FA0,
L90LOLV0Z,1
LZ0VLOFA09,1
LLO08ZLZ4,1
L80FA0VFA9,1
LV0FA0FALO9,1
L9FAVFA4LO8,1
LLO8909V9,
Z0Z0V40LO,1
L4984ZV0,
9004VV4LO,
LZ0ZFALO8L,
LV90LFA0V,1
900ZLO0LO9,
V00Z4FAL8,1
V0LZ9LFA9,1
LV0Z000Z,1
LL9Z9VFA0,1
L9Z0LOLZL,1
LVLZFA8LO9,1
L0Z9LLO8LO,1
LVFA9LOV44,1
900V0V9FA,
9000FAZ8FA,
L4L9Z0ZFA,1
FA0Z0FA0LO8,
L80L0Z8FA,1
LLO8LOLZZZ,1
90L4V8,
LLOFAFAFAFALO8,1
LL948L94,1
LFAFA49FA94,
LL4L9VFA0,
LOFA0FAV9,1
ZZ80FAZ9FA,1
L0Z0FAVFALO,
FA0ZVL4LV,
L880094L,1
LZ0ZFALO8L,
LLO890Z9FA,1
LLOZ90FA9FA,
L4VLO8ZLL,1
L9LO44890,1
LFAFA4L080,1
LV4FA80VL,
LLOVZ0LOFA4,1
V0LO9Z0FA4,1
ZZFAZVZ0L,
LFALOVL9Z0,1
90LFA9FALO0,
LZ9LV400,
8004Z090,
LL494FALLO,1
L000V0FAL,1
V00Z800L,
FA0LO9V044,
L89004LOZ,1
LL490VZLO,
Z04LOL48Z,
L9Z0LOLZL,1
LLOZZL90FA,1
L88004FA8,1
LV90FA40V,1
L0L490LO0,1
L8000908,1
V0L008LL,1
L008LLVLO,1
L400LO00LO,
LZFAZZZ0L,1
900LOFA8LFA,
LV89FA8FA0,1
FA04LO9ZMFA,
LZMFAVVFA0,1
LV0LFALO8V,1
L90FA0LO0V,
L800V80LO,1
9LOZ0490,1
L04LOZ098,1
9498V0V,
L48ZZFALOZ,1
L8LVLO944,1
LL9Z9VFA0,1
L9L8LLO4LO,
L8VLO049V,1
LVFAFA8Z00,
LVL4VVLLO,1
LLO00FA9V4,
LLO8LO0FAFAFA,1
FA0LO84VFAV,
900FA00LL,
L9Z0LO9LOV,
L4Z49L90,1
LVZMV9Z0,1
L8FAFAFA0LFA,1
L8ZV89L9,
LFALZZFAZM,
L9LL84L4,1
L000ZFA08,1
LLO4VV0L4,1
LLO8VZL4FA,1
LLOFA480Z9,1
L8LZ48FAFA,1
V0LOFA00FA9,1
L9004V8V,
L840ZV90,1
L9LO00LOZ,1
900V0Z44,
L000V0FAL,1
900FAFA0L0,
8004V0V0,
LZLO0498LO,1
LZFA4Z890,1
L8FAZLO0L4,1
L4LV0V0FA,1
8440FA0V,1
ZZZMV8Z0,1
L494FA40FA,1
LZ9LZLOZLO,1
FA04049FA0,
L84LO0040,1
LVFALLOFA04,1
L80VV048,1
FA04FAV449,
L494FA04Z,1
LFA084FA4LO,1
LLOZ88900,
L80FALO000,1
FA0VFAZ809,
LLOZLV8LO9,1
Z0ZMLO0L0,1
L9ZMV04FA,1
L8VLO049V,1
LL494FALLO,1
LZZZ8LOZ0,
FA0VZ48FAFA,
90084FA,
L0LV000Z,
900L0ZFALO,
L90LO9048,1
LVLFAL094,
LV0L4V0LO,
L8LOL4VVLO,
L940FAZ,
FA0L8L90Z,
L9ZFA0904,
FA048FA088,
ZVLO0Z0LV,1
FA0Z44FA84,
V0ZM84L0,1
L8FAZLO0L4,1
LZMLOZ00L,1
V0L80Z8FA,
L888LVZL,
FA0Z4V88FA,
ZVLOZ90L0,
L8FALOVLO09,1
V09LLOFAFAL,1
V008Z009,1
LZ880LLO4,
LZLOZ894FA,
LZ0LO84ZFA,1
LV9ZLO04LO,
L4LLOFAZ00,1
9004ZL90,
LZ880LLO4,
FA0LOVVFA40,
LLO4ZVLV8,
L840ZV90,1
Z0ZMLO0L0,1
L90V0Z4L,1
L94L9L88,1
8ZFAZ8,1
L9090VZLO,
FA0VLOZL0Z,
FA0ZFA80LOL,
90LLO08FA0,
L9L8LLO4LO,
L48ZL90V,1
LV0V44V9,1
L49FA0LOVLO,1
80L48400,1
L8FA04FA40,1
900FA8LOL8,
L40ZZZZ9,1
L480Z8LL,1
FA0V8LLO4Z,
FA0LO849V8,
LV8VZ0Z9,
80090LOLZ,1
80LFA9Z98,
FA0V04V00,
LVL000Z0,1
LZM0FA4V0,1
800480VLO,1
FA0ZZL9LL,
LLO08ZZZZ,1
FA044FAZFA0,
LLO0Z448V,1
LVZ0LO0LO0,
LFA084FA4LO,1
900FAFA0FAV,
LVZFALO9LO9,1
9FA40VV9,
LVL449VFA,
L484LOFA0Z,1
L8090LO09,1
L9Z49890,1
9009FA04L,
L88Z0LFAL,1
LLL8048Z,1
90LZZM0LO,
LV4LOV49Z,
900FA00LL,
L0LZ00FA0,
L400VVFA0,
LV0048Z0,1
LLO9LOVLO0L,1
L000FA00Z,1
FA0V0884V,
FA000ZFA90,
ZZFAZVZ0L,
LZZ8LO00FA,1
900V4880,
FA0ZLO0LOL4,
LZZLFALFA0,1
V940VLO4,1
Z0Z0V40LO,1
L890ZM9V,
L4LO80ZZV,1
LZ0V4FA48,1
V00Z4Z0LO,1
FA04LO80LO4,
L0LZZ44L,1
LLOV8FAZL9,1
ZZLO09LO44,1
LZLOVLOZFAL,
L04LO4988,1
FA0LO09V04,
LVLL0840,1
L0LOLL9FALO,1
Z0VLVL88,1
FA040LOLFA4,
LFA44V04LO,
LLOLFA0V80,1
LLO40ZFAV0,1
FA0Z9ZFAZLO,
FA0FALO9490,
L4LLLZ80,1
FA04Z000LO,
LV4LFAV8FA,
LLOV0LO0LO0,1
L0FA9L40LO,1
L8LO09FA,1
LLO8948V9,1
LFAL0880LO,1
L0LV000Z,
L90ZLLFALO,1
LL80L00LO,1
LZ9Z0LOZFA,1
Z00L88L4,1
LZ9V4FA94,1
L0LO004LO0,1
FA048VZ9Z,
FA0V0VVLO9,
FA04L4LOZV,
LLO04LO08LO,1
LLO489L,1
FA0FA44Z04,
9009LOZLOL,
LV90LOL0Z,1
9008LO0LOL,
Z04FALO448,1
L8FAFA4000,1
L9LOFA9848,
LVVFA8LLO9,1
FA0V0VVLO9,
L0FALOZ0Z9,1
LFAL9080L,1
ZZLOFAFAV0LO,1
FA09VVLOFALO,
L400ZLOZV,1
LVFALLOFA04,1
900VL0ZL,
900LO8V0,1
LFAVZ0V8FA,1
L4LFAFA0Z4,1
L9FA40LL4,
FA0V04984,
L0LZZ84Z,1
9008LO98V,
FA04VVFA0V,
80LZMZZM,1
L8ZLV0LO8,1
L40000Z4,1
900L4ZLO9,
L80FA4VL0,1
L80FA0V9LO,
L9ZVL0,
LFA0404ZFA,1
9LO09L4L,
L4FA0ZM00,1
L9Z494FA9,1
FA009ZLOZZ,
LZMLO8V0V,1
V0004880,1
LZL840LLO,1
Z000FA888,1
LFA084FA4LO,1
ZZ09FAFAFALO,
90LL40V8,
FA08LLOL09,
LVLFAZ40L,1
800480VLO,1
LLOFAZFA40Z,1
LLO9L4Z9L,1
LLLO4LO9LV,1
LV4V088V,
Z04VLOZFAZ,1
LO049004FA,1
L9L40840,1
8008898FA,1
LFAFAZM0Z0,
LLOL0VZ4Z,1
LVVZ44LLO,1
80L48400,1
L90480LLO,
LLO00FAL89,1
LZZL0490,1
Z0FAZ9VL4,
LL80L00LO,1
L88909LO0,1
900048FA0,
L8ZVZ4FA9,1
LZ80FAV04,1
LLOZV448FA,1
LLOLFA8FAVL,1
FA048L4,
900V4LOFA4,
L48Z0808,1
LZ00ZM0Z,1
LZ948080,1
FA08LZZ4FA,
L80FALO000,1
FA0409040,
LO0ZFAV9L4,1
LV0VVLLO8,1
LVLZZ4LO0,
LVL0FAZZFA,1
L4LVZVLOZ,1
FA04Z9LFAL,
LV9Z0Z,1
L84LO0ZLOZ,1
L9FA40LL4,
LZ40LO909,1
L0FALOZ0Z9,1
8L00LO04,1
L4LFAFA0Z4,1
LFALO0V09LO,
L80LO884LO,1
L4FALOZZ44,1
L4LOZFA040,1
LLO0080VFA,
L840ZV90,1
L9VZ8040,1
L8LL8440,1
LVFA4LLO,1
V909L88,
L80ZLO08Z,1
L880LFA40,1
V0L4V04V,
ZVZMLO8LZ,1
L4FALOZZ44,1
FA0V44L,
L8V980LLO,
LVZ480FA4,
L8L0LZFAFA,1
LLOV0LO0LO0,1
LV0VZM08,1
FA0ZLL90FA,
L8FAZ00FAFA,1
Z0LOFAVVFA8,1
L8LO89490,1
LLOZLOLLOZ9,
LFAZLOL4ZV,1
L4009ZM9,1
L94LL00LO,
FA0V04984,
LO0LOZZ89Z,1
900L409FA,
900V00,
900FAFA0L0,
LZ40LO909,1
9000440LO,
L49LO9FAFA4,1
L90ZFA9LZ,
FA0LOZ90Z8,
FA08000LO9,
L4FAFALOFA8LO,1
LV904009,1
LV449008,1
L4LFAFA0Z4,1
LZV49VVLO,1
FA0L9FA804,
8004Z9LZ,1
L8FA89Z48,1
L8V4FALV0,
LZLVFAL00,
L4VZ448Z,1
LZ84ZVL4,1
LZV9L0VV,1
900LZ4FA4,
L4LV04VLO,1
LVL8ZV80,1
FA0440L8L,
LLOFA04LO,
800LLVZ,1
FA0Z98Z04,
FA0ZLOLLO0L,
ZZ80FAZ9FA,1
L8ZZLO004,1
L9FAZ8V0LO,
FA0FAV4L8V,
LFALVV0FAFA,
LZZZLO8LO0,1
L88VFA089,
LZ4ZM444,1
VFAFALOZ0LO,1
LLO00LO00L,1
L80LLFALOZ,
L44ZLOVZV,
LLO4Z9LL4,
LFALOVL9Z0,1
L8LO0VLV4,1
FA0004LFAL,
L00LO8940,1
FA0FA904,
L9000Z0V,
V889LOFAFA,1
L8FA8FA4VL,1
L90V0Z4L,1
LZ90L088,1
9000LO980,
L04L40ZM,
8V044ZFA,1
L0LO0FALOVL,1
L9FAFA80LOFA,1
L0VLO0Z9LO,
LV89FA8FA0,1
LZ0LOFAZFAV,
900FA0884,
LZ409V0FA,1
L4FALVZ00,1
900L4LO00,
LV9LO04LO0,
LFAV4FAVFAL,
FA04FAV449,
9ZLO49VFA,1
Z0FAVL90Z,1
LVLFAVVLZ,1
LL4Z40FA0,1
LVZM9VFALO,1
LZ08VFALO0,1
LZ84V0,1
FA0ZFAFA48Z,
LLL08LO04,1
LLVVFAZ9Z,1
FA0LOV8FA90,
LVVL008L,
FA0ZLL800,
LV0VLO00LO,
LZML4009,1
L80LOLL0L,1
L90LOLV0Z,1
LZ9VZM8L,1
FA0VZ00V8,
V00940LO9,
LLO9Z0Z0Z,
LV0VZM08,1
FA0VV8LZ0,
L49FA4LO48,1
L4988Z,
LVZ0FALO0L,1
LV40LLOZV,1
L84LO0040,1
LO04LZ4LOFA,
L9ZV0L0LO,1
L9ZZLV4L,
LZ4Z0ZZLO,1
LLO9LVFA0FA,
LZLLO0098,1
L0LO8FAL9LO,1
LV08ZLLO9,1
LO0ZZ4V88,1
L89V8088,1
Z0LOZ8Z9FA,1
LV40040LO,
LV40040LO,
LV4408Z8,1
80L90040,1
L000LVLO0,1
LVZL80FA0,1
LVLO0L094,
L888LVZL,
L40FAVVZ4,1
FA0Z4049L,
FA0409LO4V,
LZV88FA89,1
L0VZVZV8,
V0L9VVZ,1
FA04400Z8,
LV0ZL890,1
LZ9000VV,1
FA0ZVL4LV,
90V00VZ,1
FA0V0089LO,
Z0LOVFA0FA8,1
Z00V9ZFALO,1
LV8VVFAFAZ,
ZVZMLO8LZ,1
LFAFAVVFA49,1
L80L9LOV8,
LLOL0L4L8,
LVL000Z0,1
LLO04FA9FALO,1
LZZLO0ZM4,1
800LLOZL8,1
L00LO0VFA9,1
FA0040FA8FA,
ZZLO09VV8,1
LLOFA808L4,1
LZLOVL44FA,1
LL004ZVZ,1
LLO440VVFA,1
L9LO40L48,
LVLOL0VLOFA,1
80LLO9,1
LFAL0V04V,
FA0ZL0LLO4,
L80FA4VL0,1
LO0LO49084,
L00ZFA00LO,1
LL4Z80LO9,
ZVZ4440LO,
L8FA0FALV4,
FA0Z0004FA,
LLO8004,1
FA04000VLO,
FA0V0908LO,
LZLZL0FAFA,1
4L4L4,
LLO84FA00Z,1
ZVLOZ90L0,
LO040ZZV0,1
LLOLFA0008,1
L90LOLV0Z,1
LLOFA009Z0,1
LZ0VLOFA09,1
LZ80FAV04,1
FA0V4048Z,
L0L49000,1
L8LZV8LLO,
FA04FAFA0V9,
L9L04VLO4,
80L80LO0FA,
V009FAFAZ4,1
LZLO80VFA0,1
LZLLFAVZL,1
LV9V894LO,1
L80LOV009,1
LV409V,1
LV49FA0ZV,
L940FA0VL,
L9LOVZFALZ,1
LO04V80Z0,1
LZ00V4V8,1
LVVLO8V80,1
LVLO0LOVFAL,1
LVL0FAZ9FA,1
L49FA4LO48,1
FA0LOZZ0L8,
LV9V0LZ4,
V08400FAV,1
LLOZZL90FA,1
FA0VLV0LO0,
LZ0880,1
LV90V9VL,1
LZM8LO984,1
L8LL00LO8,
LVLLLO4V4,
L9L8L88LO,1
LZVLOVFA84,1
LLO9FA9LO80,1
8LO4LOFA44,1
FA0Z49Z0L,
L80LLO904,1
LZLOFA8FA48,1
LLOV00LLOZ,1
FA0Z0FA0LO8,
ZZ48LO48LO,1
LL9LO4LOL4,1
LZ89FA4VFA,1
LVFA4494LO,1
FA04L8LZFA,
LLOVFA044Z,1
LLO0VV84L,
L9ZLFA0ZZ,
LZLO8VLO,
LFAZLOL4ZV,1
LLOLZZ0FA8,1
LZ0489ZM,1
L9VFAZ4V8,1
LO04LZ4LOFA,
L48L4090,1
8004Z090,
900Z0Z44,
L9044V0LO,1
LZLO8VZMFA,
L8FA88LOFA4,1
9L9VFA9L,1
LLOZLL8ZFA,1
L40VV0FA0,1
LLO0Z98LO0,1
LV9FA0Z0LO,
FA0ZV89LO4,
Z0VLVL88,1
LVLL0ZFA9,1
L89004LOZ,1
FA0VFA4LZLO,
L4L0FAVZ0,1
L9LL84L4,1
L00LO8FA,1
LO08080VL,1
L98LLOZL0,1
LLOLFALOZ40,
LV9FA9000,1
LO0L00LZ0,1
FA0408LZV,
FA0ZLOZZ9V,
L8FALOVLO09,1
LL0VLL,1
FA0FA44Z04,
L48V04V8,1
LL8FA0L09,1
L0LV0LFA9,1
LZ84V0,1
L8LOL0V9L,1
LV840FA0Z,1
Z04ZV84V,1
FA08LLO09FA,
LV4408Z8,1
LZ0LO4V48,1
L00L4ZZZ,1
LVLO84L,1
L9LLL040,1
L0FAZ80LLO,
L80V40ZLO,1
L900ZM04,1
LLVFAFALOL4,1
LZ80V98L,1
LLO4ZVLV8,
ZZZV00ZL,1
FA0Z90FA89,
L88VLL48,1
LFALVV0FAFA,
L4L0VFAZ4,1
FA049L4VFA,
LLO0Z448V,1
LL4Z40FA0,1
900V0V9FA,
LLZ4LO48Z,1
9000LO980,
LZ08VFALO0,1
L90FA044FA,1
LFAV4Z488,1
FA0ZLO0LOL9,
LVL8ZV80,1
LLV49ZMZ,
LLO4LO40FA8,
800FA4ZMLO,1
ZZZV00ZL,1
Z0FAZ9VL4,
FA0Z0VL40,
LZ804LOFAFA,1
LV00L984,1
L9Z4FA800,1
9008LO09L,
LFAFAVVFA49,1
FA0LO0ZVVLO,
900VL044,
L84L98FA4,1
L0LV0LFA9,1
L9LO80LO0LO,1
LV8Z9V8L,1
FA0FA900ZL,
LV0L000Z,1
LZ4VLL4L,1
FA044088L,
L9040LO00,1
FA0LOL90V9,
LZZZLO0,1
FA0FAZ0VFA0,
9008L40L,
LLFALLO00V,1
L8FA84ZLOFA,1
FA048008V,
L0LO0FALOVL,1
LL40ZLFA0,
900FALOL0LO,
90L0044Z,
L008LLVLO,1
L88ZFA94Z,1
LZLVLOLLOZ,
V09FA4FA4FA,
L8ZLO00V9,
FA0LOL9LO9FA,
L904V80L,
L90LOFALVV,1
Z00448FA0,1
LLOFAFA0V,1
L80FA0V9LO,
8LO4LOFA44,1
LV804Z90,
L840FA0LO9,1
FA0FAVLOZFAL,
L9FALLOFALO0,1
L80Z9480,1
LLOZZM8Z0,1
LFAFA49FA94,
L4LVZVLOZ,1
FA04Z4VLOFA,
FA0808LO98,
Z0LOFAVVFA8,1
L0Z0FAVFALO,
LVV089LFA,1
ZMZ8FAFA,1
LZZL0490,1
LO0ZFA09LO8,1
L8ZM8LL0,
LZ08V0L0,1
L8LFA4ZVFA,1
L888LVZL,
L8944VZLO,1
FA0VV8LZ0,
V008VLVFA,
L88VLOZ0L,
V9ZZZZV,
LZLVLOLLOZ,
LFAL9080L,1
LVLO0ZLOZ4,1
9000V9ZM,
L949V488,
Z00V9ZFALO,1
ZZ0FA4Z0V,1
L8VZL0L9,1
L0044FAZ9,
900LOVZVL,
L0L490LO0,1
900VZ890,
FA0LOV00VL,
L8V90ZFALO,1
8LVFAFA0L,1
L84LZL8L,1
L80ZLO0FAFA,
LLO8Z0L0LO,1
LV4800ZM,1
V008VLVFA,
L9LOFA9848,
LZ9VZM8L,1
Z88988,1
VVFAFAZLL,1
L8804940,1
L800ZLO,1
L000FA00Z,1
FA0FA944,
LZ80FAV04,1
V8Z0FAZ0,1
LV0Z4FAFA4,1
L90V889Z,
L8LZ48FAFA,1
LFALFAL8FA4,
FA0VZFA0Z0,
FA0Z0VL40,
FA0Z0VLO90,
9009LO9,
LZ80FAV04,1
LO4V4LFA4,
LLZLO4909,1
L9FAZL0ZL,1
L8ZLO00V9,
FA048984L,
LLO49V44LO,1
LLLO984LOV,1
800V4LL0,1
900ZZMLLO,
LZ9000VV,1
LZM8LO984,1
L8LO89490,1
LFALZ8L0V,1
Z04ZV84V,1
V000L049,
LVLL0ZFA9,1
ZZ0FA4Z0V,1
LO0LLO8909,1
900LLO4ZM,
L9VFAFALO89,1
LLFA404,
L049VL0FA,
LZLVFAVVL,1
LFAFA90080,1
9404VV8,1
L9LO80LO0LO,1
900LLO4ZM,
LL080FA98,1
FA0LO0LOL8V,
L40V9LVZ,1
FA0FA0LZ,
LZVZ0948,1
V04FALO0FAV,1
L84Z9Z9V,
90L04ZZ0,
LLOLZVFAFAFA,1
LZZLO0ZM4,1
L90LO9048,1
LV900FAZ0,
L8080080,1
L8FA89Z48,1
L80VZVLO9,1
L49LZ80L,
LFA40LOFAFALO,1
V00LL9Z8,1
LV9LZLFAL,1
L8L09Z00,
FA0V0FAZ8V,
L4L0908Z,1
LLOVFAFA08FA,1
L9VFAZ4V8,1
V8Z0FAZ0,1
FA0ZLOFAFA94,
LLO0LO0Z89,1
900V09VL,
L9FAVFA4LO8,1
LLOZFAZL9L,1
LLO00FA9V4,
L0Z00LO0LO,1
FA04FA488FA,
LLO0LOV400,1
L88LO0FA0FA,1
FA0FA9LO9LO0,
L4LOZ88LFA,1
LVLVLFA9FA,1
900890LOFA,
Z080ZZ0LO,
L90400LOFA,1
FA0FALOV904,
LZ0VFAV0L,
L8LZ48FAFA,1
LZLOZ894FA,
LO0Z4Z800,
L988LOL0LO,1
90LO0FALOZ,1
FA0V0ZL0FA,
LLLOZZVZ8,
L4LVLOLVLO,1
90LZ04V0,
LFA900904,1
L9LO00LOZ,1
FA04008L8,
LLO0FA888V,1
LV0048Z0,1
9004800Z,
LV8LO4808,1
LVZM4980,
LLOZ4ZMLO9,1
LV00VZLOFA,
L9094888,1
L9L04VLO4,
L9VVV4FA8,
L00VL880,1
LVZ4LOZZL,1
Z000FA888,1
FA0ZMLO9L8,
LZ4Z0ZZLO,1
LFA900904,1
FA0ZZ90ZFA,
LV084FAZ9,
FA0Z44FA84,
FA009ZLOZZ,
L90400LOFA,1
FA0Z00Z98,
FA0Z08ZLOFA,
LV400L,1
ZZ48LO48LO,1
LV00VZLOFA,
FA0LOLV8Z0,
FA0LVFAVLOFA,
LZ8Z880FA,1
FA0ZZFA0ZFA,
LZFAV48LO9,1
FA0LOZ90Z8,
ZZ040408,
FA048ZM80,
L44488V8,1
LLO04LZ,1
LL09Z94L,
L9ZFA0904,
LO0Z9FAFALOFA,
FA0V000FALO,
LZLO04FAL0,1
LLOZ40LO,1
L84ZV9FA0,1
L4LO08VFAZ,
L8V4FALV0,
L84Z909L,
FA0ZFAVLV4,
FA04000VLO,
FA0FA904,
LFA0049VLO,1
L8Z0900L,1
LVLFAZ40L,1
LLLO984LOV,1
LLO9LZLOZ0,
LV9FA9000,1
LZ9V90LO0,
LVFAFAFALV8,1
L8LL8440,1
V0004880,1
L90LO0Z4V,
9000444V,
L80LO0LLV,1
FA0ZZ84FAL,
L8LZV8LLO,
LZL840LLO,1
L9LO9Z9Z0,
ZZZMV8Z0,1
LFAFAZM0Z0,
L8FALVZ84,1
LFA0049VLO,1
LLO9FA0LO9V,1
LLO49V44LO,1
80LVZ084,1
LVLOZ8FALOFA,1
LLOLFA0008,1
LFAZZ0098,
FA0LOZLO08V,
LLOLZFA0LO0,1
L90FA0ZM9,1
FA0Z0L0Z0,
9L4LFA40,1
900040LV,
LV90LFA0V,1
L08Z8LVV,1
L4LLLZ80,1
L09LO0FALV,1
L400LO00LO,
900FA980FA,
LV9V00LLO,1
L0LZ00FA0,
V008V00LO,
FA048L4,
90094L8V,
V00L8084,1
FA04L44ZFA,
L8L89VZ8,
L9FAFAV089,
LVLVFAL80,1
9FAFA408L,1
LZMLOZ00L,1
800FA4ZMLO,1
LLFA404,
FA0Z9Z04FA,
LLOFALOFA9FALO,1
L9VLO94ZLO,1
L80LO0LLV,1
LVLFAL000,1
L800ZL9V,1
LVFAZFAFALO8,1
89LLO0ZLO,1
LO0Z04FA0LO,1
LLFA0449Z,1
900VZZLFA,
LLO8LO988V,1
FA0FA9LOVLFA,
FA0ZVL4LV,
LVV048LLO,1
LLOZLZLO9V,
LO0LOV409Z,1
LO0ZZV890,1
LFA8FA0008,1
LLLO4LLLFA,1
900V4ZFA,1
LO0VLO04LO0,
V008Z009,1
L8940LOLL,1
L9004098,
V0LZ9LFA9,1
LZFA0ZVZZ,1
80LLO9,1
LZ0FA08FA0,1
LVZ4LOZZL,1
L4ZVLOVLOV,1
L8FALVZ84,1
FA0VL9448,
L90LOLLO,1
L08ZMLFA0,
900ZL080,
8FA04LOVL,1
V0ZLOFA8LO4,1
Z04Z0009,1
VFAFALOZ0LO,1
L0LZZ44L,1
LFALOV4ZLO4,
LLO4V4FAL8,
LVL8L000,1
V008Z09V,1
L9ZFAV0FA0,
LZLLFAVZL,1
LO0Z4Z800,
LL8LZM4Z,
FA0ZVZ800,
LLFA0449Z,1
LVZFAVFAFALO,1
LZ9LOV00L,1
LL4Z40FA0,1
L0FAZV444,1
9000FALZ0,
LLO4FAZL0FA,1
FA0FA944,
FA0FALO00V4,
L94Z4VFALO,1
L8FAZLO0L4,1
Z0FA090FA4,
LLO0LZ9LOZ,1
LVVFA800Z,1
L8L0V9VFA,1
FA040LOLFA4,
L0FA9ZL00,1
L4900LV0,1
L9LO0FA8V8,
900VL448,
L04FA0FA0FA,
FA0V00090,
LVFAFALO848,
L9LOFA04V8,1
L84Z909L,
L449ZFA44,1
V88VLOZ8,1
FA04LOZ0ZL,
L9LL84L4,1
L48ZZFALOZ,1
FA0FAV4L8V,
LV4ZV0Z0,1
L88VLOZ0L,
LLOL000LO4,1
8ZFAZ8,1
8ZFA844V,1
LFALO0089LO,
900LOV0LO8,
FA0ZLO080Z,
L8LO0L9V0,1
L4L0908Z,1
80FA0FAFA40,1
L890FA0L9,1
L9VFAFA9V0,
LFA8880VL,
L8V4LOL8FA,1
LZ4L0Z00,
LVZVLOVLV,1
900LVLOL9,
LLO09L490,1
LV8LO4808,1
80L0FA0LO4,1
LVZ480FA4,
L48FALO80Z,1
FA0FA9800L,
FA04L000FA,
FA0480V09,
LLOZLOLLOZ9,
LFA48ZFA8FA,1
L44L8ZZZ,
L80LO884LO,1
L894VLLO0,
LZ00LOLZFA,1
9ZZMFAL4,1
L8LOZLO090,
80LFA4LOLLO,1
L0400ZFAV,1
LVLFAFA9ZM,
L4008FA0V,1
V00Z800L,
900LZLOV4,
90000L00,
LZLLO0098,1
L8LOL0V9L,1
9098FA40,1
LVZLO9VLO0,1
LFALZ8L0V,1
L00LO09LV,1
LZV84ZLOV,1
L80FAV0,1
L800ZL9V,1
L000V9FAFA,1
LLV4LV4V,
L8ZLOFAFA4LO,1
LFA009FAL8,1
Z0FAVL90Z,1
8V4VZZ0,1
90048LLOL,
L8FA84ZLOFA,1
L9ZV0L0LO,1
LZVVFA0LLO,1
LVVLO8V80,1
L9L00ZVLO,
LL080FA98,1
LLVLZFA0LO,1
LLLO4LO9LV,1
FA0VZLO90V,
LFALO88L8L,
LZ9ZLOZ9L,1
L90LO0Z4V,
L8LOZLO090,
L49V4LO44,1
LZ0ZM094,1
FA0FA9LO9LO0,
L8940LOLL,1
LZ0LO84ZFA,1
FA048ZM80,
LLOV8ZZ00,1
LFA0LLO00FA,1
Z0LZ000Z,1
FA08ZM40LO,
FA0ZLOVFA08,
LLOLFAFA09Z,1
LLO8909V9,
9004ZZMZ,
LVLLOLL9Z,1
L4FA09ZZV,
LV90Z084,1
LLO000LO0L,1
L8LO90LO40,1
LZ404V0L,1
LLOFA0Z00LO,1
LV4049,
LV848ZVLO,
LVZZMZMFA,1
L9LO80LO0LO,1
L9LOLZ49FA,1
LVFA0LOZ88,1
LV0ZL890,1
L8FA09V04,1
LV840FA0Z,1
LLO0Z98LO0,1
LZ8890ZV,1
800VVLZL,1
LV4ZLOFAFA0,1
L49408ZFA,1
L8ZL0V,
L9LO9Z00Z,1
L9VLOV808,1
LLOVLO0LLO0,1
LL8FA00VV,1
L08894LZ,1
L4LVZVLOZ,1
FA0LOFAVZ4FA,
FA0ZLO8ZZFA,
L8Z9Z0FA0,1
L8L08ZLO8,1
FA0480FALOL,
L8LOL4VVLO,
LO0ZLLOVL4,
LZLO8VZMFA,
LLO440ZZM,1
FA0LOL40V0,
LLOZ9V4FAV,1
FA04VV9V0,
L4009ZM9,1
L49FA0FAFA0,1
L900890LO,
L9LVLOZ0Z,1
800VLV0LO,
LLO8L80LLO,
LV80LLFAL,
90L48VFA8,
FA0LO0ZVVLO,
L8000908,1
FA0LO09ZLOL,
LVFA0Z89LO,1
LV4FA80VL,
L80LOVVZFA,1
LZ9FA90FA4,1
LV0L4LO0LO,1
LLOVL804L,1
L80L0L9L,1
FA04FALO0VLO,
L4FAFALOFA8LO,1
V04V0LOFA8,1
8ZMV4,
V848VLL,1
LL9808LO4,1
FA0L9FA804,
L8FAFA4000,1
8404FA4L,1
LLOV48848,1
L8FA0V8LOZ,
L48FALO80Z,1
VLOFA8VFALO,1
L908080LO,1
L9FAFAFA9Z0,
L8LLO08L0,1
LLOV9FAFAFA9,1
Z0ZFAV0Z8,1
LLO4V4FAL8,
L90LO4V40,1
L8000908,1
L9L844,
LLV0FA84L,1
90048LLOL,
Z0FAV9Z,1
V04V0LOFA8,1
L80FAFA0FA0,1
90L0448FA,
FA0FA489Z0,
LVLVFAL80,1
LO0L00LZ0,1
V00Z9L0Z,1
LLO8908Z9,
9LOZ0490,1
FA0Z40Z8V,
L4L0VL49,1
LFALOLZZ0LO,1
9009FA04L,
V00Z4FAL8,1
FA0ZZ84FAL,
L0LV000Z,
L0LZ00FA0,
L4FA04FA4V,1
LZLOLLO4FA0,1
8404FA4L,1
L9Z494FA9,1
L80048FAV,1
FA0LOL40V0,
94LZ000,
L9V8L049,
VFAVLO0LOFA,1
LFA0LLO00FA,1
LZLO9LV0Z,1
LZ0FAFA8ZZ,1
Z88988,1
LLOVZ0LOFA4,1
LZVLOVFA84,1
LVZLO9VLO0,1
LLOZV4000,
L08FALO8ZLO,1
LZ800LOL0,1
8FA04LOVL,1
LVLFAFA9ZM,
LLO00LO00L,1
LZMFA8L,1
LVFAZ44,
LZ9LOLLFAL,
LLO0LO9Z04,1
L0L8090Z,1
LLO0FA888V,1
L090ZFAZ4,1
LLO0LOVLO8Z,1
Z08LZ8LOV,1
FA089080LO,
8440FA0V,1
LLO0LZ9LOZ,1
LLOFAFAFAFALO8,1
LL4L9VFA0,
800LLOZL8,1
LLOFA0049FA,1
FA0FAV9048,
ZVZ98Z49,
L9LLL8VFA,1
L8FA89Z48,1
FA0FAL0000,
FA0LO849V8,
FA0LO08FAZ4,
80LFALVVL,
LLO4VV0L4,1
80FA0FA08,
800V4LL0,1
L94800V8,
LLO8Z0L0LO,1
L08LO8L,1
LLOVLOL4LLO,1
LLOVLOL4LLO,1
FA0Z4V004,
L9FALLOFALO0,1
LZZLOFA0ZZ,1
900FALOFA49,
LLLOZZVZ8,
L00LV00L,
LLOZLL8ZFA,1
FA0440Z0LO,
L0LV9LLO0,
L8V4FALV0,
LVLLO8L0FA,1
L00LO0VFA9,1
L80VZVLO9,1
FA0FAL0000,
LZMLOFA9LO9,1
LV90VV0V,1
84009LO9,1
LV9FA9000,1
L8LOZZM8L,
Z00V09VFA,1
LFALFAL8FA4,
ZZLO09VV8,1
L800FAFA40,
L94ZLFA4V,1
LFAFA94L4V,1
Z00V09VFA,1
L0FA9ZL00,1
FA0VLO4LOL0,
LVVLO8V80,1
LZZL0490,1
LV09049Z,
L8LO8V4FA0,1
LFA844FA00,1
L9FAL0L04,1
LZ0489ZM,1
FA0Z89004,
L0ZLO48,1
80L8Z4FALO,
LV0098LO9,1
L9LLL040,1
90L4V8,
L800L4V4,1
900LOVZVL,
L4VLO8ZLL,1
L4FALOZZ44,1
L8FAZ00FAFA,1
L494Z4VLO,1
L8FA4FAZZL,1
L9LOLZ49FA,1
LZV9L0VV,1
LLOFA0Z00LO,1
FA04444Z0,
L0LZZ44L,1
L49FA0FAFA0,1
LV40009Z,1
L0L49000,1
900LO4L89,
LVLOL98LV,1
80LFALFAFAV,
LZV804,1
LZ9FA90FA4,1
LZZMZM09,
L00VL880,1
L890L880,
L8VFA4LO8L,1
L8VFA4LO8L,1
L8FAFALLL0,1
LZMLO4098,1
V800ZL4,1
V800ZL4,1
FA0480FALOL,
L0FA9L40LO,1
LZFA9LZL0,1
L4L0VL49,1
9V4LFAFA0,1
LLOZLV8LO9,1
L4LOZ9VLO0,1
LVFA4Z4FA8,
LZ804LOFAFA,1
L449ZFA44,1
FA0449V89,
L90FA408L,1
L48ZZFALOZ,1
LVLO98LO,
LZZLO0ZM4,1
LV9ZLO04LO,
LVZFAVFAFALO,1
FA04V0FAFAFA,
L090L44LO,1
L8FAL0004,
L4L0FAFA0L,1
V000LV90,
LLOZ00848,1
LLFA00000,1
FA0LO0ZL4Z,
L0FAZV444,1
LLOFA009Z0,1
LLO09L490,1
L480Z9FA0,1
LZMLO4098,1
L8080V88,1
LZMLOLL4LO,1
LZ0LO8FALOFA,1
LL9Z8V40,1
LLO80LFA0L,1
L94ZLFA4V,1
L800L4V4,1
L8ZLOZ8V0,1
L880LO8L8,
FA048V9FA0,
L9VFAZ4V8,1
LZ9LZLOZLO,1
Z0LOLLO0VLO,1
900LOV0LO8,
L9LO9Z00Z,1
8040984,1
LV4FAFAZ04,1
L840LLFAFA,
L9FALO98ZFA,
V0L9VVZ,1
LZLOFA0880,1
FA0L0LOZZM,
FA09L80VLO,
LV9LOLL90,1
9000440LO,
LZLLO0ZM4,1
Z000FA888,1
L94L9L88,1
L8FAFA4000,1
900V89VFA,
L98FA84,1
LV9LO9098,
LVVFA800Z,1
LLO4LFALO4FA,1
L8LO0VLV4,1
L49FA0LOVLO,1
LZVFA0LO0FA,
Z0VL000Z,
L9FALO0FA,
L88VFA089,
FA0LOZ0Z04,
LV4V088V,
L48LOLFA9L,1
L90LO0Z4V,
FA0ZLVLL4,
LL0LOL94Z,1
LO0ZLLOVL4,
LLO8LO0FAFAFA,1
LO04L48VLO,
L8880L,
FA0FAV04Z4,
L8LOZLO090,
L84LO0ZLOZ,1
900Z89FAFA,
LFAFALO0L8Z,1
Z00V9ZFALO,1
LLOFA808L4,1
FA0V8ZM00,
9404VV8,1
900009Z0,
Z0VL000Z,
LO0LOL9044,1
L800VLOL0,1
FA0ZLO9Z80,
LZFAZVVL9,1
L9VFAFALO89,1
L0FA0Z0LO8,1
L8LL8440,1
LFA4ZZL00,
LLO0LOV400,1
LZMLOLL4LO,1
90004Z8V,
L89004LOZ,1
LLO04FA9FALO,1
L8LVLO944,1
LVFA9FA0LOL,1
L890FA0L9,1
L80V40ZLO,1
L9FA8V0L0,1
FA0ZFA9884,
LLO49V44LO,1
FA00LLL0FA,
L84L0440,1
9004FAL89,
LVZL0908,1
LZLOLFA00L,1
900988V4,
L8LO09FA,1
Z0ZMZ0FAFA,1
9004FA4V0,
L90LO4V40,1
L04009L0,1
L8V90ZFALO,1
L8L88VFAZ,1
L80L0Z8FA,1
LVLO0L094,
L8LO9LVZZ,
LL49LZLFA,1
L8VL809FA,
L8LO9LVZZ,
LV9V9L9V,1
9000V9ZM,
LV904009,1
90LL40V8,
LFA4084V9,1
LZ9LLLFA0,
FA0ZL48LFA,
LV0L4V0LO,
LFA44V48L,
L4LO4FA8FAZ,1
L8VZL0L9,1
LZ404FALO9,1
FA0ZVZFALFA,
L940FA0VL,
FA0Z0004FA,
LZ0VFAV0L,
L900L0ZZ,1
LVFA900Z9,1
L8LLVL4FA,1
L9L04VLO4,
LZVVLOV00,1
ZVZMLO8LZ,1
LLVVFAZ9Z,1
L80LOLL0L,1
FA0VFA8FA4Z,
L4FA09ZZV,
L8FA0FA49LO,
LLZZM0,1
FA0Z0LL4Z,
LZL80LO00,1
LV4VZ808,1
L48FA9LOL8,1
L4LO0400Z,1
FA044088L,
8V044ZFA,1
FA0Z0FA0LO8,
L4LV04VLO,1
FA0VVZM84,
FA0Z4ZZFAL,
LO0Z9FAFALOFA,
FA0LO08FAZ4,
LV409V,1
9008LO09L,
L8080080,1
4L4L4,
90LFALOZV0,
LV9ZLO04LO,
LVZZLO40Z,1
FA0ZLO8ZZFA,
LV909VV4,1
FA0LO0ZVVLO,
LVZ480FA4,
FA049V9ZZ,
L494Z4VLO,1
LLOL04FAV0,1
L8Z84LLO4,1
LL40Z800,1
LO0L00LZ0,1
ZZFALO000V,
Z0ZFAV0Z8,1
FA049L4VFA,
LLOV09L,
L8L89VZ8,
LZFAZVVL9,1
L844LO4Z0,1
ZVZLZVZ0,1
LV9Z9FA84,
LL09Z94L,
LZLVLOLLOZ,
900FA08LO9,
LZLO8VZMFA,
L89V8088,1
9000V04FA,
L8LVLO944,1
FA090409L,
LO0Z04FA0LO,1
LZZ9FA04V,
FA0449V89,
84009LO9,1
LLOZLV8LO9,1
VFAVLO0LOFA,1
L4FA900LO8,1
V0LV0LOFA9,1
90LLLLOFAL,
FA0VFA8FA4Z,
L80ZLO08Z,1
LZFAVFA09FA,1
900480FA4,
LV09049Z,
L408FAFA9Z,1
FA08FALZ9LO,
LFA09V8FALO,1
FA0ZVZ800,
LFALO48FAZ8,
LLO8FALOFA0,1
LVLOFA9000,1
L4LO84988,
LFA0L9V0,
LLO40ZFAV0,1
LL8LOFAZVLO,
L80L0L9L,1
LO0VFA90FA0,1
L894VV08,1
9008Z8VV,
LO0LO4VLO0V,
L84Z0LLFA,1
LZMFAVVFA0,1
90VLOL8FA,1
FA0VVFALO8Z,
L8Z84LLO4,1
L9Z09Z00,
900980Z4,
L4L0FAFA0L,1
90L80989,
8FA909LO0,1
L88LO0FA0FA,1
LLOVLO0LLO0,1
LLOVLO0LLO0,1
FA0V8Z498,
L8LO400Z9,1
L0LFAFAFA4LO,1
FA0FAV9048,
L8L09FA8V,1
FA0LO0ZL4Z,
L0Z88L9LO,1
FA0Z488L0,
LZ90L088,1
L4V04V49,1
LLZVFAZZM,1
80LL0FAVV,
LO0LO0FAL4LO,1
LVL0LO008,
L80FAFA0FA0,1
L4ZFAL0V8,1
FA0FA8FA0VZ,
L9ZLFA0ZZ,
L8LLOZFA0L,
L9040V08,1
LLLOZZVZ8,
L9Z494FA9,1
LVLO0ZLOZ4,1
LV88V844,1
L9408448,1
LZ08V0L0,1
ZZZ00040,1
LLLLLOL00,1
90LLO08FA0,
L84ZV9FA0,1
900L4LO00,
LZZZLO8LO0,1
ZZZMV8Z0,1
LZV88FA89,1
LLOLZZ0FA8,1
9ZVZLO,
L84FA9LV4,
FA04ZZ9FA4,
84009LO9,1
L4LOZ9VLO0,1
LFAFAZM0Z0,
LV8LOZ4LLO,1
8ZMV4,
LZ9FAVLFAZ,1
LFALOZLOFAL4,
FA0908V09,
FA0VVFALO8Z,
L988LOL0LO,1
L4088FA9LO,1
FA0ZFA8VVV,
9000FAVFAZ,
L9809LOL8,1
LLO0L0FAZ0,
L0L490LO0,1
L9ZFA0904,
FA09LO0FAFAFA,
LZ0V4FA48,1
FA0ZLL800,
L80Z9480,1
VL440VV,1
LLOV0LO0LO0,1
90LLO08FA0,
L94LL00LO,
LV4ZLOFAFA0,1
LZ9LOV00L,1
L890VVLZ,
L8L04488,1
LV0LL000,1
Z0FAVL90Z,1
L40Z9L00,1
L90LOLV0Z,1
LV08ZLLO9,1
LV0LO840LO,1
LZL49000,1
900048FA0,
LZL49000,1
LZ8VV800,
L80FAV0,1
LLFALO4ZLV,
90080FA84,
L0VFA9LO9L,1
FA0440L8L,
FA04Z8L80,
L00V90LV,1
LV4LLOLLFA,1
LVZ0FALO0L,1
L0LV000Z,
8ZFA844V,1
80L90040,1
FA04LO9ZMFA,
LV90VV0V,1
LZ0FALLOZZ,1
L404008LO,1
9000FAZ9FA,
LVVLLL4FA,
LL8FAVV8FA,1
90LLLLOFAL,
FA048084Z,
LL080FA98,1
V0Z8LO94,1
FA0LOV8FA90,
L9ZL44LO8,
LLV00VZ0,1
L8L804VFA,1
FA0449FALFA,
L0Z0ZFA48,
FA0LOV00VL,
L000FA00Z,1
FA0VZ4LO0LO,
LLO0Z0FALO0,1
80LL0FAVV,
LVFA4LLO,1
V0Z8LO94,1
FA0VV849V,
LO0ZFA0LOVV,
LFA0FALFA80,1
L90FA044FA,1
LV90V9VL,1
LFAV4Z488,1
9008V000,
900480FA4,
900808,
LZFAZFAZZ8,1
LOFA0FAV9,1
LV0ZMVLOV,1
LLOLLO909Z,1
LZ0949V0,
L8Z0LOVV0,
ZVZ8V890,1
LVZFA0LOZ0,1
L8FAFA4000,1
LVV0V08Z,1
LZZV989L,1
L84L0440,1
Z0ZFAV0Z8,1
L40ZZZZ9,1
L408049V,1
L80LLO904,1
LLOL40FA,
LO0LL0LOZ9,1
LFA4V4V,1
800V8LFA8,1
Z00VZ84FA,
L9LO0L48L,
L8000LOZV,
LLOZL4VZV,1
L48LOVLFAFA,1
FA0FAV04Z4,
LV8LO490LO,
LL8FA00VV,1
L8L09FA8V,1
8008898FA,1
L8L88VFAZ,1
LVV9ZL0LO,
L8LLOZFA0L,
9008LO09L,
LLO8L80LLO,
FA080FAV8FA,
LL088809,
Z0VLVL88,1
LLOLZVFAFAFA,1
LLO04LZ,1
L8080080,1
L48FA9LOL8,1
L84LOLFA44,
LLZZM0,1
LO0LO0LLO09,
LV89L40LO,
L908VLFA4,1
LVFAZFAFALO8,1
LZ0V4FA48,1
L000V9FAFA,1
FA0VZZ9ZL,
LZ9VZM8L,1
LLOLLO909Z,1
L090V4LO4,1
V0L004VV,1
L4ZFAL8LO4,1
FA04FAV449,
LO0LO4VLO0V,
L8FA0FALV4,
LZMLOL80LO,1
LV9V9L9V,1
ZZ0FA4Z0V,1
800ZV00,1
LZ4LO0LOV8,1
LVLL0840,1
LLO00LO00L,1
LLOVFA80FA0,
L8LO90LO40,1
FA0V0908LO,
LV00L984,1
FA044FALO89,
L4L0VFAZ4,1
LO0VLO04LO0,
LZ008494,1
L9VLOV808,1
L8L8Z4Z4,
Z048ZL,1
L94Z4VFALO,1
L8880VLL,
FA0Z488L0,
LZ4FAZFAZM,1
FA0FA9LOVLFA,
LZL49000,1
Z04VLOZFAZ,1
LFAFA9ZM,
LLO0V0LO94,
9V894FALO,1
L9LO9Z9Z0,
800004V8,
9L4LFA40,1
L48LOLFA9L,1
L888LVZL,
Z0FA090FA4,
V009FAFAZ4,1
L9040LO00,1
FA0Z88980,
L480Z9FA0,1
LVZ480FA4,
LLO9LO0FAFAFA,1
L8804FA0FA,
L840FA0LO9,1
L4V9L04L,1
L0400ZFAV,1
LLO980LO0LO,1
LZLO9LV0Z,1
LLOZ90FA9FA,
L9ZLOL00V,1
LVZ8LOL8V,1
LZ4VLL4L,1
LFAV4FAVFAL,
LVLLOLL9Z,1
L9ZVFA00L,
L9Z00LFAZ,
9ZZMFAL4,1
L004LO8,
L8Z0ZFA8V,1
8040984,1
L898800V,
90L4800Z,
LL490VZLO,
LV0L000Z,1
L0LZZVLLO,1
LV8LO4808,1
LLO4FAZL0FA,1
FA0ZV8FALO9,
LFAFA49FA94,
LZ0ZZ80FA,1
FA0400840,
LLO9089VL,
FA0FAV9048,
LZLO0498LO,1
FA0Z09LO08,
LZLOZZ988,1
80LFALFAFAV,
L9L40840,1
L8L09FA8V,1
LVFAZFAFALO8,1
FA0VVZM84,
LLOFA8Z8L4,1
FA0FA8Z409,
FA0ZML00V,
LL948L94,1
FA0ZFAVLV4,
9LO09L4L,
FA040Z4LO8,
L88FA00LZ,1
L9FA4V9LO0,1
L8L44Z84,
L8090Z0L,1
LZ0LO8FALOFA,1
L9L0FALV0,1
LZ9VFALOFAZ,1
90090VL4,
L4FA09ZZV,
LZ84V0,1
LLO40ZVLO8,1
LZ404FALO9,1
L408049V,1
LV9Z0Z,1
L8LL00LO8,
LZ00ZM0Z,1
FA04L4LOZV,
8L00LO04,1
FA00LZ04LO,
L9Z4FA800,1
LLOVFA80FA0,
FA0VZLO480,
LLOV8ZZ00,1
LZLZL0FAFA,1
LVL000Z0,1
LLO00LV9L,1
L88909LO0,1
LFAZ0ZZZFA,1
LLO940VV0,
900FAFA0L0,
LZ09Z4ZFA,
FA0Z4ZZFAL,
LO0LOVLO00FA,
LVVFA800Z,1
80FA0FAFA40,1
V88VLOZ8,1
V0LV0LOFA9,1
FA0LOZ9840,
LLO9Z0Z0Z,
L9ZVL0,
FA0ZV9ZL8,
LLOFAL0LO04,1
L8FAFAFA0LFA,1
L9LOZ808L,1
80080V,
8009FAZFA9,
L00LLLOL4,1
L8L09Z00,
L40FAV9Z9,1
LL0Z808LO,
L98Z0L0LO,1
FA0ZMZLFA0,
LVL0FAZZFA,1
LZ00LZFA4,
90VLOL8FA,1
Z0888L00,1
L4L0FAVZ0,1
L4088FA9LO,1
V0880V40,
L4Z4FA900,
L9LO0FA8V8,
LZM80LOVZ,1
L9ZVFA00L,
L4LO84988,
Z00VZ84FA,
LL04V8,
LFA0L9V0,
FA0FA8FA0VZ,
900009,
V00FAZ9VLO,1
8009FAZFA9,
LZVV8ZVZ,1
LV8894LOZ,1
LLOLFAFA09Z,1
LV90FAFAZ9,1
FA0ZL9ZVL,
L90LOLLO,1
LLO00FA9V4,
800LLVZ,1
LL04V8,
LV80ZLL9,1
9009090Z,
L890VVLZ,
LZ04LO4VZ,1
FA0LOL9LO9FA,
LLOFA0Z00LO,1
LLOV0Z9LO9,1
FA0ZFAFA90V,
L90L0ZL9,1
LLO8LOLZZZ,1
LZLO04LO,1
L44LO90FA0,1
LVZ0L0V0,
FA0Z0LL4Z,
FA0LLO0ZM9,
L48Z0808,1
LZFAL0FA0LO,1
89LLO0ZLO,1
L4ZFAVL48,1
LVV089LFA,1
L40V9LVZ,1
LZ0ZV8V0,1
LZVLOVFA84,1
90L4V8,
LL4L9VFA0,
L89004LOZ,1
V009FAFAZ4,1
90084FA,
LVL000Z0,1
LLL8048Z,1
L000V9FAFA,1
LFA0FALFA80,1
LVFA0Z89LO,1
FA0V00LOL0,
L494Z4VLO,1
FA0ZLO90VFA,
FA0Z088V0,
L4VZ448Z,1
V008V00LO,
LVZM0000,1
L8VLOL0LFA,
L0LOVL9LL,1
LZ0FALLOZZ,1
LO0LOLLOZZ0,
L80LO0LLV,1
L8LFAFA0Z0,
900FA0000,
LV0ZMVLOV,1
L8LO8LVVL,1
FA0V9Z0,
L9L009FA0,
LL088809,
L40ZM4LZ,1
L8FA8FA4VL,1
LO88VV,1
LVFA000FAFA,1
LFAL0880LO,1
LZ9LO9LOFA4,1
Z009L8LOZ,1
LVL4V0VFA,1
LV840FA0Z,1
LLZMVFA08,1
LVFA4494LO,1
LVFA4494LO,1
FA000FALO0V,
L80LOVZ8FA,
L8V0LFA0Z,1
L4FA0ZLO9Z,1
Z0ZMZ0FAFA,1
80LLO4Z0L,1
L8FAZ00FAFA,1
LLO8FAZFAVFA,1
8LVFAFA0L,1
FA00LVLOFAL,
L8Z0900L,1
LL9Z8V40,1
FA048FA088,
L094LOVLFA,
L8Z4FAV00,
LZLO8VZMFA,
ZZLOV9LOL0,
90LZLZ00,
L808LO444,
8LO40FALO0,
LV90LOL0Z,1
ZZLOFAFAV0LO,1
LFALZ8L0V,1
LLLO4LO9LV,1
80LL0FAVV,
V0L4V04V,
LV909VV4,1
L8LOZZ8L9,1
LZMLO8V0V,1
L8VL809FA,
LZ9Z0LOZFA,1
L09FA0LOZFA,1
LVZMV9Z0,1
L8LO9LVZZ,
V909L88,
L84LO0040,1
L489ZLO40,
L9FAFA09ZL,
L894VV08,1
LZ8808V9,1
L084LO809,1
FA0ZZ90ZFA,
LLOVLO80FA9,1
ZZVLOFALO9LO,
L00FA9LOFAL,1
LFA0L89Z4,1
V00080FA9,
L0FAV9FA09,1
LL48040V,1
LZML4009,1
FA04FA0VLO0,
FA04FA0VLO0,
LV8VZ0Z9,
FA048090V,
LLOZ88900,
LLOV48848,1
L9Z09Z00,
L94Z4VFALO,1
L9Z494FA9,1
LLO9LOVLO0L,1
LZFA0ZZFAV,
9098FA40,1
L8LVZFAL8,1
LVLOFA8V,1
LZ9Z0LOZFA,1
LV00L984,1
LLOVZ940LO,1
LZZ9FA04V,
900VLO8FAL,
LFA4LO8LOVL,1
L8Z9Z0FA0,1
LVZMZLOLZ,1
LLOLZFA0LO0,1
LV89L40LO,
LV400L,1
L408049V,1
LV8FA8VZ8,1
LFAV0LV8LO,1
L0FAZ044V,
L0ZLL0Z9,1
L8LO0L9V0,1
FA0VLO4LOL0,
L0LOVL9LL,1
FA0FA8V0FAV,
FA04FA0VLO0,
L40VV0FA0,1
FA0FALO9490,
L9Z0LOLZL,1
L9004098,
LLO8908Z9,
L80ZLO0FAFA,
LLOL00ZLOZ,
LZM0FAFA9FA,
LZMLO4098,1
L84FAZ89LO,1
Z84Z,1
900800V0,
LLVVV00L,1
L9Z49890,1
LFA0LLO00FA,1
FA0LOZ0FALL,
FA0ZFA9884,
FAZ08LOFAL,
90LFA8LOL9,
L49LLZ84,1
LFA40LOFAFALO,1
FA040ZVZL,
L4LOZ9VLO0,1
LLOZZ9844,
800L8FA8,1
LVZ0894L,
L90ZMV84,
LO04FAFA4Z0,1
LZ0949V0,
LVLOVVFALO0,
LLFA0449Z,1
FA0ZMZLFA0,
LZ00V4V8,1
L9ZVFA00L,
LV0LFALO8V,1
L4L0VL49,1
L4088FA9LO,1
LL44000LO,1
L8VLO049V,1
LVVFA404LO,1
LFA940Z0V,1
LZZV989L,1
LFA8FA0008,1
L9FA00VLOV,
L08VVL04,
LV0FA444L,1
FA0LOZFAV9Z,
LLO9FA9LO80,1
800V4LL0,1
LV40009Z,1
LFA9FA09V8,1
L4L4LFAL8,1
L40FAVVZ4,1
L9LOZ89V0,1
LLOLLL44V,1
L48LOVLFAFA,1
FA044FALO89,
LZFAL0FA0LO,1
L8LO89490,1
LZ0ZV8V0,1
FA0Z00090,
900L4ZLO9,
LZ0FA4V49,1
LO0LO49084,
9009L4Z8,
L4LVLOLVLO,1
FA0444LZ4,
LL49L40L,
LLOFA009Z0,1
FA044088L,
90L009FA8,
L9LOV8V8LO,1
FA0VLOVZ04,
LV0LO840LO,1
LV90FAFAZ9,1
LFAFA9VL8LO,1
LLO08LO8FAL,1
V04FALO0FAV,1
FA0LO9Z944,
LZ89FA4VFA,1
FA00LVLOFAL,
FA0LVFAVLOFA,
LVLFAZ40L,1
LV0LOVZFAFA,
LO0LL0LOZ9,1
FA04Z9LFAL,
L9FA00040,
LZLVFAVVL,1
9000FAVFAZ,
900LO0080,
8009FAZFA9,
L0FAV9FA09,1
FA0449V89,
900ZLO0FAL,
V00LL9Z8,1
LV0Z0ZV4,
LFA00VL0Z,
LVZV0V0Z,1
LLO0Z900V,1
L00FA9LOFAL,1
LZMLVFA0Z,1
Z0FAV9Z,1
L9ZZZZZ4,1
V0L80Z8FA,
LLO844V4V,1
L4FAFALOFA8LO,1
L8LO8V4FA0,1
L8V0088Z,
V0LO9Z0FA4,1
L00FA9L0Z,1
L4FAVV008,
L9ZFA0ZFA0,1
LO0LOLLOZZ0,
LZ0FA4V49,1
FA0909LOV4,
V0V4Z0FAV,1
L0LZZ84Z,1
L9L40840,1
FA0V0089LO,
L4Z0LOLLO0,1
L9Z0V9FA4,
LV9V894LO,1
V0L08LOLL,
LVZM0000,1
LO0ZLZLO80,1
V0Z0Z449,1
LFA0049VLO,1
LVLVFAL80,1
LVFA9FA0LOL,1
LLOZV4000,
L0Z9LLO8LO,1
LLOV00LLOZ,1
LLO8VL0LOV,1
FA0409LO4V,
LVLO8LLO8FA,
LVLOFA8LO09,1
L80FA0VFA9,1
LLOLZFALOZV,1
9FA4L808,1
FA0Z9ZFAZLO,
L40000Z4,1
LVFA9LOV44,1
L08VVL04,
LZMLOFAVVL,1
L90L08FALO,1
LVL8V9FALO,1
L4FA0L094,1
FAZ08LOFAL,
L4L80FALZ,1
LV0Z0ZV4,
L848LLO80,
LFAV0LV8LO,1
90LZLO00LO,
LLOVZV80L,1
L4FALO4048,1
LLO08L4FAFA,1
LLOVFAFA08FA,1
LVZFAVFAFALO,1
V00Z4Z0LO,1
L4L9Z0ZFA,1
LFA4Z908L,1
L9LOVZZ8FA,1
L4LOZFA040,1
FA09FALO9LOV,
V09FA4FA4FA,
FA049V9ZZ,
9009LO4,
L9FAFA0000,
LLOV0Z9LO9,1
L9Z4FA800,1
LLOV00LLOZ,1
L8LO4FA008,1
LLLO4LLLFA,1
FA000LOV84,
LV90Z084,1
LZ0ZV8V0,1
L8FA8L4Z9,1
LZ0489ZM,1
LO04FAFA4Z0,1
LLOVV0ZLZ,
LZML0Z80,1
L90400LOFA,1
L9LO0LVL0,1
LV009LOFAFA,1
L4LO4FA8FAZ,1
900L0ZFALO,
Z0LOZ8Z9FA,1
900V4LOVL,
LZLO8VLO,
V0V4Z0FAV,1
LO0LO0LLO09,
LV9LO04LO0,
FA0Z4V88FA,
Z08Z9VLOFA,
LV8LO490LO,
L80FA0VFA9,1
L44ZLOVZV,
FA0VL9448,
LZV9LOFA8LO,1
L00V90LV,1
LVFA4Z4FA8,
LLOL0FA4LL,1
LLOL000LO4,1
FA0490884,
L8VLO8ZLOFA,
84VLOVV9,
LV4000,1
FA0Z0VLO90,
LVV890LL,1
FA00LVLOFAL,
800LLOZL8,1
L88909LO0,1
LLL4Z904,
LLOVLOL4LLO,1
LO0LO0LLO09,
LZZMZM09,
L80LFAFAZZ,1
LLO00FAL89,1
900LO0FA4LO,
900FALL09,
LL80ZMV9,
LLO04LO08LO,1
LLV0FALV4,
L444L00V,1
LV90LZMZ,1
L9FA40LL4,
LZ9FAVLFAZ,1
L4FA900LO8,1
LV9V00LLO,1
LV9V0LZ4,
LZ9LLLFA0,
800VVLZL,1
LZFALO0904,1
Z000VZFAV,1
FA0LO09ZLOL,
L9VFAFALO89,1
LL080FA98,1
FA04FAL0VV,
L890VVLZ,
LLZ4LO48Z,1
L80L0Z8FA,1
LLO08LO8FAL,1
L8L89VZ8,
LZ8808V9,1
LL9Z8V40,1
LLO8LO0FAFAFA,1
L8Z48LO9L,1
L4LV0V0FA,1
900FA00LL,
L800FA0FA4,
LLO890Z9FA,1
L0800ZLO9,
LO0LLO8909,1
V0ZLOFA8LO4,1
L044VLO8FA,1
8009FAZFA9,
LL0V4FA0Z,1
L49408ZFA,1
LZZ0V44Z,
L8LLVL4FA,1
V0LO9LLOV0,1
FA0440Z0LO,
FA0VV849V,
L9Z08LFA0,
FA04L8LZFA,
LLOVZV80L,1
900Z004V,
LLO4ZLLO09,
LL004ZVZ,1
LLO4ZLLO09,
80044LO08,1
L8LOL0V9L,1
L00L08LOFA,1
V9ZZZZV,
L40ZM4LZ,1
800FALOL08,
L0FA9L40LO,1
90LZ80FA4,
LVFA9LOV44,1
LFA0LL4LOZ,1
L49V4LO44,1
LL004ZVZ,1
8V044ZFA,1
LVLO8LLO8FA,
FA0FAVLOZFAL,
LO0ZZ4V88,1
LVFAZ8VZM,1
L9L844,
8Z4ZZM8,1
LL04LOL84,1
LZ4LO0LOV8,1
LLFALLO00V,1
LVLFAFA9ZM,
LFA0404ZFA,1
L8880L,
L0FA9ZL00,1
LL40Z800,1
FA0ZV8FALO9,
FA0Z9Z04FA,
FA0409040,
9ZZMFAL4,1
L400LOVFA4,1
LZVVLOV00,1
LFA900904,1
900V89VFA,
LFAFA49FA94,
LFALO0089LO,
FA0V4Z0VL,
LLO89LOZLO4,1
L880L80L,
L8089V0Z,1
FA0VZ8VZM,
LFA44V48L,
90L48404,
L094LOVLFA,
900VV4,
FA0400840,
L0LV9LLO0,
900LO8V0,1
FA0VZZ9ZL,
LZLO04LO,1
900LLZ0V,
ZZFAZVZ0L,
L4LLV9VZ,1
L9FA8ZLV8,1
L8L08ZLO8,1
L800400L,1
V008V00LO,
L4ZFAL8LO4,1
L88LO0FA0FA,1
ZVLO0Z0LV,1
L8LVZFAL8,1
LFA009FAL8,1
L90FA4LO9FA,1
L8L4L004,1
90L48404,
L049VL0FA,
90L48LOZ0,
L9000FAL9,
L0VZVZV8,
LLO0FA98L8,1
LZ0LO4V48,1
L000ZFA08,1
LLO04LO08LO,1
L80LOV009,1
Z08Z9VLOFA,
L9LLL8VFA,1
L8L0LZL0,1
VFAVLO0LOFA,1
LZ8Z880FA,1
L409FALLO4,
FA0ZL444Z,
8V8LL84,1
L04FA0FA0FA,
ZZLOFAFAV0LO,1
LFAV4Z488,1
L880FA4L9,1
LZ0FAFA8ZZ,1
80LFA4LOLLO,1
LLO8LOLZZZ,1
LZ90L088,1
L94Z409Z,1
LFA4Z908L,1
9000L4LZ,
LFAFA4L080,1
L8L0V9VFA,1
LV00VZLOFA,
LV8VVFAFAZ,
L90FA0LO0V,
80LFA9Z98,
L8FA8L4Z9,1
LFA0LL4LOZ,1
4L4L4,
LZ00LZFA4,
L8VZ98V4,1
LV94LL90,
L8804FA0FA,
LL948L94,1
FA0VZMLOV4,
L9FAVLL,
L489ZLO40,
L9V04FA40,
L49LO9FAFA4,1
LVLZFA8LO9,1
LFA940Z0V,1
LO88VV,1
L0044FAZ9,
LL0FALVV4,
ZVLOZLOZ90,1
L9Z4FA800,1
L00ZFA00LO,1
LZLOVL440,1
LLOL04FAV0,1
FA0V8Z498,
900LLZ0V,
L8FA4FAZZL,1
8040984,1
FA0ZLVLL4,
L8LO4FA008,1
FA0Z8LOL8Z,
L8L8Z4Z4,
Z0FAV9Z,1
L0FA04ZLOZ,
L4L8009Z,
LLOVZ8Z4Z,1
LZ00LO4,
L49408ZFA,1
LLOVL804L,1
L9FAFA09ZL,
LLVVV00L,1
L8LOZZM8L,
LLO0LO0LO49,1
FA00LVLOFAL,
900980Z4,
LLO4LFALO4FA,1
L8LFA4ZVFA,1
LLV00VZ0,1
L090800LO,
LL84FA40FA,
900LO8V0,1
LO0ZV40VFA,
LV0LZ08L,1
LLOLZZ0FA8,1
L94V4FA0L,1
L9ZLOL00V,1
L88LO04,I
L9LVLOZ0Z,1
L880VLO4Z,
LLO0980Z0,1
