ID,ANTIG_UEDÄD,STATUS,MONTO,MEDIO_PAGO,PAQUETE,ID_OFERTA,MAPEO_PR,PROBABILIDAD
L84FA4LLO0,07 A 11,IMPAGO,217868.615,#N/D,SPURS,Y79G54,2,0.5707
LLOLFAZ48Z,24 A 47,activo,243753.995,TYP2,SPURS,Y79G54,4,0.4848
LO0FAFAV9FALO,60 Y MAS,IMPAGO,237282.65,BITCOIN,VIKING ARMOUR,B92375,2,0.5843
L9V94FA90,00 A 06,activo,161783.625,#N/D,SPURS,Y79G54,N,0.5989
LLLOZZVZ8,48 A 60,IMPAGO,,#N/D,SPURS,Y79G54,#N/D,0.4894
L9L984FAV,00 A 06,IMPAGO,181197.66,TYP2,SPURS,Y79G54,N,0.1531
L90ZLO4LOZ,07 A 11,activo,273953.605,#N/D,VIKING ARMOUR,B92375,N,0.1405
L48L88LV,24 A 47,ACTIVO,265325.145,0,NAVAL,B92375,4,0.1025
L8LZV8LLO,07 A 11,IMPAGO,,#N/D,VIKING ARMOUR,Y79G54,#N/D,0.4012
LLLO4LLLFA,48 A 60,activo,163940.74,GOLD,DRAGONS,Y79G54,2,0.4354
LFAL8908L,24 A 47,IMPAGO,265325.145,0,NAVAL,B92375,4,0.0525
LLO00L049,24 A 47,BAJA,383966.47,BITCOIN,VIKING ARMOUR,Y79G54,4,0.6962
FA0FAV9048,00 A 06,IMPAGO,,#N/D,VIKING ARMOUR,B92375,#N/D,0.3475
LLOZFAFA0,12 A 23,IMPAGO,,#N/D,SPURS,Y79G54,#N/D,0.1751
L94LFA0FALO,00 A 06,IMPAGO,,#N/D,DRAGONS,JSF89A,N,0.5941
L9VFA0L0FA,00 A 06,ACTIVO,237282.65,BITCOIN,VIKING ARMOUR,B92375,N,0.5204
L9LLL8VFA,00 A 06,activo,260148.069,#N/D,VIKING ARMOUR,JSF89A,N,0.3535
8LOLL4,60 Y MAS,BAJA,440051.46,BITCOIN,VIKING ARMOUR,Y79G54,4,0.7968
LV4LFAV8FA,12 A 23,IMPAGO,,#N/D,SPURS,Y79G54,#N/D,0.9091
LFA00LLZV,24 A 47,BAJA,237282.65,BITCOIN,SOIL,Y79G54,2,0.9882
LLOFA09FA,00 A 06,IMPAGO,159626.51,#N/D,SOIL,Y79G54,N,0.4648
L800ZLO,07 A 11,IMPAGO,135898.245,#N/D,DRAGONS,B92375,2,0.1055
80LFA00LOZ,60 Y MAS,IMPAGO,317095.905,0,VIKING ARMOUR,Y79G54,4,0.4192
LVLFAZML0,12 A 23,activo,,#N/D,VIKING ARMOUR,Y79G54,#N/D,0.1948
VFAZ0LO0Z,60 Y MAS,BAJA,358081.09,ETHER,VIKING ARMOUR,Y79G54,4,0.134
LO0FA80V4LO,24 A 47,BAJA,,#N/D,#N/D,#N/D,#N/D,0.8937
V04ZVZ89,48 A 60,IMPAGO,239439.765,GOLD,NAVAL,B92375,4,0.1394
L8V4ZVZZ,07 A 11,ACTIVO,155312.28,#N/D,DRAGONS,Y79G54,N,0.5511
LFALOZLLO8L,24 A 47,BAJA,207083.04,GOLD,SPURS,Y79G54,4,0.1007
L8LLO9Z0LO,07 A 11,activo,172569.2,#N/D,SPURS,Y79G54,2,0.9911
LVLOZZ809,12 A 23,IMPAGO,273953.605,0,VIKING ARMOUR,B92375,2,0.9463
L9890LO09,00 A 06,IMPAGO,189826.12,#N/D,SPURS,Y79G54,N,0.9404
FA0LZ90FA8,00 A 06,activo,125112.67,0,SPURS,Y79G54,N,0.6889
FA0FAV0LO40,00 A 06,IMPAGO,267050.837,0,VIKING ARMOUR,JSF89A,N,0.3356
849LV49,60 Y MAS,BAJA,237282.65,BITCOIN,VIKING ARMOUR,B92375,2,0.6105
88Z80V8,60 Y MAS,activo,235988.381,GOLD,VIKING ARMOUR,B92375,4,0.9797
LZM8LV0L,12 A 23,BAJA,207083.04,BITCOIN,SPURS,Y79G54,2,0.0249
L9FAFA0V98,00 A 06,IMPAGO,,#N/D,#N/D,#N/D,#N/D,0.6251
LLOL9ZL04,12 A 23,IMPAGO,,#N/D,SPURS,Y79G54,#N/D,0.9055
V088LFAZ9,24 A 47,ACTIVO,192846.081,GOLD,VIKING ARMOUR,90LD2,4,0.8611
LL49LZLFA,48 A 60,IMPAGO,159626.51,0,SOIL,Y79G54,1,0.96
L0VLOVFA00,48 A 60,activo,241596.88,TYP2,SPURS,Y79G54,6,0.6015
V0VLOL4VL,60 Y MAS,IMPAGO,,#N/D,#N/D,#N/D,#N/D,0.4903
L8L89FA08,12 A 23,IMPAGO,254539.57,#N/D,VIKING ARMOUR,B92375,2,0.5826
L4L98V,00 A 06,IMPAGO,159626.51,#N/D,SOIL,Y79G54,N,0.3762
LLOLFAFA09Z,24 A 47,IMPAGO,401223.39,0,VIKING ARMOUR,Y79G54,3,0.4762
LV400L8LO,12 A 23,BAJA,,#N/D,#N/D,#N/D,#N/D,0.5662
FA0Z088V0,00 A 06,IMPAGO,,#N/D,DRAGONS,JSF89A,#N/D,0.907
LV84LZFA0,07 A 11,IMPAGO,,#N/D,#N/D,#N/D,#N/D,0.4795
L840LLFAFA,07 A 11,activo,,#N/D,VIKING ARMOUR,Y79G54,#N/D,0.9278
90L4V0FALO,60 Y MAS,BAJA,,#N/D,VIKING ARMOUR,90LD2,#N/D,0.1773
L880VLOFA0,00 A 06,IMPAGO,,#N/D,#N/D,#N/D,#N/D,0.8336
L8L804VFA,07 A 11,ACTIVO,176883.43,#N/D,VIKING ARMOUR,JSF89A,2,0.4202
L80LLO9LOV,12 A 23,IMPAGO,,#N/D,VIKING ARMOUR,B92375,#N/D,0.6083
LZLO000LO0,24 A 47,IMPAGO,,#N/D,#N/D,#N/D,#N/D,0.5136
ZZZ98V8L,60 Y MAS,BAJA,125112.67,GOLD,DRAGONS,90LD2,2,0.5075
800V9408,60 Y MAS,ACTIVO,250225.34,BITCOIN,VIKING ARMOUR,B92375,4,0.2307
LVV9ZLL8,12 A 23,BAJA,198454.58,BITCOIN,SPURS,Y79G54,2,0.9083
L90ZVLO00,00 A 06,IMPAGO,273953.605,#N/D,VIKING ARMOUR,B92375,N,0.7596
L84FA9LV4,07 A 11,BAJA,,#N/D,SPURS,Y79G54,#N/D,0.6621
LV4LOLV04,12 A 23,IMPAGO,310624.56,0,VIKING ARMOUR,Y79G54,3,0.7904
FA0LOVFALO00,00 A 06,ACTIVO,,#N/D,VIKING ARMOUR,B92375,#N/D,0.1728
L849LOLZ0,07 A 11,IMPAGO,172569.2,0,SPURS,JSF89A,2,0.7103
LFALO8LLOFA4,24 A 47,activo,543592.98,GOLD,VIKING ARMOUR,Y79G54,6,0.5229
L80V40ZLO,12 A 23,IMPAGO,235125.535,#N/D,SPURS,Y79G54,2,0.4766
LLZZ44L0,48 A 60,ACTIVO,228654.19,GOLD,NAVAL,B92375,2,0.3061
L90L0FALO9,07 A 11,activo,181197.66,BITCOIN,SPURS,Y79G54,N,0.4884
LFAV0LOFA80,24 A 47,ACTIVO,237282.65,GOLD,VIKING ARMOUR,B92375,2,0.1947
L9FAVV9FA9,07 A 11,IMPAGO,150998.05,ETHER,SOIL,Y79G54,N,0.9785
FA0ZZ4LZLO,00 A 06,IMPAGO,,#N/D,SPURS,JSF89A,#N/D,0.0742
L90FALFA8L,00 A 06,IMPAGO,,#N/D,#N/D,#N/D,#N/D,0.6284
L80LO8Z0V,12 A 23,IMPAGO,273953.605,TYP2,VIKING ARMOUR,B92375,1,0.8374
LVFA04L,12 A 23,activo,198454.58,BITCOIN,SPURS,Y79G54,1,0.8485
L88VFA089,07 A 11,IMPAGO,,#N/D,VIKING ARMOUR,B92375,#N/D,0.4473
88VVFAV0,60 Y MAS,BAJA,323567.25,GOLD,VIKING ARMOUR,Y79G54,4,0.9273
80ZFAFA,60 Y MAS,BAJA,,#N/D,#N/D,#N/D,#N/D,0.8489
L4LOL00,00 A 06,IMPAGO,215711.5,#N/D,SPURS,Y79G54,N,0.8668
FA00FA00FA0,00 A 06,IMPAGO,159626.51,#N/D,SOIL,Y79G54,N,0.1946
FA0ZLO080Z,00 A 06,IMPAGO,,#N/D,SPURS,Y79G54,#N/D,0.8033
L9Z0LOZ00,00 A 06,IMPAGO,,#N/D,#N/D,#N/D,#N/D,0.5661
LO04VLO4L0,60 Y MAS,IMPAGO,141075.321,0,#N/D,#N/D,2,0.4761
L8009L,00 A 06,IMPAGO,215711.5,#N/D,VIKING ARMOUR,B92375,N,0.2186
L84LO0040,07 A 11,IMPAGO,217868.615,#N/D,SPURS,Y79G54,2,0.4219
L9000V0FA,07 A 11,IMPAGO,261010.915,#N/D,SPURS,Y79G54,N,0.9028
80L0FA404,60 Y MAS,IMPAGO,208808.732,TYP2,SPURS,90LD2,4,0.8607
L8040VZL,12 A 23,activo,327881.48,#N/D,VIKING ARMOUR,Y79G54,2,0.8201
L880LO8L8,07 A 11,IMPAGO,,#N/D,SPURS,Y79G54,#N/D,0.0271
L8804940,07 A 11,IMPAGO,444365.69,#N/D,VIKING ARMOUR,Y79G54,N,0.814
8004L00FA,60 Y MAS,IMPAGO,200180.272,0,DRAGONS,90LD2,2,0.5853
L0LV9LLO0,48 A 60,IMPAGO,,#N/D,SPURS,Y79G54,#N/D,0.8604
FA009L0,00 A 06,IMPAGO,99227.29,#N/D,VIKING ARMOUR,JSF89A,N,0.3712
LO0LOFA0VFAL,12 A 23,activo,158763.664,0,SOIL,90LD2,2,0.6576
LVZ04ZLO4,12 A 23,IMPAGO,,#N/D,DRAGONS,JSF89A,#N/D,0.1097
LLOZZFAZLOV,12 A 23,IMPAGO,394752.045,0,VIKING ARMOUR,Y79G54,3,0.0496
LZMLVFA0Z,12 A 23,activo,196297.465,0,SOIL,Y79G54,1,0.0623
L94LFA4L9,00 A 06,IMPAGO,211397.27,#N/D,DRAGONS,B92375,N,0.4088
LZFA090LO0,24 A 47,IMPAGO,393457.776,GOLD,VIKING ARMOUR,Y79G54,4,0.151
L400ZLOZV,24 A 47,BAJA,170412.085,GOLD,DRAGONS,B92375,2,0.4523
LZ9V840LO,24 A 47,IMPAGO,468525.378,TYP2,VIKING ARMOUR,Y79G54,4,0.0694
L49LOL4FAV,24 A 47,IMPAGO,250225.34,0,VIKING ARMOUR,B92375,3,0.5683
LO0VLO04LO0,60 Y MAS,IMPAGO,,#N/D,SOIL,90LD2,#N/D,0.8905
FA0Z00Z98,00 A 06,activo,,#N/D,SOIL,Y79G54,#N/D,0.1077
LFALZZFAZM,24 A 47,activo,,#N/D,SOIL,Y79G54,#N/D,0.8543
L904Z0Z0,07 A 11,IMPAGO,273953.605,#N/D,VIKING ARMOUR,B92375,N,0.5282
L9Z0949L,00 A 06,activo,273953.605,#N/D,VIKING ARMOUR,B92375,N,0.1298
L8FAFALLL0,07 A 11,IMPAGO,258853.8,TYP2,SPURS,Y79G54,2,0.8498
LV4ZLO9L4,12 A 23,IMPAGO,,#N/D,SOIL,Y79G54,#N/D,0.6052
LZV084LV,24 A 47,ACTIVO,207083.04,0,SPURS,Y79G54,4,0.808
LLZ4FAFA,00 A 06,activo,194140.35,GOLD,SOIL,Y79G54,N,0.5456
900ZMLOZLO,48 A 60,IMPAGO,,#N/D,SPURS,90LD2,#N/D,0.2378
800V9408,60 Y MAS,BAJA,250225.34,BITCOIN,VIKING ARMOUR,B92375,4,0.1732
L9ZFA4FAVFA,00 A 06,IMPAGO,,#N/D,#N/D,#N/D,#N/D,0.1717
L000490V,48 A 60,BAJA,254539.57,0,SPURS,Y79G54,4,0.8997
LFAV08L,24 A 47,activo,,BITCOIN,SOIL,B92375,2,0.6769
LLOZV4L,12 A 23,IMPAGO,,#N/D,VIKING ARMOUR,B92375,#N/D,0.0646
LLV00VZ0,48 A 60,IMPAGO,159626.51,0,SOIL,Y79G54,1,0.4157
V94FA49L,60 Y MAS,BAJA,,#N/D,#N/D,#N/D,#N/D,0.1569
LL9LV8FA9,24 A 47,BAJA,207083.04,0,SPURS,Y79G54,4,0.4039
LO04LZ4LOFA,60 Y MAS,IMPAGO,,#N/D,DRAGONS,90LD2,#N/D,0.9814
LVZM90Z9,12 A 23,IMPAGO,,#N/D,#N/D,#N/D,#N/D,0.362
FA0Z88980,00 A 06,IMPAGO,,#N/D,SPURS,Y79G54,#N/D,0.8728
LLOZ88FAL9,12 A 23,ACTIVO,323567.25,0,VIKING ARMOUR,B92375,4,0.721
LLO4LO40FA8,12 A 23,IMPAGO,,#N/D,VIKING ARMOUR,B92375,#N/D,0.6132
L8ZZ9048,07 A 11,IMPAGO,,#N/D,#N/D,#N/D,#N/D,0.2601
L809V984,07 A 11,activo,273953.605,#N/D,VIKING ARMOUR,B92375,2,0.5781
LLOV8FAZL9,12 A 23,IMPAGO,140212.475,0,DRAGONS,B92375,1,0.6552
LLOV00FA89,12 A 23,IMPAGO,286896.295,0,VIKING ARMOUR,B92375,2,0.0862
L9Z4FA800,07 A 11,IMPAGO,172569.2,#N/D,DRAGONS,B92375,N,0.8854
L8VLOVVLLO,00 A 06,IMPAGO,,#N/D,#N/D,#N/D,#N/D,0.2988
L9LLOL98V,07 A 11,IMPAGO,150998.05,#N/D,SOIL,Y79G54,N,0.1642
90L000FA8,48 A 60,BAJA,,#N/D,SPURS,90LD2,#N/D,0.8384
L9FALO9FA00,07 A 11,BAJA,237282.65,BITCOIN,VIKING ARMOUR,B92375,N,0.5255
V09V4LOZ,60 Y MAS,BAJA,,#N/D,#N/D,#N/D,#N/D,0.2589
L90LO0Z4V,00 A 06,IMPAGO,,#N/D,SOIL,Y79G54,#N/D,0.2249
800FAZ0Z,60 Y MAS,IMPAGO,597089.432,0,VIKING ARMOUR,Y79G54,6,0.4501
V04L4FA00,60 Y MAS,BAJA,170412.085,GOLD,DRAGONS,B92375,2,0.0746
L9LLL040,07 A 11,IMPAGO,215711.5,TYP2,SPURS,Y79G54,N,0.8904
LVVLOZFALOL,12 A 23,IMPAGO,181197.66,GOLD,SPURS,Y79G54,2,0.611
L9Z09VVL,00 A 06,IMPAGO,181197.66,#N/D,SPURS,Y79G54,N,0.1376
L0898FAV0,48 A 60,BAJA,254539.57,0,SPURS,Y79G54,4,0.9458
L9V0FA8,00 A 06,IMPAGO,181197.66,GOLD,SPURS,Y79G54,N,0.1559
L8088FALOFA,07 A 11,IMPAGO,157469.395,#N/D,SPURS,Y79G54,2,0.628
LO0VL,60 Y MAS,BAJA,103541.52,GOLD,DRAGONS,B92375,2,0.1584
FA0FA0400L,00 A 06,activo,125112.67,0,SPURS,Y79G54,N,0.8765
FA00FA8VLLO,00 A 06,IMPAGO,250225.34,0,VIKING ARMOUR,B92375,N,0.5745
LZ44LLOFA0,24 A 47,IMPAGO,286896.295,TYP2,VIKING ARMOUR,B92375,4,0.2187
LO0ZV40VFA,24 A 47,activo,,#N/D,VIKING ARMOUR,90LD2,#N/D,0.1502
LZ4LO0LOV8,24 A 47,BAJA,258853.8,BITCOIN,VIKING ARMOUR,Y79G54,2,0.6835
FA0Z0L0Z0,00 A 06,IMPAGO,,#N/D,VIKING ARMOUR,Y79G54,#N/D,0.1823
L0,60 Y MAS,BAJA,,#N/D,#N/D,#N/D,#N/D,0.6002
LO0FAZM4VV,60 Y MAS,BAJA,273953.605,BITCOIN,VIKING ARMOUR,B92375,2,0.5839
LFA4ZZL00,24 A 47,IMPAGO,,#N/D,NAVAL,B92375,#N/D,0.5422
LVLLOZ0LZ,12 A 23,activo,207083.04,TYP2,SPURS,Y79G54,2,0.9974
9FAV0L44,60 Y MAS,BAJA,560849.9,BITCOIN,VIKING ARMOUR,Y79G54,4,0.0927
L8FAZLO0L4,12 A 23,BAJA,207083.04,#N/D,VIKING ARMOUR,B92375,2,0.7809
V0LLLV8V,60 Y MAS,BAJA,107855.75,0,DRAGONS,90LD2,2,0.8763
FA0FA9800L,00 A 06,activo,,#N/D,SPURS,JSF89A,#N/D,0.755
LLOV9L00FA,12 A 23,IMPAGO,323567.25,0,VIKING ARMOUR,B92375,3,0.7179
L00L08LOFA,60 Y MAS,IMPAGO,243753.995,0,SPURS,Y79G54,3,0.3296
ZZLOL400Z,60 Y MAS,IMPAGO,,#N/D,#N/D,#N/D,#N/D,0.0465
LO0LFAZMLOZ,60 Y MAS,ACTIVO,170412.085,GOLD,DRAGONS,B92375,2,0.9045
L0800ZLO9,48 A 60,activo,,#N/D,SOIL,Y79G54,#N/D,0.4989
9Z98FA44,60 Y MAS,IMPAGO,,#N/D,VIKING ARMOUR,Y79G54,#N/D,0.1958
L80Z0L9V,12 A 23,BAJA,99227.29,#N/D,DRAGONS,B92375,2,0.4564
FA0Z0LOFALZ,00 A 06,IMPAGO,,#N/D,SPURS,JSF89A,#N/D,0.6819
LZLO04FAL0,24 A 47,BAJA,286896.295,0,VIKING ARMOUR,B92375,4,0.6104
V0000FA4FA,60 Y MAS,ACTIVO,232968.42,GOLD,DRAGONS,JSF89A,2,0.6652
L9VV09L0,00 A 06,activo,120798.44,#N/D,SPURS,Y79G54,N,0.6458
L9Z400LOFA,00 A 06,IMPAGO,,#N/D,#N/D,#N/D,#N/D,0.0471
L8Z9Z0FA0,07 A 11,IMPAGO,340824.17,#N/D,VIKING ARMOUR,B92375,4,0.7886
9L40404,60 Y MAS,BAJA,198454.58,0,SPURS,Y79G54,3,0.1183
LLOLZV0LO0,12 A 23,IMPAGO,207083.04,GOLD,SPURS,Y79G54,1,0.3638
V08904V0,24 A 47,IMPAGO,286896.295,0,VIKING ARMOUR,B92375,4,0.9245
L9Z04ZV0,00 A 06,activo,237282.65,#N/D,VIKING ARMOUR,B92375,N,0.155
LLO0ZV4VL,24 A 47,activo,196297.465,0,SOIL,Y79G54,2,0.5474
L98LVV0Z,00 A 06,IMPAGO,252382.455,#N/D,VIKING ARMOUR,B92375,N,0.9845
L9V94004,00 A 06,IMPAGO,237282.65,#N/D,VIKING ARMOUR,B92375,N,0.9375
L0FA0Z0ZLO,60 Y MAS,IMPAGO,412008.965,ETHER,VIKING ARMOUR,B92375,4,0.6482
LFA4ZVL40,24 A 47,activo,506922.025,0,VIKING ARMOUR,Y79G54,6,0.0565
LO04880V0,60 Y MAS,BAJA,141075.321,BITCOIN,DRAGONS,90LD2,2,0.209
L4ZL0080,24 A 47,activo,325724.365,GOLD,VIKING ARMOUR,Y79G54,4,0.0397
L40FAVVZ4,24 A 47,IMPAGO,196297.465,0,SOIL,Y79G54,1,0.2415
VVFAFALV9,60 Y MAS,IMPAGO,207083.04,GOLD,SPURS,Y79G54,4,0.9357
V0L80Z8FA,60 Y MAS,activo,,#N/D,DRAGONS,90LD2,#N/D,0.3297
LVV9LFAZZ,12 A 23,IMPAGO,166097.855,0,DRAGONS,JSF89A,2,0.9808
LL0LOL94Z,48 A 60,IMPAGO,235125.535,GOLD,SPURS,Y79G54,4,0.4522
LO09FA0VZFA,60 Y MAS,activo,332195.71,#N/D,NAVAL,B92375,4,0.197
LLOV0LO0LO0,12 A 23,BAJA,207083.04,0,SPURS,Y79G54,2,0.6889
LFA80ZZLO9,24 A 47,IMPAGO,273953.605,0,VIKING ARMOUR,B92375,4,0.5274
L980Z04FA,00 A 06,IMPAGO,157469.395,#N/D,SPURS,Y79G54,N,0.2747
L94VFA8ZL,00 A 06,IMPAGO,,#N/D,DRAGONS,Y79G54,#N/D,0.0276
LV90LFA0V,12 A 23,activo,273953.605,GOLD,VIKING ARMOUR,B92375,1,0.9501
L4044Z8Z,24 A 47,BAJA,228654.19,BITCOIN,NAVAL,B92375,1,0.6379
Z0LOL4V49,60 Y MAS,BAJA,280424.95,GOLD,VIKING ARMOUR,Y79G54,2,0.8427
V00FAZ40V,60 Y MAS,activo,135898.245,0,DRAGONS,90LD2,2,0.176
LFALFAL4,24 A 47,BAJA,228654.19,USD,NAVAL,B92375,2,0.6652
Z04L8LVL,60 Y MAS,BAJA,408557.581,BITCOIN,NAVAL,90LD2,4,0.1771
LVLL80,12 A 23,BAJA,150998.05,GOLD,SOIL,Y79G54,2,0.8193
LV048ZV0,12 A 23,IMPAGO,,#N/D,VIKING ARMOUR,Y79G54,#N/D,0.3079
LVL0090LO,12 A 23,IMPAGO,304153.215,0,#N/D,#N/D,4,0.6401
LLO9LOV09FA,12 A 23,IMPAGO,286896.295,0,VIKING ARMOUR,B92375,2,0.5294
L00FA8ZL9,60 Y MAS,BAJA,405537.62,TYP2,VIKING ARMOUR,Y79G54,4,0.057
LZ48900FA,24 A 47,IMPAGO,250225.34,0,VIKING ARMOUR,B92375,3,0.6837
V84LOL,60 Y MAS,BAJA,194140.35,BITCOIN,DRAGONS,Y79G54,2,0.1244
L90ZLLOFAL,07 A 11,IMPAGO,127269.785,GOLD,VIKING ARMOUR,JSF89A,N,0.0291
LZ4L0Z00,24 A 47,activo,,#N/D,SPURS,Y79G54,#N/D,0.1023
FA04089FAV,00 A 06,activo,,#N/D,SPURS,Y79G54,#N/D,0.6652
L9Z08LFA0,00 A 06,ACTIVO,,#N/D,VIKING ARMOUR,Y79G54,#N/D,0.7295
L9FAVLL,00 A 06,IMPAGO,,#N/D,SPURS,JSF89A,#N/D,0.4203
VV8ZZ8V,60 Y MAS,activo,512099.101,#N/D,DRAGONS,90LD2,4,0.703
LZ80FAV04,24 A 47,BAJA,189826.12,0,SPURS,Y79G54,4,0.1298
LVV0LLFAL,12 A 23,IMPAGO,196297.465,0,SOIL,Y79G54,2,0.2314
LLOZZMFA04,12 A 23,activo,563007.015,TYP2,VIKING ARMOUR,Y79G54,6,0.9511
LO04Z8094,60 Y MAS,activo,135898.245,0,DRAGONS,90LD2,2,0.4462
LV4VV9L0,12 A 23,IMPAGO,,#N/D,#N/D,#N/D,#N/D,0.0946
8000LFAFAFA,60 Y MAS,IMPAGO,286896.295,BITCOIN,#N/D,#N/D,3,0.0012
LV000LO08,12 A 23,activo,404674.774,0,VIKING ARMOUR,JSF89A,6,0.3497
LVLOL98LV,12 A 23,IMPAGO,196297.465,TYP2,SOIL,Y79G54,2,0.1878
L9Z0FAFAFA0,07 A 11,ACTIVO,,#N/D,VIKING ARMOUR,JSF89A,#N/D,0.9986
90L00LOFA0,12 A 23,activo,,0,SPURS,90LD2,2,0.5192
900LO4L89,60 Y MAS,IMPAGO,,#N/D,VIKING ARMOUR,90LD2,#N/D,0.5913
900ZZFAFA9,24 A 47,BAJA,,#N/D,SPURS,90LD2,#N/D,0.2634
L890FAL0L,07 A 11,activo,187669.005,GOLD,SOIL,Y79G54,N,0.837
9004FAL89,48 A 60,IMPAGO,,#N/D,VIKING ARMOUR,90LD2,#N/D,0.432
V0Z8L49FA,48 A 60,BAJA,,#N/D,#N/D,#N/D,#N/D,0.852
L90FA0004,00 A 06,IMPAGO,373180.895,#N/D,VIKING ARMOUR,B92375,N,0.9496
L80LLFALOZ,07 A 11,IMPAGO,,#N/D,SOIL,Y79G54,#N/D,0.9674
L8FA0Z0VLO,07 A 11,IMPAGO,394752.045,#N/D,VIKING ARMOUR,Y79G54,4,0.3236
ZZVLOFALO0L,60 Y MAS,IMPAGO,189826.12,GOLD,SPURS,Y79G54,4,0.3411
L4Z04LO9Z,24 A 47,activo,157469.395,0,NAVAL,JSF89A,2,0.1809
L9LO080ZFA,00 A 06,activo,340824.17,#N/D,VIKING ARMOUR,Y79G54,N,0.3657
900VZ,60 Y MAS,BAJA,229948.459,BITCOIN,DRAGONS,90LD2,2,0.1835
FA0V8LLO4Z,00 A 06,IMPAGO,,#N/D,VIKING ARMOUR,B92375,#N/D,0.9374
LZ4LVVLFA,24 A 47,IMPAGO,412008.965,0,VIKING ARMOUR,Y79G54,6,0.5425
L49LO9FAFA4,24 A 47,BAJA,140212.475,0,DRAGONS,B92375,2,0.5967
LL0904FA8,48 A 60,IMPAGO,241596.88,#N/D,SPURS,Y79G54,4,0.9635
L9V4VZ80,00 A 06,IMPAGO,,#N/D,SOIL,Y79G54,#N/D,0.8175
LZ88LO04Z,24 A 47,IMPAGO,,#N/D,#N/D,#N/D,#N/D,0.8219
ZZ48LO48LO,60 Y MAS,BAJA,236419.804,BITCOIN,DRAGONS,90LD2,2,0.7281
L9FAFA09ZL,00 A 06,activo,,#N/D,SOIL,Y79G54,#N/D,0.9116
LVLOLV0LOL,12 A 23,activo,799858.242,GOLD,VIKING ARMOUR,Y79G54,4,0.5031
LZ9LO8V,24 A 47,IMPAGO,172569.2,GOLD,SPURS,JSF89A,2,0.5522
LVLLLO4V4,12 A 23,IMPAGO,,#N/D,VIKING ARMOUR,B92375,#N/D,0.4991
L8VLOL0LFA,07 A 11,IMPAGO,,#N/D,VIKING ARMOUR,B92375,#N/D,0.9368
FA0L00FAFA9,00 A 06,activo,250225.34,0,VIKING ARMOUR,B92375,N,0.5312
LLZFAFA890,48 A 60,IMPAGO,140212.475,BITCOIN,DRAGONS,B92375,1,0.847
LO0LL0LOZ9,60 Y MAS,IMPAGO,226497.075,GOLD,DRAGONS,Y79G54,2,0.2291
L88VLOVZFA,07 A 11,IMPAGO,237282.65,#N/D,VIKING ARMOUR,B92375,N,0.3154
L80L0L9L,12 A 23,IMPAGO,273953.605,TYP2,VIKING ARMOUR,B92375,2,0.8732
V0Z8ZFAL,60 Y MAS,BAJA,504333.487,TYP2,VIKING ARMOUR,Y79G54,6,0.3589
L9V08Z40,00 A 06,IMPAGO,207083.04,BITCOIN,VIKING ARMOUR,B92375,N,0.7258
L8ZLO09LL,07 A 11,IMPAGO,,#N/D,#N/D,#N/D,#N/D,0.9312
L8FAFAFA4V8,12 A 23,IMPAGO,237282.65,0,VIKING ARMOUR,B92375,2,0.3026
8ZV4084,60 Y MAS,BAJA,530218.867,BITCOIN,VIKING ARMOUR,Y79G54,4,0.2844
L80FAFA0FA0,12 A 23,activo,350315.476,#N/D,VIKING ARMOUR,Y79G54,4,0.47
FA04L8LZFA,00 A 06,activo,,#N/D,SOIL,Y79G54,#N/D,0.7263
LZ90LOVLLO,24 A 47,IMPAGO,159626.51,GOLD,SOIL,Y79G54,2,0.4307
L49LLZ84,24 A 47,BAJA,314938.79,0,VIKING ARMOUR,B92375,4,0.1658
L4FALLO8FAL,24 A 47,IMPAGO,,#N/D,#N/D,#N/D,#N/D,0.1784
L488L9LLO,24 A 47,BAJA,310624.56,0,VIKING ARMOUR,Y79G54,4,0.5803
LVZM0000,12 A 23,activo,312781.675,GOLD,VIKING ARMOUR,Y79G54,4,0.0863
L4LFALZ89,24 A 47,IMPAGO,,#N/D,#N/D,#N/D,#N/D,0.089
VLO90ZZM,60 Y MAS,ACTIVO,545318.672,BITCOIN,VIKING ARMOUR,Y79G54,4,0.5261
LZMZFA0LLO,12 A 23,IMPAGO,286896.295,0,VIKING ARMOUR,B92375,2,0.9654
FA00LO8804,00 A 06,IMPAGO,250225.34,0,VIKING ARMOUR,B92375,N,0.0196
LZ80400V,24 A 47,ACTIVO,327881.48,GOLD,VIKING ARMOUR,Y79G54,4,0.7888
V0FA9VV,60 Y MAS,BAJA,375338.01,0,VIKING ARMOUR,Y79G54,4,0.3101
809FALO0Z,60 Y MAS,BAJA,,#N/D,#N/D,#N/D,#N/D,0.1555
FA0FA8ZMLLO,00 A 06,BAJA,250225.34,0,VIKING ARMOUR,B92375,N,0.6301
LZLOVLO8ZL,24 A 47,IMPAGO,189826.12,0,SPURS,Y79G54,4,0.6442
LV9FA9000,12 A 23,IMPAGO,245479.687,GOLD,VIKING ARMOUR,JSF89A,2,0.78
LFAL9LO9ZLO,24 A 47,BAJA,267482.26,ETHER,SPURS,Y79G54,4,0.5948
L80FA0LZ9,07 A 11,IMPAGO,310624.56,#N/D,VIKING ARMOUR,B92375,1,0.3004
LLLOL4L,24 A 47,IMPAGO,159626.51,BITCOIN,SOIL,Y79G54,2,0.8126
L9LFA8V0LO,00 A 06,IMPAGO,181197.66,GOLD,SPURS,Y79G54,N,0.1532
LZ0VFAV0L,24 A 47,activo,,#N/D,VIKING ARMOUR,B92375,#N/D,0.7691
L8LOZZM8L,07 A 11,IMPAGO,,#N/D,VIKING ARMOUR,B92375,#N/D,0.8413
Z0LVZ4V8,60 Y MAS,IMPAGO,138486.783,0,SOIL,90LD2,2,0.5264
L888L4LZ,00 A 06,IMPAGO,,#N/D,#N/D,#N/D,#N/D,0.9916
ZZLOLFA009,60 Y MAS,BAJA,245911.11,BITCOIN,VIKING ARMOUR,Y79G54,4,0.6795
LV9LO9008,07 A 11,IMPAGO,273953.605,GOLD,VIKING ARMOUR,B92375,2,0.4833
L9408448,00 A 06,ACTIVO,323567.25,#N/D,VIKING ARMOUR,B92375,N,0.1204
FA00ZLO00FA,00 A 06,IMPAGO,129426.9,0,DRAGONS,JSF89A,N,0.3865
LV84LZMLO,07 A 11,IMPAGO,,#N/D,DRAGONS,B92375,#N/D,0.9561
L8490840,07 A 11,IMPAGO,,#N/D,SPURS,Y79G54,#N/D,0.3596
V08LOVL9FA,60 Y MAS,ACTIVO,207514.463,0,DRAGONS,90LD2,2,0.8504
LLO9ZV4,12 A 23,activo,196297.465,GOLD,SPURS,Y79G54,2,0.8693
L404FA89LO,24 A 47,BAJA,338667.055,0,VIKING ARMOUR,B92375,4,0.6701
L4V0LO9LO8,24 A 47,IMPAGO,,#N/D,#N/D,#N/D,#N/D,0.88
L0FA9ZL00,60 Y MAS,activo,235125.535,0,SPURS,Y79G54,3,0.6543
LV4000,12 A 23,ACTIVO,312781.675,0,VIKING ARMOUR,Y79G54,4,0.0583
LFALOLFAV90,24 A 47,BAJA,189826.12,BITCOIN,SPURS,Y79G54,4,0.9035
LO04FALLOL0,24 A 47,ACTIVO,308036.022,0,VIKING ARMOUR,90LD2,6,0.2691
ZVZMFAVL0,24 A 47,IMPAGO,267050.837,GOLD,VIKING ARMOUR,JSF89A,4,0.4763
LO0Z8LFA,24 A 47,ACTIVO,95344.483,0,DRAGONS,90LD2,2,0.3336
LLO0FA44VFA,24 A 47,ACTIVO,103541.52,GOLD,DRAGONS,B92375,2,0.3444
LV0Z000Z,12 A 23,IMPAGO,310624.56,USD,VIKING ARMOUR,Y79G54,4,0.1476
900VLO804,24 A 47,activo,212260.116,0,SPURS,90LD2,2,0.5183
LLO04FA9FALO,24 A 47,ACTIVO,583283.896,0,VIKING ARMOUR,Y79G54,4,0.9065
FA0FAFAL9Z9,00 A 06,activo,345138.4,0,SPURS,Y79G54,N,0.3498
L89LOFAZ09,00 A 06,IMPAGO,,#N/D,#N/D,#N/D,#N/D,0.3847
Z0L94L09,60 Y MAS,ACTIVO,396909.16,BITCOIN,VIKING ARMOUR,Y79G54,4,0.5253
L80L9LOV8,07 A 11,IMPAGO,,#N/D,VIKING ARMOUR,B92375,#N/D,0.0448
LZ0V08FAZ,24 A 47,IMPAGO,450405.612,TYP2,VIKING ARMOUR,Y79G54,6,0.5269
V0L4LFAFALO,60 Y MAS,IMPAGO,129426.9,BITCOIN,DRAGONS,JSF89A,2,0.6019
LLOL0L4L8,24 A 47,IMPAGO,,#N/D,VIKING ARMOUR,Y79G54,#N/D,0.1049
V0LO08FAFALO,60 Y MAS,BAJA,414166.08,ETHER,VIKING ARMOUR,Y79G54,4,0.5684
LV8VVFAFAZ,12 A 23,ACTIVO,,#N/D,DRAGONS,B92375,#N/D,0.0345
L9L4ZLO49,00 A 06,IMPAGO,,#N/D,#N/D,#N/D,#N/D,0.5472
V0LO440FA0,60 Y MAS,BAJA,,#N/D,#N/D,#N/D,#N/D,0.0171
L9LFAZ8LZ,00 A 06,IMPAGO,,#N/D,SOIL,Y79G54,#N/D,0.6901
L949V488,00 A 06,IMPAGO,,#N/D,SOIL,JSF89A,#N/D,0.4206
Z0FALO0FA0V,60 Y MAS,ACTIVO,545750.095,TYP2,VIKING ARMOUR,Y79G54,6,0.3182
L90LOVL90,07 A 11,ACTIVO,237282.65,BITCOIN,VIKING ARMOUR,B92375,N,0.6669
LLOFALOFA8LV,12 A 23,ACTIVO,159626.51,0,SOIL,Y79G54,2,0.6177
LLZLLV49,24 A 47,BAJA,,#N/D,#N/D,#N/D,#N/D,0.3111
LLOV4VFA0LO,12 A 23,IMPAGO,196297.465,TYP2,SOIL,Y79G54,2,0.3211
V00LO080LO,12 A 23,BAJA,154018.011,0,SOIL,90LD2,2,0.4845
LVZV090LO,12 A 23,ACTIVO,224339.96,0,VIKING ARMOUR,JSF89A,2,0.8828
90084FA,48 A 60,activo,,#N/D,SOIL,Y79G54,#N/D,0.3517
LZ8Z4LFA4,24 A 47,IMPAGO,250225.34,TYP2,VIKING ARMOUR,B92375,2,0.453
LFA408LO9FA,24 A 47,IMPAGO,496999.296,ETHER,VIKING ARMOUR,Y79G54,4,0.5218
L90ZV90L,00 A 06,IMPAGO,,#N/D,VIKING ARMOUR,Y79G54,#N/D,0.3269
V0Z0Z449,60 Y MAS,IMPAGO,351609.745,0,VIKING ARMOUR,Y79G54,6,0.6708
LO0ZFA888Z,24 A 47,ACTIVO,115189.941,0,DRAGONS,90LD2,2,0.5849
L08FA8L9Z,48 A 60,IMPAGO,497862.142,0,VIKING ARMOUR,Y79G54,6,0.787
L0LOV0LL9,48 A 60,ACTIVO,565164.13,0,VIKING ARMOUR,Y79G54,3,0.1534
L0L49000,48 A 60,IMPAGO,140212.475,BITCOIN,DRAGONS,B92375,2,0.6088
FAZ80,60 Y MAS,IMPAGO,,#N/D,#N/D,#N/D,#N/D,0.6233
Z0LOLLO0VLO,60 Y MAS,activo,292936.217,TYP2,DRAGONS,90LD2,4,0.8457
LO000L89LO,60 Y MAS,BAJA,140212.475,GOLD,DRAGONS,B92375,2,0.1169
LLO08LO8FAL,24 A 47,IMPAGO,323567.25,ETHER,VIKING ARMOUR,B92375,3,0.9787
FA00ZFA8ZFA,00 A 06,IMPAGO,310624.56,#N/D,VIKING ARMOUR,Y79G54,N,0.2271
LZ9L0L0FA,24 A 47,ACTIVO,358081.09,GOLD,VIKING ARMOUR,Y79G54,4,0.0962
L8L4L098,12 A 23,BAJA,172569.2,BITCOIN,SPURS,Y79G54,2,0.6948
LVFA8FALO00,12 A 23,BAJA,194140.35,0,DRAGONS,Y79G54,1,0.9969
ZZL04FALO9,60 Y MAS,IMPAGO,,#N/D,#N/D,#N/D,#N/D,0.2835
L9Z0900FA,00 A 06,IMPAGO,157469.395,#N/D,SPURS,Y79G54,N,0.4068
L49V0Z8FA,24 A 47,BAJA,314938.79,GOLD,VIKING ARMOUR,B92375,4,0.0697
LVZMV9Z0,12 A 23,IMPAGO,135898.245,0,DRAGONS,JSF89A,2,0.2349
L9LO4080FA,00 A 06,IMPAGO,325724.365,#N/D,VIKING ARMOUR,Y79G54,N,0.8185
L80LOVVZFA,07 A 11,IMPAGO,267050.837,0,VIKING ARMOUR,JSF89A,3,0.6712
L8LO9Z8LOZ,07 A 11,ACTIVO,273953.605,#N/D,VIKING ARMOUR,B92375,N,0.0505
FA009ZLOZZ,00 A 06,IMPAGO,,#N/D,SPURS,JSF89A,#N/D,0.8654
V00844L8,12 A 23,IMPAGO,232105.574,0,VIKING ARMOUR,90LD2,4,0.3662
LFAVVVVLZ,24 A 47,BAJA,,#N/D,#N/D,#N/D,#N/D,0.6881
FA04049FA0,00 A 06,IMPAGO,,#N/D,VIKING ARMOUR,B92375,#N/D,0.0526
L8L0LLFA4,07 A 11,IMPAGO,,#N/D,#N/D,#N/D,#N/D,0.3963
L04ZZLOFALO,60 Y MAS,IMPAGO,310624.56,0,VIKING ARMOUR,B92375,3,0.8405
80090LO4LO,60 Y MAS,ACTIVO,135035.399,0,SOIL,90LD2,2,0.2571
Z0488ZL0,60 Y MAS,BAJA,364552.435,BITCOIN,VIKING ARMOUR,Y79G54,6,0.4669
LO0FA0LO89L,60 Y MAS,BAJA,189826.12,TYP2,DRAGONS,Y79G54,2,0.422
LFAL4ZLO,24 A 47,BAJA,286896.295,ETHER,VIKING ARMOUR,B92375,4,0.5405
L4ZV0LO48,24 A 47,BAJA,,#N/D,#N/D,#N/D,#N/D,0.4011
LZ08V0L0,24 A 47,BAJA,196297.465,0,SOIL,Y79G54,1,0.7636
ZVZ98Z49,48 A 60,activo,,#N/D,NAVAL,90LD2,#N/D,0.4505
L04FAV0FA4,48 A 60,ACTIVO,573792.59,TYP2,VIKING ARMOUR,Y79G54,6,0.4361
9L4LFA40,60 Y MAS,activo,323567.25,TYP2,VIKING ARMOUR,B92375,4,0.6176
80FA4ZZ0,60 Y MAS,ACTIVO,314938.79,BITCOIN,VIKING ARMOUR,Y79G54,4,0.0112
LO0094VFALO,60 Y MAS,BAJA,314938.79,BITCOIN,VIKING ARMOUR,Y79G54,4,0.331
LZ0LO8FALOFA,24 A 47,activo,103541.52,GOLD,DRAGONS,B92375,2,0.2892
LZZV8LOFA9,24 A 47,IMPAGO,286896.295,0,VIKING ARMOUR,B92375,3,0.7399
LZ4LO0LOV8,24 A 47,ACTIVO,258853.8,BITCOIN,VIKING ARMOUR,Y79G54,2,0.2805
90LLO0LOZ8,00 A 06,activo,,#N/D,SPURS,90LD2,#N/D,0.4002
LZMFA8L,12 A 23,activo,103541.52,0,DRAGONS,B92375,0,0.9762
LO0ZFA09LO8,24 A 47,IMPAGO,132015.438,0,DRAGONS,90LD2,2,0.1155
LZ8FA9ZLO0,24 A 47,BAJA,286896.295,0,VIKING ARMOUR,B92375,3,0.8043
L900ZFAL0,07 A 11,IMPAGO,273953.605,GOLD,VIKING ARMOUR,B92375,N,0.796
L00V4L9LO,60 Y MAS,IMPAGO,171706.354,0,SPURS,90LD2,3,0.4601
L00L4ZZZ,60 Y MAS,BAJA,424951.655,0,VIKING ARMOUR,Y79G54,0,0.3114
L88ZFA49L,07 A 11,IMPAGO,273953.605,#N/D,VIKING ARMOUR,B92375,N,0.1938
L940LZ8L,00 A 06,ACTIVO,273953.605,GOLD,VIKING ARMOUR,B92375,N,0.6192
LO0ZLLOVL4,60 Y MAS,activo,,#N/D,DRAGONS,90LD2,#N/D,0.5596
V0FA9040V,60 Y MAS,BAJA,202768.81,0,SOIL,Y79G54,2,0.6433
L08008VLO,60 Y MAS,IMPAGO,241596.88,0,SPURS,Y79G54,6,0.3424
LLFALLO00V,48 A 60,IMPAGO,159626.51,0,SOIL,Y79G54,0,0.0525
L0ZVFA84LO,48 A 60,BAJA,310624.56,0,VIKING ARMOUR,Y79G54,3,0.3189
L8L0LO08Z,12 A 23,BAJA,237282.65,BITCOIN,VIKING ARMOUR,B92375,1,0.8036
FA040980FA,00 A 06,IMPAGO,,#N/D,SPURS,Y79G54,#N/D,0.6073
FA0VLV0LO0,00 A 06,IMPAGO,,#N/D,SPURS,JSF89A,#N/D,0.4606
LVLO40L0Z,12 A 23,BAJA,314938.79,ETHER,SPURS,Y79G54,4,0.8239
L0LOZ09Z4,48 A 60,IMPAGO,511667.678,BITCOIN,VIKING ARMOUR,Y79G54,6,0.3926
FA00LO8LO00,00 A 06,ACTIVO,176883.43,#N/D,VIKING ARMOUR,JSF89A,N,0.0909
8FA40FALFA,60 Y MAS,BAJA,,#N/D,#N/D,#N/D,#N/D,0.0378
L9VZ40VL,00 A 06,IMPAGO,,#N/D,#N/D,#N/D,#N/D,0.5632
8L00LO09,60 Y MAS,IMPAGO,203631.656,ETHER,DRAGONS,90LD2,2,0.8702
LFA9V0Z8FA,24 A 47,ACTIVO,310624.56,TYP2,VIKING ARMOUR,B92375,4,0.7335
LZV88FA89,24 A 47,IMPAGO,250225.34,GOLD,VIKING ARMOUR,B92375,4,0.1073
L484LOFA0Z,24 A 47,IMPAGO,241596.88,TYP2,VIKING ARMOUR,B92375,4,0.4581
L0L4ZM00,48 A 60,BAJA,267482.26,0,VIKING ARMOUR,B92375,3,0.945
Z0L9LOZLL,60 Y MAS,BAJA,276110.72,BITCOIN,VIKING ARMOUR,Y79G54,3,0.3706
V0LO090L0,60 Y MAS,BAJA,323567.25,USD,VIKING ARMOUR,B92375,4,0.3619
LZ48490LO,24 A 47,IMPAGO,243753.995,GOLD,SPURS,Y79G54,4,0.2264
LZ9009LOL,24 A 47,IMPAGO,,#N/D,#N/D,#N/D,#N/D,0.5494
LO04V80Z0,60 Y MAS,IMPAGO,360238.205,0,VIKING ARMOUR,B92375,3,0.2611
L9Z8Z00Z,00 A 06,IMPAGO,273953.605,GOLD,VIKING ARMOUR,B92375,N,0.5675
FA004LFA,00 A 06,IMPAGO,159626.51,GOLD,SOIL,Y79G54,N,0.4628
L4Z0LO040,24 A 47,IMPAGO,,#N/D,#N/D,#N/D,#N/D,0.4365
9FA0LVFALO,60 Y MAS,BAJA,250225.34,0,VIKING ARMOUR,B92375,2,0.9029
LVLO84L,12 A 23,IMPAGO,286896.295,0,VIKING ARMOUR,B92375,2,0.7504
LZMLOLL4LO,12 A 23,IMPAGO,159626.51,BITCOIN,SOIL,Y79G54,1,0.415
LVLOFAL0FAV,12 A 23,activo,,#N/D,SPURS,Y79G54,#N/D,0.5868
Z0Z0Z40V,60 Y MAS,IMPAGO,243753.995,GOLD,SPURS,Y79G54,4,0.8713
LLOZ00848,24 A 47,IMPAGO,189826.12,TYP2,SPURS,Y79G54,2,0.7384
Z0VZ4LFAL,60 Y MAS,IMPAGO,241596.88,GOLD,SPURS,Y79G54,6,0.9341
FA00V4989,00 A 06,activo,125112.67,#N/D,SPURS,Y79G54,N,0.2906
9V894FALO,60 Y MAS,activo,586303.857,GOLD,VIKING ARMOUR,Y79G54,4,0.5211
V0L004VV,24 A 47,IMPAGO,163509.317,0,DRAGONS,90LD2,2,0.7525
L94Z4VFALO,00 A 06,IMPAGO,317095.905,#N/D,VIKING ARMOUR,Y79G54,N,0.8648
ZZZ8LO84Z,60 Y MAS,activo,445228.536,BITCOIN,VIKING ARMOUR,Y79G54,4,0.8015
VL80448,60 Y MAS,BAJA,159626.51,BITCOIN,SOIL,Y79G54,2,0.4495
ZZFAZ9800,60 Y MAS,BAJA,181197.66,0,DRAGONS,90LD2,1,0.2128
LV9LOLL90,12 A 23,IMPAGO,353766.86,0,VIKING ARMOUR,Y79G54,3,0.9987
LLLZML04,24 A 47,BAJA,,#N/D,#N/D,#N/D,#N/D,0.4501
FA0Z98Z04,00 A 06,IMPAGO,,#N/D,DRAGONS,B92375,#N/D,0.8927
L8880VLL,07 A 11,IMPAGO,,#N/D,VIKING ARMOUR,B92375,#N/D,0.78
L4VZZ0,00 A 06,IMPAGO,125112.67,#N/D,SPURS,Y79G54,N,0.9237
LL8V0VLOV,24 A 47,activo,323567.25,0,SOIL,Y79G54,4,0.7911
LZ0ZFALO8L,24 A 47,activo,,#N/D,SPURS,Y79G54,#N/D,0.847
L9LOFAVFA9V,00 A 06,IMPAGO,237282.65,0,VIKING ARMOUR,B92375,N,0.0263
LLOVL98Z8,12 A 23,BAJA,250225.34,BITCOIN,VIKING ARMOUR,B92375,2,0.2457
LLO00FA9V4,24 A 47,IMPAGO,,#N/D,SPURS,Y79G54,#N/D,0.27
LO0Z0L9LO8,60 Y MAS,IMPAGO,180334.814,0,NAVAL,90LD2,4,0.7208
90004Z8V,12 A 23,BAJA,,#N/D,VIKING ARMOUR,90LD2,#N/D,0.5405
L4FALFAL04,24 A 47,BAJA,237282.65,BITCOIN,VIKING ARMOUR,B92375,2,0.4529
LLOZV9V8V,12 A 23,IMPAGO,487507.99,TYP2,VIKING ARMOUR,Y79G54,4,0.1542
L9FA4LO800,07 A 11,IMPAGO,187669.005,#N/D,SOIL,Y79G54,N,0.3413
ZZ0Z4V48,60 Y MAS,IMPAGO,302858.946,GOLD,VIKING ARMOUR,90LD2,4,0.4066
L88ZFA94Z,07 A 11,IMPAGO,157469.395,#N/D,SPURS,Y79G54,N,0.2983
8009Z040,60 Y MAS,IMPAGO,135035.399,0,SOIL,90LD2,2,0.8919
L4LO80V4Z,24 A 47,ACTIVO,258853.8,BITCOIN,VIKING ARMOUR,Y79G54,4,0.1895
LO0LVLLOZ9,60 Y MAS,ACTIVO,254539.57,ETHER,SPURS,Y79G54,4,0.3388
LFA9L8LOFA4,24 A 47,IMPAGO,,#N/D,#N/D,#N/D,#N/D,0.1243
LLVLOZVFAFA,48 A 60,IMPAGO,189826.12,0,SPURS,Y79G54,3,0.1227
LLO8VL0LOV,12 A 23,activo,286896.295,0,VIKING ARMOUR,B92375,1,0.5666
L8040444,12 A 23,IMPAGO,211397.27,GOLD,SPURS,Y79G54,2,0.9272
LZL0V449,24 A 47,BAJA,103541.52,GOLD,DRAGONS,B92375,2,0.1777
LV4V088V,12 A 23,IMPAGO,,#N/D,SPURS,Y79G54,#N/D,0.4792
LV0LZ08L,12 A 23,IMPAGO,243753.995,0,SPURS,Y79G54,4,0.0238
LV00VL0V,12 A 23,IMPAGO,,#N/D,#N/D,#N/D,#N/D,0.3932
L9ZLO040L,00 A 06,activo,157469.395,TYP2,SPURS,Y79G54,N,0.8839
FA0400980,00 A 06,IMPAGO,,#N/D,VIKING ARMOUR,Y79G54,#N/D,0.7104
VLOLZ0FALO,60 Y MAS,ACTIVO,563438.438,0,VIKING ARMOUR,Y79G54,6,0.4322
LVZ0894L,12 A 23,activo,,#N/D,VIKING ARMOUR,Y79G54,#N/D,0.9135
ZVLOZLOZ90,24 A 47,IMPAGO,128995.477,GOLD,DRAGONS,90LD2,2,0.8443
L8ZM8LL0,07 A 11,IMPAGO,,#N/D,VIKING ARMOUR,Y79G54,#N/D,0.4442
V0L9VVZ,60 Y MAS,IMPAGO,399929.121,TYP2,VIKING ARMOUR,Y79G54,4,0.6333
L40ZZZ0Z,24 A 47,IMPAGO,,#N/D,#N/D,#N/D,#N/D,0.057
L0Z8FALO00,48 A 60,IMPAGO,140212.475,GOLD,DRAGONS,B92375,2,0.4316
LFA4LO8LOVL,24 A 47,IMPAGO,377495.125,0,NAVAL,B92375,4,0.7481
FA0ZLL90FA,00 A 06,IMPAGO,,#N/D,VIKING ARMOUR,JSF89A,#N/D,0.6264
L0000LO04,60 Y MAS,BAJA,,#N/D,#N/D,#N/D,#N/D,0.0188
L90400LOFA,07 A 11,activo,280424.95,#N/D,VIKING ARMOUR,Y79G54,N,0.5528
LVFA408,12 A 23,IMPAGO,,#N/D,VIKING ARMOUR,Y79G54,#N/D,0.5649
L90VZL09,00 A 06,IMPAGO,224339.96,0,VIKING ARMOUR,JSF89A,N,0.5626
L880FA089,00 A 06,IMPAGO,,#N/D,#N/D,#N/D,#N/D,0.1108
L094LOVLFA,48 A 60,activo,,#N/D,VIKING ARMOUR,Y79G54,#N/D,0.288
Z0FAFA8LO9V,60 Y MAS,IMPAGO,347295.515,GOLD,VIKING ARMOUR,B92375,4,0.2593
L484LZ8V,24 A 47,activo,278267.835,0,VIKING ARMOUR,B92375,4,0.0544
FA0L88LO,00 A 06,IMPAGO,223477.114,0,VIKING ARMOUR,JSF89A,N,0.5354
LLLOZ44Z0,24 A 47,activo,,#N/D,VIKING ARMOUR,Y79G54,#N/D,0.2137
L88Z4ZZLO,07 A 11,IMPAGO,,#N/D,SOIL,Y79G54,#N/D,0.5594
L880L0FA0,00 A 06,IMPAGO,,#N/D,#N/D,#N/D,#N/D,0.1004
900LZM4,60 Y MAS,BAJA,246773.956,GOLD,VIKING ARMOUR,90LD2,4,0.1576
L8ZM49V9,07 A 11,IMPAGO,209240.155,0,SPURS,JSF89A,N,0.4098
LVV4LO9LLO,12 A 23,IMPAGO,390437.815,0,VIKING ARMOUR,Y79G54,4,0.0219
LZ9L9800,24 A 47,BAJA,250225.34,GOLD,VIKING ARMOUR,B92375,2,0.6658
FA0L0FA89Z,00 A 06,IMPAGO,159626.51,0,SOIL,Y79G54,N,0.6413
LLO4ZZV04,12 A 23,IMPAGO,189826.12,0,SPURS,Y79G54,1,0.386
8000FAV00,60 Y MAS,ACTIVO,494410.758,0,DRAGONS,90LD2,4,0.659
L8LVZFAL8,07 A 11,IMPAGO,366709.55,#N/D,SPURS,Y79G54,4,0.2433
LLOV8LOLFAL,12 A 23,IMPAGO,,#N/D,#N/D,#N/D,#N/D,0.5454
L9V4FAFA0L,00 A 06,activo,189826.12,GOLD,SPURS,Y79G54,N,0.2312
L90ZFA0LOZ,07 A 11,IMPAGO,250225.34,#N/D,VIKING ARMOUR,B92375,N,0.9226
LZML0Z80,12 A 23,ACTIVO,189826.12,0,SPURS,Y79G54,0,0.8667
L09LO4004,48 A 60,BAJA,368003.819,0,VIKING ARMOUR,Y79G54,4,0.8135
LFA88809Z,24 A 47,BAJA,196297.465,USD,SOIL,Y79G54,2,0.3324
LLO90FALOL9,12 A 23,IMPAGO,243753.995,BITCOIN,SPURS,Y79G54,3,0.4933
LO0ZLOFA4ZZ,24 A 47,activo,,#N/D,DRAGONS,90LD2,#N/D,0.3845
L04L40ZM,48 A 60,IMPAGO,,#N/D,SOIL,Y79G54,#N/D,0.2844
L90LOLLO,00 A 06,activo,217868.615,GOLD,VIKING ARMOUR,B92375,N,0.6595
VLLOLFA0LO,60 Y MAS,BAJA,289053.41,BITCOIN,VIKING ARMOUR,Y79G54,4,0.2111
L9L0FALV0,07 A 11,IMPAGO,168254.97,GOLD,VIKING ARMOUR,JSF89A,N,0.9864
L0840ZZV,48 A 60,BAJA,267482.26,BITCOIN,NAVAL,B92375,4,0.2964
L9VFA000V,00 A 06,activo,224339.96,#N/D,SPURS,Y79G54,N,0.2709
L80V40ZLO,07 A 11,ACTIVO,235125.535,#N/D,SPURS,Y79G54,2,0.4387
V00900FAV,12 A 23,BAJA,286896.295,0,VIKING ARMOUR,B92375,2,0.3486
ZZ4809ZL,60 Y MAS,IMPAGO,226497.075,0,SPURS,Y79G54,4,0.7586
L0FAFA09FA0,48 A 60,BAJA,295524.755,BITCOIN,NAVAL,B92375,4,0.8455
L8V400V0,07 A 11,IMPAGO,217868.615,#N/D,SPURS,Y79G54,N,0.2726
L8FAZZ9LOFA,07 A 11,IMPAGO,,#N/D,#N/D,#N/D,#N/D,0.346
LFAZZZ94L,24 A 47,BAJA,189826.12,BITCOIN,SPURS,Y79G54,4,0.1017
L94800V8,00 A 06,IMPAGO,,#N/D,SOIL,Y79G54,#N/D,0.637
LLL4Z904,48 A 60,activo,,#N/D,VIKING ARMOUR,Y79G54,#N/D,0.3401
LV9ZLO04LO,07 A 11,activo,,#N/D,VIKING ARMOUR,B92375,#N/D,0.4397
80094Z4Z,60 Y MAS,ACTIVO,189826.12,0,SPURS,Y79G54,3,0.8596
LVVLOZFA0LO,12 A 23,IMPAGO,,#N/D,#N/D,#N/D,#N/D,0.3043
L98VLO90V,00 A 06,IMPAGO,189826.12,#N/D,SPURS,Y79G54,N,0.6834
L4VVVZFA4,24 A 47,IMPAGO,230811.305,GOLD,SOIL,Y79G54,4,0.4403
FA0LOFA9008,00 A 06,IMPAGO,,#N/D,VIKING ARMOUR,B92375,#N/D,0.0466
L9004LV0,07 A 11,IMPAGO,187669.005,#N/D,SOIL,Y79G54,N,0.0001
LZ8Z880FA,24 A 47,IMPAGO,286896.295,TYP2,VIKING ARMOUR,B92375,2,0.135
L8FAFAFA084,07 A 11,activo,,#N/D,SPURS,Y79G54,#N/D,0.1711
LV0V44V9,12 A 23,BAJA,353766.86,GOLD,VIKING ARMOUR,Y79G54,4,0.5811
L9V00V,00 A 06,IMPAGO,237282.65,GOLD,VIKING ARMOUR,B92375,N,0.8747
V0FA9LLO4L,60 Y MAS,BAJA,286896.295,0,VIKING ARMOUR,B92375,4,0.8347
L4Z0FALO0V,24 A 47,IMPAGO,,#N/D,VIKING ARMOUR,B92375,#N/D,0.0903
L88Z0LFAL,07 A 11,IMPAGO,334352.825,GOLD,VIKING ARMOUR,Y79G54,N,0.0096
FA0ZZL9LL,00 A 06,IMPAGO,,#N/D,SOIL,Y79G54,#N/D,0.6904
LZ0008L0,24 A 47,IMPAGO,155312.28,ETHER,DRAGONS,Y79G54,2,0.9851
L90ZLO40Z,07 A 11,ACTIVO,187669.005,#N/D,SOIL,Y79G54,N,0.7805
LLO00LV9L,12 A 23,ACTIVO,181197.66,0,DRAGONS,Y79G54,2,0.6086
LO0LLFAFA88,60 Y MAS,ACTIVO,232968.42,GOLD,DRAGONS,Y79G54,2,0.0676
LZLO8VLO,24 A 47,IMPAGO,,#N/D,SOIL,Y79G54,#N/D,0.0757
L08894LZ,48 A 60,activo,556535.67,0,VIKING ARMOUR,B92375,3,0.4849
LVL0LO89LO,12 A 23,IMPAGO,347295.515,TYP2,VIKING ARMOUR,Y79G54,4,0.1309
LL0FALVV4,48 A 60,IMPAGO,,#N/D,SPURS,Y79G54,#N/D,0.1826
L9FAVFA4LO8,00 A 06,IMPAGO,187669.005,#N/D,SOIL,Y79G54,N,0.8662
LLOFA80048,12 A 23,ACTIVO,286896.295,0,VIKING ARMOUR,B92375,4,0.1867
L9V8ZVFAFA,00 A 06,ACTIVO,159626.51,BITCOIN,SPURS,Y79G54,N,0.8642
800FA4ZMLO,60 Y MAS,IMPAGO,319253.02,0,SPURS,Y79G54,4,0.8874
LVVFAZ4VV,12 A 23,BAJA,,#N/D,#N/D,#N/D,#N/D,0.9079
FA04008L8,00 A 06,IMPAGO,,#N/D,VIKING ARMOUR,B92375,#N/D,0.2248
LVLOV9LO9V,12 A 23,IMPAGO,310624.56,BITCOIN,VIKING ARMOUR,Y79G54,2,0.7085
LZLOZ448FA,24 A 47,IMPAGO,,#N/D,VIKING ARMOUR,B92375,#N/D,0.7045
LVZZLO40Z,12 A 23,IMPAGO,226497.075,0,SPURS,Y79G54,1,0.5132
L8090094,07 A 11,IMPAGO,150998.05,GOLD,SOIL,Y79G54,1,0.0756
LFALOZLOFAL4,24 A 47,activo,,#N/D,NAVAL,B92375,#N/D,0.9
L8LO4040LO,07 A 11,ACTIVO,207083.04,#N/D,VIKING ARMOUR,B92375,1,0.8052
V00FAVL44,24 A 47,IMPAGO,,#N/D,#N/D,#N/D,#N/D,0.4604
L80VV048,12 A 23,IMPAGO,380515.086,#N/D,VIKING ARMOUR,Y79G54,4,0.0153
ZZVVLLFAZ,60 Y MAS,BAJA,351609.745,BITCOIN,VIKING ARMOUR,JSF89A,4,0.8897
LV9ZMFA98,12 A 23,IMPAGO,273953.605,BITCOIN,VIKING ARMOUR,B92375,2,0.2594
L9L40FA8V,00 A 06,IMPAGO,,#N/D,#N/D,#N/D,#N/D,0.7992
LZMZM89LO,12 A 23,BAJA,232968.42,BITCOIN,SPURS,Y79G54,2,0.991
L0VZVZV8,48 A 60,IMPAGO,,#N/D,SPURS,Y79G54,#N/D,0.4134
L90FA0ZM9,07 A 11,IMPAGO,181197.66,#N/D,SPURS,Y79G54,N,0.2211
ZVLOFALVFA9,24 A 47,activo,323135.827,GOLD,VIKING ARMOUR,JSF89A,4,0.5497
L9LO8VZ00,00 A 06,IMPAGO,237282.65,0,VIKING ARMOUR,B92375,N,0.4207
L9FA8V0L0,00 A 06,IMPAGO,273953.605,#N/D,VIKING ARMOUR,B92375,N,0.7641
LZ44Z0,00 A 06,IMPAGO,125112.67,#N/D,SPURS,Y79G54,N,0.8194
LLO09L04Z,12 A 23,IMPAGO,,#N/D,#N/D,#N/D,#N/D,0.5847
V0004880,24 A 47,IMPAGO,158763.664,0,SOIL,90LD2,2,0.5488
LLOVL98Z8,12 A 23,ACTIVO,250225.34,BITCOIN,VIKING ARMOUR,B92375,2,0.9457
89Z0VVL,60 Y MAS,ACTIVO,673019.88,GOLD,SPURS,Y79G54,6,0.5132
L0LOL0LOVV,48 A 60,IMPAGO,198454.58,0,SPURS,Y79G54,3,0.717
LLOLFALOZ40,12 A 23,activo,,#N/D,SPURS,Y79G54,#N/D,0.5914
LVFA4L9VFA,12 A 23,IMPAGO,226497.075,ETHER,SPURS,Y79G54,2,0.1999
L890L804,07 A 11,IMPAGO,295524.755,USD,SPURS,Y79G54,N,0.7058
L80048FAV,07 A 11,IMPAGO,556967.093,TYP2,VIKING ARMOUR,Y79G54,1,0.9112
FA04FAV449,00 A 06,IMPAGO,,#N/D,VIKING ARMOUR,B92375,#N/D,0.6188
L0LOZLLOFAFA,48 A 60,IMPAGO,207083.04,0,SPURS,Y79G54,3,0.4863
LFA9090V4,24 A 47,IMPAGO,,#N/D,#N/D,#N/D,#N/D,0.2465
LV4ZMLO00,12 A 23,IMPAGO,,#N/D,SPURS,Y79G54,#N/D,0.1475
90084FA09,24 A 47,IMPAGO,,#N/D,SPURS,90LD2,#N/D,0.7697
L9Z0FAFAFA0,00 A 06,IMPAGO,,#N/D,VIKING ARMOUR,JSF89A,#N/D,0.0667
LVL0090LO,12 A 23,ACTIVO,304153.215,0,#N/D,#N/D,4,0.5265
L80FALOV8FA,12 A 23,BAJA,237282.65,BITCOIN,VIKING ARMOUR,B92375,1,0.729
L890VL,00 A 06,IMPAGO,172569.2,BITCOIN,SPURS,JSF89A,N,0.1918
LV000L00,12 A 23,IMPAGO,,#N/D,#N/D,#N/D,#N/D,0.8036
LZVLOZFA44,24 A 47,activo,286896.295,0,VIKING ARMOUR,B92375,3,0.1421
L9V88L0LO,00 A 06,IMPAGO,237282.65,#N/D,VIKING ARMOUR,B92375,N,0.8098
L8VLO8ZLOFA,07 A 11,IMPAGO,,#N/D,SOIL,Y79G54,#N/D,0.5419
L4L88V0LO,24 A 47,BAJA,207083.04,ETHER,SPURS,Y79G54,4,0.5442
L09L40ZZ,48 A 60,IMPAGO,509941.986,0,VIKING ARMOUR,Y79G54,4,0.0656
L909V9LOL,00 A 06,IMPAGO,,#N/D,SPURS,Y79G54,#N/D,0.9551
L8409ZFA0,12 A 23,BAJA,230811.305,GOLD,VIKING ARMOUR,B92375,2,0.8418
LV88ZFAFAV,12 A 23,IMPAGO,209240.155,TYP2,SPURS,JSF89A,1,0.1483
FA0LFAL9VFA,00 A 06,IMPAGO,159626.51,0,SOIL,Y79G54,N,0.414
L4LFAV844,24 A 47,BAJA,170412.085,0,DRAGONS,B92375,2,0.6531
L8ZLO00V9,07 A 11,IMPAGO,,#N/D,SPURS,Y79G54,#N/D,0.758
V0LO800FA,60 Y MAS,IMPAGO,159626.51,BITCOIN,SOIL,Y79G54,2,0.024
LVVZ0LL0,12 A 23,BAJA,,#N/D,#N/D,#N/D,#N/D,0.0406
L9L9FALL4,07 A 11,activo,230811.305,GOLD,SOIL,Y79G54,N,0.2812
L8LOZ9LOL0,07 A 11,IMPAGO,120798.44,ETHER,SPURS,Y79G54,N,0.8117
LLO08LV,24 A 47,activo,286896.295,ETHER,VIKING ARMOUR,B92375,2,0.717
LLO4Z9LL4,12 A 23,activo,,#N/D,VIKING ARMOUR,JSF89A,#N/D,0.903
L4FA8LOFAV0,24 A 47,BAJA,258853.8,BITCOIN,NAVAL,B92375,4,0.6627
L880ZMFA4,07 A 11,IMPAGO,273953.605,#N/D,VIKING ARMOUR,B92375,N,0.5286
FA04ZML90,00 A 06,activo,,#N/D,SOIL,Y79G54,#N/D,0.2743
FA0LOL40V0,00 A 06,IMPAGO,,#N/D,SPURS,Y79G54,#N/D,0.0568
LLO4ZLLO09,12 A 23,ACTIVO,,#N/D,VIKING ARMOUR,Y79G54,#N/D,0.9115
L44FA4LLO8,24 A 47,BAJA,327881.48,BITCOIN,VIKING ARMOUR,Y79G54,4,0.4074
LZZMV8LOV,24 A 47,IMPAGO,,#N/D,#N/D,#N/D,#N/D,0.1824
L8FA0FALV4,07 A 11,IMPAGO,,#N/D,SPURS,Y79G54,#N/D,0.5754
L84ZZZMFA,07 A 11,IMPAGO,,#N/D,#N/D,#N/D,#N/D,0.7034
848L0FAZ,60 Y MAS,BAJA,86284.6,BITCOIN,SOIL,90LD2,2,0.3721
L4L004,24 A 47,BAJA,159626.51,BITCOIN,SOIL,Y79G54,2,0.5226
LV0ZL8FALO,12 A 23,IMPAGO,444365.69,0,VIKING ARMOUR,Y79G54,4,0.0932
Z00VV009,60 Y MAS,BAJA,286896.295,GOLD,VIKING ARMOUR,B92375,4,0.7253
90LFA0VFA0,24 A 47,activo,475428.146,0,VIKING ARMOUR,Y79G54,2,0.3935
ZVLOL9ZMV,48 A 60,IMPAGO,267050.837,GOLD,VIKING ARMOUR,JSF89A,4,0.8624
L448LO0L0,24 A 47,IMPAGO,159626.51,GOLD,SOIL,Y79G54,2,0.1361
L9ZLOV048,00 A 06,IMPAGO,237282.65,#N/D,VIKING ARMOUR,B92375,N,0.7324
LV498LOFALO,12 A 23,IMPAGO,250225.34,GOLD,VIKING ARMOUR,B92375,2,0.2109
LVZ8ZLO,12 A 23,activo,381809.355,ETHER,VIKING ARMOUR,B92375,4,0.0174
Z0L09V44,60 Y MAS,BAJA,295524.755,BITCOIN,VIKING ARMOUR,Y79G54,4,0.6045
L8Z0V9VLO,07 A 11,IMPAGO,241596.88,#N/D,SPURS,Y79G54,2,0.1856
L49FA0V0L,24 A 47,activo,226497.075,0,VIKING ARMOUR,B92375,4,0.4472
LVZL0908,12 A 23,IMPAGO,365415.281,ETHER,VIKING ARMOUR,Y79G54,4,0.5759
90L40LOLL,07 A 11,BAJA,,#N/D,SPURS,90LD2,#N/D,0.285
LLO8L4ZZ0,12 A 23,BAJA,103541.52,TYP2,DRAGONS,B92375,2,0.3824
FA00FA9490,00 A 06,IMPAGO,103541.52,0,DRAGONS,B92375,N,0.8798
LVVVLOZ,00 A 06,IMPAGO,405537.62,0,VIKING ARMOUR,Y79G54,N,0.7775
L44ZLOVZV,24 A 47,IMPAGO,,#N/D,NAVAL,B92375,#N/D,0.9443
L84Z9Z9V,07 A 11,IMPAGO,,#N/D,DRAGONS,JSF89A,#N/D,0.7818
LV9LVZ0Z,12 A 23,IMPAGO,,#N/D,SPURS,Y79G54,#N/D,0.6979
L909084FA,00 A 06,activo,,#N/D,VIKING ARMOUR,B92375,#N/D,0.3251
LZFA0VZZLO,24 A 47,IMPAGO,,#N/D,#N/D,#N/D,#N/D,0.7593
Z0840V9V,60 Y MAS,IMPAGO,,#N/D,#N/D,#N/D,#N/D,0.0085
Z0LVL40L,60 Y MAS,IMPAGO,433580.115,ETHER,VIKING ARMOUR,Y79G54,6,0.1278
L0V00V00,48 A 60,ACTIVO,170412.085,0,DRAGONS,B92375,2,0.0998
Z000FA80V,60 Y MAS,IMPAGO,329175.749,GOLD,NAVAL,90LD2,4,0.0621
LV40494FA,12 A 23,IMPAGO,394752.045,TYP2,VIKING ARMOUR,Y79G54,4,0.7252
LLO8VLOL,12 A 23,IMPAGO,,#N/D,#N/D,#N/D,#N/D,0.6216
LV0L0V,12 A 23,IMPAGO,362395.32,BITCOIN,VIKING ARMOUR,Y79G54,3,0.1814
LLO80LO89Z,12 A 23,IMPAGO,278267.835,GOLD,SPURS,Y79G54,4,0.9151
L48VLOV,00 A 06,IMPAGO,172569.2,#N/D,VIKING ARMOUR,B92375,N,0.4624
FA0FALOV904,00 A 06,activo,,#N/D,SPURS,Y79G54,#N/D,0.5632
LZFAZZZ0L,24 A 47,BAJA,243753.995,0,SPURS,Y79G54,3,0.801
LFALFAL8FA4,24 A 47,activo,,#N/D,SOIL,Y79G54,#N/D,0.9279
FA0480V84,00 A 06,IMPAGO,,#N/D,SPURS,Y79G54,#N/D,0.3308
L94Z0V08,00 A 06,IMPAGO,230811.305,#N/D,SOIL,Y79G54,N,0.7509
LZ0L9VLOZ,24 A 47,IMPAGO,739459.022,ETHER,VIKING ARMOUR,Y79G54,6,0.8263
L44LO0LLOL,24 A 47,BAJA,396909.16,TYP2,VIKING ARMOUR,Y79G54,4,0.4067
V00ZLZ8LO,60 Y MAS,ACTIVO,240302.611,0,VIKING ARMOUR,90LD2,4,0.7492
L0Z04LO,48 A 60,BAJA,198454.58,BITCOIN,SPURS,Y79G54,4,0.7401
LZ8Z900V,24 A 47,ACTIVO,349452.63,0,SPURS,Y79G54,4,0.542
L0849LOZ9,48 A 60,BAJA,,#N/D,#N/D,#N/D,#N/D,0.7803
L9V4LO9Z0,00 A 06,activo,325724.365,#N/D,VIKING ARMOUR,Y79G54,N,0.6672
FA0FAZM098,00 A 06,IMPAGO,129426.9,0,DRAGONS,JSF89A,N,0.8124
LFALO0LOVV0,24 A 47,BAJA,,#N/D,#N/D,#N/D,#N/D,0.083
LFALLLOFALLO,24 A 47,BAJA,,#N/D,#N/D,#N/D,#N/D,0.3477
LLFA404,24 A 47,IMPAGO,,#N/D,VIKING ARMOUR,Y79G54,#N/D,0.2339
L8FAFAVFA,00 A 06,activo,250225.34,#N/D,VIKING ARMOUR,B92375,N,0.3917
LZV0840Z,24 A 47,BAJA,286896.295,TYP2,VIKING ARMOUR,B92375,4,0.8344
80LFALVVL,60 Y MAS,IMPAGO,,#N/D,VIKING ARMOUR,B92375,#N/D,0.1778
L800Z09FA,12 A 23,BAJA,150998.05,GOLD,SOIL,Y79G54,2,0.4277
L00LLLOL4,48 A 60,IMPAGO,412008.965,TYP2,VIKING ARMOUR,B92375,4,0.4401
L9004098,07 A 11,ACTIVO,,#N/D,SPURS,Y79G54,#N/D,0.597
L8V0L4,00 A 06,IMPAGO,,#N/D,#N/D,#N/D,#N/D,0.8783
FA0V0Z0L8,00 A 06,activo,,#N/D,DRAGONS,JSF89A,#N/D,0.1622
9FA4098FA,60 Y MAS,IMPAGO,336509.94,0,VIKING ARMOUR,Y79G54,4,0.8108
LV9FA4080,12 A 23,BAJA,181197.66,GOLD,SPURS,Y79G54,2,0.459
FA00V00L4,00 A 06,activo,250225.34,#N/D,VIKING ARMOUR,B92375,N,0.1593
L80V0L9L,07 A 11,IMPAGO,,#N/D,#N/D,#N/D,#N/D,0.7904
ZZ48LOFA4Z,60 Y MAS,ACTIVO,157469.395,GOLD,DRAGONS,JSF89A,2,0.4784
L0L049,60 Y MAS,ACTIVO,371023.78,TYP2,VIKING ARMOUR,Y79G54,4,0.9164
L0LO0LFA0V,48 A 60,ACTIVO,213554.385,BITCOIN,DRAGONS,B92375,2,0.3165
FA00ZZFA0Z,00 A 06,activo,159626.51,#N/D,SOIL,Y79G54,N,0.0447
L04LOVVFAL,48 A 60,BAJA,207083.04,0,SPURS,Y79G54,4,0.3338
L9LOZ00FA9,00 A 06,activo,181197.66,#N/D,SPURS,Y79G54,N,0.1255
L4FALO0L9FA,24 A 47,ACTIVO,103541.52,BITCOIN,DRAGONS,B92375,2,0.6339
L8L9ZL,00 A 06,ACTIVO,159626.51,#N/D,SOIL,Y79G54,N,0.0133
LZZ04FA0LO,24 A 47,BAJA,430128.731,BITCOIN,VIKING ARMOUR,Y79G54,4,0.2871
LO0LOZ0LLOFA,60 Y MAS,ACTIVO,99227.29,0,DRAGONS,JSF89A,2,0.3006
9009VFA49,12 A 23,BAJA,,#N/D,VIKING ARMOUR,90LD2,#N/D,0.62
L0LOLL8V8,60 Y MAS,BAJA,345138.4,GOLD,DRAGONS,Y79G54,2,0.6357
LVV9V8VFA,12 A 23,IMPAGO,129426.9,0,DRAGONS,B92375,0,0.44
L9ZFA0ZFA0,00 A 06,activo,304153.215,0,VIKING ARMOUR,JSF89A,N,0.0373
ZZ0LZ8,60 Y MAS,IMPAGO,,#N/D,#N/D,#N/D,#N/D,0.7993
90LFA88V9,07 A 11,BAJA,,#N/D,SPURS,90LD2,#N/D,0.8657
LFALO440FA9,24 A 47,ACTIVO,267482.26,0,VIKING ARMOUR,B92375,3,0.4862
L90FA9004,07 A 11,IMPAGO,172569.2,0,SPURS,JSF89A,N,0.7918
LZM0FA4V0,12 A 23,IMPAGO,250225.34,0,VIKING ARMOUR,B92375,2,0.8279
L9004098,00 A 06,IMPAGO,,#N/D,SPURS,Y79G54,#N/D,0.4616
L9040V08,07 A 11,IMPAGO,273953.605,#N/D,VIKING ARMOUR,B92375,N,0.4034
L90ZMV,00 A 06,IMPAGO,237282.65,#N/D,VIKING ARMOUR,B92375,N,0.692
LFAZLOV4L0,24 A 47,ACTIVO,207083.04,0,SPURS,Y79G54,3,0.1938
9V8Z4,60 Y MAS,BAJA,323567.25,GOLD,VIKING ARMOUR,B92375,4,0.5426
LL9Z8V40,24 A 47,activo,235125.535,0,SPURS,Y79G54,4,0.2336
LLO4L9LL0,12 A 23,BAJA,353766.86,0,VIKING ARMOUR,Y79G54,4,0.5502
L04LFA080,48 A 60,IMPAGO,,#N/D,#N/D,#N/D,#N/D,0.1908
LV90FAZLO9,12 A 23,BAJA,237282.65,GOLD,VIKING ARMOUR,B92375,2,0.4038
LLO9LVFA0FA,12 A 23,IMPAGO,,#N/D,VIKING ARMOUR,B92375,#N/D,0.8631
LLOZL8ZML,12 A 23,IMPAGO,323567.25,GOLD,VIKING ARMOUR,B92375,4,0.6221
L9LOFA04V8,07 A 11,IMPAGO,181197.66,TYP2,SPURS,Y79G54,N,0.2574
L904FA094,07 A 11,IMPAGO,273953.605,#N/D,VIKING ARMOUR,B92375,N,0.5544
L9FA08098,00 A 06,IMPAGO,261010.915,#N/D,SPURS,Y79G54,N,0.0355
FA048040V,00 A 06,IMPAGO,,#N/D,SPURS,Y79G54,#N/D,0.4391
L9ZML8FA8,00 A 06,IMPAGO,120798.44,0,SPURS,Y79G54,N,0.3757
L8LLO908L,07 A 11,IMPAGO,,#N/D,#N/D,#N/D,#N/D,0.2758
L9LFAL880,07 A 11,activo,181197.66,#N/D,SPURS,Y79G54,N,0.3675
L90L08FALO,07 A 11,activo,217868.615,GOLD,SPURS,Y79G54,N,0.0294
L94LZML0,00 A 06,IMPAGO,,#N/D,#N/D,#N/D,#N/D,0.0851
LFA9FAZL89,24 A 47,IMPAGO,280424.95,GOLD,VIKING ARMOUR,B92375,2,0.6788
LLO8909V9,12 A 23,activo,,#N/D,VIKING ARMOUR,B92375,#N/D,0.7165
LZ80V98L,24 A 47,activo,286896.295,0,VIKING ARMOUR,B92375,0,0.5232
LLOV0VLOL9,12 A 23,IMPAGO,189826.12,BITCOIN,SPURS,Y79G54,1,0.1999
LFAZ00ZLL,24 A 47,BAJA,189826.12,0,SPURS,Y79G54,4,0.5752
L4LOZ0L89,24 A 47,IMPAGO,,#N/D,VIKING ARMOUR,JSF89A,#N/D,0.4408
L0LO0004Z,48 A 60,IMPAGO,235125.535,GOLD,SPURS,Y79G54,4,0.9243
LV80LLFAL,12 A 23,IMPAGO,,#N/D,SPURS,Y79G54,#N/D,0.1639
8V4480L,60 Y MAS,IMPAGO,401223.39,BITCOIN,VIKING ARMOUR,Y79G54,4,0.5559
FA0LZ9804,00 A 06,IMPAGO,267482.26,0,VIKING ARMOUR,JSF89A,N,0.1693
L8V89LVZ,07 A 11,activo,150998.05,#N/D,SOIL,Y79G54,N,0.2609
L4L904L9,24 A 47,IMPAGO,196297.465,0,SOIL,Y79G54,1,0.1201
L90LOZ040,00 A 06,IMPAGO,,#N/D,VIKING ARMOUR,B92375,#N/D,0.0495
FA0L40ZVZ,00 A 06,ACTIVO,125112.67,0,SPURS,Y79G54,N,0.929
L09ZFA94V,48 A 60,IMPAGO,189826.12,GOLD,SPURS,Y79G54,4,0.0255
LZ4Z8FA8FA,24 A 47,BAJA,207083.04,0,SPURS,Y79G54,4,0.0255
L8090LZZ,07 A 11,IMPAGO,487076.567,TYP2,VIKING ARMOUR,Y79G54,4,0.0915
LV809LFAL,12 A 23,BAJA,332195.71,BITCOIN,VIKING ARMOUR,Y79G54,2,0.84
LO04FA4V00,12 A 23,activo,50476.491,0,SPURS,90LD2,2,0.3121
Z0LZ000Z,60 Y MAS,IMPAGO,312781.675,GOLD,VIKING ARMOUR,Y79G54,4,0.8874
LLOZLO00ZL,24 A 47,IMPAGO,286896.295,0,VIKING ARMOUR,B92375,2,0.3473
L4940LO40,24 A 47,BAJA,,#N/D,#N/D,#N/D,#N/D,0.3805
FA0L89FA,00 A 06,activo,271796.49,0,VIKING ARMOUR,B92375,N,0.6338
Z044FAZ80,60 Y MAS,IMPAGO,189826.12,GOLD,DRAGONS,90LD2,2,0.558
L4L84ZLOZ,24 A 47,IMPAGO,196297.465,0,SOIL,Y79G54,2,0.8996
LZ8LZLOFA8,24 A 47,BAJA,,#N/D,#N/D,#N/D,#N/D,0.0915
FA0ZVZ800,00 A 06,IMPAGO,,#N/D,#N/D,#N/D,#N/D,0.4321
LZ9804FAV,24 A 47,IMPAGO,131584.015,#N/D,DRAGONS,JSF89A,2,0.2371
LLO8L80LLO,12 A 23,IMPAGO,,#N/D,VIKING ARMOUR,Y79G54,#N/D,0.1288
LVZL80FA0,12 A 23,BAJA,241596.88,GOLD,SPURS,Y79G54,3,0.7233
L8LL4884,12 A 23,BAJA,237282.65,ETHER,VIKING ARMOUR,B92375,2,0.3081
LFA4ZM0ZZ,24 A 47,ACTIVO,610463.545,ETHER,VIKING ARMOUR,Y79G54,4,0.8863
L8490Z0LO,07 A 11,IMPAGO,273953.605,#N/D,VIKING ARMOUR,B92375,2,0.4541
Z040L444,60 Y MAS,IMPAGO,,#N/D,#N/D,#N/D,#N/D,0.9553
LO00LL884,60 Y MAS,BAJA,386986.431,BITCOIN,VIKING ARMOUR,Y79G54,4,0.523
ZVZMV0V4,24 A 47,IMPAGO,150998.05,GOLD,VIKING ARMOUR,JSF89A,2,0.6367
FA09L80VLO,00 A 06,IMPAGO,,#N/D,VIKING ARMOUR,JSF89A,#N/D,0.102
80LVFA8LL,60 Y MAS,IMPAGO,364552.435,0,VIKING ARMOUR,Y79G54,3,0.3439
L04FAV0FA4,48 A 60,BAJA,573792.59,TYP2,VIKING ARMOUR,Y79G54,6,0.9661
L49FA0FAFA0,24 A 47,activo,239439.765,0,NAVAL,B92375,4,0.4764
FA0480FALOL,00 A 06,IMPAGO,,#N/D,SPURS,Y79G54,#N/D,0.3206
L4009ZM9,24 A 47,IMPAGO,103541.52,0,DRAGONS,B92375,1,0.9513
L00VFAFA8V,48 A 60,IMPAGO,198454.58,0,SPURS,Y79G54,3,0.2663
LVLO08888,12 A 23,IMPAGO,250225.34,0,VIKING ARMOUR,B92375,2,0.9589
L90ZMV84,00 A 06,IMPAGO,,#N/D,VIKING ARMOUR,B92375,#N/D,0.5679
900LOV0LO8,12 A 23,activo,,#N/D,SPURS,90LD2,#N/D,0.6926
LV0094V4,12 A 23,IMPAGO,250225.34,0,VIKING ARMOUR,B92375,2,0.8914
LLOL40FA,12 A 23,IMPAGO,,#N/D,VIKING ARMOUR,B92375,#N/D,0.8973
L80LLO904,12 A 23,BAJA,235125.535,0,DRAGONS,Y79G54,1,0.4923
L9L8LLO4LO,00 A 06,activo,,#N/D,SPURS,Y79G54,#N/D,0.1168
LV89V88L,07 A 11,IMPAGO,,#N/D,#N/D,#N/D,#N/D,0.9046
L844LLO98,07 A 11,activo,150998.05,ETHER,SOIL,Y79G54,2,0.932
LVV89VV0,12 A 23,IMPAGO,198454.58,0,SPURS,Y79G54,1,0.0021
L900ZM04,07 A 11,activo,187669.005,TYP2,SOIL,Y79G54,N,0.1482
LLVV00Z0,24 A 47,IMPAGO,286896.295,GOLD,VIKING ARMOUR,B92375,4,0.4737
L90L8FAZ4,00 A 06,IMPAGO,273953.605,GOLD,VIKING ARMOUR,B92375,N,0.134
90LFA8LOL9,07 A 11,BAJA,,#N/D,SPURS,90LD2,#N/D,0.3935
LFAVFAFAFALOL,24 A 47,IMPAGO,310624.56,0,VIKING ARMOUR,B92375,4,0.3594
L904ZZFA9,00 A 06,IMPAGO,,#N/D,#N/D,#N/D,#N/D,0.1314
L9000FAL9,00 A 06,IMPAGO,,#N/D,SPURS,Y79G54,#N/D,0.9699
LVL80V90,12 A 23,IMPAGO,,#N/D,#N/D,#N/D,#N/D,0.0921
L90480LLO,07 A 11,IMPAGO,,#N/D,VIKING ARMOUR,JSF89A,#N/D,0.6272
LFA8880VL,24 A 47,IMPAGO,,#N/D,DRAGONS,B92375,#N/D,0.7258
L4LV0V0FA,24 A 47,IMPAGO,226497.075,0,SPURS,Y79G54,0,0.9406
L4LO08VFAZ,24 A 47,BAJA,,#N/D,VIKING ARMOUR,B92375,#N/D,0.6009
V0ZFALFALL,60 Y MAS,BAJA,140212.475,GOLD,DRAGONS,B92375,2,0.1541
VLO00840,60 Y MAS,BAJA,534964.52,0,VIKING ARMOUR,Y79G54,4,0.476
89LO4L9L,60 Y MAS,BAJA,,#N/D,#N/D,#N/D,#N/D,0.6026
L9ZVZM8LO,07 A 11,IMPAGO,150998.05,GOLD,SOIL,Y79G54,N,0.4628
FA00LOLL9FA,00 A 06,IMPAGO,159626.51,0,SOIL,Y79G54,N,0.8201
LFAVV840V,24 A 47,BAJA,202768.81,0,NAVAL,B92375,1,0.9107
FA0Z8LOL8Z,00 A 06,IMPAGO,,#N/D,SPURS,JSF89A,#N/D,0.6826
L9ZL44LO8,00 A 06,IMPAGO,,#N/D,VIKING ARMOUR,Y79G54,#N/D,0.4281
ZZ80LFA8L,60 Y MAS,ACTIVO,323567.25,BITCOIN,VIKING ARMOUR,B92375,4,0.4011
FA0ZLO080Z,00 A 06,ACTIVO,,#N/D,SPURS,Y79G54,#N/D,0.548
L4L80844,24 A 47,IMPAGO,196297.465,0,SOIL,Y79G54,1,0.8202
FA0VLO9LZ4,00 A 06,IMPAGO,,#N/D,VIKING ARMOUR,B92375,#N/D,0.5156
LO0ZFA0FA0L,12 A 23,BAJA,,#N/D,#N/D,#N/D,#N/D,0.8808
8880844,60 Y MAS,ACTIVO,393457.776,GOLD,NAVAL,90LD2,6,0.7711
ZZFA4FA4,60 Y MAS,BAJA,92324.522,BITCOIN,DRAGONS,JSF89A,2,0.0533
L9VLOV808,00 A 06,activo,166097.855,0,DRAGONS,JSF89A,N,0.2493
800VVL00,48 A 60,BAJA,237282.65,0,DRAGONS,Y79G54,2,0.0442
FA0084L9V,00 A 06,IMPAGO,250225.34,#N/D,VIKING ARMOUR,B92375,N,0.995
L8LO80V0V,00 A 06,IMPAGO,,#N/D,#N/D,#N/D,#N/D,0.8553
LLLOLVV09,48 A 60,BAJA,103541.52,0,DRAGONS,B92375,2,0.9962
L8L4L004,12 A 23,IMPAGO,150998.05,#N/D,SPURS,Y79G54,2,0.5916
L8LFA4ZVFA,12 A 23,IMPAGO,209240.155,GOLD,VIKING ARMOUR,B92375,1,0.7493
800LLVZ,60 Y MAS,IMPAGO,383966.47,TYP2,VIKING ARMOUR,Y79G54,4,0.0108
L9LOVZFALZ,00 A 06,IMPAGO,282150.642,GOLD,VIKING ARMOUR,JSF89A,N,0.0436
ZZVFAL8ZV,60 Y MAS,BAJA,207083.04,BITCOIN,SPURS,Y79G54,4,0.5064
L4L98V,00 A 06,ACTIVO,159626.51,#N/D,SOIL,Y79G54,N,0.3342
L89V8088,07 A 11,IMPAGO,273953.605,#N/D,VIKING ARMOUR,B92375,N,0.0787
LLLO808Z8,24 A 47,BAJA,207083.04,ETHER,SPURS,Y79G54,4,0.8245
FA0VZM49FA,00 A 06,IMPAGO,,#N/D,VIKING ARMOUR,B92375,#N/D,0.6484
Z0LO08Z0Z,60 Y MAS,BAJA,276110.72,BITCOIN,VIKING ARMOUR,Y79G54,4,0.8791
LZ940048,24 A 47,BAJA,159626.51,TYP2,SOIL,Y79G54,2,0.7564
LLV49ZMZ,24 A 47,IMPAGO,,#N/D,VIKING ARMOUR,Y79G54,#N/D,0.6372
8004V0V0,60 Y MAS,activo,,#N/D,DRAGONS,90LD2,#N/D,0.0107
L90FALO0FAZ,00 A 06,IMPAGO,,#N/D,#N/D,#N/D,#N/D,0.2872
LLO9V8LO44,12 A 23,IMPAGO,312781.675,0,VIKING ARMOUR,Y79G54,4,0.2125
LV808V08,12 A 23,BAJA,230811.305,BITCOIN,VIKING ARMOUR,B92375,2,0.1444
L8L9V89FA,07 A 11,ACTIVO,237282.65,#N/D,VIKING ARMOUR,B92375,2,0.1643
Z08Z9VLOFA,60 Y MAS,IMPAGO,,#N/D,VIKING ARMOUR,B92375,#N/D,0.361
L94FAZV0LO,07 A 11,IMPAGO,237282.65,#N/D,VIKING ARMOUR,B92375,N,0.7894
8008Z49,60 Y MAS,BAJA,,#N/D,#N/D,#N/D,#N/D,0.0633
LLOZZZ8LZ,24 A 47,BAJA,340392.747,BITCOIN,VIKING ARMOUR,JSF89A,4,0.4537
L908V9FAL,00 A 06,IMPAGO,237282.65,#N/D,VIKING ARMOUR,B92375,N,0.0325
FA04FALO48LO,00 A 06,IMPAGO,,#N/D,VIKING ARMOUR,Y79G54,#N/D,0.9723
800VLV0LO,24 A 47,IMPAGO,,#N/D,SOIL,90LD2,#N/D,0.8222
L9L9LO0LOFA,00 A 06,IMPAGO,,#N/D,#N/D,#N/D,#N/D,0.2302
LO0LOZ08FA0,60 Y MAS,IMPAGO,,#N/D,#N/D,#N/D,#N/D,0.0238
L888LVZL,00 A 06,IMPAGO,,#N/D,VIKING ARMOUR,B92375,#N/D,0.016
Z09LO9LZV,60 Y MAS,IMPAGO,133741.13,0,DRAGONS,90LD2,1,0.4742
FA0V9ZV,00 A 06,IMPAGO,,#N/D,VIKING ARMOUR,JSF89A,#N/D,0.3727
LZMZ000FA,12 A 23,IMPAGO,,#N/D,SPURS,Y79G54,#N/D,0.3461
L90VL0LV,00 A 06,IMPAGO,,#N/D,#N/D,#N/D,#N/D,0.5526
LV0449,12 A 23,BAJA,276110.72,ETHER,VIKING ARMOUR,Y79G54,2,0.1999
LV9LO04LO0,07 A 11,IMPAGO,,#N/D,VIKING ARMOUR,B92375,#N/D,0.6427
V04FAV04V,60 Y MAS,BAJA,,#N/D,#N/D,#N/D,#N/D,0.4135
V0Z00FA00,60 Y MAS,IMPAGO,194140.35,GOLD,DRAGONS,Y79G54,2,0.9344
V089V48LO,24 A 47,IMPAGO,207083.04,GOLD,VIKING ARMOUR,B92375,2,0.4421
VL40LLOV,60 Y MAS,BAJA,,#N/D,#N/D,#N/D,#N/D,0.6819
FA0Z09LO08,00 A 06,IMPAGO,,#N/D,VIKING ARMOUR,B92375,#N/D,0.2242
L0LOVZZ48,48 A 60,BAJA,351609.745,BITCOIN,DRAGONS,Y79G54,2,0.6899
L49V4VFAL,24 A 47,BAJA,250225.34,GOLD,VIKING ARMOUR,B92375,4,0.0279
L8VL809FA,00 A 06,activo,,#N/D,VIKING ARMOUR,B92375,#N/D,0.5855
V0LVLOV40,24 A 47,BAJA,126838.362,0,DRAGONS,90LD2,2,0.2018
L94LL00LO,00 A 06,IMPAGO,,#N/D,VIKING ARMOUR,JSF89A,#N/D,0.6946
LZ89V80LO,24 A 47,ACTIVO,250225.34,BITCOIN,VIKING ARMOUR,B92375,2,0.1467
L8V4LOL8FA,07 A 11,BAJA,125112.67,0,SOIL,JSF89A,N,0.0917
L90LLO948,07 A 11,IMPAGO,150998.05,ETHER,SOIL,Y79G54,N,0.3856
LZMLOFAVVL,12 A 23,ACTIVO,196297.465,0,SOIL,Y79G54,1,0.6165
LV490L48,12 A 23,IMPAGO,157469.395,0,DRAGONS,JSF89A,1,0.8839
L489088LO,24 A 47,BAJA,276110.72,BITCOIN,VIKING ARMOUR,Y79G54,4,0.2099
LL04LOL84,48 A 60,IMPAGO,476722.415,BITCOIN,VIKING ARMOUR,Y79G54,4,0.5827
Z008Z80L,60 Y MAS,BAJA,103541.52,BITCOIN,DRAGONS,B92375,2,0.5771
LO0LO0FAL4LO,24 A 47,IMPAGO,135898.245,0,DRAGONS,90LD2,2,0.1943
LZV9ZLO88,24 A 47,IMPAGO,,#N/D,#N/D,#N/D,#N/D,0.1598
L8004004,12 A 23,BAJA,181197.66,BITCOIN,SPURS,Y79G54,2,0.7443
LLO489L,12 A 23,IMPAGO,286896.295,0,VIKING ARMOUR,B92375,2,0.6656
L80Z9FALV,12 A 23,IMPAGO,295524.755,TYP2,VIKING ARMOUR,Y79G54,2,0.8652
LZV0049V,24 A 47,BAJA,,#N/D,#N/D,#N/D,#N/D,0.5072
ZZZ00040,60 Y MAS,BAJA,265325.145,BITCOIN,NAVAL,B92375,4,0.6672
LO04ZLOFAZ0,48 A 60,BAJA,,#N/D,#N/D,#N/D,#N/D,0.6411
LLFAFALOZLOV,48 A 60,BAJA,207083.04,BITCOIN,SPURS,Y79G54,4,0.0531
L0V840LOFA,48 A 60,BAJA,,#N/D,#N/D,#N/D,#N/D,0.5083
LZM44V4FA,12 A 23,IMPAGO,159626.51,0,SOIL,Y79G54,1,0.1527
L88ZZVFA4,07 A 11,ACTIVO,237282.65,TYP2,VIKING ARMOUR,Y79G54,N,0.8458
LVZLO9FAL0,12 A 23,BAJA,176883.43,0,VIKING ARMOUR,JSF89A,1,0.3684
LV8ZZVLOZ,12 A 23,BAJA,459465.495,0,VIKING ARMOUR,Y79G54,3,0.5665
LLO8008LLO,12 A 23,IMPAGO,176883.43,GOLD,VIKING ARMOUR,JSF89A,2,0.0841
ZZ040408,60 Y MAS,activo,,#N/D,DRAGONS,90LD2,#N/D,0.5082
LFAVZ09LO8,24 A 47,BAJA,207083.04,BITCOIN,SPURS,Y79G54,3,0.8983
FA0LO849V8,00 A 06,IMPAGO,,#N/D,VIKING ARMOUR,B92375,#N/D,0.6188
900ZL9Z,60 Y MAS,IMPAGO,282582.065,TYP2,SPURS,90LD2,6,0.0137
L90ZFA9LZ,00 A 06,activo,,#N/D,VIKING ARMOUR,B92375,#N/D,0.7032
LVVFA800Z,12 A 23,activo,353766.86,GOLD,VIKING ARMOUR,Y79G54,2,0.6181
L4ZVLOVLOV,24 A 47,IMPAGO,286896.295,0,VIKING ARMOUR,B92375,3,0.5118
90LZLO00LO,24 A 47,BAJA,,#N/D,SPURS,90LD2,#N/D,0.5325
L00V88,48 A 60,BAJA,,#N/D,#N/D,#N/D,#N/D,0.3464
LVL9L0FA4,12 A 23,IMPAGO,528493.175,0,VIKING ARMOUR,Y79G54,3,0.102
ZZZ04LLO8,60 Y MAS,BAJA,159626.51,BITCOIN,SOIL,Y79G54,2,0.3274
L9ZV0L0LO,07 A 11,activo,157469.395,#N/D,SPURS,Y79G54,N,0.8006
L008V0ZV,48 A 60,BAJA,140212.475,GOLD,DRAGONS,B92375,2,0.3951
L08VVL04,48 A 60,IMPAGO,,#N/D,NAVAL,B92375,#N/D,0.6274
L8L89VZ8,12 A 23,BAJA,,#N/D,VIKING ARMOUR,Y79G54,#N/D,0.1443
LFAV0VFALO0,24 A 47,BAJA,159626.51,BITCOIN,SOIL,Y79G54,2,0.5231
L009FA949,60 Y MAS,BAJA,198454.58,USD,SPURS,Y79G54,4,0.4939
LLOFA8LVZL,12 A 23,BAJA,392594.93,0,VIKING ARMOUR,B92375,4,0.5683
LV8ZFA0VL,12 A 23,IMPAGO,273953.605,GOLD,VIKING ARMOUR,B92375,2,0.1635
L8ZZ9LL9,07 A 11,IMPAGO,226497.075,GOLD,SPURS,Y79G54,1,0.1947
LV9FA40LLO,07 A 11,BAJA,,#N/D,#N/D,#N/D,#N/D,0.0594
LLVVV00L,24 A 47,IMPAGO,196297.465,ETHER,SOIL,Y79G54,2,0.5373
L9VVV4FA8,00 A 06,IMPAGO,,#N/D,VIKING ARMOUR,JSF89A,#N/D,0.0662
LO044LOVV4,12 A 23,BAJA,,#N/D,#N/D,#N/D,#N/D,0.9258
L800400L,07 A 11,activo,198454.58,#N/D,SPURS,Y79G54,1,0.0663
900FA08LO9,48 A 60,BAJA,,#N/D,SPURS,90LD2,#N/D,0.6801
L04FA0FA0FA,48 A 60,IMPAGO,,#N/D,VIKING ARMOUR,B92375,#N/D,0.5925
L98Z84,00 A 06,IMPAGO,176883.43,#N/D,VIKING ARMOUR,JSF89A,N,0.4216
LVZ0LLOV0,12 A 23,activo,243753.995,0,SPURS,Y79G54,4,0.5638
ZZVZ0VZ9,60 Y MAS,BAJA,267482.26,BITCOIN,VIKING ARMOUR,Y79G54,4,0.4386
L8LOLLFAV0,07 A 11,IMPAGO,135898.245,0,DRAGONS,JSF89A,1,0.301
LZ404V0L,24 A 47,IMPAGO,548338.633,0,VIKING ARMOUR,Y79G54,6,0.5175
LFALOV4V,24 A 47,BAJA,207083.04,0,SPURS,Y79G54,3,0.174
L49LZ80L,24 A 47,IMPAGO,,#N/D,VIKING ARMOUR,JSF89A,#N/D,0.1327
LFAZZ9LZM,24 A 47,BAJA,228654.19,0,NAVAL,B92375,2,0.6091
LV4FA49VFA,12 A 23,IMPAGO,,#N/D,#N/D,#N/D,#N/D,0.3335
LV4FAV00Z,12 A 23,IMPAGO,,#N/D,#N/D,#N/D,#N/D,0.7788
LLO0L0FAZ4,24 A 47,IMPAGO,207083.04,GOLD,SPURS,Y79G54,2,0.7019
V0ZLFAZ,60 Y MAS,ACTIVO,250225.34,0,VIKING ARMOUR,B92375,4,0.0065
L4ZLO4FAFAL,24 A 47,BAJA,254539.57,BITCOIN,SPURS,Y79G54,4,0.1776
LV9L094L,12 A 23,ACTIVO,198454.58,ETHER,SPURS,Y79G54,2,0.7593
L8ZVLZZV,07 A 11,IMPAGO,237282.65,#N/D,VIKING ARMOUR,B92375,2,0.6771
L9VZ8040,00 A 06,IMPAGO,273953.605,#N/D,VIKING ARMOUR,B92375,N,0.1343
L9VLO0008,00 A 06,IMPAGO,129426.9,0,DRAGONS,JSF89A,N,0.9648
L90L0V89,07 A 11,IMPAGO,211397.27,TYP2,SPURS,Y79G54,N,0.11
L800LO989,07 A 11,IMPAGO,172569.2,GOLD,SPURS,Y79G54,2,0.1317
L084V8LOV,48 A 60,IMPAGO,181197.66,0,SPURS,Y79G54,3,0.3583
LVZFA4FAL0,12 A 23,IMPAGO,347295.515,GOLD,VIKING ARMOUR,Y79G54,4,0.3113
V00LV404,24 A 47,BAJA,95344.483,BITCOIN,DRAGONS,90LD2,2,0.8761
L404ZL,24 A 47,BAJA,159626.51,BITCOIN,SOIL,Y79G54,2,0.9762
90LL980,60 Y MAS,activo,,#N/D,VIKING ARMOUR,Y79G54,#N/D,0.4529
L800L809,07 A 11,activo,,#N/D,SPURS,Y79G54,#N/D,0.3625
L9809LOL8,00 A 06,IMPAGO,217868.615,#N/D,SPURS,Y79G54,N,0.4818
Z080ZZ0LO,60 Y MAS,activo,,#N/D,DRAGONS,90LD2,#N/D,0.077
L9LO40FALFA,07 A 11,IMPAGO,181197.66,GOLD,SPURS,Y79G54,N,0.632
LFA0FALZZ9,24 A 47,BAJA,335215.671,ETHER,VIKING ARMOUR,Y79G54,4,0.8834
LZLO9898FA,24 A 47,IMPAGO,286896.295,0,VIKING ARMOUR,B92375,4,0.0506
LV8908VV,07 A 11,BAJA,,#N/D,#N/D,#N/D,#N/D,0.5107
LZLO9898FA,24 A 47,ACTIVO,286896.295,0,VIKING ARMOUR,B92375,4,0.4254
FA0ZL0LLO4,00 A 06,activo,,#N/D,DRAGONS,JSF89A,#N/D,0.7589
Z0L00VZ0,60 Y MAS,activo,245911.11,0,VIKING ARMOUR,Y79G54,4,0.5284
Z0V9LOFALV,60 Y MAS,IMPAGO,845589.08,ETHER,VIKING ARMOUR,Y79G54,6,0.0377
LO0FAZVV9Z,60 Y MAS,IMPAGO,223908.537,0,DRAGONS,90LD2,3,0.9869
L0LZZ84Z,48 A 60,ACTIVO,314938.79,GOLD,VIKING ARMOUR,Y79G54,4,0.6483
L00L44FALO,60 Y MAS,IMPAGO,235125.535,USD,SPURS,Y79G54,4,0.4525
9V09FALO8,60 Y MAS,IMPAGO,,#N/D,#N/D,#N/D,#N/D,0.7691
L9LO0880LO,07 A 11,IMPAGO,150998.05,#N/D,SOIL,Y79G54,N,0.9563
80LOZ0V,60 Y MAS,BAJA,189826.12,BITCOIN,SPURS,Y79G54,4,0.8158
90LFA4ZZ4,24 A 47,BAJA,,#N/D,VIKING ARMOUR,90LD2,#N/D,0.2927
L9FA4V9LO0,00 A 06,IMPAGO,217868.615,#N/D,SPURS,Y79G54,N,0.1905
Z0VL000Z,60 Y MAS,activo,,#N/D,DRAGONS,B92375,#N/D,0.9501
L9LOFA9ZZ0,00 A 06,BAJA,168254.97,BITCOIN,VIKING ARMOUR,JSF89A,N,0.6484
Z0VFA04,60 Y MAS,BAJA,396909.16,GOLD,VIKING ARMOUR,Y79G54,4,0.2901
L8904L00,00 A 06,IMPAGO,,#N/D,#N/D,#N/D,#N/D,0.1637
FA0VFALO4V0,00 A 06,IMPAGO,,#N/D,SPURS,Y79G54,#N/D,0.9659
LL0FALOZ00,48 A 60,BAJA,250225.34,0,VIKING ARMOUR,B92375,4,0.8782
8FA04LOVL,60 Y MAS,activo,401223.39,TYP2,VIKING ARMOUR,Y79G54,4,0.7393
L49LO0Z90,24 A 47,BAJA,103541.52,0,DRAGONS,B92375,2,0.9903
LLO89FA9,00 A 06,IMPAGO,159626.51,GOLD,SOIL,Y79G54,N,0.5335
8009084,60 Y MAS,BAJA,159626.51,BITCOIN,SOIL,Y79G54,2,0.7316
LLOL00ZLOZ,12 A 23,IMPAGO,,#N/D,DRAGONS,Y79G54,#N/D,0.8126
9V0Z0LOFA,60 Y MAS,BAJA,159626.51,GOLD,SOIL,Y79G54,2,0.729
LVFA0V0ZM,12 A 23,BAJA,207083.04,ETHER,SPURS,Y79G54,1,0.5676
L9LOFA4FA4LO,00 A 06,activo,252382.455,#N/D,SPURS,Y79G54,N,0.8378
FA009ZFA8LO,00 A 06,IMPAGO,189826.12,#N/D,SPURS,Y79G54,N,0.1342
FA04L0808,00 A 06,IMPAGO,,#N/D,SOIL,Y79G54,#N/D,0.2804
L9LO0LO09LO,07 A 11,IMPAGO,230811.305,#N/D,SOIL,Y79G54,N,0.6826
LZ4LO98ZL,24 A 47,BAJA,232968.42,BITCOIN,SPURS,Y79G54,4,0.5772
FA0L4VZ80,00 A 06,activo,125112.67,0,SPURS,Y79G54,N,0.6816
L4V040Z4,24 A 47,IMPAGO,,BITCOIN,SPURS,Y79G54,2,0.8607
V00080FA9,48 A 60,IMPAGO,,#N/D,DRAGONS,90LD2,#N/D,0.7256
LLO8FAFALO40,12 A 23,IMPAGO,159626.51,ETHER,SOIL,Y79G54,2,0.7493
L0VFALZ,00 A 06,IMPAGO,159626.51,GOLD,SOIL,Y79G54,N,0.7587
L84ZV8L9,07 A 11,IMPAGO,,#N/D,SOIL,Y79G54,#N/D,0.0988
LVVL408Z,12 A 23,IMPAGO,140212.475,0,DRAGONS,B92375,2,0.7403
LZZMZM09,24 A 47,IMPAGO,,#N/D,VIKING ARMOUR,Y79G54,#N/D,0.3184
Z090LOZ40,60 Y MAS,BAJA,,#N/D,#N/D,#N/D,#N/D,0.8128
LZV804,24 A 47,IMPAGO,351609.745,0,VIKING ARMOUR,Y79G54,3,0.5796
LV498VLFA,12 A 23,IMPAGO,276110.72,BITCOIN,VIKING ARMOUR,Y79G54,2,0.5034
L94V88FA0,00 A 06,IMPAGO,120798.44,GOLD,SPURS,Y79G54,N,0.386
L9Z8000L,07 A 11,IMPAGO,181197.66,#N/D,SPURS,Y79G54,N,0.9623
LV0FA808V,12 A 23,IMPAGO,226497.075,TYP2,SPURS,Y79G54,2,0.9558
LLO4489,00 A 06,IMPAGO,215711.5,0,VIKING ARMOUR,B92375,N,0.5683
LLZZ09V9,24 A 47,activo,140212.475,0,DRAGONS,B92375,2,0.2583
L9LO949V8,00 A 06,IMPAGO,181197.66,#N/D,SPURS,Y79G54,N,0.35
L0804VL0,48 A 60,IMPAGO,161783.625,USD,SPURS,Y79G54,2,0.0845
80LZMZZM,48 A 60,IMPAGO,171706.354,0,SOIL,90LD2,1,0.6477
V0490FAL4,60 Y MAS,activo,,#N/D,DRAGONS,Y79G54,#N/D,0.5352
L940V8FAZ,00 A 06,IMPAGO,99227.29,#N/D,DRAGONS,B92375,N,0.0972
L09V4LO04,60 Y MAS,BAJA,351609.745,0,VIKING ARMOUR,Y79G54,6,0.6907
9LOL004FA,60 Y MAS,IMPAGO,,#N/D,#N/D,#N/D,#N/D,0.0771
FA0FA8489FA,00 A 06,IMPAGO,,#N/D,SOIL,Y79G54,#N/D,0.2315
FA0ZFAVLV4,00 A 06,IMPAGO,,#N/D,VIKING ARMOUR,Y79G54,#N/D,0.7363
L800FAVLL,07 A 11,IMPAGO,,#N/D,#N/D,#N/D,#N/D,0.0118
ZZV8ZM0V,60 Y MAS,IMPAGO,189826.12,0,SPURS,Y79G54,4,0.6023
LLO900044,12 A 23,BAJA,241596.88,0,SPURS,Y79G54,4,0.7903
FA0V40LVFA,00 A 06,IMPAGO,,#N/D,VIKING ARMOUR,B92375,#N/D,0.7141
LO08LO0LLZ,60 Y MAS,BAJA,308898.868,GOLD,DRAGONS,90LD2,4,0.1062
L8Z0L4VZ,07 A 11,activo,187669.005,GOLD,SOIL,Y79G54,1,0.5404
LLO94LOVVFA,12 A 23,IMPAGO,,#N/D,DRAGONS,Y79G54,#N/D,0.9182
L00ZVFALLO,48 A 60,IMPAGO,241596.88,BITCOIN,VIKING ARMOUR,B92375,4,0.1545
L8LO088LLO,07 A 11,IMPAGO,506922.025,ETHER,VIKING ARMOUR,Y79G54,4,0.8666
LV498LO89,12 A 23,IMPAGO,,#N/D,#N/D,#N/D,#N/D,0.4192
L00Z9ZLO0,60 Y MAS,IMPAGO,250225.34,GOLD,VIKING ARMOUR,B92375,4,0.8398
VZ800FAL,60 Y MAS,BAJA,,#N/D,#N/D,#N/D,#N/D,0.3316
L8Z0LOVV0,07 A 11,ACTIVO,,#N/D,DRAGONS,B92375,#N/D,0.101
908FA9LLO,60 Y MAS,BAJA,189826.12,GOLD,SPURS,Y79G54,2,0.5474
FA004LOFA,00 A 06,BAJA,,#N/D,#N/D,#N/D,#N/D,0.9251
FA00VLO88FA,00 A 06,IMPAGO,237282.65,#N/D,SOIL,Y79G54,N,0.0429
V0LO0FAZ4L,60 Y MAS,ACTIVO,254539.57,BITCOIN,SPURS,Y79G54,4,0.5083
LO0FA0VZZ4,60 Y MAS,BAJA,,#N/D,#N/D,#N/D,#N/D,0.2504
LZFA9LFAFAV,24 A 47,BAJA,299838.985,BITCOIN,VIKING ARMOUR,JSF89A,4,0.8583
LFA4Z9090,24 A 47,IMPAGO,314938.79,TYP2,VIKING ARMOUR,Y79G54,4,0.8583
L0040ZVLO,48 A 60,IMPAGO,,#N/D,VIKING ARMOUR,B92375,#N/D,0.6167
L08VV04Z,48 A 60,IMPAGO,431423,0,VIKING ARMOUR,Y79G54,6,0.3862
L40FA404L,24 A 47,IMPAGO,,#N/D,#N/D,#N/D,#N/D,0.2725
LVFA90FAFAZ,12 A 23,IMPAGO,,#N/D,#N/D,#N/D,#N/D,0.3077
8Z409V0,60 Y MAS,IMPAGO,95344.483,TYP2,SOIL,90LD2,2,0.7984
L80FALO09L,12 A 23,IMPAGO,245479.687,0,VIKING ARMOUR,JSF89A,2,0.707
L89488FA0,00 A 06,BAJA,,#N/D,#N/D,#N/D,#N/D,0.3302
L9V88489,00 A 06,IMPAGO,120798.44,#N/D,SPURS,Y79G54,N,0.2174
LVVFA8LLO9,12 A 23,IMPAGO,226497.075,0,SPURS,Y79G54,2,0.5301
L9LO4LOV08,00 A 06,IMPAGO,,#N/D,#N/D,#N/D,#N/D,0.2393
L9480LO44,00 A 06,ACTIVO,230811.305,#N/D,SOIL,Y79G54,N,0.2942
LFA0L89Z4,24 A 47,IMPAGO,159626.51,TYP2,SOIL,Y79G54,1,0.5698
L9444LOVZ,00 A 06,IMPAGO,252382.455,GOLD,SPURS,Y79G54,N,0.2741
LV90LOL0Z,12 A 23,activo,248068.225,0,SPURS,Y79G54,0,0.3556
LVL0V0VFA,12 A 23,IMPAGO,396909.16,GOLD,VIKING ARMOUR,Y79G54,3,0.5226
FA0L4FA00V,00 A 06,IMPAGO,125112.67,0,SPURS,Y79G54,N,0.5512
LVZ00L8LO,12 A 23,IMPAGO,399066.275,GOLD,VIKING ARMOUR,Y79G54,4,0.4378
LZLZLO80LO,24 A 47,ACTIVO,189826.12,BITCOIN,SPURS,Y79G54,4,0.9319
LO008ZZM0,60 Y MAS,BAJA,,#N/D,#N/D,#N/D,#N/D,0.5822
98V404Z,60 Y MAS,BAJA,301996.1,GOLD,VIKING ARMOUR,B92375,4,0.7166
L4ZML90Z,24 A 47,IMPAGO,,#N/D,#N/D,#N/D,#N/D,0.9974
LV0V40V0,12 A 23,IMPAGO,,#N/D,#N/D,#N/D,#N/D,0.505
900VL0ZL,24 A 47,activo,,#N/D,VIKING ARMOUR,90LD2,#N/D,0.4598
LZ8FAFALLO0,24 A 47,IMPAGO,258853.8,ETHER,VIKING ARMOUR,B92375,4,0.7887
L089FAZ4Z,48 A 60,activo,159626.51,0,SOIL,Y79G54,1,0.0793
L9LO9FA0,00 A 06,IMPAGO,312781.675,#N/D,VIKING ARMOUR,B92375,N,0.3598
L9LO4080FA,00 A 06,ACTIVO,325724.365,#N/D,VIKING ARMOUR,Y79G54,N,0.6845
9Z08VL4,60 Y MAS,BAJA,159626.51,GOLD,SOIL,Y79G54,2,0.3489
9000V804,60 Y MAS,BAJA,,#N/D,VIKING ARMOUR,90LD2,#N/D,0.7824
L0LO8409FA,48 A 60,ACTIVO,228654.19,0,NAVAL,B92375,2,0.3525
LFA9Z8898,24 A 47,IMPAGO,375338.01,TYP2,VIKING ARMOUR,Y79G54,4,0.9282
FA0L88L0L,00 A 06,IMPAGO,250225.34,0,VIKING ARMOUR,B92375,N,0.295
LV0L0LO00,12 A 23,IMPAGO,323567.25,ETHER,VIKING ARMOUR,B92375,4,0.5215
LO0LO00Z,60 Y MAS,BAJA,170412.085,GOLD,DRAGONS,90LD2,2,0.8439
LO0FAZ840FA,60 Y MAS,BAJA,260579.492,0,DRAGONS,90LD2,3,0.4111
V0ZLOFA8LO4,60 Y MAS,BAJA,396909.16,BITCOIN,VIKING ARMOUR,Y79G54,4,0.5568
LL94VZM8,24 A 47,IMPAGO,,#N/D,SOIL,Y79G54,#N/D,0.259
LVVL9004,12 A 23,IMPAGO,304153.215,ETHER,VIKING ARMOUR,JSF89A,4,0.145
L9ZVZ4,00 A 06,activo,181197.66,#N/D,SPURS,Y79G54,N,0.4662
FA0Z44FA84,00 A 06,IMPAGO,,#N/D,SPURS,Y79G54,#N/D,0.4627
L8ZLOZ8V0,07 A 11,activo,237282.65,#N/D,VIKING ARMOUR,B92375,2,0.9076
900009,12 A 23,activo,,#N/D,VIKING ARMOUR,90LD2,#N/D,0.2788
909ZZ98,60 Y MAS,BAJA,,#N/D,#N/D,#N/D,#N/D,0.2005
L84040L0,07 A 11,activo,172569.2,0,SPURS,JSF89A,2,0.4472
LL440FAZ0,48 A 60,IMPAGO,258853.8,0,NAVAL,B92375,4,0.1884
ZZVZZ88Z,60 Y MAS,BAJA,444365.69,BITCOIN,VIKING ARMOUR,Y79G54,6,0.9687
L8FALO44L9,12 A 23,IMPAGO,303721.792,0,VIKING ARMOUR,JSF89A,4,0.5922
LVLZLOFAFA0,12 A 23,IMPAGO,,#N/D,#N/D,#N/D,#N/D,0.9484
LVL0FAZ9FA,12 A 23,IMPAGO,366278.127,TYP2,VIKING ARMOUR,Y79G54,4,0.3111
LLOVFA044Z,12 A 23,IMPAGO,140212.475,GOLD,DRAGONS,B92375,2,0.9582
ZZ009FA0L,60 Y MAS,IMPAGO,250225.34,BITCOIN,VIKING ARMOUR,B92375,4,0.778
LLOVLO0FA0LO,12 A 23,BAJA,215711.5,BITCOIN,NAVAL,JSF89A,2,0.6641
LLOL9VFA04,24 A 47,BAJA,388280.7,BITCOIN,VIKING ARMOUR,Y79G54,4,0.8147
L0V4004FA,48 A 60,BAJA,267482.26,BITCOIN,VIKING ARMOUR,B92375,4,0.9497
FA0LO8FA0,00 A 06,BAJA,,#N/D,VIKING ARMOUR,JSF89A,#N/D,0.6374
Z0ZZLO480,60 Y MAS,IMPAGO,,#N/D,DRAGONS,90LD2,#N/D,0.463
L4Z4FALO90,24 A 47,IMPAGO,351609.745,0,VIKING ARMOUR,Y79G54,6,0.0187
L9VLL04V,00 A 06,IMPAGO,,#N/D,#N/D,#N/D,#N/D,0.3534
ZZ0ZV4V4,60 Y MAS,activo,97070.175,BITCOIN,SOIL,90LD2,1,0.2439
L0VVFAVZ9,48 A 60,ACTIVO,444365.69,ETHER,VIKING ARMOUR,Y79G54,6,0.8184
L8FALLOZVLO,07 A 11,IMPAGO,237282.65,ETHER,VIKING ARMOUR,B92375,2,0.0714
80LFA4LO9LO,24 A 47,IMPAGO,172137.777,0,SPURS,90LD2,4,0.1533
LFA88098Z,24 A 47,IMPAGO,207083.04,0,VIKING ARMOUR,B92375,2,0.7132
FA00V0FA09,00 A 06,IMPAGO,250225.34,0,VIKING ARMOUR,B92375,N,0.4194
L90V889Z,07 A 11,ACTIVO,,#N/D,VIKING ARMOUR,B92375,#N/D,0.0159
LVFA0FAFA0Z,12 A 23,ACTIVO,310624.56,BITCOIN,VIKING ARMOUR,Y79G54,4,0.909
Z0FALFAV8FA,60 Y MAS,IMPAGO,457308.38,BITCOIN,VIKING ARMOUR,Y79G54,4,0.9625
L0VL04LO8,48 A 60,IMPAGO,228654.19,0,NAVAL,B92375,1,0.9441
L8V4ZVZZ,07 A 11,IMPAGO,155312.28,#N/D,DRAGONS,Y79G54,N,0.2362
900040LV,48 A 60,BAJA,,#N/D,SPURS,90LD2,#N/D,0.6813
LZZ0V44Z,24 A 47,IMPAGO,,#N/D,SPURS,Y79G54,#N/D,0.1342
L90ZMLO90,07 A 11,activo,120798.44,GOLD,SPURS,Y79G54,N,0.071
LLOFALO0ZLO4,24 A 47,IMPAGO,310624.56,BITCOIN,VIKING ARMOUR,Y79G54,4,0.0604
900V084FA,60 Y MAS,BAJA,,0,VIKING ARMOUR,90LD2,2,0.6638
L909V00Z,00 A 06,IMPAGO,273953.605,#N/D,VIKING ARMOUR,B92375,N,0.3745
LLO80V0,12 A 23,IMPAGO,286896.295,0,VIKING ARMOUR,B92375,4,0.6634
L4Z0LOFALO0,24 A 47,IMPAGO,,#N/D,#N/D,#N/D,#N/D,0.3247
L90V889Z,00 A 06,IMPAGO,,#N/D,VIKING ARMOUR,B92375,#N/D,0.5145
900Z004V,24 A 47,BAJA,,#N/D,VIKING ARMOUR,90LD2,#N/D,0.8978
LLO0Z0LV9,12 A 23,IMPAGO,,#N/D,#N/D,#N/D,#N/D,0.1012
LL00V0Z0,48 A 60,IMPAGO,,#N/D,SOIL,Y79G54,#N/D,0.6393
80009L8FA,24 A 47,IMPAGO,,#N/D,VIKING ARMOUR,90LD2,#N/D,0.5005
L90Z0VFA8,07 A 11,IMPAGO,,GOLD,VIKING ARMOUR,B92375,N,0.5515
L8LO09049,07 A 11,activo,189826.12,#N/D,SPURS,Y79G54,2,0.7042
LV09FALO0L,12 A 23,IMPAGO,,#N/D,VIKING ARMOUR,Y79G54,#N/D,0.4783
L8LOFA04ZFA,07 A 11,IMPAGO,237282.65,GOLD,VIKING ARMOUR,B92375,1,0.971
L904V8L0,07 A 11,IMPAGO,120798.44,ETHER,SPURS,Y79G54,N,0.5028
L8L8Z4Z4,12 A 23,activo,,#N/D,SPURS,Y79G54,#N/D,0.1532
LZL840LLO,24 A 47,IMPAGO,390437.815,BITCOIN,VIKING ARMOUR,Y79G54,6,0.5649
L4984ZV0,24 A 47,activo,,#N/D,NAVAL,B92375,#N/D,0.2889
90LLO08FA0,00 A 06,activo,,#N/D,VIKING ARMOUR,Y79G54,#N/D,0.2399
FA00LZ488,00 A 06,IMPAGO,,#N/D,VIKING ARMOUR,JSF89A,#N/D,0.9079
L48VZMZLO,24 A 47,IMPAGO,,#N/D,#N/D,#N/D,#N/D,0.5766
V909L88,60 Y MAS,IMPAGO,,#N/D,VIKING ARMOUR,Y79G54,#N/D,0.0499
FA08LLOFA88,00 A 06,activo,,#N/D,DRAGONS,JSF89A,#N/D,0.7034
L00Z8800,48 A 60,BAJA,412008.965,ETHER,VIKING ARMOUR,B92375,6,0.4022
LVL4088LO,12 A 23,IMPAGO,,#N/D,VIKING ARMOUR,Y79G54,#N/D,0.2321
LLOZ4FA9FA9,12 A 23,IMPAGO,243753.995,0,SPURS,Y79G54,4,0.2979
LLO404LVZ,12 A 23,IMPAGO,,#N/D,#N/D,#N/D,#N/D,0.7088
L88LO0FA0FA,07 A 11,IMPAGO,,GOLD,VIKING ARMOUR,B92375,N,0.5042
LLLO44LO09,24 A 47,IMPAGO,243753.995,GOLD,SPURS,Y79G54,4,0.197
VFA0048,60 Y MAS,BAJA,160057.933,BITCOIN,DRAGONS,90LD2,2,0.8275
LLO0L0FAZ0,24 A 47,IMPAGO,,#N/D,VIKING ARMOUR,B92375,#N/D,0.7473
L00V0FAFA9,48 A 60,IMPAGO,243753.995,ETHER,SPURS,Y79G54,4,0.1416
LVV4988LO,12 A 23,IMPAGO,,#N/D,#N/D,#N/D,#N/D,0.898
LO00ZVL9LO,60 Y MAS,BAJA,189826.12,BITCOIN,DRAGONS,Y79G54,2,0.8646
L900890LO,00 A 06,IMPAGO,,#N/D,VIKING ARMOUR,B92375,#N/D,0.2949
L880FA4L9,07 A 11,IMPAGO,99227.29,#N/D,DRAGONS,B92375,N,0.586
V00LO9L0Z,60 Y MAS,activo,172569.2,0,DRAGONS,90LD2,2,0.0786
LLO490L09,12 A 23,BAJA,250225.34,0,VIKING ARMOUR,B92375,1,0.6243
FA94FA,60 Y MAS,IMPAGO,,#N/D,#N/D,#N/D,#N/D,0.1421
LZ8L8800,24 A 47,IMPAGO,250225.34,0,VIKING ARMOUR,B92375,4,0.2587
LLO080Z9Z,24 A 47,IMPAGO,250225.34,0,VIKING ARMOUR,B92375,2,0.1747
LVV8908Z,12 A 23,activo,237282.65,ETHER,VIKING ARMOUR,B92375,2,0.4109
FA0L000VL,00 A 06,activo,250225.34,0,VIKING ARMOUR,B92375,N,0.5407
L0040VV0,60 Y MAS,BAJA,314938.79,0,VIKING ARMOUR,Y79G54,4,0.5381
LLO4448V8,12 A 23,activo,189826.12,0,SPURS,Y79G54,2,0.5831
L8V94LO0FA,07 A 11,IMPAGO,157469.395,GOLD,SPURS,Y79G54,N,0.137
V09FA0404,60 Y MAS,BAJA,207083.04,GOLD,DRAGONS,B92375,2,0.8385
ZVLO84L8LO,24 A 47,IMPAGO,228222.767,0,NAVAL,90LD2,4,0.8889
LZZZ8LOZ0,24 A 47,IMPAGO,,#N/D,DRAGONS,B92375,#N/D,0.6245
ZVZ4440LO,48 A 60,IMPAGO,,#N/D,DRAGONS,90LD2,#N/D,0.2014
L9VZVZZM,00 A 06,activo,245479.687,BITCOIN,VIKING ARMOUR,JSF89A,N,0.051
FA00LOFAZVLO,00 A 06,IMPAGO,129426.9,0,DRAGONS,JSF89A,N,0.1648
LVFAL900LO,12 A 23,BAJA,297681.87,BITCOIN,VIKING ARMOUR,Y79G54,2,0.6485
LFALO0VVLO9,24 A 47,BAJA,159626.51,0,SOIL,Y79G54,2,0.742
FA000FAFAZLO,00 A 06,IMPAGO,189826.12,0,SPURS,Y79G54,N,0.5087
L8FAFAFA0LFA,07 A 11,IMPAGO,181197.66,GOLD,SPURS,Y79G54,2,0.0261
L90FA4084,07 A 11,IMPAGO,327881.48,BITCOIN,VIKING ARMOUR,Y79G54,N,0.1355
Z0LOLZ08Z,60 Y MAS,BAJA,534964.52,BITCOIN,VIKING ARMOUR,Y79G54,4,0.723
LV90Z000,12 A 23,BAJA,211397.27,ETHER,SPURS,Y79G54,2,0.5245
FA00V8FA0L,00 A 06,IMPAGO,250225.34,0,VIKING ARMOUR,B92375,N,0.5801
LLO4ZLLO09,12 A 23,IMPAGO,,#N/D,VIKING ARMOUR,Y79G54,#N/D,0.2762
FA00LZ900,00 A 06,activo,172569.2,0,SPURS,JSF89A,N,0.1445
V0LO0FAZ4L,60 Y MAS,BAJA,254539.57,BITCOIN,SPURS,Y79G54,4,0.9487
FA0FA48Z0LO,00 A 06,activo,159626.51,0,SOIL,Y79G54,N,0.1969
L0988LOZ8,48 A 60,IMPAGO,286896.295,0,VIKING ARMOUR,B92375,4,0.287
LVLOVVFALO0,12 A 23,IMPAGO,,#N/D,SOIL,Y79G54,#N/D,0.0281
LLOVFA09LOZ,12 A 23,IMPAGO,250225.34,0,VIKING ARMOUR,B92375,1,0.3512
9008940Z,60 Y MAS,BAJA,,#N/D,SPURS,90LD2,#N/D,0.2739
L0V00Z,00 A 06,IMPAGO,250225.34,#N/D,VIKING ARMOUR,B92375,N,0.8099
94FAZ0,60 Y MAS,IMPAGO,431423,GOLD,VIKING ARMOUR,Y79G54,6,0.3963
L9L9Z08FA,07 A 11,IMPAGO,273953.605,#N/D,VIKING ARMOUR,B92375,N,0.3761
LLOV0ZLOZ9,12 A 23,IMPAGO,,#N/D,DRAGONS,JSF89A,#N/D,0.7418
LFA48V8ZLO,24 A 47,IMPAGO,286896.295,ETHER,VIKING ARMOUR,B92375,4,0.4431
ZZFA980L4,60 Y MAS,BAJA,414166.08,GOLD,VIKING ARMOUR,Y79G54,4,0.1142
LO0LO0VLV0,48 A 60,activo,194571.773,BITCOIN,VIKING ARMOUR,90LD2,4,0.1918
L4FA0ZLO9Z,24 A 47,IMPAGO,176883.43,0,DRAGONS,B92375,1,0.3658
LLO0LV90FA,12 A 23,ACTIVO,286896.295,0,VIKING ARMOUR,B92375,1,0.9298
9009LOZLOL,24 A 47,activo,,#N/D,SPURS,90LD2,#N/D,0.9782
L84Z909L,07 A 11,activo,,#N/D,VIKING ARMOUR,Y79G54,#N/D,0.5631
LO0LO4VLO0V,12 A 23,IMPAGO,,#N/D,DRAGONS,90LD2,#N/D,0.5078
LVL0LO008,12 A 23,IMPAGO,,#N/D,VIKING ARMOUR,Y79G54,#N/D,0.806
900V49V4,24 A 47,activo,,#N/D,VIKING ARMOUR,90LD2,#N/D,0.4773
L9LOLZ0V0,00 A 06,IMPAGO,286896.295,#N/D,VIKING ARMOUR,B92375,N,0.5456
LZ9FA90FA4,24 A 47,IMPAGO,207083.04,#N/D,SPURS,Y79G54,2,0.2598
800VLO4LO0,60 Y MAS,BAJA,124249.824,ETHER,NAVAL,90LD2,2,0.4862
L8Z890FAL,07 A 11,activo,187669.005,BITCOIN,SOIL,Y79G54,1,0.2813
FA0FA9LO9LO0,00 A 06,IMPAGO,,#N/D,SPURS,Y79G54,#N/D,0.9815
L9FAVLOV8FA,00 A 06,IMPAGO,172569.2,#N/D,DRAGONS,B92375,N,0.7326
FA0LFA8V4Z,00 A 06,IMPAGO,189826.12,0,SPURS,Y79G54,N,0.1557
L4L0908Z,24 A 47,IMPAGO,295524.755,TYP2,NAVAL,B92375,4,0.9685
L08FA4044,48 A 60,BAJA,226497.075,TYP2,#N/D,#N/D,4,0.4272
900L0FAVL,60 Y MAS,BAJA,,#N/D,VIKING ARMOUR,90LD2,#N/D,0.3881
ZVLO0ZL04,48 A 60,activo,138486.783,ETHER,SOIL,90LD2,2,0.1646
L4V9FAFAZZ,24 A 47,BAJA,228654.19,0,NAVAL,B92375,1,0.6925
L9FA00VLOV,07 A 11,IMPAGO,,#N/D,VIKING ARMOUR,B92375,#N/D,0.4057
FA0L0ZLLO8,00 A 06,IMPAGO,125112.67,0,SPURS,Y79G54,N,0.0994
L98FA90L8,00 A 06,IMPAGO,250225.34,#N/D,VIKING ARMOUR,B92375,N,0.3515
L4409884,24 A 47,BAJA,,#N/D,#N/D,#N/D,#N/D,0.6117
L90LOFALVV,00 A 06,IMPAGO,230811.305,TYP2,SOIL,Y79G54,N,0.7695
LFA9L84,24 A 47,IMPAGO,,#N/D,#N/D,#N/D,#N/D,0.9434
LVZLO0L9V,12 A 23,IMPAGO,250225.34,0,VIKING ARMOUR,B92375,1,0.2536
LVLZZ4LO0,12 A 23,IMPAGO,,#N/D,VIKING ARMOUR,B92375,#N/D,0.3195
V0ZLLZ,60 Y MAS,IMPAGO,131584.015,GOLD,DRAGONS,JSF89A,2,0.2345
9000L004,12 A 23,IMPAGO,,#N/D,SPURS,90LD2,#N/D,0.3999
LVFA84900,12 A 23,IMPAGO,103541.52,0,DRAGONS,B92375,1,0.1792
ZVLOZLOL40,24 A 47,BAJA,119504.171,BITCOIN,SOIL,90LD2,2,0.1163
FA00L409V,00 A 06,activo,304153.215,0,VIKING ARMOUR,JSF89A,N,0.4741
LL04L008,48 A 60,BAJA,189826.12,GOLD,DRAGONS,Y79G54,2,0.9453
L4LVLOLVLO,24 A 47,activo,405537.62,0,#N/D,#N/D,4,0.2892
L98LLO0FA9,00 A 06,IMPAGO,,#N/D,#N/D,#N/D,#N/D,0.8402
V04Z0ZZFA,60 Y MAS,BAJA,161783.625,0,DRAGONS,90LD2,2,0.4098
900ZL080,12 A 23,BAJA,,#N/D,SPURS,90LD2,#N/D,0.9871
V809LO9Z,60 Y MAS,BAJA,,#N/D,#N/D,#N/D,#N/D,0.2659
LZ480ZZFA,24 A 47,BAJA,103541.52,TYP2,DRAGONS,B92375,2,0.1036
L0L0Z4V0,48 A 60,IMPAGO,,#N/D,SOIL,Y79G54,#N/D,0.7133
FA044FALO89,00 A 06,IMPAGO,,#N/D,VIKING ARMOUR,JSF89A,#N/D,0.3252
FA0VZ8VZM,00 A 06,activo,,#N/D,DRAGONS,B92375,#N/D,0.6169
9ZZ98,60 Y MAS,IMPAGO,412008.965,0,VIKING ARMOUR,B92375,4,0.708
900409VLO,60 Y MAS,activo,,#N/D,SPURS,90LD2,#N/D,0.371
L8L08ZLO8,07 A 11,IMPAGO,273953.605,#N/D,VIKING ARMOUR,B92375,2,0.7251
900FA80LL,60 Y MAS,IMPAGO,,#N/D,SPURS,90LD2,#N/D,0.8077
LFA44V48L,24 A 47,IMPAGO,,#N/D,NAVAL,B92375,#N/D,0.5664
L9V44L08,00 A 06,IMPAGO,265325.145,#N/D,SOIL,Y79G54,N,0.7532
LV90LZMZ,12 A 23,IMPAGO,349452.63,0,VIKING ARMOUR,B92375,4,0.6733
L9L44L90,00 A 06,IMPAGO,187669.005,GOLD,SOIL,Y79G54,N,0.5636
V0V98809,24 A 47,IMPAGO,239439.765,GOLD,NAVAL,B92375,4,0.5636
LO0LOL8LOVFA,60 Y MAS,BAJA,169117.816,0,NAVAL,90LD2,2,0.588
LFA4V4V,24 A 47,activo,623837.658,BITCOIN,VIKING ARMOUR,Y79G54,6,0.1792
L800VLOL0,07 A 11,IMPAGO,237282.65,TYP2,VIKING ARMOUR,B92375,2,0.3862
L080VZ9L,48 A 60,BAJA,,#N/D,#N/D,#N/D,#N/D,0.9272
9LO80VZZ,60 Y MAS,IMPAGO,,#N/D,#N/D,#N/D,#N/D,0.7728
48V0LZM,60 Y MAS,IMPAGO,201043.118,BITCOIN,DRAGONS,90LD2,2,0.2032
L4FAZ40Z9,24 A 47,IMPAGO,314938.79,0,VIKING ARMOUR,Y79G54,4,0.9673
900098FA,60 Y MAS,activo,250225.34,BITCOIN,VIKING ARMOUR,B92375,4,0.5505
LLO0LO000LO,12 A 23,BAJA,,#N/D,#N/D,#N/D,#N/D,0.582
L4849L40,24 A 47,BAJA,286896.295,0,VIKING ARMOUR,B92375,4,0.6388
Z044FAL98,60 Y MAS,IMPAGO,228222.767,GOLD,DRAGONS,90LD2,4,0.7612
L90LO9048,07 A 11,activo,237282.65,#N/D,VIKING ARMOUR,B92375,N,0.1537
LZFALVL8LO,24 A 47,BAJA,,#N/D,#N/D,#N/D,#N/D,0.1315
LVZZ8Z,12 A 23,BAJA,286896.295,BITCOIN,VIKING ARMOUR,B92375,2,0.564
L49049,00 A 06,IMPAGO,125112.67,#N/D,SPURS,Y79G54,N,0.8519
LLOLZ0LOZFA,24 A 47,BAJA,582421.05,ETHER,VIKING ARMOUR,Y79G54,4,0.0039
LVLO9VFA88,12 A 23,IMPAGO,698473.837,ETHER,VIKING ARMOUR,Y79G54,4,0.1679
ZZV0VVLO4,60 Y MAS,BAJA,101815.828,0,SOIL,90LD2,2,0.4749
LV988LO,00 A 06,IMPAGO,159626.51,#N/D,SOIL,Y79G54,N,0.9358
LZ0Z89LLO,24 A 47,activo,189826.12,GOLD,SPURS,Y79G54,4,0.0507
90Z8FA90,60 Y MAS,IMPAGO,701062.375,TYP2,VIKING ARMOUR,Y79G54,6,0.4308
L0094V0FA,48 A 60,IMPAGO,,#N/D,#N/D,#N/D,#N/D,0.4784
LFAV9Z4V4,24 A 47,IMPAGO,237282.65,GOLD,VIKING ARMOUR,B92375,2,0.6715
V0FA98FA49,60 Y MAS,IMPAGO,,#N/D,VIKING ARMOUR,B92375,#N/D,0.9641
L8LLOV008,12 A 23,BAJA,172569.2,ETHER,SPURS,Y79G54,2,0.5982
LV40009Z,12 A 23,IMPAGO,312781.675,0,VIKING ARMOUR,Y79G54,0,0.6252
Z004FAFALO0,60 Y MAS,BAJA,120367.017,BITCOIN,DRAGONS,90LD2,2,0.2962
LO04LOLVVL,60 Y MAS,BAJA,223908.537,0,DRAGONS,90LD2,4,0.2392
L8FAFA0LLOFA,07 A 11,IMPAGO,,#N/D,VIKING ARMOUR,B92375,#N/D,0.2896
L80FA4V40,07 A 11,IMPAGO,,#N/D,#N/D,#N/D,#N/D,0.14
L4LOZ0Z8Z,24 A 47,activo,312781.675,0,VIKING ARMOUR,B92375,3,0.3262
LO0Z08LLL,60 Y MAS,BAJA,,#N/D,#N/D,#N/D,#N/D,0.4745
LLO908Z,00 A 06,BAJA,,#N/D,#N/D,#N/D,#N/D,0.4241
L04ZLVLOL,48 A 60,BAJA,,#N/D,#N/D,#N/D,#N/D,0.0245
L8040LO4L,07 A 11,BAJA,213554.385,#N/D,VIKING ARMOUR,JSF89A,2,0.5426
LFAFALL009,24 A 47,IMPAGO,207083.04,BITCOIN,SPURS,Y79G54,4,0.0013
L09V0000,60 Y MAS,BAJA,103541.52,0,DRAGONS,B92375,1,0.1293
L8LO4Z094,07 A 11,IMPAGO,237282.65,GOLD,VIKING ARMOUR,B92375,2,0.8808
V0VZLOL00,60 Y MAS,BAJA,396909.16,GOLD,VIKING ARMOUR,Y79G54,4,0.2132
LZVZL48L,24 A 47,IMPAGO,207083.04,BITCOIN,SPURS,Y79G54,4,0.0593
LZML0V80,12 A 23,IMPAGO,243753.995,0,SPURS,Y79G54,4,0.1712
L8VV9FAFAV,07 A 11,IMPAGO,273953.605,#N/D,VIKING ARMOUR,B92375,N,0.6187
L0LZZ44L,48 A 60,IMPAGO,207083.04,GOLD,SPURS,Y79G54,4,0.3121
L9LO0LO0LO8,00 A 06,IMPAGO,,#N/D,#N/D,#N/D,#N/D,0.8844
LLO09409LO,24 A 47,BAJA,263168.03,0,DRAGONS,Y79G54,1,0.5739
L98Z0L0LO,00 A 06,IMPAGO,237282.65,#N/D,VIKING ARMOUR,B92375,N,0.6143
LFA40LZ89,24 A 47,BAJA,267482.26,0,VIKING ARMOUR,B92375,2,0.4203
ZZL909LO0,60 Y MAS,BAJA,347295.515,GOLD,VIKING ARMOUR,B92375,4,0.3432
L98ZMZZ4,00 A 06,IMPAGO,250225.34,#N/D,VIKING ARMOUR,B92375,N,0.7519
L90ZFA0,07 A 11,activo,157469.395,#N/D,SPURS,Y79G54,N,0.582
L8LOFAVLLO9,07 A 11,IMPAGO,,#N/D,DRAGONS,JSF89A,#N/D,0.3663
LLOFAFALOV9L,12 A 23,IMPAGO,232968.42,BITCOIN,DRAGONS,Y79G54,1,0.4651
8LO4LOFA44,60 Y MAS,IMPAGO,433580.115,0,VIKING ARMOUR,Y79G54,4,0.4047
8009FA9L4,60 Y MAS,IMPAGO,159626.51,0,SOIL,Y79G54,1,0.7993
LVV00VFA9,12 A 23,IMPAGO,,#N/D,#N/D,#N/D,#N/D,0.4972
9008LO98V,12 A 23,ACTIVO,,#N/D,VIKING ARMOUR,90LD2,#N/D,0.6419
9008LO0LOL,60 Y MAS,BAJA,,#N/D,VIKING ARMOUR,90LD2,#N/D,0.7243
L9FAZLO880,07 A 11,IMPAGO,211397.27,BITCOIN,SPURS,Y79G54,N,0.2719
LVZMFAV90,12 A 23,IMPAGO,310624.56,0,VIKING ARMOUR,Y79G54,1,0.2978
LLZL08FA0,48 A 60,activo,278267.835,GOLD,SPURS,Y79G54,6,0.0706
FA0FA400LO0,00 A 06,IMPAGO,129426.9,0,DRAGONS,JSF89A,N,0.0064
V0FAFALO90,60 Y MAS,IMPAGO,295956.178,TYP2,DRAGONS,90LD2,4,0.636
LOZ89V08,60 Y MAS,BAJA,298544.716,BITCOIN,DRAGONS,90LD2,2,0.0634
V0VVLO88Z,48 A 60,BAJA,134172.553,USD,SPURS,90LD2,4,0.6609
LV89VZ44,12 A 23,activo,129426.9,0,DRAGONS,JSF89A,1,0.1713
L8LO9FAV00,07 A 11,IMPAGO,150998.05,BITCOIN,SOIL,Y79G54,N,0.6388
Z04FA49VZ,60 Y MAS,BAJA,377495.125,GOLD,VIKING ARMOUR,B92375,4,0.1772
L8V0LFA0Z,07 A 11,IMPAGO,273953.605,#N/D,VIKING ARMOUR,B92375,N,0.8355
L8ZLZ88Z,07 A 11,activo,120798.44,#N/D,SPURS,Y79G54,2,0.5258
Z04080LV,60 Y MAS,BAJA,327881.48,BITCOIN,VIKING ARMOUR,Y79G54,4,0.3894
L8Z4FAV00,07 A 11,activo,,#N/D,SPURS,Y79G54,#N/D,0.7909
L4ZFAVFAFA0,24 A 47,activo,,#N/D,SOIL,Y79G54,#N/D,0.1154
LZZ8LOFALV,24 A 47,BAJA,422794.54,0,VIKING ARMOUR,Y79G54,4,0.4247
L98FA989LO,00 A 06,IMPAGO,174726.315,#N/D,SPURS,JSF89A,N,0.4904
LFA94LOVLL,24 A 47,IMPAGO,173863.469,GOLD,VIKING ARMOUR,B92375,2,0.4643
L904V80L,00 A 06,BAJA,,#N/D,DRAGONS,JSF89A,#N/D,0.4632
L9V4LO94L,00 A 06,IMPAGO,267482.26,0,VIKING ARMOUR,JSF89A,N,0.0726
V88LO89Z,60 Y MAS,BAJA,,#N/D,#N/D,#N/D,#N/D,0.4283
L9LLZZML,00 A 06,IMPAGO,261010.915,0,VIKING ARMOUR,JSF89A,N,0.3211
V00LO09LOFA,12 A 23,IMPAGO,,#N/D,NAVAL,90LD2,#N/D,0.4499
L940FA0VL,07 A 11,IMPAGO,,#N/D,SPURS,Y79G54,#N/D,0.0081
LV89ZZ4L,12 A 23,BAJA,237282.65,BITCOIN,VIKING ARMOUR,B92375,2,0.9303
L8L8ZZ40,07 A 11,IMPAGO,273953.605,#N/D,VIKING ARMOUR,B92375,2,0.3421
FA0449FALFA,00 A 06,IMPAGO,,#N/D,VIKING ARMOUR,B92375,#N/D,0.7627
LVLFAL094,12 A 23,IMPAGO,,#N/D,VIKING ARMOUR,B92375,#N/D,0.4729
V0890,60 Y MAS,BAJA,258853.8,0,VIKING ARMOUR,Y79G54,2,0.8215
LO0Z984V8,24 A 47,IMPAGO,239871.188,0,VIKING ARMOUR,90LD2,4,0.3717
FA009804Z,00 A 06,IMPAGO,250225.34,0,VIKING ARMOUR,B92375,N,0.5015
LFA49VLO0L,24 A 47,IMPAGO,140212.475,GOLD,DRAGONS,B92375,2,0.0838
890FAZ08,60 Y MAS,IMPAGO,427108.77,BITCOIN,VIKING ARMOUR,Y79G54,4,0.1383
L8ZV0LO08,07 A 11,activo,,#N/D,SOIL,Y79G54,#N/D,0.7677
L40LOFA8,00 A 06,IMPAGO,289053.41,0,VIKING ARMOUR,Y79G54,N,0.142
V00FA980FA,48 A 60,activo,276973.566,0,VIKING ARMOUR,90LD2,4,0.7785
V0ZV8VZ,60 Y MAS,BAJA,392594.93,BITCOIN,DRAGONS,Y79G54,2,0.2391
LLV8ZVLOZ,24 A 47,IMPAGO,207083.04,0,SPURS,Y79G54,4,0.7048
LV0Z0ZV4,12 A 23,IMPAGO,,#N/D,VIKING ARMOUR,B92375,#N/D,0.5778
LFALO44LOZ0,24 A 47,BAJA,202768.81,GOLD,NAVAL,B92375,2,0.7239
L9LOVFAZZ4,00 A 06,IMPAGO,207083.04,#N/D,VIKING ARMOUR,B92375,N,0.1772
LZZ944FA0,24 A 47,IMPAGO,,#N/D,VIKING ARMOUR,Y79G54,#N/D,0.4824
940LO09V,60 Y MAS,BAJA,437894.345,ETHER,VIKING ARMOUR,Y79G54,6,0.9365
LV9Z9FA84,07 A 11,IMPAGO,,#N/D,DRAGONS,B92375,#N/D,0.4212
FA0LL9VLOL,00 A 06,IMPAGO,310624.56,0,VIKING ARMOUR,Y79G54,N,0.0063
LLLFA9ZZZ,48 A 60,IMPAGO,407694.735,ETHER,#N/D,#N/D,4,0.9154
9L4FAFALOV,60 Y MAS,BAJA,159626.51,0,SOIL,Y79G54,2,0.2874
V0080LOVFA,60 Y MAS,BAJA,132015.438,0,DRAGONS,90LD2,2,0.5826
L9ZLFA0ZZ,00 A 06,IMPAGO,,#N/D,SPURS,Y79G54,#N/D,0.0775
L0VLO0Z9LO,48 A 60,activo,,#N/D,VIKING ARMOUR,Y79G54,#N/D,0.2491
9800ZFA0,60 Y MAS,BAJA,,#N/D,#N/D,#N/D,#N/D,0.485
L9FAZ4FAV0,07 A 11,IMPAGO,273953.605,ETHER,VIKING ARMOUR,B92375,N,0.6226
9ZM4LOZZ,60 Y MAS,BAJA,250225.34,ETHER,VIKING ARMOUR,B92375,4,0.1253
FA0V4FA408,00 A 06,IMPAGO,,#N/D,VIKING ARMOUR,JSF89A,#N/D,0.6849
L09ZL80FA,48 A 60,IMPAGO,235125.535,0,SPURS,Y79G54,4,0.9856
LLOV800FA8,12 A 23,IMPAGO,,#N/D,VIKING ARMOUR,B92375,#N/D,0.7677
L0FA8900LO,48 A 60,IMPAGO,368866.665,0,VIKING ARMOUR,B92375,4,0.9502
V04VLLO08,48 A 60,BAJA,,#N/D,#N/D,#N/D,#N/D,0.6875
LLOFA949LO9,24 A 47,BAJA,189826.12,BITCOIN,SPURS,Y79G54,2,0.5947
FA008988V,00 A 06,IMPAGO,310624.56,#N/D,VIKING ARMOUR,Y79G54,N,0.6513
FA00V9LL0,00 A 06,IMPAGO,250225.34,#N/D,VIKING ARMOUR,B92375,N,0.9551
LLO84LO0LZ,12 A 23,activo,224339.96,GOLD,VIKING ARMOUR,JSF89A,2,0.9255
LLOVLZ0Z8,12 A 23,IMPAGO,250225.34,ETHER,VIKING ARMOUR,B92375,2,0.3128
LV8800ZLO,12 A 23,BAJA,237282.65,0,VIKING ARMOUR,B92375,1,0.1202
LFA0404ZFA,24 A 47,IMPAGO,250225.34,BITCOIN,VIKING ARMOUR,B92375,3,0.6073
L4FA009FA0,24 A 47,IMPAGO,237282.65,BITCOIN,VIKING ARMOUR,B92375,1,0.1087
L48V04V8,24 A 47,activo,278267.835,0,SPURS,Y79G54,3,0.1658
L9LZ4VLLO,07 A 11,IMPAGO,,#N/D,SPURS,Y79G54,#N/D,0.2574
L9ZZVZLO0,00 A 06,IMPAGO,325724.365,#N/D,VIKING ARMOUR,Y79G54,N,0.958
L808LO0VFA,07 A 11,IMPAGO,304153.215,0,VIKING ARMOUR,JSF89A,3,0.4169
L9VFAZ0ZV,00 A 06,activo,150998.05,#N/D,SOIL,Y79G54,N,0.4476
ZVLOVFA494,24 A 47,IMPAGO,295093.332,GOLD,VIKING ARMOUR,JSF89A,4,0.91
L800FA0FA4,07 A 11,activo,,#N/D,VIKING ARMOUR,B92375,#N/D,0.2476
LFAV8LOFA40,24 A 47,IMPAGO,,#N/D,#N/D,#N/D,#N/D,0.0601
L9FAFA0000,00 A 06,IMPAGO,,#N/D,VIKING ARMOUR,Y79G54,#N/D,0.9317
L9Z8984LO,00 A 06,activo,237282.65,#N/D,VIKING ARMOUR,B92375,N,0.3718
L0FAZ044V,48 A 60,IMPAGO,,#N/D,SPURS,Y79G54,#N/D,0.0229
LLLO04ZLO8,24 A 47,BAJA,,#N/D,#N/D,#N/D,#N/D,0.2069
8FAZ8VLO9,60 Y MAS,IMPAGO,86284.6,0,SOIL,90LD2,2,0.2271
LL48040V,48 A 60,IMPAGO,276110.72,#N/D,NAVAL,B92375,4,0.8771
LLO400080,12 A 23,IMPAGO,207083.04,0,SPURS,Y79G54,1,0.6473
L0444ZM9,48 A 60,BAJA,140212.475,GOLD,DRAGONS,B92375,1,0.0412
L440Z8Z0,24 A 47,BAJA,358081.09,0,VIKING ARMOUR,Y79G54,4,0.7055
L89LOFAL,00 A 06,IMPAGO,261010.915,0,SPURS,Y79G54,N,0.7646
L4FALO4048,24 A 47,IMPAGO,334352.825,0,VIKING ARMOUR,Y79G54,3,0.5366
80LFA0V,60 Y MAS,IMPAGO,,#N/D,#N/D,#N/D,#N/D,0.7403
L40Z88L9,24 A 47,IMPAGO,207083.04,0,SPURS,Y79G54,3,0.2403
9L9ZLO80,60 Y MAS,BAJA,286896.295,GOLD,VIKING ARMOUR,B92375,4,0.4017
FA0FAFAFA4,00 A 06,IMPAGO,250225.34,0,VIKING ARMOUR,B92375,N,0.4969
LV484084,12 A 23,IMPAGO,,#N/D,#N/D,#N/D,#N/D,0.5445
L09Z4LLO9,48 A 60,BAJA,232968.42,GOLD,DRAGONS,Y79G54,2,0.8423
LFA084LFA0,24 A 47,BAJA,340824.17,BITCOIN,VIKING ARMOUR,B92375,4,0.9253
L8FA0LOL80,07 A 11,IMPAGO,,#N/D,DRAGONS,B92375,#N/D,0.4336
8FA4LOFA9LO,60 Y MAS,IMPAGO,,#N/D,#N/D,#N/D,#N/D,0.4706
8008VLO8,60 Y MAS,IMPAGO,338667.055,0,VIKING ARMOUR,Y79G54,4,0.338
L4ZLO4FAFAL,24 A 47,ACTIVO,254539.57,BITCOIN,SPURS,Y79G54,4,0.75
L484ZMZL,24 A 47,IMPAGO,125112.67,BITCOIN,SOIL,B92375,2,0.7202
ZZZ040LOV,48 A 60,IMPAGO,140643.898,GOLD,DRAGONS,90LD2,2,0.5111
ZZV904ZFA,60 Y MAS,IMPAGO,133741.13,GOLD,DRAGONS,90LD2,2,0.1302
L8ZLO40LOL,07 A 11,IMPAGO,,#N/D,#N/D,#N/D,#N/D,0.1776
L9Z00LFAZ,07 A 11,IMPAGO,,#N/D,SOIL,Y79G54,#N/D,0.2309
LLL40908,48 A 60,BAJA,378357.971,0,VIKING ARMOUR,Y79G54,4,0.6313
LFAV80ZFA8,24 A 47,IMPAGO,,#N/D,VIKING ARMOUR,Y79G54,#N/D,0.6653
LZ44V9Z0,24 A 47,IMPAGO,500882.103,GOLD,VIKING ARMOUR,Y79G54,4,0.9588
LFAV4FAVFAL,24 A 47,activo,,#N/D,SPURS,Y79G54,#N/D,0.6753
V0ZLO89LFA,48 A 60,IMPAGO,344275.554,GOLD,VIKING ARMOUR,90LD2,6,0.2246
L4LVZVLOZ,24 A 47,IMPAGO,332195.71,0,NAVAL,B92375,3,0.3461
LZFA0ZVZZ,24 A 47,BAJA,254539.57,0,SPURS,Y79G54,3,0.9621
LZ00Z08LO,24 A 47,IMPAGO,314938.79,0,VIKING ARMOUR,Y79G54,4,0.1542
LFALO88L8L,24 A 47,IMPAGO,,#N/D,VIKING ARMOUR,Y79G54,#N/D,0.0596
LV0LOFA4FA0,12 A 23,IMPAGO,,#N/D,#N/D,#N/D,#N/D,0.5059
L0FA090VFA,60 Y MAS,BAJA,,#N/D,#N/D,#N/D,#N/D,0.7542
LZ9LZ98V,24 A 47,IMPAGO,,#N/D,VIKING ARMOUR,B92375,#N/D,0.0873
LO0LO04Z8LO,60 Y MAS,activo,97070.175,0,DRAGONS,90LD2,2,0.2518
LL948L94,24 A 47,activo,304153.215,0,VIKING ARMOUR,B92375,4,0.1827
L8Z9V9Z9,07 A 11,activo,,#N/D,SOIL,Y79G54,#N/D,0.9446
L0ZL0LLLO,60 Y MAS,BAJA,189826.12,USD,SPURS,Y79G54,4,0.071
L4LO8FAV88,24 A 47,IMPAGO,286896.295,0,VIKING ARMOUR,B92375,4,0.9866
L8ZVFALZLO,07 A 11,IMPAGO,217868.615,0,SPURS,Y79G54,2,0.4447
LZ0FAVV40,24 A 47,IMPAGO,,#N/D,#N/D,#N/D,#N/D,0.2429
FA0Z0909LO,00 A 06,BAJA,,#N/D,VIKING ARMOUR,B92375,#N/D,0.5554
LVV048LLO,12 A 23,BAJA,207083.04,GOLD,SPURS,Y79G54,2,0.1289
LV40040LO,12 A 23,IMPAGO,,#N/D,VIKING ARMOUR,B92375,#N/D,0.2033
FA0ZLO9Z80,00 A 06,IMPAGO,,#N/D,VIKING ARMOUR,Y79G54,#N/D,0.5256
L8FA0LO0VZ,07 A 11,IMPAGO,,#N/D,#N/D,#N/D,#N/D,0.3823
FA0400840,00 A 06,IMPAGO,,#N/D,SPURS,Y79G54,#N/D,0.1754
L9ZVFA00L,00 A 06,IMPAGO,,#N/D,VIKING ARMOUR,B92375,#N/D,0.662
L9VLZ4LO9,00 A 06,IMPAGO,237282.65,#N/D,VIKING ARMOUR,B92375,N,0.09
LVZ480FA4,12 A 23,IMPAGO,,#N/D,VIKING ARMOUR,Y79G54,#N/D,0.877
LFAZ8VZZM,24 A 47,IMPAGO,,#N/D,#N/D,#N/D,#N/D,0.7455
L840VZ00,12 A 23,BAJA,150998.05,BITCOIN,SOIL,Y79G54,2,0.9063
LVVZ80Z9,12 A 23,IMPAGO,,#N/D,#N/D,#N/D,#N/D,0.1447
9009L4Z8,48 A 60,BAJA,,#N/D,VIKING ARMOUR,90LD2,#N/D,0.4813
FA0LOZ9840,00 A 06,IMPAGO,,#N/D,DRAGONS,B92375,#N/D,0.1027
LO09FALOV00,60 Y MAS,IMPAGO,271365.067,0,DRAGONS,Y79G54,1,0.5909
8004Z090,60 Y MAS,activo,,#N/D,DRAGONS,90LD2,#N/D,0.2022
LO0ZZ080FA,24 A 47,IMPAGO,122092.709,0,SOIL,90LD2,2,0.8866
L0V04LO90,48 A 60,BAJA,,#N/D,#N/D,#N/D,#N/D,0.1849
L9FALLO94L,07 A 11,IMPAGO,120798.44,#N/D,SPURS,Y79G54,N,0.9985
LZ0LOFAZFAV,24 A 47,IMPAGO,,#N/D,VIKING ARMOUR,Y79G54,#N/D,0.2923
L90FAVL00,07 A 11,IMPAGO,217868.615,GOLD,#N/D,#N/D,N,0.7915
LLO9FAVLO04,12 A 23,IMPAGO,250225.34,0,VIKING ARMOUR,B92375,2,0.5587
FA04Z04VV,00 A 06,activo,,#N/D,SPURS,Y79G54,#N/D,0.1284
LFA0LLOVLO4,24 A 47,activo,,#N/D,SOIL,Y79G54,#N/D,0.145
80FA0VVFA,60 Y MAS,BAJA,,#N/D,#N/D,#N/D,#N/D,0.8579
LLOZLZLO9V,12 A 23,IMPAGO,,#N/D,SOIL,Y79G54,#N/D,0.4758
L4L4ZFAVL,24 A 47,IMPAGO,276110.72,0,VIKING ARMOUR,Y79G54,3,0.8114
ZZVLO0LO90,60 Y MAS,BAJA,,#N/D,#N/D,#N/D,#N/D,0.1056
80FA0FA08,60 Y MAS,activo,,#N/D,VIKING ARMOUR,Y79G54,#N/D,0.6445
LZ0Z400FA,24 A 47,IMPAGO,265325.145,0,NAVAL,B92375,3,0.1827
L9LO0FA8V8,00 A 06,IMPAGO,,#N/D,VIKING ARMOUR,B92375,#N/D,0.5201
V089LZ90,48 A 60,IMPAGO,229517.036,GOLD,VIKING ARMOUR,90LD2,4,0.4996
LV9VZ4FA9,12 A 23,BAJA,133741.13,GOLD,VIKING ARMOUR,JSF89A,2,0.3915
ZZ00LO0FA4,60 Y MAS,IMPAGO,103541.52,GOLD,DRAGONS,B92375,2,0.882
LL0FA04VV,48 A 60,IMPAGO,332195.71,0,NAVAL,B92375,4,0.6899
L800FAFA40,12 A 23,IMPAGO,,#N/D,VIKING ARMOUR,B92375,#N/D,0.7427
LLOZZM8Z0,12 A 23,IMPAGO,323567.25,GOLD,VIKING ARMOUR,B92375,4,0.2248
LV8FALFA9V,12 A 23,IMPAGO,235125.535,0,SPURS,Y79G54,1,0.4266
L89009LOL,07 A 11,activo,157469.395,#N/D,SPURS,Y79G54,N,0.0535
ZZLL00VZ,60 Y MAS,BAJA,172569.2,GOLD,SPURS,JSF89A,4,0.0408
L4LO0ZZFAV,24 A 47,IMPAGO,,#N/D,DRAGONS,B92375,#N/D,0.4152
90LFA9FALO0,07 A 11,BAJA,,#N/D,VIKING ARMOUR,90LD2,#N/D,0.3466
90L00ZMV,60 Y MAS,BAJA,,#N/D,VIKING ARMOUR,90LD2,#N/D,0.0513
LO008VZ04,60 Y MAS,BAJA,198454.58,0,SPURS,Y79G54,4,0.9418
FA00FALOZ49,00 A 06,IMPAGO,250225.34,TYP2,VIKING ARMOUR,B92375,N,0.4152
80L0FA0LO4,48 A 60,activo,251519.609,0,VIKING ARMOUR,JSF89A,4,0.8521
800004V8,60 Y MAS,IMPAGO,,#N/D,VIKING ARMOUR,B92375,#N/D,0.2236
L0L0L8VV,60 Y MAS,IMPAGO,,#N/D,#N/D,#N/D,#N/D,0.963
L0Z40LO04,48 A 60,BAJA,,#N/D,#N/D,#N/D,#N/D,0.3158
LFALOV4ZLO4,24 A 47,activo,,#N/D,VIKING ARMOUR,B92375,#N/D,0.7053
VLO090Z0,60 Y MAS,BAJA,314507.367,BITCOIN,DRAGONS,Y79G54,2,0.6175
LO0ZL8Z88,24 A 47,IMPAGO,143663.859,0,DRAGONS,JSF89A,1,0.8493
L8V80FA90,07 A 11,activo,295524.755,GOLD,SOIL,Y79G54,N,0.9244
LVLO0L094,12 A 23,IMPAGO,,#N/D,VIKING ARMOUR,Y79G54,#N/D,0.6759
LO0LOFALO84Z,60 Y MAS,IMPAGO,,#N/D,DRAGONS,90LD2,#N/D,0.6333
L9VFAFA9V0,00 A 06,IMPAGO,,#N/D,SPURS,Y79G54,#N/D,0.0388
ZZZ04L40,60 Y MAS,ACTIVO,228654.19,ETHER,NAVAL,B92375,2,0.8785
L90L4FA0Z,00 A 06,IMPAGO,,#N/D,SOIL,Y79G54,#N/D,0.3196
LVL4LLO9LO,12 A 23,IMPAGO,,#N/D,#N/D,#N/D,#N/D,0.1826
L9FAFA80LOFA,00 A 06,IMPAGO,273953.605,#N/D,VIKING ARMOUR,B92375,N,0.4117
L0V4Z0LZ,48 A 60,BAJA,664391.42,BITCOIN,VIKING ARMOUR,Y79G54,4,0.1927
90FALOZ0V,60 Y MAS,ACTIVO,109581.442,0,SOIL,90LD2,1,0.8313
L8FAL9Z40,07 A 11,IMPAGO,,#N/D,VIKING ARMOUR,B92375,#N/D,0.7211
LZZ8LO00FA,24 A 47,activo,250225.34,0,VIKING ARMOUR,B92375,0,0.206
LLOV980ZFA,12 A 23,IMPAGO,390437.815,TYP2,VIKING ARMOUR,Y79G54,4,0.5019
LLOZ40LO,12 A 23,IMPAGO,291210.525,0,SPURS,Y79G54,3,0.9286
LFALO844V0,24 A 47,BAJA,,#N/D,#N/D,#N/D,#N/D,0.7481
L4VL9LFA4,24 A 47,IMPAGO,196297.465,GOLD,SOIL,Y79G54,2,0.7213
L4Z90LV8,24 A 47,IMPAGO,,#N/D,SPURS,Y79G54,#N/D,0.9891
L8000V84,07 A 11,activo,350315.476,TYP2,VIKING ARMOUR,Y79G54,4,0.8131
L090800LO,48 A 60,activo,,#N/D,SPURS,Y79G54,#N/D,0.9929
FA00088Z4,00 A 06,IMPAGO,189826.12,#N/D,SPURS,Y79G54,N,0.1396
L9FALFA9FAZ,07 A 11,activo,237282.65,GOLD,VIKING ARMOUR,B92375,N,0.6972
V0ZFA0LO84,60 Y MAS,activo,182491.929,BITCOIN,DRAGONS,90LD2,2,0.4687
90LLFAZ09,12 A 23,BAJA,,#N/D,SPURS,90LD2,#N/D,0.6912
LLZV0LO9V,48 A 60,BAJA,481036.645,ETHER,VIKING ARMOUR,Y79G54,6,0.9542
LVLOFA8V,12 A 23,IMPAGO,157469.395,GOLD,SPURS,Y79G54,1,0.6435
FA0ZL9ZVL,00 A 06,activo,,#N/D,SPURS,Y79G54,#N/D,0.9313
L000LVLO0,60 Y MAS,IMPAGO,213554.385,TYP2,DRAGONS,B92375,2,0.3766
L8LOL4LZM,07 A 11,IMPAGO,120798.44,#N/D,SPURS,Y79G54,1,0.0405
V00ZLOFA,24 A 47,IMPAGO,120798.44,0,SPURS,Y79G54,2,0.7848
L904V4V4,07 A 11,activo,172569.2,0,SPURS,JSF89A,N,0.8903
L0FAZ80LLO,48 A 60,IMPAGO,,#N/D,NAVAL,B92375,#N/D,0.87
L4LOFA9VLLO,24 A 47,BAJA,,#N/D,NAVAL,B92375,#N/D,0.1685
L089VVL9,48 A 60,BAJA,140212.475,0,DRAGONS,B92375,1,0.24
LLOL4VLL0,24 A 47,ACTIVO,289053.41,0,VIKING ARMOUR,Y79G54,2,0.5638
FA0VZ89ZLO,00 A 06,IMPAGO,,#N/D,DRAGONS,JSF89A,#N/D,0.7165
L08FA9LO89,48 A 60,ACTIVO,420637.425,0,VIKING ARMOUR,Y79G54,4,0.729
L89VZ40L,07 A 11,activo,150998.05,#N/D,SOIL,Y79G54,N,0.2726
98L4VZLO,60 Y MAS,IMPAGO,207083.04,GOLD,SPURS,Y79G54,4,0.648
ZZLO09LO44,60 Y MAS,activo,166960.701,GOLD,VIKING ARMOUR,JSF89A,4,0.1979
LFA009FAL8,24 A 47,ACTIVO,239439.765,TYP2,NAVAL,B92375,4,0.6122
L9Z89840,00 A 06,IMPAGO,,#N/D,#N/D,#N/D,#N/D,0.3421
LZ00LO4,24 A 47,IMPAGO,,#N/D,VIKING ARMOUR,Y79G54,#N/D,0.945
LFAZ90FAVLO,24 A 47,BAJA,254539.57,USD,SPURS,Y79G54,4,0.3334
LFALOL9FA40,24 A 47,BAJA,371023.78,BITCOIN,VIKING ARMOUR,Y79G54,4,0.2212
LV8ZVL40,12 A 23,IMPAGO,237282.65,BITCOIN,VIKING ARMOUR,B92375,1,0.92
L9V90008,00 A 06,IMPAGO,,#N/D,#N/D,#N/D,#N/D,0.146
L90FA4LO9FA,07 A 11,activo,161783.625,GOLD,SPURS,Y79G54,N,0.4911
LZFAV00FAFA,24 A 47,BAJA,159626.51,ETHER,SOIL,Y79G54,2,0.8462
FA0FA000LFA,00 A 06,IMPAGO,232968.42,0,SPURS,Y79G54,N,0.6986
LVFAVLOZ,12 A 23,BAJA,99227.29,0,DRAGONS,JSF89A,1,0.4251
900ZLO0LO0,48 A 60,BAJA,,#N/D,SPURS,90LD2,#N/D,0.9027
L94000,00 A 06,IMPAGO,273953.605,#N/D,VIKING ARMOUR,B92375,N,0.647
LVLO004LL,12 A 23,IMPAGO,,#N/D,#N/D,#N/D,#N/D,0.3643
Z04048Z0,60 Y MAS,IMPAGO,,#N/D,#N/D,#N/D,#N/D,0.6524
L8L804VFA,07 A 11,IMPAGO,176883.43,#N/D,VIKING ARMOUR,JSF89A,2,0.9012
LVFA04LOZ0,12 A 23,IMPAGO,207083.04,BITCOIN,SPURS,Y79G54,1,0.1295
LO0V400LZ,60 Y MAS,IMPAGO,371023.78,GOLD,VIKING ARMOUR,Y79G54,4,0.646
L9FA8V8LO4,00 A 06,IMPAGO,260148.069,0,VIKING ARMOUR,JSF89A,N,0.6767
FA04FAFA0V9,00 A 06,IMPAGO,,#N/D,VIKING ARMOUR,B92375,#N/D,0.5258
LZ89V80LO,24 A 47,BAJA,250225.34,BITCOIN,VIKING ARMOUR,B92375,2,0.5728
L890LO94LO,07 A 11,activo,289053.41,0,VIKING ARMOUR,Y79G54,N,0.2659
L8V00LZV,07 A 11,IMPAGO,120798.44,0,SPURS,Y79G54,N,0.2694
LFAZM90LFA,24 A 47,IMPAGO,,#N/D,SOIL,Y79G54,#N/D,0.2843
ZZ49Z84LO,60 Y MAS,IMPAGO,,#N/D,#N/D,#N/D,#N/D,0.4191
LFAFA4L8L8,24 A 47,IMPAGO,207083.04,BITCOIN,SPURS,Y79G54,3,0.0251
L4L8009Z,24 A 47,IMPAGO,,#N/D,SPURS,Y79G54,#N/D,0.2242
L9FA0VZZFA,00 A 06,IMPAGO,420637.425,#N/D,VIKING ARMOUR,Y79G54,N,0.1638
LLO080LO48,24 A 47,IMPAGO,286896.295,GOLD,VIKING ARMOUR,B92375,2,0.3634
L8Z0V440,07 A 11,IMPAGO,,#N/D,#N/D,#N/D,#N/D,0.3105
LO04Z80L4,60 Y MAS,ACTIVO,141075.321,0,DRAGONS,90LD2,2,0.1489
LVV9LOZZ0,12 A 23,IMPAGO,150998.05,0,SOIL,Y79G54,0,0.6578
L9094V,07 A 11,IMPAGO,,#N/D,VIKING ARMOUR,B92375,#N/D,0.43
V89LO484,60 Y MAS,IMPAGO,351609.745,0,VIKING ARMOUR,Y79G54,6,0.5704
LV9V894LO,07 A 11,IMPAGO,325724.365,GOLD,VIKING ARMOUR,Y79G54,3,0.0185
ZZ8L8LOFALO,60 Y MAS,IMPAGO,251519.609,GOLD,VIKING ARMOUR,JSF89A,4,0.2686
V000004Z,60 Y MAS,IMPAGO,172569.2,0,NAVAL,JSF89A,2,0.6787
L9L0LO44L,07 A 11,IMPAGO,150998.05,TYP2,SOIL,Y79G54,N,0.673
LO09LZV0V,60 Y MAS,BAJA,,#N/D,#N/D,#N/D,#N/D,0.1412
LZLVFAL00,24 A 47,IMPAGO,,#N/D,NAVAL,B92375,#N/D,0.2722
L90FA9LLO0,00 A 06,IMPAGO,,#N/D,VIKING ARMOUR,JSF89A,#N/D,0.32
FA090LO809,00 A 06,activo,,#N/D,SPURS,JSF89A,#N/D,0.8033
ZZFAVV89LO,60 Y MAS,BAJA,377495.125,BITCOIN,VIKING ARMOUR,B92375,4,0.4412
V088LFAZ9,24 A 47,BAJA,192846.081,GOLD,VIKING ARMOUR,90LD2,4,0.5452
LLO9FAZ0Z0,12 A 23,IMPAGO,297681.87,0,VIKING ARMOUR,Y79G54,3,0.3658
L008VZ9FA,60 Y MAS,activo,,#N/D,SPURS,Y79G54,#N/D,0.2459
ZZVFA9ZFA9,60 Y MAS,ACTIVO,219594.307,GOLD,NAVAL,90LD2,4,0.7159
V044FA090,60 Y MAS,BAJA,286896.295,0,VIKING ARMOUR,B92375,4,0.239
LFALFA9098,24 A 47,IMPAGO,273953.605,GOLD,VIKING ARMOUR,B92375,4,0.101
VVZZZVZ,60 Y MAS,BAJA,,#N/D,#N/D,#N/D,#N/D,0.7454
L8884ZL0,07 A 11,ACTIVO,150998.05,BITCOIN,SOIL,Y79G54,N,0.5651
L9V4LZLO0,00 A 06,IMPAGO,304153.215,0,VIKING ARMOUR,JSF89A,N,0.9927
LZVZZLO,00 A 06,IMPAGO,125112.67,#N/D,SPURS,Y79G54,N,0.2424
LFAFA90080,24 A 47,ACTIVO,196297.465,0,SOIL,Y79G54,1,0.6007
LVLOVFA088,12 A 23,BAJA,,#N/D,#N/D,#N/D,#N/D,0.3974
L94LOZFA90,00 A 06,BAJA,129426.9,0,DRAGONS,JSF89A,N,0.8788
900FA980FA,60 Y MAS,IMPAGO,,#N/D,SPURS,90LD2,#N/D,0.3347
L0408080,60 Y MAS,ACTIVO,140212.475,GOLD,DRAGONS,B92375,2,0.4272
V04LLOL8Z,60 Y MAS,ACTIVO,243753.995,GOLD,DRAGONS,B92375,4,0.5893
V09V0VL9,60 Y MAS,IMPAGO,167823.547,0,DRAGONS,90LD2,2,0.2445
L9ZZLV4L,00 A 06,IMPAGO,,#N/D,VIKING ARMOUR,B92375,#N/D,0.14
LLOZZ9844,12 A 23,IMPAGO,,#N/D,SPURS,Y79G54,#N/D,0.9973
L48LLZZL,24 A 47,IMPAGO,196297.465,0,SOIL,Y79G54,1,0.0134
L9Z4FAZL9,07 A 11,BAJA,99227.29,#N/D,VIKING ARMOUR,B92375,N,0.4439
9000L498,48 A 60,activo,,#N/D,SPURS,90LD2,#N/D,0.4974
L90V0Z4L,07 A 11,IMPAGO,243753.995,GOLD,VIKING ARMOUR,B92375,N,0.5806
L49FA0LOVLO,24 A 47,BAJA,286896.295,GOLD,VIKING ARMOUR,B92375,4,0.7646
ZZLOZFALOLFA,60 Y MAS,ACTIVO,207083.04,0,SPURS,Y79G54,4,0.9069
FA0008Z04,00 A 06,IMPAGO,250225.34,#N/D,VIKING ARMOUR,B92375,N,0.5611
9V4V4L8,60 Y MAS,IMPAGO,340824.17,ETHER,VIKING ARMOUR,B92375,4,0.8754
LVL4LO08LO,12 A 23,IMPAGO,,#N/D,#N/D,#N/D,#N/D,0.7831
LLO8908Z9,12 A 23,IMPAGO,,#N/D,VIKING ARMOUR,B92375,#N/D,0.6822
L9VLOV948,00 A 06,activo,273953.605,#N/D,VIKING ARMOUR,B92375,N,0.2878
800FA09LOL,60 Y MAS,IMPAGO,121229.863,0,DRAGONS,90LD2,2,0.0876
LL4LO4VFAL,48 A 60,BAJA,399066.275,0,VIKING ARMOUR,Y79G54,3,0.8368
L0LLV8FA0,48 A 60,ACTIVO,159626.51,0,SOIL,Y79G54,1,0.2373
L4V0LLOVV,24 A 47,IMPAGO,155312.28,0,SOIL,B92375,1,0.6028
L980LO0FA0,00 A 06,ACTIVO,232968.42,#N/D,VIKING ARMOUR,Y79G54,N,0.6428
LLO0LOZLLLO,12 A 23,IMPAGO,250225.34,0,VIKING ARMOUR,B92375,2,0.535
LLOFA808L4,24 A 47,IMPAGO,323567.25,GOLD,VIKING ARMOUR,B92375,4,0.744
V08LOL4ZV,60 Y MAS,BAJA,235125.535,GOLD,VIKING ARMOUR,JSF89A,2,0.7964
V00LZLOZ8,24 A 47,IMPAGO,213554.385,GOLD,VIKING ARMOUR,JSF89A,4,0.2924
LVLOL0VZLO,12 A 23,ACTIVO,99227.29,BITCOIN,DRAGONS,JSF89A,2,0.3375
LLLO0ZFAL0,24 A 47,ACTIVO,690276.8,BITCOIN,VIKING ARMOUR,Y79G54,6,0.5486
ZZL40VLOZ,60 Y MAS,ACTIVO,280424.95,0,SPURS,Y79G54,3,0.4048
LOFAFALO94LO,60 Y MAS,BAJA,1030238.124,GOLD,NAVAL,90LD2,6,0.8834
V04FAFALO0LO,60 Y MAS,IMPAGO,140212.475,0,DRAGONS,B92375,1,0.2123
L80VZVLO9,12 A 23,ACTIVO,338667.055,#N/D,VIKING ARMOUR,Y79G54,4,0.6598
L94LLO49L,00 A 06,IMPAGO,196297.465,#N/D,VIKING ARMOUR,B92375,N,0.2274
L80VZVLO9,07 A 11,ACTIVO,338667.055,#N/D,VIKING ARMOUR,Y79G54,4,0.2358
90LL80ZM,24 A 47,BAJA,208808.732,0,SPURS,90LD2,2,0.3415
LFAVZZLL9,24 A 47,ACTIVO,250225.34,ETHER,VIKING ARMOUR,B92375,2,0.3345
LZV090FA0,24 A 47,IMPAGO,310624.56,BITCOIN,VIKING ARMOUR,Y79G54,4,0.4465
L908FAFAVV,00 A 06,IMPAGO,273953.605,#N/D,VIKING ARMOUR,B92375,N,0.4142
LV0008LO8,12 A 23,activo,207083.04,GOLD,SPURS,Y79G54,2,0.4578
FA049L4VFA,00 A 06,IMPAGO,,#N/D,SOIL,Y79G54,#N/D,0.6898
LVZZ09VFA,12 A 23,BAJA,103541.52,GOLD,DRAGONS,B92375,2,0.8511
894FAL9V,60 Y MAS,BAJA,250225.34,BITCOIN,VIKING ARMOUR,B92375,4,0.8807
Z00Z940Z,60 Y MAS,BAJA,140212.475,GOLD,DRAGONS,B92375,2,0.9694
LO0440FALOZ,60 Y MAS,BAJA,,#N/D,#N/D,#N/D,#N/D,0.2926
L9VZ8040,00 A 06,ACTIVO,273953.605,#N/D,VIKING ARMOUR,B92375,N,0.5596
L9LOZL4VL,00 A 06,IMPAGO,217868.615,#N/D,VIKING ARMOUR,B92375,N,0.4201
FA0LLL0V4,00 A 06,IMPAGO,237282.65,0,SOIL,Y79G54,N,0.2343
LZ0LOFA9LL,24 A 47,IMPAGO,,#N/D,#N/D,#N/D,#N/D,0.1814
L9090VZLO,00 A 06,IMPAGO,,#N/D,VIKING ARMOUR,Y79G54,#N/D,0.7763
LFAFA44ZFAL,24 A 47,BAJA,,#N/D,#N/D,#N/D,#N/D,0.9517
L9Z040VL,00 A 06,BAJA,,#N/D,#N/D,#N/D,#N/D,0.1345
L8LO00049,07 A 11,IMPAGO,237282.65,TYP2,VIKING ARMOUR,B92375,2,0.5778
Z09449L0,60 Y MAS,BAJA,138486.783,GOLD,SOIL,90LD2,2,0.4283
LFA9V8L8L,24 A 47,BAJA,,#N/D,VIKING ARMOUR,Y79G54,#N/D,0.1072
L9FALO0FA,00 A 06,activo,,#N/D,SOIL,Y79G54,#N/D,0.2308
LVFA9FA840,12 A 23,BAJA,407694.735,TYP2,VIKING ARMOUR,Y79G54,4,0.3394
LO0Z00L4L,60 Y MAS,BAJA,169549.239,0,VIKING ARMOUR,JSF89A,4,0.2719
L0LZZ84Z,48 A 60,IMPAGO,314938.79,GOLD,VIKING ARMOUR,Y79G54,4,0.2414
L98LLOZL0,00 A 06,activo,135898.245,0,DRAGONS,JSF89A,N,0.385
L94ZZ908,00 A 06,IMPAGO,181197.66,#N/D,SPURS,Y79G54,N,0.1495
L0V00L40,48 A 60,IMPAGO,,#N/D,VIKING ARMOUR,B92375,#N/D,0.8401
LO0Z849LOFA,60 Y MAS,IMPAGO,135898.245,0,DRAGONS,90LD2,2,0.4941
L89L9ZM0,00 A 06,IMPAGO,,#N/D,#N/D,#N/D,#N/D,0.6603
L8Z4L000,07 A 11,activo,99227.29,GOLD,DRAGONS,JSF89A,2,0.2948
LO0LOVV00V,12 A 23,BAJA,,#N/D,#N/D,#N/D,#N/D,0.4161
V0LLOZLOFA4,60 Y MAS,IMPAGO,88441.715,0,DRAGONS,90LD2,2,0.4114
LLO9889LO4,12 A 23,BAJA,250225.34,0,VIKING ARMOUR,B92375,2,0.81
LO04FAFA4Z0,60 Y MAS,IMPAGO,174726.315,0,DRAGONS,90LD2,2,0.1339
L8LV0VZZ,07 A 11,IMPAGO,,#N/D,DRAGONS,B92375,#N/D,0.5641
L4FAFAV00V,24 A 47,IMPAGO,,#N/D,#N/D,#N/D,#N/D,0.9858
FA009Z98V,00 A 06,IMPAGO,250225.34,0,VIKING ARMOUR,B92375,N,0.4947
LO0LO040ZFA,60 Y MAS,BAJA,95344.483,GOLD,DRAGONS,90LD2,2,0.693
LLO0Z448V,24 A 47,activo,161783.625,GOLD,VIKING ARMOUR,JSF89A,2,0.6382
L9LV0004,00 A 06,IMPAGO,,#N/D,#N/D,#N/D,#N/D,0.2769
L0LZ00FA0,48 A 60,IMPAGO,,#N/D,DRAGONS,B92375,#N/D,0.8848
ZVLO0Z0LV,48 A 60,IMPAGO,125112.67,GOLD,DRAGONS,90LD2,2,0.5007
FA000VLOV0,00 A 06,IMPAGO,125112.67,#N/D,SPURS,Y79G54,N,0.1098
L9LVVLO40,00 A 06,activo,209240.155,GOLD,SPURS,JSF89A,N,0.3884
LFALZFA8Z0,24 A 47,BAJA,459465.495,ETHER,VIKING ARMOUR,Y79G54,6,0.6176
LV8L0VFAZ,07 A 11,IMPAGO,,#N/D,#N/D,#N/D,#N/D,0.19
LO0LOL9044,60 Y MAS,activo,170412.085,GOLD,DRAGONS,90LD2,2,0.0412
V008V00LO,24 A 47,activo,,#N/D,SOIL,90LD2,#N/D,0.4416
LLO9FAVL80,12 A 23,IMPAGO,250225.34,TYP2,VIKING ARMOUR,B92375,2,0.7538
LFAFAFA4900,24 A 47,BAJA,,#N/D,#N/D,#N/D,#N/D,0.51
LZ0ZML00,24 A 47,BAJA,103541.52,BITCOIN,DRAGONS,B92375,2,0.2415
LV9L90Z9,12 A 23,activo,273953.605,0,VIKING ARMOUR,B92375,1,0.5267
LVLOLFAL0V,12 A 23,IMPAGO,711416.527,BITCOIN,VIKING ARMOUR,Y79G54,2,0.079
L9ZMFAZ80,00 A 06,activo,237282.65,GOLD,VIKING ARMOUR,B92375,N,0.4346
L8FAL9LO0L,07 A 11,IMPAGO,,#N/D,#N/D,#N/D,#N/D,0.4555
LVL88880,12 A 23,IMPAGO,,#N/D,DRAGONS,B92375,#N/D,0.8531
V09L8LOFAL,60 Y MAS,IMPAGO,286896.295,BITCOIN,VIKING ARMOUR,B92375,4,0.7364
LLO9L4Z9L,12 A 23,IMPAGO,286896.295,0,VIKING ARMOUR,B92375,0,0.1683
L9Z8000L,00 A 06,ACTIVO,181197.66,#N/D,SPURS,Y79G54,N,0.0924
L80FA0V9LO,07 A 11,IMPAGO,,#N/D,DRAGONS,JSF89A,#N/D,0.1021
LLO8900LV,12 A 23,IMPAGO,,#N/D,#N/D,#N/D,#N/D,0.5277
L84ZFA0,07 A 11,IMPAGO,237282.65,#N/D,VIKING ARMOUR,B92375,2,0.5132
LLO904LO0L,12 A 23,IMPAGO,,#N/D,VIKING ARMOUR,B92375,#N/D,0.6946
89089L8,60 Y MAS,IMPAGO,444365.69,BITCOIN,VIKING ARMOUR,Y79G54,4,0.6842
L49V04L4,24 A 47,BAJA,228654.19,BITCOIN,NAVAL,B92375,2,0.1883
LZZ40L9FA,24 A 47,IMPAGO,,#N/D,DRAGONS,B92375,#N/D,0.2085
LL0Z808LO,48 A 60,IMPAGO,,#N/D,SOIL,B92375,#N/D,0.2667
LLOLLLFAFA9,12 A 23,BAJA,,#N/D,#N/D,#N/D,#N/D,0.0107
L84L0FA8V,07 A 11,IMPAGO,237282.65,#N/D,VIKING ARMOUR,B92375,2,0.2107
L0Z8FAFA4Z,48 A 60,BAJA,286896.295,GOLD,VIKING ARMOUR,B92375,4,0.0304
L9044V0LO,07 A 11,IMPAGO,,#N/D,SOIL,Y79G54,N,0.6082
LZVFA00ZLO,24 A 47,IMPAGO,278267.835,0,SPURS,Y79G54,3,0.4716
L9FAZMZV9,00 A 06,IMPAGO,273953.605,#N/D,VIKING ARMOUR,B92375,N,0.0201
940FA0Z0,60 Y MAS,BAJA,,#N/D,#N/D,#N/D,#N/D,0.7711
Z000LOZL9,60 Y MAS,BAJA,641094.578,BITCOIN,VIKING ARMOUR,Y79G54,4,0.6124
LL0V4FA0Z,48 A 60,IMPAGO,440051.46,ETHER,VIKING ARMOUR,Y79G54,6,0.294
L9FA40LL4,07 A 11,IMPAGO,,#N/D,SPURS,Y79G54,#N/D,0.0617
VVFA9Z08,60 Y MAS,BAJA,,#N/D,#N/D,#N/D,#N/D,0.0608
L4V8LO4VZ,24 A 47,BAJA,444365.69,ETHER,VIKING ARMOUR,Y79G54,6,0.9765
LLO4LL90LO,12 A 23,IMPAGO,196297.465,0,SOIL,Y79G54,1,0.2666
L4L80FALZ,24 A 47,BAJA,258853.8,0,VIKING ARMOUR,Y79G54,2,0.5732
LFA9LO0L9Z,24 A 47,IMPAGO,241596.88,GOLD,SPURS,Y79G54,6,0.1719
900FAFAFALOZ,24 A 47,BAJA,,#N/D,SPURS,90LD2,#N/D,0.0077
L4L4LFAL8,24 A 47,BAJA,140212.475,0,DRAGONS,B92375,1,0.3637
Z008FA908,60 Y MAS,BAJA,,#N/D,#N/D,#N/D,#N/D,0.2801
LZL90Z4Z,24 A 47,BAJA,232968.42,BITCOIN,DRAGONS,Y79G54,2,0.4483
ZVLO4LL9LO,24 A 47,IMPAGO,,#N/D,#N/D,#N/D,#N/D,0.8155
LV804Z90,12 A 23,IMPAGO,,#N/D,SPURS,Y79G54,#N/D,0.5869
L9004V8V,07 A 11,IMPAGO,,#N/D,SPURS,Y79G54,#N/D,0.8378
LV00Z80L,12 A 23,BAJA,189826.12,ETHER,SPURS,Y79G54,2,0.8199
800V8LFA8,60 Y MAS,BAJA,34513.84,0,DRAGONS,90LD2,2,0.0813
L8L4000FA,12 A 23,activo,237282.65,#N/D,VIKING ARMOUR,B92375,2,0.955
900000FA4,60 Y MAS,IMPAGO,325292.942,0,SPURS,90LD2,1,0.2088
LLO0VFAV08,12 A 23,IMPAGO,,#N/D,#N/D,#N/D,#N/D,0.3048
L0Z0ZFA48,48 A 60,IMPAGO,,#N/D,VIKING ARMOUR,Y79G54,#N/D,0.4027
LV49FA0ZV,12 A 23,IMPAGO,,#N/D,SPURS,Y79G54,#N/D,0.9822
L98L0FA49,00 A 06,IMPAGO,250225.34,#N/D,VIKING ARMOUR,B92375,N,0.9887
L98LLZFALO,00 A 06,IMPAGO,310624.56,#N/D,VIKING ARMOUR,Y79G54,N,0.5931
80L90040,48 A 60,activo,331764.287,0,VIKING ARMOUR,JSF89A,6,0.3194
LLOFA440Z0,12 A 23,IMPAGO,,#N/D,#N/D,#N/D,#N/D,0.8036
L9Z9Z0,00 A 06,IMPAGO,,#N/D,VIKING ARMOUR,B92375,#N/D,0.3368
LVFA4ZVVV,12 A 23,IMPAGO,,#N/D,#N/D,#N/D,#N/D,0.9566
LZLZLO80LO,24 A 47,BAJA,189826.12,BITCOIN,SPURS,Y79G54,4,0.4264
L89Z809L,07 A 11,IMPAGO,343844.131,#N/D,VIKING ARMOUR,Y79G54,N,0.4469
L4ZLFALV9,24 A 47,activo,133741.13,0,DRAGONS,B92375,1,0.9039
L09FA0VZ0,48 A 60,BAJA,159626.51,BITCOIN,SOIL,Y79G54,2,0.3197
L80LFAFAZZ,07 A 11,IMPAGO,187669.005,ETHER,SOIL,Y79G54,1,0.5066
LLO08ZLZ4,24 A 47,BAJA,189826.12,0,DRAGONS,Y79G54,1,0.7055
LVZV0V0Z,12 A 23,IMPAGO,390437.815,GOLD,VIKING ARMOUR,Y79G54,4,0.192
FA04ZLOL90,00 A 06,activo,,#N/D,SOIL,Y79G54,#N/D,0.5349
L84LO09LO0,07 A 11,IMPAGO,,#N/D,#N/D,#N/D,#N/D,0.1252
L0LFAV4LOFA,60 Y MAS,BAJA,207083.04,BITCOIN,SPURS,Y79G54,4,0.37
L8LOL4VVLO,07 A 11,activo,,#N/D,VIKING ARMOUR,JSF89A,#N/D,0.7091
L8LFAFA0Z0,07 A 11,activo,,#N/D,DRAGONS,Y79G54,#N/D,0.7377
LFALOV90,00 A 06,activo,189826.12,#N/D,SPURS,Y79G54,N,0.4239
LVL9ZLFA8,12 A 23,BAJA,207083.04,GOLD,SPURS,Y79G54,1,0.0778
VV0LLO48,60 Y MAS,BAJA,,#N/D,#N/D,#N/D,#N/D,0.144
Z0ZLL000,60 Y MAS,IMPAGO,,#N/D,SOIL,90LD2,#N/D,0.6635
LZ0Z98VZ,24 A 47,activo,217868.615,0,SPURS,Y79G54,3,0.7345
L80LVFAFA4,12 A 23,IMPAGO,172569.2,#N/D,SPURS,Y79G54,1,0.7707
V00VFA8LFA,12 A 23,IMPAGO,,#N/D,#N/D,#N/D,#N/D,0.0518
FA0ZLOVFA08,00 A 06,IMPAGO,,#N/D,VIKING ARMOUR,JSF89A,#N/D,0.6816
L8Z84LLO4,07 A 11,IMPAGO,243753.995,0,VIKING ARMOUR,B92375,1,0.4728
LVZFAZ44L,12 A 23,activo,,#N/D,VIKING ARMOUR,Y79G54,#N/D,0.4466
L0LO008,00 A 06,IMPAGO,250225.34,#N/D,VIKING ARMOUR,B92375,N,0.6395
V8Z08FA0,60 Y MAS,IMPAGO,160057.933,BITCOIN,DRAGONS,90LD2,2,0.7575
FA0ZVZFALFA,00 A 06,IMPAGO,,#N/D,VIKING ARMOUR,Y79G54,#N/D,0.0996
L49LLO4LL,24 A 47,BAJA,,#N/D,#N/D,#N/D,#N/D,0.5751
LZL0ZLLOFA,24 A 47,BAJA,159626.51,0,SOIL,Y79G54,1,0.1569
L048V408,48 A 60,BAJA,,#N/D,#N/D,#N/D,#N/D,0.8186
LV4800ZM,12 A 23,IMPAGO,140212.475,0,DRAGONS,B92375,2,0.047
L9FAL8LV9,00 A 06,IMPAGO,129426.9,0,DRAGONS,JSF89A,N,0.1126
LZ0949V0,24 A 47,IMPAGO,,#N/D,SOIL,Y79G54,#N/D,0.7455
FA0LOL049V,00 A 06,IMPAGO,,#N/D,SOIL,Y79G54,#N/D,0.8219
V00LOLV8Z,60 Y MAS,IMPAGO,,#N/D,#N/D,#N/D,#N/D,0.9401
LZ04L08FA,24 A 47,BAJA,,#N/D,#N/D,#N/D,#N/D,0.2776
L9Z0V9FA4,00 A 06,IMPAGO,,#N/D,SPURS,Y79G54,#N/D,0.2401
L9LO40LLV,00 A 06,IMPAGO,237282.65,#N/D,VIKING ARMOUR,B92375,N,0.6037
9008LL0FA,48 A 60,activo,,#N/D,VIKING ARMOUR,90LD2,#N/D,0.274
L9Z8LO0LLO,00 A 06,BAJA,261010.915,0,VIKING ARMOUR,JSF89A,N,0.5043
L49V4LO44,24 A 47,IMPAGO,278267.835,BITCOIN,VIKING ARMOUR,B92375,4,0.3787
LV94LOL8LO,07 A 11,IMPAGO,,#N/D,#N/D,#N/D,#N/D,0.3803
LZ084ZFA4,24 A 47,IMPAGO,347295.515,ETHER,VIKING ARMOUR,Y79G54,4,0.3306
LZ040VVL,24 A 47,IMPAGO,131584.015,0,DRAGONS,JSF89A,2,0.6738
L94V0LO0FA,00 A 06,IMPAGO,,#N/D,VIKING ARMOUR,JSF89A,#N/D,0.6784
LVVFA0LO89,12 A 23,IMPAGO,399066.275,0,VIKING ARMOUR,B92375,4,0.7998
V0L0Z4L9,60 Y MAS,ACTIVO,267482.26,GOLD,DRAGONS,Y79G54,2,0.6131
8Z0L8FAZ,60 Y MAS,ACTIVO,332195.71,BITCOIN,VIKING ARMOUR,Y79G54,4,0.8315
LFALO9FA8ZLO,24 A 47,ACTIVO,228654.19,BITCOIN,NAVAL,B92375,2,0.267
L9FAZFAZZV,00 A 06,ACTIVO,239439.765,GOLD,VIKING ARMOUR,B92375,N,0.143
L8FA89FA4Z,07 A 11,ACTIVO,327881.48,BITCOIN,VIKING ARMOUR,Y79G54,2,0.4181
FA0LV9V,00 A 06,ACTIVO,250225.34,0,VIKING ARMOUR,B92375,N,0.8663
L80LOZ0,12 A 23,ACTIVO,237282.65,GOLD,VIKING ARMOUR,B92375,2,0.1116
L9LO0V909,00 A 06,ACTIVO,273953.605,#N/D,VIKING ARMOUR,B92375,N,0.5607
L4V88044,24 A 47,BAJA,265325.145,ETHER,NAVAL,B92375,4,0.1074
LLVFA4LO84,24 A 47,ACTIVO,189826.12,BITCOIN,SPURS,Y79G54,4,0.5196
LZZVZL,00 A 06,ACTIVO,159626.51,#N/D,SOIL,Y79G54,N,0.4303
L048LOV0FA,48 A 60,ACTIVO,496136.45,0,VIKING ARMOUR,Y79G54,4,0.3926
V080LO009,60 Y MAS,ACTIVO,125112.67,BITCOIN,VIKING ARMOUR,JSF89A,2,0.3678
FA0LO080FA0,00 A 06,activo,,#N/D,VIKING ARMOUR,B92375,#N/D,0.4425
FA0L0FA89Z,00 A 06,ACTIVO,159626.51,0,SOIL,Y79G54,N,0.547
L8LZM000,12 A 23,ACTIVO,509079.14,BITCOIN,VIKING ARMOUR,Y79G54,4,0.8088
L980VVL4,00 A 06,ACTIVO,150998.05,0,SOIL,Y79G54,N,0.7491
L90800Z8,07 A 11,ACTIVO,129426.9,BITCOIN,DRAGONS,JSF89A,N,0.9353
Z00FAV0L9,60 Y MAS,ACTIVO,97070.175,0,DRAGONS,90LD2,2,0.8538
L0ZLV8LO4,60 Y MAS,ACTIVO,616934.89,GOLD,VIKING ARMOUR,Y79G54,4,0.433
LZ80FAVLOL,24 A 47,ACTIVO,286896.295,0,VIKING ARMOUR,B92375,0,0.923
VFA04400,60 Y MAS,ACTIVO,230811.305,BITCOIN,VIKING ARMOUR,B92375,2,0.8648
V00Z0908,60 Y MAS,ACTIVO,162215.048,0,DRAGONS,90LD2,2,0.1374
LVV94VLFA,12 A 23,BAJA,306310.33,0,VIKING ARMOUR,Y79G54,2,0.9288
9008Z8VFA,48 A 60,ACTIVO,436600.076,0,VIKING ARMOUR,90LD2,2,0.262
ZZ004L9V,60 Y MAS,ACTIVO,317095.905,GOLD,VIKING ARMOUR,B92375,4,0.0269
L0FALVLV4,48 A 60,ACTIVO,273953.605,GOLD,VIKING ARMOUR,B92375,2,0.9653
L8FALLOZ,07 A 11,ACTIVO,237282.65,#N/D,VIKING ARMOUR,B92375,2,0.5888
LO0ZLFA0Z0,60 Y MAS,ACTIVO,88441.715,0,DRAGONS,90LD2,2,0.4254
L8L0VL0LO,07 A 11,ACTIVO,273953.605,USD,VIKING ARMOUR,B92375,2,0.003
9FAVFA000,60 Y MAS,ACTIVO,323567.25,0,VIKING ARMOUR,B92375,4,0.3277
L90VFALVL,07 A 11,ACTIVO,332195.71,GOLD,VIKING ARMOUR,Y79G54,N,0.3457
L09FA0LOZFA,48 A 60,activo,381809.355,TYP2,SOIL,Y79G54,6,0.2853
80Z4LOV8,60 Y MAS,ACTIVO,424951.655,BITCOIN,VIKING ARMOUR,Y79G54,6,0.9101
LO0LO4LOL08,60 Y MAS,ACTIVO,276542.143,0,VIKING ARMOUR,90LD2,6,0.2943
LV9V8LO,60 Y MAS,ACTIVO,336078.517,BITCOIN,DRAGONS,Y79G54,2,0.873
L084V9ZL,48 A 60,ACTIVO,310624.56,0,VIKING ARMOUR,Y79G54,4,0.5903
8004VZ4V,60 Y MAS,ACTIVO,396909.16,ETHER,VIKING ARMOUR,Y79G54,4,0.2958
FA0FA8V04V,00 A 06,ACTIVO,125112.67,0,SPURS,Y79G54,N,0.1501
L49VZ00FA,24 A 47,ACTIVO,228654.19,BITCOIN,NAVAL,B92375,2,0.8336
FA000989L,00 A 06,ACTIVO,250225.34,#N/D,VIKING ARMOUR,B92375,N,0.0491
L888LOVLLO,00 A 06,ACTIVO,228654.19,BITCOIN,SOIL,Y79G54,N,0.7909
L0080VZ8,60 Y MAS,ACTIVO,189826.12,0,SPURS,Y79G54,4,0.4115
L8L40Z49,12 A 23,ACTIVO,371023.78,#N/D,VIKING ARMOUR,Y79G54,2,0.6025
V0LO40Z4L,60 Y MAS,ACTIVO,250225.34,BITCOIN,VIKING ARMOUR,B92375,2,0.3002
L8LLOFALOZ0,07 A 11,ACTIVO,347295.515,GOLD,VIKING ARMOUR,Y79G54,4,0.4891
V048LO00Z,60 Y MAS,ACTIVO,323567.25,BITCOIN,VIKING ARMOUR,B92375,4,0.0338
LZMLZLOL8,12 A 23,ACTIVO,358081.09,BITCOIN,VIKING ARMOUR,Y79G54,4,0.476
LLV4LZZM,24 A 47,ACTIVO,258853.8,0,NAVAL,B92375,3,0.5144
L9FA40L89,00 A 06,ACTIVO,150998.05,#N/D,SOIL,Y79G54,N,0.0245
FA0L08LLOZ,00 A 06,activo,,#N/D,VIKING ARMOUR,Y79G54,#N/D,0.8366
LLO989V48,12 A 23,ACTIVO,209240.155,0,SPURS,JSF89A,3,0.3346
L9Z494FA9,00 A 06,ACTIVO,237282.65,BITCOIN,VIKING ARMOUR,B92375,N,0.2425
LL04V0LOZ,48 A 60,ACTIVO,680354.071,0,VIKING ARMOUR,Y79G54,6,0.164
L09L98LO8,48 A 60,ACTIVO,159626.51,TYP2,SOIL,Y79G54,2,0.3806
V000084V,24 A 47,ACTIVO,195434.619,0,VIKING ARMOUR,90LD2,4,0.0852
FA004ZV0V,00 A 06,ACTIVO,237282.65,0,SOIL,Y79G54,N,0.0626
Z0FALOZLV0,60 Y MAS,ACTIVO,295093.332,GOLD,DRAGONS,90LD2,4,0.0407
L400FALO4FA,24 A 47,ACTIVO,159626.51,0,SOIL,Y79G54,2,0.7273
FA040ZLOZ,60 Y MAS,ACTIVO,292936.217,BITCOIN,DRAGONS,Y79G54,2,0.4897
LVL900LO8,12 A 23,ACTIVO,612620.66,0,#N/D,#N/D,3,0.4101
L9V84LLOZ,00 A 06,ACTIVO,237282.65,BITCOIN,VIKING ARMOUR,B92375,N,0.1268
LFA44V04LO,24 A 47,ACTIVO,,#N/D,SOIL,Y79G54,#N/D,0.3794
LLOFA0049FA,24 A 47,ACTIVO,405537.62,TYP2,VIKING ARMOUR,Y79G54,4,0.2895
FA0ZFA80LOL,00 A 06,ACTIVO,,#N/D,SOIL,Y79G54,#N/D,0.3497
L04040VV,60 Y MAS,ACTIVO,207083.04,0,SPURS,Y79G54,4,0.2522
LLOLZZ0FA8,12 A 23,ACTIVO,250225.34,0,VIKING ARMOUR,B92375,0,0.4917
LO0Z4LLO,60 Y MAS,ACTIVO,379652.24,ETHER,VIKING ARMOUR,Y79G54,4,0.7703
LV9LO0VZV,07 A 11,ACTIVO,198454.58,ETHER,SPURS,Y79G54,1,0.8778
LV0L4V00,12 A 23,ACTIVO,250225.34,0,DRAGONS,Y79G54,2,0.1931
9808FA8Z,60 Y MAS,ACTIVO,267482.26,BITCOIN,SPURS,Y79G54,4,0.3389
LL908FAZM,24 A 47,ACTIVO,295524.755,0,NAVAL,B92375,4,0.3031
L48LOLFA9L,24 A 47,ACTIVO,407263.312,0,VIKING ARMOUR,Y79G54,3,0.9315
FA00L40ZZ,00 A 06,activo,,#N/D,VIKING ARMOUR,Y79G54,#N/D,0.6784
V0Z4L08FA,60 Y MAS,ACTIVO,273953.605,GOLD,NAVAL,B92375,4,0.3565
ZVLOFA0V0LO,24 A 47,ACTIVO,204063.079,BITCOIN,NAVAL,90LD2,2,0.5108
Z0FAZ9Z0FA,60 Y MAS,ACTIVO,125112.67,BITCOIN,SOIL,B92375,2,0.4179
LVV049VFA,12 A 23,ACTIVO,323567.25,0,VIKING ARMOUR,B92375,4,0.5158
L09LVZL8,48 A 60,ACTIVO,159626.51,USD,SOIL,Y79G54,2,0.4237
L08V9Z84,48 A 60,ACTIVO,207083.04,0,SPURS,Y79G54,4,0.4476
LFAZ400LZ,24 A 47,IMPAGO,239439.765,GOLD,NAVAL,B92375,3,0.2555
LVL449VFA,12 A 23,ACTIVO,,#N/D,VIKING ARMOUR,JSF89A,#N/D,0.6163
FA0L9LOV8L,00 A 06,activo,250225.34,0,VIKING ARMOUR,B92375,N,0.9569
LVL4VVLLO,12 A 23,ACTIVO,189826.12,0,SPURS,Y79G54,1,0.7661
LLO4ZFALL8,12 A 23,ACTIVO,125112.67,0,VIKING ARMOUR,JSF89A,1,0.5399
LLO9LLOL8L,12 A 23,ACTIVO,159626.51,ETHER,SOIL,Y79G54,2,0.9395
L440LZ9L,24 A 47,activo,189826.12,ETHER,SPURS,Y79G54,2,0.8024
L9LOFA48L0,07 A 11,ACTIVO,457308.38,BITCOIN,VIKING ARMOUR,Y79G54,N,0.9926
ZZ04FA84L,60 Y MAS,ACTIVO,510373.409,BITCOIN,#N/D,#N/D,4,0.4058
V8090LO0,60 Y MAS,ACTIVO,189826.12,GOLD,SPURS,Y79G54,4,0.6754
L9FA4ZM,07 A 11,ACTIVO,99227.29,GOLD,DRAGONS,B92375,N,0.5238
LO0Z94V4LO,12 A 23,ACTIVO,135898.245,BITCOIN,DRAGONS,90LD2,2,0.5673
L8LO0L9V0,07 A 11,ACTIVO,209240.155,0,SPURS,JSF89A,2,0.7241
Z08490LL,60 Y MAS,ACTIVO,159626.51,BITCOIN,SOIL,Y79G54,1,0.7416
L44Z04ZV,24 A 47,ACTIVO,207083.04,0,SPURS,Y79G54,3,0.7078
V44Z948,60 Y MAS,ACTIVO,189826.12,BITCOIN,SPURS,Y79G54,4,0.8045
FA0L94L04,00 A 06,ACTIVO,125112.67,0,SPURS,Y79G54,N,0.8396
L84ZV9FA0,07 A 11,ACTIVO,237282.65,#N/D,VIKING ARMOUR,B92375,2,0.5625
ZZ0ZLOV00,60 Y MAS,ACTIVO,532807.405,BITCOIN,VIKING ARMOUR,Y79G54,6,0.8374
LO0ZZ48V0,60 Y MAS,ACTIVO,215711.5,GOLD,SPURS,Y79G54,4,0.0571
Z0Z0LLO9LO,60 Y MAS,ACTIVO,273953.605,BITCOIN,DRAGONS,90LD2,2,0.3293
FA89LVV,60 Y MAS,ACTIVO,327881.48,TYP2,DRAGONS,Y79G54,2,0.0333
FA0004ZZ4,00 A 06,ACTIVO,189826.12,#N/D,SPURS,Y79G54,N,0.8966
LLOLFA0V80,24 A 47,ACTIVO,401223.39,ETHER,VIKING ARMOUR,Y79G54,3,0.4989
LZ98LZ80,24 A 47,ACTIVO,237282.65,TYP2,VIKING ARMOUR,B92375,2,0.5813
L0FA0L0V8,48 A 60,ACTIVO,196297.465,0,SOIL,Y79G54,1,0.0669
L0ZMLFAFAZ,48 A 60,ACTIVO,224339.96,BITCOIN,SPURS,Y79G54,2,0.4256
L0FA9ZLOFA0,60 Y MAS,ACTIVO,198454.58,0,SPURS,Y79G54,4,0.1929
L8LO9Z8LOZ,00 A 06,ACTIVO,273953.605,#N/D,VIKING ARMOUR,B92375,N,0.9488
VLO00VZL,60 Y MAS,ACTIVO,252382.455,BITCOIN,DRAGONS,90LD2,2,0.3587
L9FA4LVLO9,07 A 11,ACTIVO,368866.665,#N/D,VIKING ARMOUR,Y79G54,N,0.383
LV90FAFAZ9,12 A 23,IMPAGO,282150.642,0,VIKING ARMOUR,JSF89A,3,0.35
LLO8ZV90L,12 A 23,ACTIVO,323567.25,0,VIKING ARMOUR,B92375,3,0.4454
L4LFALLOZ4,24 A 47,IMPAGO,133741.13,0,DRAGONS,B92375,0,0.5019
ZZ44L8L8,60 Y MAS,ACTIVO,339961.324,GOLD,NAVAL,90LD2,4,0.7221
LLO0009V0,24 A 47,ACTIVO,207083.04,0,SPURS,Y79G54,1,0.0889
LFA8ZFAFA0L,24 A 47,ACTIVO,159626.51,TYP2,SOIL,Y79G54,2,0.137
FA04L000FA,00 A 06,ACTIVO,,#N/D,SOIL,Y79G54,#N/D,0.046
V000ZFAZM,60 Y MAS,ACTIVO,217868.615,0,VIKING ARMOUR,90LD2,4,0.0289
L9LL0V09,00 A 06,ACTIVO,181197.66,#N/D,SPURS,Y79G54,N,0.1569
L988LOZ9LO,00 A 06,ACTIVO,349452.63,GOLD,VIKING ARMOUR,Y79G54,N,0.9551
L8FALVFAVZ,07 A 11,ACTIVO,194140.35,#N/D,VIKING ARMOUR,B92375,2,0.3173
LL40LFAVFA,48 A 60,ACTIVO,301996.1,ETHER,NAVAL,B92375,4,0.1906
LZLO0ZM98,24 A 47,ACTIVO,289053.41,BITCOIN,VIKING ARMOUR,Y79G54,4,0.7762
L4V008LOFA,24 A 47,ACTIVO,181197.66,ETHER,SPURS,Y79G54,4,0.124
L094L04Z,48 A 60,activo,133741.13,0,DRAGONS,B92375,1,0.2506
LO0LO0LOFA0FA,60 Y MAS,ACTIVO,181197.66,0,NAVAL,90LD2,2,0.0074
L40490VL,24 A 47,ACTIVO,198454.58,0,SPURS,Y79G54,4,0.604
L84FA00V0,07 A 11,ACTIVO,187669.005,ETHER,SOIL,Y79G54,1,0.9655
L4VZ448Z,24 A 47,ACTIVO,312781.675,0,VIKING ARMOUR,Y79G54,4,0.3851
LZFA0LOV,24 A 47,ACTIVO,140212.475,BITCOIN,DRAGONS,B92375,2,0.8708
FA0Z909LOFA,00 A 06,ACTIVO,,#N/D,SPURS,Y79G54,#N/D,0.1391
LLO8004,12 A 23,ACTIVO,351609.745,BITCOIN,VIKING ARMOUR,Y79G54,4,0.2299
L40LLZZZ,24 A 47,ACTIVO,120798.44,BITCOIN,SPURS,Y79G54,2,0.4685
VLLL440,60 Y MAS,ACTIVO,345138.4,BITCOIN,VIKING ARMOUR,Y79G54,4,0.628
LZLO0809Z,24 A 47,ACTIVO,189826.12,ETHER,SPURS,Y79G54,4,0.6502
LZ4ZM444,24 A 47,ACTIVO,241596.88,TYP2,VIKING ARMOUR,B92375,4,0.1187
L00LO8LO0V,60 Y MAS,ACTIVO,327881.48,GOLD,VIKING ARMOUR,Y79G54,4,0.0995
L0LO8L444,48 A 60,ACTIVO,103541.52,0,DRAGONS,B92375,2,0.465
L8FA4FAZZL,07 A 11,ACTIVO,237282.65,TYP2,VIKING ARMOUR,B92375,2,0.6248
8LOLL400,60 Y MAS,ACTIVO,310624.56,ETHER,VIKING ARMOUR,B92375,4,0.0141
LLO08FAVZ0,12 A 23,ACTIVO,327881.48,BITCOIN,VIKING ARMOUR,Y79G54,4,0.6426
L0FA0LFAZLO,60 Y MAS,ACTIVO,297681.87,0,VIKING ARMOUR,B92375,3,0.9807
LFA90080L,24 A 47,ACTIVO,286896.295,TYP2,VIKING ARMOUR,B92375,4,0.1764
LFAFA8Z90L,24 A 47,ACTIVO,207083.04,0,#N/D,#N/D,4,0.446
Z0LO88LO,60 Y MAS,ACTIVO,375338.01,BITCOIN,VIKING ARMOUR,Y79G54,4,0.7829
L8V9004V,07 A 11,ACTIVO,446522.805,ETHER,VIKING ARMOUR,Y79G54,N,0.1133
V0LV8908,60 Y MAS,ACTIVO,129426.9,0,DRAGONS,JSF89A,2,0.6114
ZZFA4ZMZ4,60 Y MAS,ACTIVO,200180.272,USD,DRAGONS,90LD2,4,0.1223
8L9V4V,60 Y MAS,ACTIVO,498724.988,BITCOIN,VIKING ARMOUR,Y79G54,6,0.6515
V080VFAZ8,60 Y MAS,ACTIVO,207514.463,BITCOIN,DRAGONS,90LD2,2,0.6572
89LO80LO4,60 Y MAS,ACTIVO,444365.69,BITCOIN,VIKING ARMOUR,Y79G54,6,0.6999
L80ZLO8LOFA,12 A 23,ACTIVO,150998.05,GOLD,SOIL,Y79G54,1,0.3601
LV984LOVZ,12 A 23,ACTIVO,99227.29,0,VIKING ARMOUR,B92375,0,0.724
800V0888,60 Y MAS,ACTIVO,223908.537,0,NAVAL,90LD2,4,0.9812
900V0LOL0,60 Y MAS,ACTIVO,590618.087,0,SPURS,90LD2,2,0.3417
L8VLFAVZFA,00 A 06,ACTIVO,375338.01,BITCOIN,VIKING ARMOUR,Y79G54,N,0.9594
9LZLO400,60 Y MAS,ACTIVO,401223.39,0,VIKING ARMOUR,Y79G54,4,0.1071
L8Z89ZLO4,07 A 11,ACTIVO,150998.05,#N/D,VIKING ARMOUR,B92375,2,0.2518
LFA4L0LO9L,24 A 47,ACTIVO,159626.51,GOLD,SOIL,Y79G54,2,0.3828
9V0L9V4,60 Y MAS,ACTIVO,286896.295,BITCOIN,VIKING ARMOUR,B92375,4,0.7036
FA0LOV80V0,00 A 06,ACTIVO,,#N/D,DRAGONS,JSF89A,#N/D,0.7539
LO0FA4FAL8V,48 A 60,ACTIVO,250225.34,USD,VIKING ARMOUR,B92375,2,0.9558
V0V000Z,60 Y MAS,ACTIVO,349452.63,BITCOIN,DRAGONS,Y79G54,2,0.4623
LLOVZ8Z4Z,12 A 23,ACTIVO,286896.295,0,VIKING ARMOUR,B92375,0,0.7094
LO0L498VFA,60 Y MAS,ACTIVO,323567.25,TYP2,VIKING ARMOUR,B92375,4,0.9711
LLV089V4,24 A 47,ACTIVO,159626.51,0,SOIL,Y79G54,2,0.8984
LVFALO048V,12 A 23,ACTIVO,312781.675,ETHER,VIKING ARMOUR,Y79G54,4,0.3977
LL8VV0LOZ,24 A 47,ACTIVO,538847.327,GOLD,NAVAL,Y79G54,4,0.2234
L84400VZ,07 A 11,ACTIVO,524178.945,USD,VIKING ARMOUR,Y79G54,4,0.8907
LV0040FA4,12 A 23,ACTIVO,310624.56,BITCOIN,VIKING ARMOUR,B92375,4,0.9281
L48V8Z8V,24 A 47,ACTIVO,241596.88,GOLD,VIKING ARMOUR,B92375,4,0.1457
Z090Z048,60 Y MAS,ACTIVO,159626.51,BITCOIN,SOIL,Y79G54,2,0.911
LVFA088FAZ,12 A 23,ACTIVO,408126.158,BITCOIN,VIKING ARMOUR,Y79G54,4,0.8379
94VFA40Z,60 Y MAS,ACTIVO,159626.51,ETHER,SOIL,Y79G54,2,0.7589
LVZ4Z8LV,12 A 23,ACTIVO,250225.34,BITCOIN,VIKING ARMOUR,B92375,2,0.4762
FA0FAV0L98,00 A 06,ACTIVO,125112.67,0,SPURS,Y79G54,N,0.2197
FA0FAZ44,00 A 06,activo,250225.34,0,VIKING ARMOUR,B92375,N,0.1485
LLV89FA44,24 A 47,ACTIVO,198454.58,0,SPURS,Y79G54,3,0.2667
80LFA484Z,60 Y MAS,ACTIVO,237282.65,TYP2,VIKING ARMOUR,B92375,2,0.343
8009LOVVFA,60 Y MAS,ACTIVO,255402.416,BITCOIN,DRAGONS,90LD2,4,0.5194
LLO9FAVZLO0,12 A 23,ACTIVO,466799.686,ETHER,VIKING ARMOUR,Y79G54,4,0.3895
900ZVLOVLO,60 Y MAS,ACTIVO,,#N/D,VIKING ARMOUR,90LD2,#N/D,0.4156
L9FA8ZFA0FA,00 A 06,ACTIVO,150998.05,BITCOIN,SOIL,Y79G54,N,0.8119
L8L904LLO,07 A 11,ACTIVO,131584.015,GOLD,DRAGONS,JSF89A,2,0.9347
FA0LL8LO0LO,00 A 06,ACTIVO,159626.51,0,VIKING ARMOUR,B92375,N,0.4771
LV0098LO9,12 A 23,ACTIVO,364552.435,TYP2,VIKING ARMOUR,Y79G54,4,0.7989
FA040Z4LO8,00 A 06,ACTIVO,,#N/D,VIKING ARMOUR,B92375,#N/D,0.1686
LLLOZ98V4,24 A 47,ACTIVO,377495.125,BITCOIN,VIKING ARMOUR,B92375,4,0.7808
V00Z8ZZ4,12 A 23,ACTIVO,226497.075,BITCOIN,NAVAL,90LD2,2,0.9484
FA00FAZM8LO,00 A 06,activo,,#N/D,SPURS,JSF89A,#N/D,0.2089
LLOV00LLOZ,12 A 23,ACTIVO,251519.609,0,VIKING ARMOUR,JSF89A,1,0.2868
LZ9ZLO94L,24 A 47,ACTIVO,621249.12,BITCOIN,VIKING ARMOUR,Y79G54,4,0.2273
90049VV0,60 Y MAS,ACTIVO,,#N/D,VIKING ARMOUR,90LD2,#N/D,0.4905
L90V4VVFA,07 A 11,ACTIVO,280424.95,BITCOIN,VIKING ARMOUR,Y79G54,N,0.6515
LVV4LO94V,12 A 23,ACTIVO,260148.069,0,VIKING ARMOUR,JSF89A,4,0.0127
LO00L4L,60 Y MAS,ACTIVO,435737.23,BITCOIN,VIKING ARMOUR,Y79G54,6,0.915
LZ00Z49Z,24 A 47,ACTIVO,140212.475,0,DRAGONS,B92375,2,0.032
L00L98Z0,60 Y MAS,ACTIVO,286896.295,GOLD,VIKING ARMOUR,B92375,4,0.0677
LLOZ0400LO,24 A 47,ACTIVO,,#N/D,SOIL,Y79G54,#N/D,0.8749
L89LOFA9FA0,07 A 11,ACTIVO,217868.615,ETHER,SPURS,Y79G54,N,0.8034
LLO0LFALO0FA,24 A 47,ACTIVO,159626.51,0,SOIL,Y79G54,1,0.84
FA00040L8,00 A 06,ACTIVO,159626.51,#N/D,SOIL,Y79G54,N,0.6802
FA00ZV08LO,00 A 06,activo,,#N/D,SPURS,Y79G54,#N/D,0.1931
V0L049V0,60 Y MAS,ACTIVO,150566.627,0,DRAGONS,JSF89A,2,0.862
L8LOZ90FAZ,07 A 11,ACTIVO,269639.375,0,NAVAL,JSF89A,N,0.3131
L90Z4404,00 A 06,ACTIVO,187669.005,GOLD,SOIL,Y79G54,N,0.7618
LO00LOFAZ0V,60 Y MAS,ACTIVO,150998.05,BITCOIN,DRAGONS,Y79G54,2,0.8215
L8890449,07 A 11,activo,168254.97,BITCOIN,VIKING ARMOUR,JSF89A,N,0.6054
L4L0088FA,24 A 47,ACTIVO,159626.51,ETHER,SOIL,Y79G54,2,0.5839
L9L04L49,00 A 06,ACTIVO,194140.35,GOLD,VIKING ARMOUR,B92375,N,0.4822
FA0V0ZL0FA,00 A 06,activo,,#N/D,VIKING ARMOUR,Y79G54,#N/D,0.2348
LO0LO0L4V8,24 A 47,ACTIVO,239871.188,BITCOIN,VIKING ARMOUR,90LD2,4,0.4961
V09L09FAV,60 Y MAS,ACTIVO,252813.878,GOLD,NAVAL,90LD2,4,0.5335
FA004L494,00 A 06,activo,159626.51,0,SOIL,Y79G54,N,0.052
FA0FA0LOVZL,00 A 06,ACTIVO,250225.34,0,VIKING ARMOUR,B92375,N,0.4798
800LOL9ZV,60 Y MAS,ACTIVO,286896.295,0,VIKING ARMOUR,B92375,4,0.4099
LLO0LOV400,12 A 23,ACTIVO,228222.767,0,DRAGONS,Y79G54,2,0.6521
Z0V90LLO8,60 Y MAS,BAJA,,#N/D,#N/D,#N/D,#N/D,0.2264
LO0LO00V9LO,60 Y MAS,ACTIVO,216574.346,0,VIKING ARMOUR,90LD2,4,0.2503
Z00ZV0L4,60 Y MAS,activo,347295.515,0,SPURS,Y79G54,3,0.1187
8004V49V,60 Y MAS,ACTIVO,310193.137,0,VIKING ARMOUR,JSF89A,6,0.2133
VLO0,60 Y MAS,ACTIVO,745930.367,BITCOIN,VIKING ARMOUR,Y79G54,4,0.493
L000LLOZLO,48 A 60,ACTIVO,181197.66,0,SPURS,Y79G54,2,0.2408
LO0LZ8ZLO0,60 Y MAS,ACTIVO,237282.65,BITCOIN,DRAGONS,Y79G54,2,0.6532
L9L04LO4V,00 A 06,ACTIVO,120798.44,#N/D,SPURS,Y79G54,N,0.6052
L0LLLOZ00,60 Y MAS,ACTIVO,243753.995,0,SPURS,Y79G54,4,0.6913
9LO40LO88,60 Y MAS,ACTIVO,189826.12,BITCOIN,SPURS,Y79G54,4,0.9294
V0ZMV4FA0,60 Y MAS,ACTIVO,250225.34,GOLD,VIKING ARMOUR,B92375,4,0.9004
LLO0FAL0,12 A 23,ACTIVO,150998.05,0,SPURS,JSF89A,1,0.7625
LV904V0LO,12 A 23,ACTIVO,198454.58,0,SPURS,Y79G54,1,0.7786
V009LZ4LO,60 Y MAS,ACTIVO,150566.627,0,DRAGONS,90LD2,2,0.3053
L0044FAV0,48 A 60,ACTIVO,207083.04,BITCOIN,SPURS,Y79G54,4,0.2002
LO0LOFALO4Z9,60 Y MAS,ACTIVO,164803.586,0,NAVAL,90LD2,2,0.1355
V4V8LOZ8,60 Y MAS,ACTIVO,328312.903,BITCOIN,NAVAL,90LD2,4,0.1216
LZFA40FA,24 A 47,ACTIVO,241596.88,0,VIKING ARMOUR,B92375,4,0.275
LLO0FALO9,00 A 06,ACTIVO,250225.34,#N/D,VIKING ARMOUR,B92375,N,0.5805
L8ZV9V49,07 A 11,ACTIVO,228654.19,BITCOIN,SOIL,Y79G54,2,0.084
L949FAFA80,00 A 06,ACTIVO,120798.44,ETHER,SPURS,Y79G54,N,0.3013
LVZ00004,12 A 23,ACTIVO,276110.72,0,VIKING ARMOUR,B92375,1,0.3967
L8V9LLV9,07 A 11,ACTIVO,207083.04,GOLD,VIKING ARMOUR,B92375,N,0.8497
Z0FA4Z4LOL,60 Y MAS,ACTIVO,324861.519,GOLD,DRAGONS,90LD2,4,0.0328
ZZL4FA880,60 Y MAS,ACTIVO,189826.12,BITCOIN,SPURS,Y79G54,4,0.1439
LVV09L00,12 A 23,ACTIVO,286896.295,0,VIKING ARMOUR,B92375,2,0.9536
984FAFA,60 Y MAS,ACTIVO,323567.25,GOLD,VIKING ARMOUR,B92375,4,0.9161
L8V00LO9FA,00 A 06,ACTIVO,181197.66,GOLD,SPURS,Y79G54,N,0.9335
L9V4FA090,00 A 06,ACTIVO,258853.8,#N/D,SPURS,Y79G54,N,0.7916
8LL00LOL,60 Y MAS,ACTIVO,235125.535,BITCOIN,NAVAL,90LD2,4,0.3271
894LZV4,60 Y MAS,ACTIVO,314938.79,BITCOIN,VIKING ARMOUR,Y79G54,4,0.0972
VL089FA4,60 Y MAS,ACTIVO,655762.96,GOLD,VIKING ARMOUR,Y79G54,6,0.6246
L00984FAL,60 Y MAS,ACTIVO,207083.04,BITCOIN,SPURS,Y79G54,4,0.7605
LZFA0VV90,24 A 47,ACTIVO,250225.34,0,VIKING ARMOUR,B92375,3,0.498
L0FA04LOZFA,48 A 60,ACTIVO,286896.295,BITCOIN,VIKING ARMOUR,B92375,4,0.1549
VLZFA094,60 Y MAS,ACTIVO,590618.087,BITCOIN,VIKING ARMOUR,Y79G54,6,0.4491
L8944VZLO,00 A 06,ACTIVO,273953.605,BITCOIN,VIKING ARMOUR,B92375,N,0.0995
L0Z00LO0LO,48 A 60,ACTIVO,368866.665,0,VIKING ARMOUR,Y79G54,6,0.9931
L80L4LLO0,12 A 23,ACTIVO,172569.2,#N/D,SPURS,Y79G54,1,0.0179
FA0Z8LO0LOZ,00 A 06,ACTIVO,,#N/D,SOIL,Y79G54,#N/D,0.2726
FA0VZMLOV4,00 A 06,ACTIVO,,#N/D,SPURS,Y79G54,#N/D,0.8294
L40LOFAFA9LO,24 A 47,ACTIVO,254539.57,GOLD,SPURS,Y79G54,4,0.8883
L9ZLVVVLO,00 A 06,ACTIVO,150998.05,#N/D,VIKING ARMOUR,Y79G54,N,0.4062
LZMFAL8V0,12 A 23,ACTIVO,159626.51,ETHER,SOIL,Y79G54,1,0.5922
L4VLOFAZ,00 A 06,ACTIVO,250225.34,#N/D,VIKING ARMOUR,B92375,N,0.0386
LZLOZZ988,24 A 47,ACTIVO,250225.34,0,VIKING ARMOUR,B92375,0,0.4669
LO00FAZFALOFA,48 A 60,ACTIVO,250225.34,BITCOIN,DRAGONS,B92375,2,0.0437
LLO0980Z0,24 A 47,ACTIVO,207083.04,0,SPURS,Y79G54,1,0.1241
ZVLOL80V9,48 A 60,ACTIVO,267050.837,BITCOIN,VIKING ARMOUR,JSF89A,4,0.9359
LO009040V,60 Y MAS,ACTIVO,376632.279,GOLD,DRAGONS,90LD2,4,0.2378
LO0Z00LFA9,24 A 47,ACTIVO,102678.674,0,NAVAL,90LD2,2,0.0733
LO0ZL98VZ,60 Y MAS,ACTIVO,103541.52,GOLD,DRAGONS,B92375,2,0.1111
V0V8VFA0Z,24 A 47,ACTIVO,242459.726,GOLD,VIKING ARMOUR,90LD2,4,0.3856
V084V840,60 Y MAS,ACTIVO,86284.6,GOLD,DRAGONS,JSF89A,2,0.5422
L4LOZ4L0FA,24 A 47,ACTIVO,241596.88,0,VIKING ARMOUR,B92375,4,0.6948
ZZLOV488Z,60 Y MAS,ACTIVO,92324.522,BITCOIN,DRAGONS,90LD2,2,0.8928
V00VLOLFAZ,60 Y MAS,ACTIVO,267482.26,0,VIKING ARMOUR,JSF89A,4,0.2599
V0ZFAL4VFA,60 Y MAS,ACTIVO,323567.25,GOLD,VIKING ARMOUR,B92375,4,0.7135
L8ZZ0FAZ8,07 A 11,ACTIVO,364552.435,GOLD,VIKING ARMOUR,Y79G54,4,0.3636
FA00L008LO,00 A 06,ACTIVO,250225.34,GOLD,VIKING ARMOUR,B92375,N,0.4247
LVLLV4L8,12 A 23,ACTIVO,347295.515,0,VIKING ARMOUR,Y79G54,4,0.252
LV00ZZ40,12 A 23,ACTIVO,237282.65,0,VIKING ARMOUR,B92375,2,0.0699
FA0VLO4LO0L,00 A 06,activo,,#N/D,VIKING ARMOUR,B92375,#N/D,0.2394
ZZL984Z8,60 Y MAS,ACTIVO,358943.936,GOLD,VIKING ARMOUR,90LD2,6,0.1494
Z04ZV944,60 Y MAS,ACTIVO,345138.4,GOLD,VIKING ARMOUR,B92375,6,0.9671
9FAL4ZL0,60 Y MAS,ACTIVO,358081.09,GOLD,VIKING ARMOUR,Y79G54,4,0.7817
ZZV4904L,60 Y MAS,ACTIVO,340824.17,TYP2,VIKING ARMOUR,B92375,4,0.3344
L40LOFAZMV,24 A 47,ACTIVO,487939.413,TYP2,VIKING ARMOUR,Y79G54,4,0.0569
LO0ZLOV0,60 Y MAS,ACTIVO,239871.188,0,VIKING ARMOUR,90LD2,4,0.5204
FA0L909Z9,00 A 06,IMPAGO,150998.05,0,SPURS,JSF89A,N,0.2014
V00Z4LOL9,60 Y MAS,ACTIVO,195434.619,0,VIKING ARMOUR,90LD2,4,0.7532
8000LZ0FA,60 Y MAS,ACTIVO,619092.005,BITCOIN,VIKING ARMOUR,Y79G54,4,0.7484
V098L000,60 Y MAS,ACTIVO,362395.32,BITCOIN,SPURS,Y79G54,4,0.1657
LL9FA0ZM4,24 A 47,ACTIVO,241596.88,0,SPURS,Y79G54,4,0.8133
LVZ8L0,12 A 23,ACTIVO,196297.465,GOLD,SOIL,Y79G54,2,0.2934
L848LOZLL,07 A 11,ACTIVO,155312.28,0,#N/D,#N/D,2,0.2364
ZVZFA0808,60 Y MAS,IMPAGO,356786.821,BITCOIN,NAVAL,90LD2,4,0.2536
FA00FA84L9,00 A 06,activo,,#N/D,VIKING ARMOUR,B92375,#N/D,0.2074
89FA00FA8,60 Y MAS,ACTIVO,741616.137,BITCOIN,VIKING ARMOUR,Y79G54,6,0.7244
LLO08LOZ89,12 A 23,ACTIVO,250225.34,BITCOIN,VIKING ARMOUR,B92375,2,0.8686
L900Z900,00 A 06,ACTIVO,150998.05,BITCOIN,SOIL,Y79G54,N,0.1412
LZV9LOL8V,24 A 47,ACTIVO,207083.04,0,SPURS,Y79G54,3,0.368
LVFALLOFA04,12 A 23,ACTIVO,207083.04,GOLD,SPURS,Y79G54,1,0.1836
FA00V0LOL0,00 A 06,ACTIVO,552221.44,0,VIKING ARMOUR,Y79G54,N,0.0202
ZZZMV8Z0,60 Y MAS,ACTIVO,155312.28,GOLD,DRAGONS,Y79G54,2,0.5583
Z00V4VV9,60 Y MAS,ACTIVO,155312.28,BITCOIN,SPURS,90LD2,4,0.7078
L890FAV08,07 A 11,ACTIVO,237282.65,#N/D,VIKING ARMOUR,B92375,N,0.8371
V04ZV4FA0,60 Y MAS,ACTIVO,189826.12,USD,SPURS,Y79G54,4,0.7045
LV0LOFAZVZ,12 A 23,ACTIVO,207083.04,ETHER,SPURS,Y79G54,2,0.003
ZZ400FA9L,60 Y MAS,ACTIVO,347295.515,GOLD,VIKING ARMOUR,Y79G54,4,0.5618
LO0Z8FAZ0FA,60 Y MAS,ACTIVO,240302.611,0,NAVAL,90LD2,4,0.5577
90090VL4,12 A 23,ACTIVO,,#N/D,SPURS,90LD2,#N/D,0.3003
LV0VLOL80,12 A 23,ACTIVO,150998.05,0,SPURS,JSF89A,2,0.1714
L4VZ8V8LO,24 A 47,ACTIVO,159626.51,0,SOIL,Y79G54,2,0.4484
LFA0989VL,24 A 47,ACTIVO,280424.95,0,VIKING ARMOUR,B92375,3,0.546
LLOZLO8LOZ0,12 A 23,ACTIVO,250225.34,0,VIKING ARMOUR,B92375,1,0.4525
LVZ0L8Z4,12 A 23,ACTIVO,226497.075,ETHER,SPURS,Y79G54,2,0.6235
L00L4FA89,60 Y MAS,ACTIVO,198454.58,0,SPURS,Y79G54,3,0.4126
L0FA89098,48 A 60,ACTIVO,323567.25,GOLD,VIKING ARMOUR,B92375,4,0.7882
LL0V098LO,48 A 60,ACTIVO,263168.03,0,NAVAL,B92375,3,0.0006
LFAFA9VL8LO,24 A 47,ACTIVO,312781.675,GOLD,VIKING ARMOUR,Y79G54,4,0.1157
L804404L,07 A 11,ACTIVO,258853.8,BITCOIN,VIKING ARMOUR,Y79G54,2,0.8433
Z0409LZM,60 Y MAS,ACTIVO,319253.02,GOLD,VIKING ARMOUR,Y79G54,4,0.8557
L40FAZVZ0,24 A 47,ACTIVO,159626.51,BITCOIN,SOIL,Y79G54,2,0.1312
L9FAZV0LOV,07 A 11,ACTIVO,237282.65,GOLD,VIKING ARMOUR,B92375,N,0.7799
LLO0ZVVFA0,24 A 47,ACTIVO,196297.465,0,VIKING ARMOUR,B92375,1,0.932
9LOZ0FA08,60 Y MAS,ACTIVO,198454.58,0,SPURS,Y79G54,3,0.5928
L08ZMZ,48 A 60,ACTIVO,276110.72,GOLD,NAVAL,B92375,4,0.1082
L4ZFA09FA4,24 A 47,ACTIVO,241596.88,0,SPURS,Y79G54,3,0.5274
FA00L0L9FA,00 A 06,ACTIVO,250225.34,#N/D,VIKING ARMOUR,B92375,N,0.5398
L000888FA,60 Y MAS,ACTIVO,280424.95,BITCOIN,VIKING ARMOUR,Y79G54,2,0.3756
9000ZMFAZ,60 Y MAS,ACTIVO,,#N/D,VIKING ARMOUR,90LD2,#N/D,0.552
9008L40L,24 A 47,activo,,#N/D,VIKING ARMOUR,90LD2,#N/D,0.1149
VZ49040,60 Y MAS,ACTIVO,560849.9,ETHER,VIKING ARMOUR,Y79G54,6,0.689
LO0Z40909,60 Y MAS,ACTIVO,152292.319,0,DRAGONS,90LD2,2,0.8903
LVV989LO9,12 A 23,ACTIVO,241596.88,BITCOIN,DRAGONS,Y79G54,1,0.522
LLOLLL44V,24 A 47,ACTIVO,250225.34,GOLD,VIKING ARMOUR,B92375,1,0.5209
V04V40FA,60 Y MAS,ACTIVO,621249.12,BITCOIN,VIKING ARMOUR,Y79G54,4,0.4753
LFAZFA4V0FA,24 A 47,ACTIVO,301996.1,TYP2,VIKING ARMOUR,Y79G54,4,0.3005
LVVZLOZZ4,12 A 23,ACTIVO,198454.58,0,SPURS,Y79G54,2,0.6722
LV890FAZ0,07 A 11,ACTIVO,237282.65,0,VIKING ARMOUR,B92375,1,0.9525
LO0FA884FAFA,24 A 47,ACTIVO,291210.525,TYP2,DRAGONS,Y79G54,4,0.3172
900404LOZ,48 A 60,ACTIVO,421068.848,0,VIKING ARMOUR,90LD2,2,0.2359
L9LO40ZM0,00 A 06,ACTIVO,181197.66,GOLD,SPURS,Y79G54,N,0.9956
LZ0880,24 A 47,ACTIVO,314938.79,GOLD,VIKING ARMOUR,B92375,4,0.1086
ZZLZZM0LO,60 Y MAS,ACTIVO,286896.295,BITCOIN,VIKING ARMOUR,B92375,4,0.07
FA0L0LOZZM,00 A 06,ACTIVO,,#N/D,SPURS,JSF89A,#N/D,0.7875
V080LO08LO,60 Y MAS,ACTIVO,125112.67,GOLD,VIKING ARMOUR,JSF89A,2,0.0082
LV0ZL4FA8,12 A 23,ACTIVO,250225.34,GOLD,SOIL,Y79G54,2,0.5868
900L409FA,07 A 11,ACTIVO,,#N/D,VIKING ARMOUR,Y79G54,#N/D,0.3951
L4089VVLO,24 A 47,ACTIVO,306310.33,BITCOIN,SPURS,Y79G54,4,0.6883
Z04LO0V0L,60 Y MAS,ACTIVO,181197.66,BITCOIN,SPURS,Y79G54,2,0.2729
800ZM404,60 Y MAS,ACTIVO,198454.58,BITCOIN,DRAGONS,Y79G54,2,0.6382
Z009LV49,60 Y MAS,ACTIVO,120367.017,BITCOIN,VIKING ARMOUR,B92375,2,0.8554
L0000084,60 Y MAS,ACTIVO,194140.35,BITCOIN,SOIL,Y79G54,4,0.5317
L0ZZ00FAZ,48 A 60,ACTIVO,313644.521,0,VIKING ARMOUR,Y79G54,4,0.6598
L90LFA4ZLO,00 A 06,ACTIVO,370592.357,#N/D,VIKING ARMOUR,Y79G54,N,0.5445
L00Z84,60 Y MAS,ACTIVO,198454.58,0,SPURS,Y79G54,3,0.0464
L49FA4908,24 A 47,ACTIVO,310624.56,BITCOIN,VIKING ARMOUR,Y79G54,4,0.149
L940FALO9FA,00 A 06,ACTIVO,99227.29,0,DRAGONS,JSF89A,N,0.1317
L9040FA9FA,07 A 11,ACTIVO,267482.26,BITCOIN,VIKING ARMOUR,JSF89A,N,0.0955
LO0Z0FA000,60 Y MAS,ACTIVO,275679.297,ETHER,NAVAL,90LD2,4,0.1646
L044FA4FAL,60 Y MAS,ACTIVO,207083.04,GOLD,SPURS,Y79G54,2,0.02
V0L08LOLL,60 Y MAS,ACTIVO,,#N/D,DRAGONS,90LD2,#N/D,0.8594
V0VZVVVFA,60 Y MAS,ACTIVO,323567.25,GOLD,VIKING ARMOUR,B92375,4,0.2242
4048804,60 Y MAS,ACTIVO,195003.196,BITCOIN,DRAGONS,90LD2,2,0.9867
LV44FAFA00,12 A 23,ACTIVO,293367.64,GOLD,DRAGONS,Y79G54,2,0.9697
L9FAVFALZL,07 A 11,ACTIVO,258853.8,ETHER,SPURS,Y79G54,N,0.6763
84FA94ZZ,60 Y MAS,ACTIVO,198454.58,ETHER,SPURS,Y79G54,4,0.8546
L840008FA,07 A 11,ACTIVO,217868.615,GOLD,SPURS,Y79G54,1,0.3864
LLO0LLOZV4,24 A 47,ACTIVO,539278.75,ETHER,VIKING ARMOUR,Y79G54,4,0.5659
LO0ZVLVZ4,24 A 47,ACTIVO,174726.315,0,NAVAL,90LD2,2,0.4352
LFAZFA0890,24 A 47,ACTIVO,250225.34,0,VIKING ARMOUR,B92375,2,0.9664
9000LOV,24 A 47,activo,,#N/D,VIKING ARMOUR,Y79G54,#N/D,0.4052
V00FAFAFA80,60 Y MAS,ACTIVO,204063.079,0,NAVAL,90LD2,2,0.7533
L90LLO948,00 A 06,ACTIVO,150998.05,ETHER,SOIL,Y79G54,N,0.7111
L4FA040LFA,24 A 47,ACTIVO,347295.515,BITCOIN,VIKING ARMOUR,B92375,4,0.48
800LO44L0,60 Y MAS,ACTIVO,323567.25,0,VIKING ARMOUR,B92375,4,0.3487
LZ9VFALOFAZ,24 A 47,ACTIVO,286896.295,0,VIKING ARMOUR,B92375,0,0.181
LZVLOZ8L0,24 A 47,ACTIVO,314938.79,GOLD,SPURS,Y79G54,4,0.5285
ZZFAV0LFAFA,60 Y MAS,ACTIVO,207083.04,GOLD,SPURS,Y79G54,4,0.9185
8FA8Z40,60 Y MAS,ACTIVO,297681.87,BITCOIN,VIKING ARMOUR,Y79G54,4,0.5583
LZM0904FA,12 A 23,ACTIVO,189826.12,GOLD,SPURS,Y79G54,2,0.4842
LLLV4LL0,48 A 60,ACTIVO,207083.04,0,SPURS,Y79G54,3,0.497
FA0Z4V88FA,00 A 06,activo,,#N/D,VIKING ARMOUR,B92375,#N/D,0.3504
L000V0,60 Y MAS,ACTIVO,176883.43,TYP2,DRAGONS,B92375,2,0.426
L9VZV0VFA,00 A 06,activo,150998.05,#N/D,SOIL,Y79G54,N,0.4392
98LOZ88Z,60 Y MAS,activo,,#N/D,VIKING ARMOUR,Y79G54,#N/D,0.1873
LO0Z0FA4,60 Y MAS,ACTIVO,129426.9,0,DRAGONS,JSF89A,2,0.8628
LO00Z4804,60 Y MAS,ACTIVO,286896.295,BITCOIN,VIKING ARMOUR,B92375,4,0.6534
9V4LFA,60 Y MAS,ACTIVO,235125.535,0,SPURS,Y79G54,4,0.9556
LLV00000,24 A 47,ACTIVO,243753.995,0,SPURS,Y79G54,4,0.487
LV8ZLZM0,12 A 23,ACTIVO,273953.605,TYP2,VIKING ARMOUR,B92375,2,0.6435
FA00LZ04LO,00 A 06,activo,,#N/D,VIKING ARMOUR,JSF89A,#N/D,0.1407
L940FA9LO0,07 A 11,ACTIVO,356786.821,BITCOIN,VIKING ARMOUR,Y79G54,N,0.1886
L9404840,00 A 06,ACTIVO,237282.65,#N/D,VIKING ARMOUR,B92375,N,0.7546
LV8Z0ZL4,12 A 23,BAJA,99227.29,0,DRAGONS,B92375,0,0.9265
LL9LZ0,24 A 47,ACTIVO,207083.04,GOLD,SPURS,Y79G54,4,0.1386
9004LO4ZFA,60 Y MAS,ACTIVO,431.423,0,VIKING ARMOUR,90LD2,2,0.7311
LLO0Z080,60 Y MAS,ACTIVO,,GOLD,NAVAL,90LD2,2,0.3207
LZVVFA9ZZ,24 A 47,ACTIVO,250225.34,BITCOIN,VIKING ARMOUR,B92375,4,0.0488
L09Z8000,48 A 60,ACTIVO,286896.295,GOLD,VIKING ARMOUR,B92375,4,0.706
FA0LO09V04,00 A 06,ACTIVO,,#N/D,VIKING ARMOUR,Y79G54,#N/D,0.4893
L90LLOV4LO,07 A 11,ACTIVO,418480.31,BITCOIN,VIKING ARMOUR,Y79G54,N,0.9561
849FA489,60 Y MAS,ACTIVO,86284.6,0,SOIL,90LD2,1,0.4633
L800FA9,07 A 11,ACTIVO,181197.66,ETHER,SPURS,Y79G54,N,0.4241
L0FA00V9L,48 A 60,ACTIVO,237282.65,BITCOIN,SOIL,Y79G54,2,0.8501
LZLOFA8FA48,24 A 47,ACTIVO,388280.7,GOLD,VIKING ARMOUR,Y79G54,4,0.8524
VVVVFAZM,60 Y MAS,ACTIVO,228654.19,BITCOIN,NAVAL,B92375,2,0.1011
LL4VLO9LZ,24 A 47,ACTIVO,267482.26,BITCOIN,SPURS,Y79G54,4,0.0733
9LO0VFA00,60 Y MAS,ACTIVO,375338.01,BITCOIN,VIKING ARMOUR,Y79G54,4,0.7423
LO04ZLFA8LO,60 Y MAS,ACTIVO,172569.2,0,DRAGONS,90LD2,2,0.8258
L4L0VFAZ4,24 A 47,ACTIVO,250225.34,0,VIKING ARMOUR,B92375,4,0.1611
V04FAV900,60 Y MAS,ACTIVO,250225.34,0,VIKING ARMOUR,B92375,4,0.2527
ZZ0ZLOFA0FA,60 Y MAS,ACTIVO,101815.828,GOLD,SOIL,90LD2,2,0.6581
L4090Z4L,24 A 47,ACTIVO,250225.34,0,VIKING ARMOUR,B92375,3,0.0554
LZFALO0904,24 A 47,ACTIVO,396909.16,TYP2,#N/D,#N/D,4,0.9781
L04FAL0LL,60 Y MAS,ACTIVO,196297.465,0,SOIL,Y79G54,2,0.4204
L8LOLL0LOZ,07 A 11,ACTIVO,120798.44,GOLD,SPURS,Y79G54,1,0.1042
LL04L4FAV,48 A 60,ACTIVO,289053.41,TYP2,VIKING ARMOUR,Y79G54,4,0.4959
V00Z88FA4,24 A 47,ACTIVO,240302.611,0,VIKING ARMOUR,90LD2,4,0.0016
LLOZZ09L8,12 A 23,ACTIVO,189826.12,ETHER,SPURS,Y79G54,2,0.4684
Z09L908FA,60 Y MAS,ACTIVO,101815.828,0,SOIL,90LD2,1,0.553
LZFA4Z890,24 A 47,ACTIVO,196297.465,0,SOIL,Y79G54,2,0.5058
FA00L4LO4L,00 A 06,ACTIVO,209240.155,BITCOIN,SPURS,JSF89A,N,0.589
FA0LZ4V4L,00 A 06,ACTIVO,159626.51,0,SOIL,Y79G54,N,0.048
L894FA0V8,07 A 11,ACTIVO,545750.095,#N/D,VIKING ARMOUR,Y79G54,N,0.7915
Z048ZL,60 Y MAS,ACTIVO,97070.175,BITCOIN,SOIL,90LD2,2,0.6125
LVVFA4904,12 A 23,ACTIVO,273953.605,0,VIKING ARMOUR,B92375,2,0.9015
LFALO080Z4,24 A 47,ACTIVO,381809.355,0,VIKING ARMOUR,B92375,4,0.702
L9VL0L09,00 A 06,ACTIVO,237282.65,BITCOIN,VIKING ARMOUR,B92375,N,0.2733
ZZ40LO0FA9,60 Y MAS,ACTIVO,258853.8,GOLD,NAVAL,B92375,4,0.3982
Z04809LOV,60 Y MAS,ACTIVO,232968.42,GOLD,VIKING ARMOUR,Y79G54,2,0.4366
LLO0FA98L8,24 A 47,ACTIVO,323567.25,0,VIKING ARMOUR,B92375,3,0.9671
Z08VLO4,60 Y MAS,ACTIVO,327881.48,BITCOIN,VIKING ARMOUR,Y79G54,4,0.4857
L00LOL48L,48 A 60,ACTIVO,335215.671,BITCOIN,VIKING ARMOUR,Y79G54,4,0.9311
L90900LV,00 A 06,ACTIVO,430128.731,BITCOIN,VIKING ARMOUR,Y79G54,N,0.0764
L8V80FA04,07 A 11,ACTIVO,150998.05,GOLD,SPURS,JSF89A,N,0.0823
FA0Z08ZLOFA,00 A 06,ACTIVO,,#N/D,VIKING ARMOUR,Y79G54,#N/D,0.0016
90L80FAV0,60 Y MAS,ACTIVO,,#N/D,SPURS,90LD2,#N/D,0.22
LO0L00LO0Z,48 A 60,ACTIVO,250225.34,0,VIKING ARMOUR,B92375,3,0.5178
FA0FAFA0VL8,00 A 06,ACTIVO,172569.2,0,SPURS,JSF89A,N,0.2437
L49408ZFA,24 A 47,ACTIVO,278267.835,GOLD,VIKING ARMOUR,B92375,4,0.7099
L9LO0FA840,00 A 06,ACTIVO,150998.05,#N/D,SOIL,Y79G54,N,0.3911
L9VZ0VZV,00 A 06,ACTIVO,250225.34,#N/D,VIKING ARMOUR,B92375,N,0.3714
LV9L90V4,12 A 23,ACTIVO,313644.521,GOLD,VIKING ARMOUR,Y79G54,2,0.2826
LLOFAL4Z9V,24 A 47,ACTIVO,273953.605,GOLD,VIKING ARMOUR,B92375,2,0.9585
L890FA0L9,07 A 11,ACTIVO,187669.005,#N/D,SOIL,Y79G54,N,0.1272
L0LFALO904,60 Y MAS,ACTIVO,314938.79,0,VIKING ARMOUR,B92375,4,0.2674
V0LZLO0V4,60 Y MAS,ACTIVO,150566.627,0,DRAGONS,90LD2,2,0.7796
V0LOZLO08FA,60 Y MAS,ACTIVO,140212.475,0,DRAGONS,B92375,1,0.7105
LFA8FA0008,24 A 47,ACTIVO,159626.51,ETHER,SOIL,Y79G54,1,0.7094
LVZMZLOLZ,12 A 23,ACTIVO,584578.165,0,VIKING ARMOUR,Y79G54,4,0.3182
80Z8L9LO,60 Y MAS,ACTIVO,228654.19,BITCOIN,NAVAL,B92375,2,0.2827
FA0000FA0Z,00 A 06,ACTIVO,250225.34,#N/D,VIKING ARMOUR,B92375,N,0.4774
LFAZ80LO00,24 A 47,ACTIVO,155312.28,0,SOIL,B92375,1,0.3364
8FA080V0,60 Y MAS,ACTIVO,465936.84,BITCOIN,VIKING ARMOUR,Y79G54,4,0.5923
L94FA8FA9FA,00 A 06,ACTIVO,254539.57,BITCOIN,VIKING ARMOUR,Y79G54,N,0.2068
L0FAZZ0LO9,48 A 60,ACTIVO,103541.52,GOLD,DRAGONS,B92375,2,0.3157
LVLFAFA9ZM,12 A 23,ACTIVO,,#N/D,SOIL,Y79G54,#N/D,0.303
LZ00Z4LZ,24 A 47,ACTIVO,327881.48,0,VIKING ARMOUR,Y79G54,4,0.4136
Z008VFA0L,60 Y MAS,ACTIVO,237282.65,ETHER,VIKING ARMOUR,Y79G54,2,0.9251
FA09VZZ8L,00 A 06,ACTIVO,,#N/D,SPURS,Y79G54,#N/D,0.4845
L9FALFA044,00 A 06,ACTIVO,150998.05,#N/D,SOIL,Y79G54,N,0.5765
LLO0LZ9LOZ,24 A 47,ACTIVO,207083.04,GOLD,SPURS,Y79G54,2,0.4062
LFAVZV9FA0,24 A 47,ACTIVO,103541.52,TYP2,DRAGONS,B92375,2,0.23
LFA48ZFA8FA,24 A 47,ACTIVO,383966.47,GOLD,VIKING ARMOUR,B92375,6,0.3858
LVVZL009,12 A 23,ACTIVO,448679.92,BITCOIN,VIKING ARMOUR,Y79G54,2,0.092
Z00ZLO004,60 Y MAS,ACTIVO,133741.13,0,DRAGONS,B92375,2,0.6218
L80VFALZ0,12 A 23,ACTIVO,172569.2,GOLD,SPURS,Y79G54,1,0.3621
FA0VV8LZ0,00 A 06,ACTIVO,,#N/D,SPURS,Y79G54,#N/D,0.5299
FA0Z89004,00 A 06,ACTIVO,,#N/D,VIKING ARMOUR,B92375,#N/D,0.6043
L4VV98VLO,24 A 47,ACTIVO,176883.43,0,DRAGONS,B92375,1,0.9229
LL9LO88Z0,24 A 47,ACTIVO,470251.07,BITCOIN,VIKING ARMOUR,Y79G54,4,0.6755
L9FAZ0VFAL,00 A 06,ACTIVO,194140.35,ETHER,SOIL,Y79G54,N,0.735
ZZFALFAVV0,60 Y MAS,IMPAGO,207083.04,ETHER,SPURS,Y79G54,2,0.0802
80L90L8,60 Y MAS,ACTIVO,327881.48,BITCOIN,VIKING ARMOUR,Y79G54,4,0.5012
LLOZLL8ZFA,12 A 23,ACTIVO,323567.25,0,VIKING ARMOUR,B92375,4,0.199
90L48404,60 Y MAS,activo,,#N/D,SPURS,90LD2,#N/D,0.7029
LFAV8LOVLOZ,24 A 47,ACTIVO,310624.56,BITCOIN,VIKING ARMOUR,Y79G54,3,0.2524
LLOFA00LO9LO,24 A 47,ACTIVO,232968.42,TYP2,SPURS,Y79G54,2,0.0039
LO00FAZ090,48 A 60,ACTIVO,228654.19,BITCOIN,NAVAL,B92375,2,0.7185
L8909080,07 A 11,ACTIVO,150998.05,BITCOIN,SOIL,Y79G54,N,0.2697
LLL0FA0,24 A 47,ACTIVO,228654.19,0,NAVAL,B92375,1,0.258
LO0LOL8LO4LO,12 A 23,ACTIVO,118209.902,0,DRAGONS,90LD2,2,0.6519
L4LFALZMZ,24 A 47,ACTIVO,235125.535,BITCOIN,VIKING ARMOUR,JSF89A,2,0.8346
LVLO000LO8,12 A 23,ACTIVO,207083.04,ETHER,SPURS,Y79G54,2,0.3991
L80ZZ8,07 A 11,ACTIVO,235125.535,TYP2,SPURS,Y79G54,2,0.2847
ZLO4LOV0ZM,48 A 60,ACTIVO,97070.175,BITCOIN,SOIL,90LD2,2,0.0783
LVLO84FAV8,12 A 23,ACTIVO,103541.52,0,DRAGONS,B92375,1,0.138
L9Z00Z,00 A 06,ACTIVO,159626.51,#N/D,SOIL,Y79G54,N,0.4317
V0Z04LO00,48 A 60,ACTIVO,250225.34,0,VIKING ARMOUR,B92375,4,0.1796
FA0409LO4V,00 A 06,ACTIVO,,#N/D,VIKING ARMOUR,B92375,#N/D,0.0877
LFAFA9ZM,24 A 47,activo,,#N/D,NAVAL,B92375,#N/D,0.2892
ZZLO00Z00,60 Y MAS,ACTIVO,157469.395,BITCOIN,SOIL,90LD2,2,0.0279
LLO40ZFAV0,12 A 23,ACTIVO,250225.34,0,VIKING ARMOUR,B92375,1,0.6011
LLOL0FALO00,12 A 23,ACTIVO,168254.97,0,DRAGONS,JSF89A,2,0.6731
LZ8L944V,24 A 47,ACTIVO,254539.57,BITCOIN,SPURS,Y79G54,4,0.8518
Z0FAZFALOL0,60 Y MAS,ACTIVO,250225.34,BITCOIN,VIKING ARMOUR,Y79G54,2,0.2918
FA04FA488FA,00 A 06,ACTIVO,,#N/D,VIKING ARMOUR,B92375,#N/D,0.1017
V040Z040,60 Y MAS,BAJA,314938.79,BITCOIN,VIKING ARMOUR,Y79G54,4,0.0284
LO0ZZV890,48 A 60,ACTIVO,239871.188,0,VIKING ARMOUR,90LD2,4,0.6139
LFAZLOL4ZV,24 A 47,ACTIVO,207083.04,GOLD,SPURS,Y79G54,4,0.2263
L90FALVLFA,00 A 06,ACTIVO,125112.67,BITCOIN,VIKING ARMOUR,JSF89A,N,0.1575
LLLFA088FA,48 A 60,ACTIVO,265325.145,ETHER,NAVAL,B92375,4,0.5963
LZM8LO0LOZ,12 A 23,ACTIVO,250225.34,GOLD,VIKING ARMOUR,B92375,2,0.8658
LFAV08LOZ8,24 A 47,ACTIVO,250225.34,0,VIKING ARMOUR,B92375,4,0.3542
ZZV4000L,60 Y MAS,ACTIVO,189826.12,GOLD,VIKING ARMOUR,Y79G54,2,0.6306
L900LOZLOFA,07 A 11,ACTIVO,230811.305,BITCOIN,SOIL,Y79G54,N,0.5239
8L0009V,60 Y MAS,ACTIVO,,0,SOIL,90LD2,2,0.291
LZ9Z0LOZFA,24 A 47,ACTIVO,286896.295,TYP2,VIKING ARMOUR,B92375,3,0.8272
L8FA0ZFA0LO,07 A 11,ACTIVO,150998.05,BITCOIN,SPURS,Y79G54,2,0.721
L90FALO094,07 A 11,ACTIVO,245479.687,GOLD,VIKING ARMOUR,JSF89A,N,0.3233
L4FA88Z4Z,24 A 47,ACTIVO,202768.81,0,NAVAL,B92375,1,0.7909
L90VLO9V4,07 A 11,ACTIVO,217868.615,#N/D,SPURS,Y79G54,N,0.3922
L4FAL0LO0V,24 A 47,ACTIVO,159626.51,BITCOIN,SOIL,Y79G54,2,0.589
L4ZFAL8LO4,24 A 47,ACTIVO,159626.51,ETHER,SOIL,Y79G54,2,0.4674
LV8LOFAL88,12 A 23,ACTIVO,99227.29,0,DRAGONS,B92375,1,0.6401
L498Z0,24 A 47,ACTIVO,278267.835,BITCOIN,VIKING ARMOUR,B92375,4,0.4657
LO09LO49V0,60 Y MAS,ACTIVO,289053.41,BITCOIN,VIKING ARMOUR,Y79G54,4,0.4757
Z0L04VVLO,60 Y MAS,ACTIVO,237282.65,GOLD,VIKING ARMOUR,B92375,2,0.1747
LVVVLVFAFA,12 A 23,ACTIVO,133741.13,BITCOIN,VIKING ARMOUR,JSF89A,2,0.3456
LV4ZLOFAFA0,12 A 23,ACTIVO,140212.475,0,DRAGONS,B92375,1,0.9177
L8LO448L0,07 A 11,ACTIVO,150998.05,BITCOIN,SOIL,Y79G54,1,0.1739
LZ9LZLOZLO,24 A 47,ACTIVO,323567.25,GOLD,VIKING ARMOUR,B92375,4,0.0026
ZZ09L8FAL,60 Y MAS,ACTIVO,92324.522,BITCOIN,DRAGONS,JSF89A,2,0.9174
9VZ0LOZZ,60 Y MAS,ACTIVO,207083.04,0,SPURS,Y79G54,4,0.7587
L4LOZ0ZM4,24 A 47,ACTIVO,313644.521,0,VIKING ARMOUR,Y79G54,3,0.4367
Z0FA090FA4,60 Y MAS,ACTIVO,,#N/D,VIKING ARMOUR,B92375,#N/D,0.9429
LLFA4LOFA0LO,48 A 60,ACTIVO,232968.42,BITCOIN,SPURS,Y79G54,2,0.7464
L8LO9LL98,07 A 11,ACTIVO,99227.29,TYP2,DRAGONS,JSF89A,N,0.4821
LZZZ0Z40,24 A 47,ACTIVO,258853.8,BITCOIN,VIKING ARMOUR,Y79G54,2,0.9916
FA0L89488,00 A 06,activo,250225.34,0,VIKING ARMOUR,B92375,N,0.8974
LZ4LL00Z,24 A 47,ACTIVO,310624.56,0,VIKING ARMOUR,B92375,4,0.937
LVFA0LVFA0,12 A 23,ACTIVO,159626.51,0,SOIL,Y79G54,2,0.3535
Z00FALO04FA,60 Y MAS,ACTIVO,237282.65,ETHER,VIKING ARMOUR,B92375,2,0.106
L940LZ8L,07 A 11,ACTIVO,273953.605,GOLD,VIKING ARMOUR,B92375,N,0.932
800LLO0V4,60 Y MAS,ACTIVO,355492.552,0,VIKING ARMOUR,Y79G54,3,0.7788
L0000FAZV,60 Y MAS,ACTIVO,159626.51,GOLD,SOIL,Y79G54,2,0.9082
VFA4LOZFAL,60 Y MAS,ACTIVO,660077.19,BITCOIN,VIKING ARMOUR,90LD2,6,0.7988
FA0ZLOLLO0L,00 A 06,ACTIVO,,#N/D,VIKING ARMOUR,B92375,#N/D,0.9008
L490L8FAFA,24 A 47,ACTIVO,470251.07,#N/D,VIKING ARMOUR,Y79G54,4,0.184
LLOFA0L9L0,24 A 47,ACTIVO,314938.79,0,VIKING ARMOUR,Y79G54,3,0.9503
ZZVZM008,60 Y MAS,ACTIVO,276110.72,BITCOIN,VIKING ARMOUR,Y79G54,4,0.7136
LO0Z9VFA4Z,60 Y MAS,ACTIVO,172569.2,BITCOIN,SPURS,JSF89A,4,0.3763
L9V0FA4L0,00 A 06,ACTIVO,237282.65,#N/D,VIKING ARMOUR,B92375,N,0.0157
LZMLO8V0V,12 A 23,ACTIVO,125112.67,USD,VIKING ARMOUR,JSF89A,2,0.2266
LO0ZLFA840,60 Y MAS,ACTIVO,88441.715,0,DRAGONS,90LD2,2,0.25
LV4Z0V44,12 A 23,ACTIVO,319253.02,ETHER,VIKING ARMOUR,Y79G54,2,0.3467
Z000VZFAV,60 Y MAS,ACTIVO,265325.145,0,NAVAL,B92375,4,0.8219
ZZL8L980,60 Y MAS,ACTIVO,125112.67,GOLD,DRAGONS,JSF89A,2,0.7226
LLL0FAV9L,48 A 60,ACTIVO,159626.51,0,SOIL,Y79G54,1,0.2471
L080L400,48 A 60,ACTIVO,465936.84,BITCOIN,VIKING ARMOUR,Y79G54,6,0.967
L9ZLFA0LO0,00 A 06,ACTIVO,237282.65,GOLD,VIKING ARMOUR,B92375,N,0.7619
80L49Z,60 Y MAS,ACTIVO,159626.51,0,SOIL,Y79G54,1,0.0512
L8LO4FA008,07 A 11,IMPAGO,150998.05,#N/D,SOIL,Y79G54,1,0.6163
FA0LOVZZVFA,00 A 06,ACTIVO,,#N/D,SOIL,Y79G54,#N/D,0.6336
L4LLOFAZ00,24 A 47,ACTIVO,295524.755,ETHER,NAVAL,B92375,4,0.2992
L9L08ZFAL,00 A 06,ACTIVO,157469.395,TYP2,SPURS,Y79G54,N,0.5156
LV400900,12 A 23,ACTIVO,207083.04,0,SPURS,Y79G54,1,0.5797
LFAVL4Z80,24 A 47,ACTIVO,543592.98,ETHER,VIKING ARMOUR,Y79G54,4,0.3005
900V4ZFA,60 Y MAS,ACTIVO,586735.28,0,VIKING ARMOUR,Y79G54,4,0.8868
Z0LOFAL48V,60 Y MAS,ACTIVO,161783.625,GOLD,DRAGONS,90LD2,2,0.8686
90L48404,24 A 47,activo,,#N/D,SPURS,90LD2,#N/D,0.743
LZZ0LO8Z4,24 A 47,ACTIVO,226497.075,0,SPURS,Y79G54,4,0.231
Z0VZZ089,60 Y MAS,ACTIVO,138486.783,0,SOIL,90LD2,2,0.7471
FA0ZLOV90FA,00 A 06,ACTIVO,,#N/D,VIKING ARMOUR,B92375,#N/D,0.8346
L00409Z4,48 A 60,ACTIVO,198454.58,0,SPURS,Y79G54,3,0.5035
V0089V9L,12 A 23,ACTIVO,125112.67,0,DRAGONS,90LD2,2,0.102
94ZFA0LO,60 Y MAS,ACTIVO,550064.325,ETHER,VIKING ARMOUR,Y79G54,6,0.0231
FA0FA8FA0VZ,00 A 06,ACTIVO,,#N/D,SPURS,Y79G54,#N/D,0.4118
L0LFAFAFA4LO,48 A 60,ACTIVO,340824.17,GOLD,VIKING ARMOUR,Y79G54,4,0.2466
LZZFA080FA,24 A 47,ACTIVO,318821.597,BITCOIN,DRAGONS,Y79G54,4,0.8199
LZMFALO09L,12 A 23,ACTIVO,595363.74,BITCOIN,VIKING ARMOUR,Y79G54,3,0.7048
ZVLOL8LLL,48 A 60,ACTIVO,245479.687,BITCOIN,VIKING ARMOUR,JSF89A,4,0.3933
FA0LOZ0Z04,00 A 06,ACTIVO,,#N/D,SPURS,Y79G54,#N/D,0.0459
FA048V9FA0,00 A 06,activo,,#N/D,VIKING ARMOUR,Y79G54,#N/D,0.3101
LV0VZM08,12 A 23,ACTIVO,286896.295,ETHER,VIKING ARMOUR,B92375,2,0.4919
ZVLO44FAV0,24 A 47,ACTIVO,101815.828,ETHER,SOIL,90LD2,2,0.7993
Z04VLOZFAZ,60 Y MAS,ACTIVO,319253.02,GOLD,DRAGONS,Y79G54,2,0.0884
L98Z04L0,00 A 06,ACTIVO,181197.66,#N/D,SPURS,Y79G54,N,0.6299
L904ZZL9,00 A 06,IMPAGO,273953.605,0,VIKING ARMOUR,B92375,N,0.2941
80L0ZZ04,60 Y MAS,ACTIVO,135035.399,0,SOIL,90LD2,1,0.8155
9LO00049,60 Y MAS,ACTIVO,655762.96,0,VIKING ARMOUR,Y79G54,3,0.4739
Z00LO4LV0,60 Y MAS,ACTIVO,159626.51,ETHER,SOIL,Y79G54,2,0.6729
LVLL0840,12 A 23,activo,226497.075,GOLD,SPURS,Y79G54,1,0.735
80LZ4FA0LO,60 Y MAS,ACTIVO,234694.112,0,DRAGONS,90LD2,2,0.788
V0LOZL,60 Y MAS,ACTIVO,240734.034,TYP2,DRAGONS,90LD2,4,0.1415
L0LOL00V8,60 Y MAS,ACTIVO,325724.365,0,VIKING ARMOUR,Y79G54,4,0.304
8440FA0V,60 Y MAS,ACTIVO,207083.04,0,VIKING ARMOUR,B92375,2,0.3654
L490FAL40,24 A 47,ACTIVO,207083.04,TYP2,SPURS,Y79G54,3,0.1115
900ZLO0LO9,60 Y MAS,ACTIVO,,#N/D,SPURS,90LD2,#N/D,0.3957
L8ZL0V,07 A 11,ACTIVO,,#N/D,SPURS,Y79G54,#N/D,0.3753
Z0LZ94LV,60 Y MAS,ACTIVO,125112.67,GOLD,DRAGONS,90LD2,2,0.2366
L8Z48LO9L,07 A 11,ACTIVO,289053.41,#N/D,VIKING ARMOUR,Y79G54,1,0.4972
44LO4FA8,60 Y MAS,ACTIVO,534964.52,BITCOIN,VIKING ARMOUR,Y79G54,4,0.2664
Z0L080LO9,60 Y MAS,ACTIVO,250225.34,0,VIKING ARMOUR,B92375,3,0.5406
L889LV0LO,00 A 06,ACTIVO,181197.66,0,SPURS,Y79G54,N,0.8546
FA0ZLVLL4,00 A 06,activo,,#N/D,SPURS,Y79G54,#N/D,0.127
V0V400LLO,60 Y MAS,ACTIVO,383966.47,0,VIKING ARMOUR,Y79G54,4,0.2487
LFA4VLOL00,24 A 47,ACTIVO,170412.085,GOLD,DRAGONS,B92375,2,0.8045
84ZL9Z0,60 Y MAS,ACTIVO,647134.5,ETHER,VIKING ARMOUR,Y79G54,4,0.0391
L908008Z,00 A 06,ACTIVO,159626.51,#N/D,VIKING ARMOUR,B92375,N,0.3077
Z0LO00FAZLO,60 Y MAS,ACTIVO,267913.683,BITCOIN,VIKING ARMOUR,Y79G54,2,0.0591
VLOFA9V08,60 Y MAS,ACTIVO,388280.7,TYP2,VIKING ARMOUR,Y79G54,6,0.5834
ZZ804LVZ,60 Y MAS,ACTIVO,374906.587,BITCOIN,VIKING ARMOUR,Y79G54,6,0.0169
V0LZ0V4,60 Y MAS,ACTIVO,388280.7,0,VIKING ARMOUR,Y79G54,6,0.1932
Z0FAV9Z,60 Y MAS,ACTIVO,237282.65,GOLD,VIKING ARMOUR,B92375,2,0.7808
LFA0LOLLV4,24 A 47,ACTIVO,444365.69,TYP2,VIKING ARMOUR,Y79G54,3,0.681
9ZFA44LO9,60 Y MAS,ACTIVO,267482.26,BITCOIN,VIKING ARMOUR,B92375,4,0.5538
FA084900Z,00 A 06,activo,,#N/D,SOIL,Y79G54,#N/D,0.3318
L80ZLFA,12 A 23,ACTIVO,258853.8,#N/D,SPURS,Y79G54,2,0.0841
40LOFA08,60 Y MAS,ACTIVO,468093.955,ETHER,VIKING ARMOUR,Y79G54,6,0.8823
L98V90LOL,00 A 06,ACTIVO,189826.12,#N/D,SPURS,Y79G54,N,0.9596
L890LLO0Z,07 A 11,ACTIVO,168254.97,TYP2,SPURS,Y79G54,N,0.8006
LFA0L9V0,60 Y MAS,ACTIVO,,#N/D,DRAGONS,90LD2,#N/D,0.9614
Z0888L4L,60 Y MAS,ACTIVO,103541.52,0,DRAGONS,B92375,2,0.6732
LFAFA94L4V,24 A 47,ACTIVO,196297.465,TYP2,SOIL,Y79G54,2,0.4527
L4LLLO89Z,24 A 47,ACTIVO,196297.465,TYP2,SOIL,Y79G54,2,0.3243
LVV40LO48,12 A 23,ACTIVO,286896.295,BITCOIN,VIKING ARMOUR,B92375,2,0.7238
LFA8LO0LL0,24 A 47,activo,176883.43,ETHER,DRAGONS,B92375,2,0.7207
LO049LOFALO0,60 Y MAS,ACTIVO,275679.297,GOLD,NAVAL,90LD2,4,0.9939
800VVZ4V,60 Y MAS,ACTIVO,250225.34,0,VIKING ARMOUR,B92375,3,0.6729
LLO88ZVL9,12 A 23,activo,,#N/D,SPURS,Y79G54,#N/D,0.1169
LLO8FA4LOZ8,12 A 23,ACTIVO,250225.34,0,VIKING ARMOUR,B92375,1,0.104
8LV4L0Z,60 Y MAS,ACTIVO,122955.555,0,SOIL,90LD2,2,0.532
VLL08LO4,60 Y MAS,ACTIVO,532375.982,BITCOIN,VIKING ARMOUR,Y79G54,4,0.3205
LZ9440L4,24 A 47,ACTIVO,250225.34,0,VIKING ARMOUR,B92375,2,0.5614
L90L0LO88,07 A 11,ACTIVO,187669.005,#N/D,SOIL,Y79G54,N,0.1869
L40FA0L,24 A 47,ACTIVO,258853.8,BITCOIN,VIKING ARMOUR,Y79G54,2,0.1605
LZ900LO04,24 A 47,ACTIVO,207083.04,BITCOIN,SPURS,Y79G54,1,0.9967
L0FA008,48 A 60,ACTIVO,379652.24,TYP2,VIKING ARMOUR,Y79G54,4,0.0076
LLOLLZ9VL,24 A 47,ACTIVO,189826.12,BITCOIN,SPURS,Y79G54,1,0.3423
L0L9Z9FAFA,60 Y MAS,ACTIVO,286896.295,0,VIKING ARMOUR,B92375,3,0.3571
L40ZZZZ9,24 A 47,ACTIVO,396909.16,GOLD,VIKING ARMOUR,Y79G54,4,0.9504
L94LVV94,00 A 06,ACTIVO,181197.66,#N/D,SPURS,Y79G54,N,0.7377
Z0809V4LO,60 Y MAS,ACTIVO,276110.72,BITCOIN,VIKING ARMOUR,Y79G54,4,0.7862
L40FAFAZ0Z,24 A 47,ACTIVO,103541.52,0,DRAGONS,B92375,1,0.241
LLLZZFAVV,48 A 60,ACTIVO,301996.1,BITCOIN,VIKING ARMOUR,B92375,4,0.1337
LLO00LO00L,24 A 47,ACTIVO,437894.345,TYP2,VIKING ARMOUR,Y79G54,4,0.4251
L9VFAZ4V8,00 A 06,ACTIVO,217868.615,#N/D,VIKING ARMOUR,Y79G54,N,0.3173
FA00ZFAFA88,00 A 06,ACTIVO,250225.34,#N/D,VIKING ARMOUR,B92375,N,0.9746
V0LOV4488,24 A 47,ACTIVO,340824.17,BITCOIN,VIKING ARMOUR,Y79G54,4,0.6063
L80ZL9LO0,07 A 11,ACTIVO,273953.605,#N/D,VIKING ARMOUR,B92375,2,0.1284
LZZLO4448,24 A 47,ACTIVO,207083.04,0,SPURS,Y79G54,3,0.5696
FA000LO04Z,00 A 06,activo,,#N/D,VIKING ARMOUR,Y79G54,#N/D,0.1795
L408L4V4,24 A 47,ACTIVO,159626.51,0,SOIL,Y79G54,2,0.5448
VFA0FAFAZ4,60 Y MAS,ACTIVO,237282.65,BITCOIN,DRAGONS,Y79G54,2,0.4567
L0LOFA900FA,48 A 60,ACTIVO,465936.84,GOLD,VIKING ARMOUR,Y79G54,6,0.161
LZLOZ80Z9,24 A 47,ACTIVO,207083.04,BITCOIN,SPURS,Y79G54,4,0.9005
Z08404ZLO,60 Y MAS,ACTIVO,138486.783,0,SOIL,90LD2,2,0.0116
LO0LO00VLOV,60 Y MAS,IMPAGO,,#N/D,DRAGONS,90LD2,#N/D,0.4308
800L4LFAL,60 Y MAS,ACTIVO,135035.399,0,SOIL,90LD2,1,0.9059
L88LLOLZ8,07 A 11,ACTIVO,194140.35,#N/D,SOIL,Y79G54,N,0.3032
FA00LOV49L,00 A 06,ACTIVO,250225.34,#N/D,VIKING ARMOUR,B92375,N,0.7433
909FA440,60 Y MAS,ACTIVO,310624.56,ETHER,VIKING ARMOUR,Y79G54,4,0.7276
LZZZLO8LO0,24 A 47,activo,250225.34,GOLD,SOIL,Y79G54,4,0.181
FA0FAFA9FAZ0,00 A 06,ACTIVO,215711.5,0,VIKING ARMOUR,B92375,N,0.6863
90LZ4LZ0,48 A 60,ACTIVO,,#N/D,SPURS,90LD2,#N/D,0.6029
L8498FA08,07 A 11,ACTIVO,135898.245,GOLD,DRAGONS,B92375,2,0.8702
L90940L0,07 A 11,ACTIVO,150998.05,#N/D,SOIL,Y79G54,N,0.402
LFALLOFA98LO,24 A 47,ACTIVO,228654.19,0,NAVAL,B92375,2,0.5603
9ZVZLO,60 Y MAS,ACTIVO,,#N/D,VIKING ARMOUR,B92375,#N/D,0.4122
L9890ZLO8,00 A 06,ACTIVO,189826.12,#N/D,SPURS,Y79G54,N,0.3254
L8098040,12 A 23,ACTIVO,273953.605,0,VIKING ARMOUR,B92375,2,0.3117
FA0FA9L48V,00 A 06,activo,,#N/D,VIKING ARMOUR,B92375,#N/D,0.0443
L840LOLLLO,12 A 23,IMPAGO,181197.66,#N/D,SPURS,Y79G54,2,0.1392
LZ008494,24 A 47,ACTIVO,196297.465,0,SOIL,Y79G54,2,0.0805
FA0480V09,00 A 06,ACTIVO,,#N/D,SOIL,Y79G54,#N/D,0.493
L8ZMV9,07 A 11,ACTIVO,217868.615,ETHER,SPURS,Y79G54,N,0.9854
V9LOFAZ98,60 Y MAS,ACTIVO,103541.52,GOLD,DRAGONS,B92375,2,0.9965
V809VFAL,60 Y MAS,ACTIVO,767932.94,BITCOIN,VIKING ARMOUR,Y79G54,6,0.1272
800VL498,60 Y MAS,ACTIVO,276542.143,0,VIKING ARMOUR,90LD2,4,0.1504
LZ00LO444,24 A 47,ACTIVO,444365.69,0,VIKING ARMOUR,Y79G54,4,0.6466
L8L48ZV0,12 A 23,ACTIVO,159626.51,ETHER,SPURS,Y79G54,2,0.1392
L408LO800,24 A 47,ACTIVO,196297.465,0,SOIL,Y79G54,1,0.2533
FA0L00FA8L,00 A 06,ACTIVO,172569.2,0,SPURS,JSF89A,N,0.7702
8V9FA00Z,60 Y MAS,ACTIVO,240734.034,GOLD,DRAGONS,90LD2,4,0.8206
84LO00L0,60 Y MAS,ACTIVO,128132.631,0,DRAGONS,90LD2,2,0.8379
V8ZLO9,60 Y MAS,ACTIVO,250225.34,TYP2,VIKING ARMOUR,B92375,4,0.4218
900L4LO00,24 A 47,ACTIVO,,#N/D,SPURS,90LD2,#N/D,0.314
LFA8LO940V,24 A 47,ACTIVO,340824.17,BITCOIN,VIKING ARMOUR,Y79G54,4,0.5173
LZ8V0Z04,24 A 47,ACTIVO,181197.66,0,VIKING ARMOUR,B92375,2,0.5347
FA0Z90FA89,00 A 06,ACTIVO,,#N/D,SOIL,Y79G54,#N/D,0.0262
L9L409ZM,00 A 06,ACTIVO,258853.8,BITCOIN,SPURS,Y79G54,N,0.6089
LZ0ZL49L,24 A 47,ACTIVO,125112.67,0,VIKING ARMOUR,JSF89A,2,0.0729
80804ZFA,60 Y MAS,ACTIVO,396909.16,GOLD,VIKING ARMOUR,Y79G54,4,0.3579
LZLO0498LO,24 A 47,ACTIVO,250225.34,TYP2,VIKING ARMOUR,B92375,4,0.6707
LLOV880V0,12 A 23,ACTIVO,140212.475,TYP2,VIKING ARMOUR,B92375,2,0.2474
FA000LV9L,00 A 06,ACTIVO,250225.34,0,VIKING ARMOUR,B92375,N,0.5749
Z0ZFAV0FAZ,60 Y MAS,ACTIVO,319253.02,TYP2,VIKING ARMOUR,Y79G54,4,0.4035
L80L8V,07 A 11,ACTIVO,347295.515,ETHER,VIKING ARMOUR,Y79G54,4,0.5987
L8FA8LO9LOL,12 A 23,ACTIVO,273953.605,0,VIKING ARMOUR,B92375,2,0.6048
L80LLOZFA9,12 A 23,ACTIVO,194140.35,BITCOIN,VIKING ARMOUR,B92375,2,0.2456
LZ048V0Z,24 A 47,ACTIVO,319253.02,BITCOIN,VIKING ARMOUR,Y79G54,4,0.3051
FA0LO94FA4Z,00 A 06,ACTIVO,,#N/D,SOIL,Y79G54,#N/D,0.6791
LV08V0Z0,12 A 23,activo,286896.295,0,VIKING ARMOUR,B92375,1,0.6038
V0098V09,60 Y MAS,ACTIVO,232968.42,0,#N/D,#N/D,2,0.2254
VLOVL904,60 Y MAS,ACTIVO,281719.219,BITCOIN,VIKING ARMOUR,Y79G54,4,0.6184
L8V0440Z,00 A 06,ACTIVO,245911.11,BITCOIN,VIKING ARMOUR,Y79G54,N,0.5038
LLLLLOL00,48 A 60,ACTIVO,159626.51,TYP2,SOIL,Y79G54,2,0.5894
LO0LO408LO0,60 Y MAS,ACTIVO,126838.362,0,DRAGONS,90LD2,2,0.6044
800FA00LO8,60 Y MAS,ACTIVO,203200.233,TYP2,DRAGONS,90LD2,2,0.0903
LFA4FA9LOZFA,24 A 47,ACTIVO,237282.65,ETHER,VIKING ARMOUR,B92375,2,0.6833
LLZ8Z09FA,24 A 47,ACTIVO,588892.395,USD,VIKING ARMOUR,Y79G54,6,0.735
LO0LO40FA0V,12 A 23,ACTIVO,239871.188,0,VIKING ARMOUR,90LD2,4,0.0468
FA0LO800Z0,00 A 06,ACTIVO,,#N/D,VIKING ARMOUR,Y79G54,#N/D,0.6233
L800ZM4L,07 A 11,ACTIVO,237282.65,GOLD,VIKING ARMOUR,B92375,2,0.3747
L9L8900V,07 A 11,ACTIVO,157469.395,GOLD,SPURS,Y79G54,N,0.8598
ZZ00L0LL,60 Y MAS,ACTIVO,236851.227,0,DRAGONS,90LD2,4,0.6206
LFA84Z484,24 A 47,ACTIVO,267482.26,BITCOIN,VIKING ARMOUR,B92375,2,0.5347
LL080FALOZ,48 A 60,ACTIVO,327881.48,BITCOIN,VIKING ARMOUR,Y79G54,4,0.474
ZZZ0948V,60 Y MAS,ACTIVO,323567.25,0,SPURS,Y79G54,3,0.9673
Z0Z94Z0Z,60 Y MAS,ACTIVO,241596.88,GOLD,SPURS,Y79G54,6,0.5302
LLO4ZLO0V4,12 A 23,ACTIVO,487507.99,0,VIKING ARMOUR,Y79G54,4,0.7023
V98Z094,60 Y MAS,ACTIVO,301996.1,0,VIKING ARMOUR,B92375,3,0.2569
L0L8FA0V4,48 A 60,ACTIVO,265325.145,BITCOIN,NAVAL,B92375,3,0.7275
V009VZ8,60 Y MAS,ACTIVO,353766.86,BITCOIN,VIKING ARMOUR,Y79G54,4,0.0774
LLO0V94FAFA,12 A 23,ACTIVO,314938.79,BITCOIN,VIKING ARMOUR,Y79G54,4,0.8275
V0LO9LLOV0,60 Y MAS,ACTIVO,241596.88,GOLD,DRAGONS,Y79G54,2,0.6486
L9FA8ZLV8,00 A 06,ACTIVO,267482.26,BITCOIN,VIKING ARMOUR,B92375,N,0.1548
LO0LOV409Z,60 Y MAS,ACTIVO,132446.861,0,DRAGONS,90LD2,2,0.4694
FA040VLOFA4,00 A 06,ACTIVO,,#N/D,SOIL,Y79G54,#N/D,0.6043
FA00V4VL9,00 A 06,ACTIVO,250225.34,#N/D,VIKING ARMOUR,B92375,N,0.0904
900VV4,60 Y MAS,ACTIVO,,#N/D,SPURS,90LD2,#N/D,0.5277
L9LO9Z00Z,00 A 06,ACTIVO,230811.305,#N/D,SOIL,Y79G54,N,0.1741
V00L0V44,48 A 60,ACTIVO,181197.66,0,NAVAL,90LD2,2,0.7805
Z009VV0V,60 Y MAS,ACTIVO,323567.25,GOLD,VIKING ARMOUR,B92375,4,0.2477
LLOV4LO880,12 A 23,ACTIVO,99227.29,0,DRAGONS,JSF89A,2,0.9358
Z04V90V0,60 Y MAS,ACTIVO,189826.12,GOLD,DRAGONS,Y79G54,2,0.6295
LVZ0FA80L,12 A 23,ACTIVO,327881.48,BITCOIN,VIKING ARMOUR,Y79G54,3,0.9052
L00ZFA00LO,60 Y MAS,ACTIVO,198454.58,0,SPURS,Y79G54,4,0.9225
ZZLOLFA90FA,60 Y MAS,ACTIVO,295093.332,BITCOIN,VIKING ARMOUR,JSF89A,4,0.2004
80L4L0Z,60 Y MAS,ACTIVO,312781.675,USD,VIKING ARMOUR,Y79G54,4,0.8024
L40LOLVVZ,24 A 47,ACTIVO,196297.465,0,SOIL,Y79G54,1,0.2567
LO04809VFA,60 Y MAS,ACTIVO,470251.07,BITCOIN,VIKING ARMOUR,Y79G54,4,0.8908
L0VVFAVZ9,60 Y MAS,ACTIVO,444365.69,ETHER,VIKING ARMOUR,Y79G54,6,0.4982
L94LLOL0FA,00 A 06,ACTIVO,150998.05,BITCOIN,SOIL,Y79G54,N,0.8707
L80FA90ZM,12 A 23,BAJA,327881.48,USD,VIKING ARMOUR,Y79G54,2,0.2472
8004VVLOFA,60 Y MAS,ACTIVO,299838.985,TYP2,NAVAL,90LD2,4,0.5815
FA009ZZ08,00 A 06,activo,,#N/D,VIKING ARMOUR,B92375,#N/D,0.4502
Z08V488LO,60 Y MAS,ACTIVO,153155.165,GOLD,DRAGONS,90LD2,2,0.0523
FA00LOV0VFA,00 A 06,ACTIVO,125112.67,0,SPURS,Y79G54,N,0.196
L8ZLO9LOV9,07 A 11,ACTIVO,181197.66,BITCOIN,SPURS,Y79G54,2,0.7041
8L4FALOFA0,60 Y MAS,ACTIVO,237282.65,GOLD,VIKING ARMOUR,B92375,2,0.94
LO049004FA,24 A 47,ACTIVO,135898.245,0,DRAGONS,90LD2,2,0.0545
LFAFA89LZ0,24 A 47,ACTIVO,250225.34,0,VIKING ARMOUR,B92375,3,0.6948
L9ZFAV40LO,00 A 06,IMPAGO,,#N/D,#N/D,#N/D,#N/D,0.8202
L04FA44V0,48 A 60,ACTIVO,310624.56,GOLD,VIKING ARMOUR,B92375,4,0.4498
LV8LVV,12 A 23,ACTIVO,245911.11,0,SOIL,Y79G54,2,0.0654
FA0LLO9LOFA9,00 A 06,activo,125112.67,0,SPURS,Y79G54,N,0.8836
LFAZLO0V,24 A 47,ACTIVO,319253.02,0,VIKING ARMOUR,Y79G54,4,0.8479
L9ZV04V0,00 A 06,ACTIVO,150998.05,#N/D,SOIL,Y79G54,N,0.4659
800FAVL00,60 Y MAS,ACTIVO,343412.708,0,DRAGONS,90LD2,4,0.1737
LLO00LO8FALO,24 A 47,ACTIVO,250225.34,0,VIKING ARMOUR,B92375,2,0.9851
ZVZ44FALOV,48 A 60,ACTIVO,128995.477,GOLD,DRAGONS,90LD2,2,0.0259
LV4FA84,12 A 23,ACTIVO,276110.72,BITCOIN,VIKING ARMOUR,Y79G54,2,0.3254
8FALOFAZFA0,60 Y MAS,ACTIVO,258853.8,BITCOIN,DRAGONS,Y79G54,4,0.8417
LV89FALO89,12 A 23,ACTIVO,237282.65,BITCOIN,VIKING ARMOUR,B92375,2,0.6296
FA0V4048Z,00 A 06,ACTIVO,,#N/D,SOIL,Y79G54,#N/D,0.8795
LZ089ZV0,24 A 47,ACTIVO,278267.835,0,VIKING ARMOUR,B92375,3,0.3033
L0490LO0FA,48 A 60,ACTIVO,196297.465,0,SOIL,Y79G54,2,0.5321
LZ0LO4V48,24 A 47,ACTIVO,159626.51,GOLD,SOIL,Y79G54,2,0.9008
ZL4V80,60 Y MAS,ACTIVO,281287.796,BITCOIN,DRAGONS,90LD2,2,0.8986
L4Z0LOLLO0,24 A 47,ACTIVO,351609.745,0,VIKING ARMOUR,Y79G54,6,0.5844
FA00LLOFAZ4,00 A 06,activo,,#N/D,SOIL,Y79G54,#N/D,0.4655
L9LOFAFAFAZ0,00 A 06,ACTIVO,237282.65,GOLD,VIKING ARMOUR,B92375,N,0.4836
L4Z48L9Z,24 A 47,ACTIVO,207083.04,GOLD,SPURS,Y79G54,3,0.8854
V09LFALO49,60 Y MAS,ACTIVO,216142.923,0,NAVAL,90LD2,2,0.1139
FA00V9VFAZ,00 A 06,ACTIVO,159626.51,#N/D,SOIL,Y79G54,N,0.1825
LZ0LOLLO9Z,24 A 47,ACTIVO,228654.19,BITCOIN,NAVAL,B92375,1,0.0449
L8LO9LVZZ,00 A 06,IMPAGO,,#N/D,SOIL,Y79G54,#N/D,0.1781
LL0FALO0ZLO,48 A 60,ACTIVO,159626.51,USD,SOIL,Y79G54,2,0.0734
V04LO0LFALO,60 Y MAS,ACTIVO,335215.671,0,VIKING ARMOUR,Y79G54,4,0.0673
LZLOL4LO00,24 A 47,ACTIVO,250225.34,BITCOIN,VIKING ARMOUR,B92375,4,0.8352
LFALOFA8898,24 A 47,ACTIVO,461191.187,BITCOIN,VIKING ARMOUR,Y79G54,4,0.2225
L9Z04008,00 A 06,ACTIVO,120798.44,GOLD,SPURS,Y79G54,N,0.4836
L0FA04ZLOZ,48 A 60,ACTIVO,,#N/D,SPURS,Y79G54,#N/D,0.7326
L0V0ZZLOZ,48 A 60,ACTIVO,338667.055,BITCOIN,VIKING ARMOUR,B92375,4,0.4618
9L409L8,60 Y MAS,ACTIVO,517707.6,BITCOIN,VIKING ARMOUR,Y79G54,6,0.7588
V0LO0840,60 Y MAS,ACTIVO,422794.54,BITCOIN,VIKING ARMOUR,Y79G54,4,0.2617
LVZLO0FA,12 A 23,ACTIVO,332195.71,BITCOIN,VIKING ARMOUR,Y79G54,3,0.8496
L49FAV800,24 A 47,ACTIVO,202768.81,BITCOIN,SOIL,Y79G54,4,0.315
L9V04FA40,00 A 06,IMPAGO,,#N/D,SPURS,Y79G54,#N/D,0.2788
FA04FA0LOL0,00 A 06,IMPAGO,,#N/D,SPURS,JSF89A,#N/D,0.8675
L00ZLO0LOV,60 Y MAS,BAJA,207083.04,0,SPURS,Y79G54,3,0.9629
L00V04V8,48 A 60,IMPAGO,140212.475,GOLD,DRAGONS,B92375,2,0.5916
VFAFALOZ0LO,60 Y MAS,IMPAGO,232968.42,BITCOIN,DRAGONS,Y79G54,2,0.6947
L9VV409FA,00 A 06,activo,150998.05,#N/D,SOIL,Y79G54,N,0.3758
L8V4FALV0,00 A 06,IMPAGO,,#N/D,VIKING ARMOUR,Y79G54,#N/D,0.4344
89Z00FA9,60 Y MAS,IMPAGO,250225.34,0,VIKING ARMOUR,B92375,3,0.3338
989FAZ40,60 Y MAS,BAJA,207083.04,ETHER,SPURS,Y79G54,4,0.999
FA04Z000LO,00 A 06,IMPAGO,,#N/D,SOIL,Y79G54,#N/D,0.0489
LL0004L0,48 A 60,IMPAGO,,#N/D,#N/D,#N/D,#N/D,0.3925
80040Z94,60 Y MAS,BAJA,317095.905,BITCOIN,DRAGONS,90LD2,4,0.742
8004089,60 Y MAS,BAJA,470251.07,BITCOIN,VIKING ARMOUR,Y79G54,4,0.6746
LVZVLO944,12 A 23,BAJA,,#N/D,#N/D,#N/D,#N/D,0.9609
LVL0L884,12 A 23,IMPAGO,,#N/D,#N/D,#N/D,#N/D,0.445
LFA88098Z,24 A 47,ACTIVO,207083.04,0,VIKING ARMOUR,B92375,2,0.989
90FALOZ0V,60 Y MAS,BAJA,109581.442,0,SOIL,90LD2,1,0.9483
FA004FAVFALO,00 A 06,activo,304153.215,0,VIKING ARMOUR,JSF89A,N,0.5098
L49FALO4L0,24 A 47,BAJA,,#N/D,NAVAL,B92375,#N/D,0.3579
FA0ZLO90VFA,00 A 06,activo,,#N/D,VIKING ARMOUR,JSF89A,#N/D,0.3168
L0Z9FA980,48 A 60,activo,,#N/D,VIKING ARMOUR,B92375,#N/D,0.0936
LVL0V9LO0,12 A 23,activo,150998.05,0,DRAGONS,JSF89A,2,0.0891
L8000L08,12 A 23,IMPAGO,237282.65,TYP2,VIKING ARMOUR,B92375,2,0.5215
9L9VFA9L,60 Y MAS,IMPAGO,243753.995,0,SPURS,Y79G54,3,0.932
L9V94004,00 A 06,ACTIVO,237282.65,#N/D,VIKING ARMOUR,B92375,N,0.624
L84L980Z,07 A 11,activo,211397.27,#N/D,SPURS,Y79G54,2,0.8297
L8VLO049V,07 A 11,IMPAGO,237282.65,GOLD,VIKING ARMOUR,Y79G54,N,0.5082
LZ0V9LO0V,24 A 47,IMPAGO,314938.79,GOLD,VIKING ARMOUR,B92375,4,0.9682
L8VFA0VZL,07 A 11,IMPAGO,237282.65,GOLD,VIKING ARMOUR,B92375,N,0.6384
900940FA4,60 Y MAS,IMPAGO,,#N/D,VIKING ARMOUR,90LD2,#N/D,0.0436
Z0V98LZLO,60 Y MAS,BAJA,131152.592,BITCOIN,DRAGONS,90LD2,2,0.002
L0480Z0L,48 A 60,IMPAGO,103541.52,GOLD,DRAGONS,B92375,2,0.6994
LVLO0L094,12 A 23,activo,,#N/D,VIKING ARMOUR,Y79G54,#N/D,0.2684
L8949FAFALO,00 A 06,IMPAGO,,#N/D,#N/D,#N/D,#N/D,0.469
80L800LO0,24 A 47,IMPAGO,313213.098,0,VIKING ARMOUR,90LD2,6,0.7151
FA00L4LV4,00 A 06,IMPAGO,125112.67,#N/D,SPURS,Y79G54,N,0.5603
9000440LO,12 A 23,IMPAGO,,#N/D,VIKING ARMOUR,90LD2,#N/D,0.6616
LZM44V4FA,12 A 23,ACTIVO,159626.51,0,SOIL,Y79G54,1,0.4197
L900094Z,00 A 06,IMPAGO,,#N/D,VIKING ARMOUR,B92375,#N/D,0.0004
LL8LOLLOVV,24 A 47,BAJA,254539.57,0,SPURS,Y79G54,4,0.6144
LFAVLO8VFA0,24 A 47,IMPAGO,289053.41,0,VIKING ARMOUR,B92375,4,0.1834
LLZZ44L0,48 A 60,BAJA,228654.19,GOLD,NAVAL,B92375,2,0.5736
V000Z944,60 Y MAS,IMPAGO,144526.705,0,DRAGONS,90LD2,2,0.1056
LFAFAZLO4FAL,24 A 47,BAJA,159626.51,BITCOIN,SOIL,Y79G54,2,0.2168
LO0LOVLO00FA,60 Y MAS,IMPAGO,,#N/D,DRAGONS,90LD2,#N/D,0.7341
L8ZV89L9,07 A 11,activo,,#N/D,SPURS,Y79G54,#N/D,0.0241
L9000ZFA0,00 A 06,IMPAGO,237282.65,GOLD,VIKING ARMOUR,B92375,N,0.892
L4808Z,00 A 06,IMPAGO,135898.245,0,DRAGONS,JSF89A,N,0.7178
FA00FALOZ90,00 A 06,IMPAGO,189826.12,0,SPURS,Y79G54,N,0.9265
80L80LO0FA,24 A 47,activo,,#N/D,VIKING ARMOUR,JSF89A,#N/D,0.3795
L9LO9Z9Z0,00 A 06,activo,,#N/D,VIKING ARMOUR,Y79G54,#N/D,0.747
ZZLOV9LOL0,60 Y MAS,IMPAGO,,#N/D,SPURS,Y79G54,#N/D,0.8711
LVFAFA8Z00,12 A 23,activo,,#N/D,SOIL,Y79G54,#N/D,0.7396
FA0FA8FALO4L,00 A 06,activo,250225.34,0,VIKING ARMOUR,B92375,N,0.5656
LZ9VVFAFA9,24 A 47,IMPAGO,207083.04,ETHER,SPURS,Y79G54,2,0.7058
LFA09FAFAV4,24 A 47,IMPAGO,250225.34,GOLD,VIKING ARMOUR,B92375,4,0.9049
V00L09V8,60 Y MAS,BAJA,,#N/D,#N/D,#N/D,#N/D,0.0111
Z0LOVL0LL,60 Y MAS,BAJA,,#N/D,#N/D,#N/D,#N/D,0.4984
LFALOZ0Z8FA,24 A 47,IMPAGO,196297.465,0,SOIL,Y79G54,1,0.3795
V08L8FAFAV,48 A 60,activo,192846.081,GOLD,VIKING ARMOUR,90LD2,4,0.829
L0ZLO48,00 A 06,activo,125112.67,#N/D,SPURS,Y79G54,N,0.8375
L0LO8409FA,48 A 60,IMPAGO,228654.19,0,NAVAL,B92375,2,0.3755
9004VV4LO,60 Y MAS,BAJA,,#N/D,VIKING ARMOUR,90LD2,#N/D,0.5979
FA0440Z0LO,00 A 06,IMPAGO,,#N/D,SPURS,Y79G54,#N/D,0.2956
L8VZ800V,07 A 11,activo,187669.005,BITCOIN,SOIL,Y79G54,N,0.6377
LFA9VZ40LO,24 A 47,IMPAGO,189826.12,#N/D,SPURS,Y79G54,4,0.7023
LL8VVLZLO,24 A 47,IMPAGO,103541.52,0,DRAGONS,B92375,1,0.1701
LLOFA9LO08V,12 A 23,IMPAGO,,#N/D,#N/D,#N/D,#N/D,0.6105
LFAV0LOFA80,24 A 47,IMPAGO,237282.65,GOLD,VIKING ARMOUR,B92375,2,0.8579
LZMLZ4FA0,12 A 23,IMPAGO,196297.465,0,SOIL,Y79G54,1,0.2949
LV08V004,12 A 23,IMPAGO,,#N/D,#N/D,#N/D,#N/D,0.7066
LZMZ9FA8FA,12 A 23,activo,125112.67,ETHER,VIKING ARMOUR,JSF89A,2,0.0729
LL0V0LO4LO,48 A 60,BAJA,,#N/D,#N/D,#N/D,#N/D,0.5111
LO0ZZZFAVFA,24 A 47,activo,132015.438,0,DRAGONS,90LD2,2,0.1864
L9488900,00 A 06,IMPAGO,237282.65,#N/D,VIKING ARMOUR,B92375,N,0.2248
FA00VV48V,00 A 06,IMPAGO,189826.12,0,SPURS,Y79G54,N,0.932
L8409ZFA0,07 A 11,ACTIVO,230811.305,GOLD,VIKING ARMOUR,B92375,2,0.8954
L98L0LO84,00 A 06,IMPAGO,150998.05,TYP2,SOIL,Y79G54,N,0.7054
L94V4FA0L,00 A 06,IMPAGO,187669.005,#N/D,SOIL,Y79G54,N,0.9823
LFA9Z0ZZLO,24 A 47,BAJA,228654.19,0,NAVAL,B92375,1,0.7685
LZMLO9049,12 A 23,IMPAGO,,#N/D,#N/D,#N/D,#N/D,0.4869
L9ZMZ98LO,00 A 06,IMPAGO,204925.925,ETHER,VIKING ARMOUR,JSF89A,N,0.3645
LZ0L89VZ,24 A 47,IMPAGO,140212.475,BITCOIN,DRAGONS,B92375,2,0.9926
LZMLO4LOLFA,12 A 23,IMPAGO,207083.04,0,SPURS,Y79G54,1,0.4321
FA0ZV9ZL8,00 A 06,IMPAGO,,#N/D,SOIL,Y79G54,#N/D,0.6662
LVFAZ0840,12 A 23,BAJA,,#N/D,#N/D,#N/D,#N/D,0.178
V8000Z8,60 Y MAS,IMPAGO,474565.3,BITCOIN,VIKING ARMOUR,Y79G54,6,0.3251
LLO4LVVZM,12 A 23,IMPAGO,286896.295,0,VIKING ARMOUR,B92375,3,0.9877
L9VZ0LFA0,00 A 06,BAJA,172569.2,0,SPURS,JSF89A,N,0.2493
90L4L0VFA,12 A 23,BAJA,,#N/D,SPURS,90LD2,#N/D,0.3413
LLV0FALV4,24 A 47,IMPAGO,,#N/D,DRAGONS,B92375,#N/D,0.2486
L0Z88FALL,48 A 60,BAJA,250225.34,0,VIKING ARMOUR,B92375,4,0.9263
L40LOFALLOL,24 A 47,IMPAGO,432285.846,GOLD,VIKING ARMOUR,Y79G54,4,0.3124
LLOZZL04V,12 A 23,IMPAGO,295524.755,ETHER,VIKING ARMOUR,Y79G54,2,0.4335
L8L0Z480,12 A 23,activo,209240.155,GOLD,SPURS,Y79G54,1,0.354
FA0L49840,00 A 06,IMPAGO,159626.51,0,SOIL,Y79G54,N,0.8869
LFA88VZ0Z,24 A 47,BAJA,,#N/D,#N/D,#N/D,#N/D,0.155
LVLOLZV44,12 A 23,BAJA,353766.86,0,VIKING ARMOUR,Y79G54,2,0.226
LLOVL804L,12 A 23,activo,286896.295,GOLD,VIKING ARMOUR,B92375,2,0.5486
LZL,60 Y MAS,BAJA,,#N/D,#N/D,#N/D,#N/D,0.8151
FA0LLLO9LO4,00 A 06,activo,189826.12,0,SPURS,Y79G54,N,0.0923
L90ZFAFA44,00 A 06,IMPAGO,273953.605,0,VIKING ARMOUR,B92375,N,0.6197
LVZLO0V9L,12 A 23,BAJA,250225.34,0,VIKING ARMOUR,B92375,1,0.9162
LVLO0ZLOZ4,12 A 23,activo,159626.51,0,SOIL,Y79G54,1,0.9041
L088LOL,48 A 60,BAJA,489233.682,ETHER,VIKING ARMOUR,Y79G54,4,0.5311
90LZLZ00,60 Y MAS,activo,,#N/D,VIKING ARMOUR,90LD2,#N/D,0.2751
LO0ZV4LO00,24 A 47,ACTIVO,,#N/D,VIKING ARMOUR,90LD2,#N/D,0.207
LZ4LO9444,24 A 47,IMPAGO,,#N/D,#N/D,#N/D,#N/D,0.9835
V09LLOFAFAL,24 A 47,IMPAGO,228222.767,GOLD,NAVAL,90LD2,4,0.5159
L84Z909L,07 A 11,IMPAGO,,#N/D,VIKING ARMOUR,Y79G54,#N/D,0.7778
LVZ0LO0LO0,12 A 23,activo,,#N/D,DRAGONS,Y79G54,#N/D,0.2481
FA0V04984,00 A 06,IMPAGO,,#N/D,DRAGONS,JSF89A,#N/D,0.0629
V089LOFA4FA,24 A 47,IMPAGO,276973.566,GOLD,VIKING ARMOUR,90LD2,4,0.3749
L9489LO80,00 A 06,IMPAGO,286896.295,GOLD,VIKING ARMOUR,B92375,N,0.6366
94FA8809,60 Y MAS,IMPAGO,140212.475,GOLD,DRAGONS,B92375,2,0.1787
LLFA4FA904,48 A 60,activo,228654.19,0,NAVAL,B92375,2,0.0331
FA0VV,60 Y MAS,IMPAGO,140212.475,TYP2,DRAGONS,B92375,2,0.1364
Z0949ZFA4,60 Y MAS,IMPAGO,,#N/D,#N/D,#N/D,#N/D,0.1937
LLOZ9V4FAV,12 A 23,IMPAGO,372749.472,0,VIKING ARMOUR,Y79G54,0,0.0477
LLOFAZ80V8,24 A 47,IMPAGO,286896.295,GOLD,VIKING ARMOUR,B92375,4,0.3622
LLO89ZLOFA8,12 A 23,BAJA,286896.295,BITCOIN,VIKING ARMOUR,B92375,4,0.911
L90FAFALOZ9,00 A 06,IMPAGO,,#N/D,#N/D,#N/D,#N/D,0.7585
V0ZZFA08LO,60 Y MAS,IMPAGO,,#N/D,#N/D,#N/D,#N/D,0.4932
L0009LOFA8,60 Y MAS,BAJA,412008.965,ETHER,VIKING ARMOUR,B92375,6,0.1797
LVLO88L4Z,12 A 23,IMPAGO,286896.295,0,VIKING ARMOUR,B92375,2,0.8843
LZLO89LO90,24 A 47,activo,323567.25,0,VIKING ARMOUR,B92375,4,0.463
L8LO8FAZ88,07 A 11,activo,187669.005,TYP2,SOIL,Y79G54,N,0.6097
Z000VLOZZ,60 Y MAS,BAJA,211397.27,BITCOIN,SOIL,Y79G54,4,0.4267
L8ZZ04ZZ,07 A 11,IMPAGO,,#N/D,#N/D,#N/D,#N/D,0.7508
L440V0,24 A 47,BAJA,,#N/D,#N/D,#N/D,#N/D,0.3136
L9LOLZLO0V,00 A 06,IMPAGO,301564.677,#N/D,VIKING ARMOUR,Y79G54,N,0.0264
V008Z009,60 Y MAS,activo,132015.438,0,DRAGONS,90LD2,2,0.5419
LLOV00ZM4,12 A 23,BAJA,94913.06,0,DRAGONS,JSF89A,1,0.6134
VLFA809LO,60 Y MAS,BAJA,198454.58,BITCOIN,SPURS,Y79G54,4,0.1016
ZZLOZ9FA89,60 Y MAS,IMPAGO,90598.83,GOLD,SOIL,90LD2,2,0.431
L494FA04Z,24 A 47,BAJA,291210.525,GOLD,NAVAL,B92375,4,0.0659
LO0900V9LO,60 Y MAS,BAJA,286896.295,BITCOIN,VIKING ARMOUR,B92375,4,0.0691
8LO40FALO0,60 Y MAS,BAJA,,#N/D,VIKING ARMOUR,90LD2,#N/D,0.9649
L9LOLZ094,07 A 11,IMPAGO,260148.069,0,VIKING ARMOUR,JSF89A,N,0.1498
LVL8L000,12 A 23,IMPAGO,232968.42,0,NAVAL,JSF89A,2,0.3079
LFA009FAL9,24 A 47,IMPAGO,323567.25,GOLD,VIKING ARMOUR,B92375,4,0.1564
LFAFAZM0Z0,24 A 47,activo,,#N/D,NAVAL,B92375,#N/D,0.3054
L9ZFAV0FA0,00 A 06,IMPAGO,,#N/D,SPURS,JSF89A,#N/D,0.4986
L9FALO089V,07 A 11,activo,282582.065,0,VIKING ARMOUR,JSF89A,N,0.6534
L04Z0LLO8,48 A 60,BAJA,,#N/D,#N/D,#N/D,#N/D,0.6086
9498V0V,60 Y MAS,IMPAGO,,#N/D,VIKING ARMOUR,B92375,#N/D,0.7485
L940L4LO8,00 A 06,ACTIVO,237282.65,BITCOIN,VIKING ARMOUR,B92375,N,0.4203
L89Z4VLOL,00 A 06,IMPAGO,,#N/D,#N/D,#N/D,#N/D,0.7511
L08ZMLFA0,48 A 60,IMPAGO,,#N/D,DRAGONS,B92375,#N/D,0.8282
L8ZZLO4ZL,07 A 11,IMPAGO,99227.29,#N/D,DRAGONS,B92375,2,0.6606
L80LLOFAV0,12 A 23,IMPAGO,325724.365,#N/D,VIKING ARMOUR,Y79G54,4,0.1928
LZLO8VLO0L,24 A 47,IMPAGO,250225.34,GOLD,VIKING ARMOUR,B92375,4,0.4684
LVZ40V40,12 A 23,activo,172569.2,BITCOIN,SPURS,JSF89A,2,0.2816
L9LZLZ8FA,07 A 11,IMPAGO,,#N/D,SPURS,Y79G54,#N/D,0.2444
LO00V08LO8,60 Y MAS,BAJA,,#N/D,#N/D,#N/D,#N/D,0.6464
80LLOVFAZLO,60 Y MAS,IMPAGO,301564.677,0,SOIL,90LD2,3,0.9896
LZ4L00V9,24 A 47,BAJA,189826.12,0,SPURS,Y79G54,3,0.3579
L40ZM4LZ,24 A 47,IMPAGO,196297.465,0,SOIL,Y79G54,2,0.4393
L9LOFA9848,07 A 11,activo,,#N/D,SPURS,Y79G54,#N/D,0.0589
L0Z0FAVFALO,48 A 60,activo,,#N/D,SPURS,Y79G54,#N/D,0.4451
LLOZ900FAL,12 A 23,IMPAGO,,#N/D,#N/D,#N/D,#N/D,0.1528
V0Z88V0FA,60 Y MAS,IMPAGO,351609.745,GOLD,VIKING ARMOUR,B92375,4,0.6636
L8908Z,00 A 06,IMPAGO,,#N/D,#N/D,#N/D,#N/D,0.1769
LLOVLOL4LLO,12 A 23,IMPAGO,207083.04,0,SPURS,Y79G54,0,0.6559
Z084FA9FA8,60 Y MAS,activo,314938.79,0,VIKING ARMOUR,Y79G54,4,0.8294
L8440FALOV,07 A 11,IMPAGO,482762.337,0,VIKING ARMOUR,Y79G54,2,0.8709
V0LO0FA408,60 Y MAS,IMPAGO,270933.644,BITCOIN,VIKING ARMOUR,90LD2,4,0.9401
L9LOLLO0VZ,00 A 06,activo,237282.65,#N/D,VIKING ARMOUR,B92375,N,0.2781
L4LFA98L0,24 A 47,IMPAGO,243753.995,GOLD,SPURS,Y79G54,4,0.4411
LVZ08408,12 A 23,BAJA,159626.51,GOLD,SOIL,Y79G54,2,0.6317
LZ9ZLOZ9L,24 A 47,IMPAGO,254539.57,ETHER,SPURS,Y79G54,3,0.3796
LFA9FA09V8,24 A 47,IMPAGO,241596.88,GOLD,VIKING ARMOUR,B92375,4,0.8156
9ZZMFAL4,60 Y MAS,BAJA,510373.409,TYP2,SPURS,Y79G54,4,0.524
Z0FA0V00V,60 Y MAS,IMPAGO,694159.607,BITCOIN,VIKING ARMOUR,Y79G54,4,0.3669
L8LOZLO090,07 A 11,IMPAGO,,#N/D,SOIL,Y79G54,#N/D,0.0428
LV848ZVLO,07 A 11,activo,,#N/D,VIKING ARMOUR,B92375,#N/D,0.6762
LLOZ8000Z,12 A 23,IMPAGO,103541.52,0,DRAGONS,B92375,2,0.9943
LLO90LOFAZM,12 A 23,IMPAGO,176883.43,GOLD,DRAGONS,B92375,2,0.9528
L9FA94FA04,07 A 11,IMPAGO,127269.785,GOLD,VIKING ARMOUR,JSF89A,N,0.253
LO0ZMZL9FA,60 Y MAS,BAJA,143663.859,0,NAVAL,90LD2,2,0.3906
L4V4FALZLO,24 A 47,IMPAGO,,#N/D,#N/D,#N/D,#N/D,0.186
L9Z80Z04,00 A 06,activo,265325.145,GOLD,SPURS,Y79G54,N,0.7513
9000FAZ9FA,24 A 47,BAJA,,#N/D,VIKING ARMOUR,90LD2,#N/D,0.4795
L8FAL0004,07 A 11,IMPAGO,,#N/D,SOIL,Y79G54,#N/D,0.8726
LVLVFAZ,12 A 23,BAJA,,#N/D,#N/D,#N/D,#N/D,0.4086
L9LO0LVL0,00 A 06,IMPAGO,230811.305,TYP2,SOIL,Y79G54,N,0.1578
L0VVVL0LO,48 A 60,BAJA,,#N/D,#N/D,#N/D,#N/D,0.582
LV88FAVZV,12 A 23,activo,187669.005,0,SOIL,Y79G54,0,0.7473
FA0FAZ0VFA0,00 A 06,IMPAGO,,#N/D,DRAGONS,B92375,#N/D,0.105
V0VV0L08,24 A 47,BAJA,140212.475,GOLD,DRAGONS,B92375,2,0.6793
L4FA0LO090,24 A 47,IMPAGO,207083.04,0,SPURS,Y79G54,3,0.1103
LLOVLZFA0LO,12 A 23,IMPAGO,271796.49,#N/D,VIKING ARMOUR,B92375,4,0.7266
LLO008LO98,24 A 47,BAJA,286896.295,USD,VIKING ARMOUR,B92375,4,0.3593
FA0FALO00V4,00 A 06,IMPAGO,,#N/D,SPURS,Y79G54,#N/D,0.3829
L0LOFAZ4,00 A 06,IMPAGO,176883.43,BITCOIN,VIKING ARMOUR,JSF89A,N,0.237
LVZZ900FA,12 A 23,IMPAGO,,#N/D,#N/D,#N/D,#N/D,0.0146
L9V0FALFA0,00 A 06,IMPAGO,187669.005,#N/D,SOIL,Y79G54,N,0.1371
LFAFAVLOFAFAFA,24 A 47,BAJA,,#N/D,#N/D,#N/D,#N/D,0.938
LLO0V0044,12 A 23,IMPAGO,,#N/D,#N/D,#N/D,#N/D,0.6339
LVV4FAVFAV,12 A 23,IMPAGO,,#N/D,#N/D,#N/D,#N/D,0.7164
LLO908LO4V,12 A 23,BAJA,207083.04,ETHER,SPURS,Y79G54,2,0.3384
L80FA00FAV,12 A 23,BAJA,194140.35,BITCOIN,VIKING ARMOUR,B92375,2,0.5528
800FA0L89,24 A 47,IMPAGO,121229.863,0,DRAGONS,90LD2,2,0.0513
LVFA4Z9VZ,12 A 23,BAJA,,#N/D,SPURS,Y79G54,#N/D,0.6292
ZZ0LOVV9V,60 Y MAS,BAJA,,#N/D,#N/D,#N/D,#N/D,0.5155
90L0FA09FA,24 A 47,IMPAGO,,#N/D,#N/D,#N/D,#N/D,0.0306
L88ZFAFA0V,07 A 11,IMPAGO,237282.65,GOLD,VIKING ARMOUR,B92375,N,0.8225
L8V980LLO,00 A 06,IMPAGO,,#N/D,DRAGONS,JSF89A,#N/D,0.8514
Z08LO94VZ,60 Y MAS,BAJA,207083.04,BITCOIN,DRAGONS,Y79G54,2,0.4435
LVV400,12 A 23,IMPAGO,99227.29,0,DRAGONS,B92375,1,0.5177
L0LO8ZLO04,48 A 60,BAJA,,#N/D,#N/D,#N/D,#N/D,0.0467
LFA8Z000Z,24 A 47,BAJA,,#N/D,#N/D,#N/D,#N/D,0.3035
LV0V00FAFA,12 A 23,IMPAGO,140212.475,0,DRAGONS,B92375,2,0.9298
FA0ZLOZZ9V,00 A 06,IMPAGO,,#N/D,SOIL,Y79G54,#N/D,0.6871
V0LO0LO9FA,60 Y MAS,BAJA,,#N/D,#N/D,#N/D,#N/D,0.5043
LLLOV880LO,48 A 60,IMPAGO,304153.215,0,VIKING ARMOUR,B92375,3,0.7694
LZVFA98LOFA,24 A 47,IMPAGO,,#N/D,#N/D,#N/D,#N/D,0.1471
LV00L9LL,12 A 23,BAJA,241596.88,GOLD,SPURS,Y79G54,4,0.4485
LVFA4VFALOL,12 A 23,IMPAGO,,#N/D,#N/D,#N/D,#N/D,0.3874
980Z4V4,60 Y MAS,BAJA,198454.58,0,SPURS,Y79G54,3,0.6789
L8VZ98V4,07 A 11,IMPAGO,187669.005,#N/D,SOIL,Y79G54,N,0.5498
L9Z9LOV8Z,00 A 06,IMPAGO,237282.65,#N/D,VIKING ARMOUR,B92375,N,0.4726
L8VFA09V0,07 A 11,IMPAGO,239439.765,#N/D,VIKING ARMOUR,B92375,N,0.8504
L08LO8L,48 A 60,IMPAGO,140212.475,0,DRAGONS,B92375,1,0.1301
L0L004FAL,48 A 60,BAJA,198454.58,0,SPURS,Y79G54,4,0.5352
800FALOL08,60 Y MAS,activo,,#N/D,VIKING ARMOUR,B92375,#N/D,0.3201
90094L8V,60 Y MAS,BAJA,,#N/D,SPURS,90LD2,#N/D,0.4978
9000V0FA4,60 Y MAS,BAJA,504333.487,0,VIKING ARMOUR,90LD2,1,0.261
L8LLO8FA8FA,07 A 11,IMPAGO,172569.2,#N/D,SPURS,Y79G54,2,0.9023
94Z40ZZ,60 Y MAS,BAJA,396909.16,BITCOIN,VIKING ARMOUR,Y79G54,4,0.0246
L0LOFA4Z00,48 A 60,IMPAGO,196297.465,GOLD,SOIL,Y79G54,2,0.7328
LVFA0FA9,00 A 06,IMPAGO,125112.67,#N/D,SPURS,Y79G54,N,0.1064
900V9LFAL,12 A 23,BAJA,,#N/D,SPURS,90LD2,#N/D,0.7489
LZ9VLZ8V,24 A 47,activo,286896.295,GOLD,VIKING ARMOUR,B92375,4,0.6097
ZZLLO9040,60 Y MAS,IMPAGO,189826.12,BITCOIN,SPURS,Y79G54,4,0.7438
L8VV0L0L,07 A 11,IMPAGO,120798.44,#N/D,SPURS,Y79G54,N,0.7249
LZ8808V9,24 A 47,activo,140212.475,0,DRAGONS,B92375,1,0.7622
LLOZFAZL9L,24 A 47,IMPAGO,286896.295,0,VIKING ARMOUR,B92375,2,0.8536
L9094888,00 A 06,IMPAGO,273953.605,#N/D,VIKING ARMOUR,B92375,N,0.5194
L90LO008LO,07 A 11,IMPAGO,237282.65,#N/D,VIKING ARMOUR,B92375,N,0.2946
L9VFAVLZ9,00 A 06,IMPAGO,,#N/D,#N/D,#N/D,#N/D,0.9126
LV4049,12 A 23,activo,,#N/D,VIKING ARMOUR,JSF89A,#N/D,0.8695
L0V44000,48 A 60,IMPAGO,274385.028,BITCOIN,SOIL,Y79G54,4,0.7117
LFAZFA0Z0L,24 A 47,IMPAGO,,#N/D,#N/D,#N/D,#N/D,0.311
LVZ9FALO0V,12 A 23,BAJA,,#N/D,#N/D,#N/D,#N/D,0.5813
L4V0LO048,24 A 47,IMPAGO,196297.465,0,SOIL,Y79G54,2,0.0933
LL0L90L8,48 A 60,IMPAGO,,#N/D,VIKING ARMOUR,Y79G54,#N/D,0.0411
L8FALO0ZMFA,07 A 11,IMPAGO,176883.43,GOLD,VIKING ARMOUR,JSF89A,2,0.3851
L04LO4988,60 Y MAS,BAJA,375338.01,0,VIKING ARMOUR,B92375,3,0.338
Z0LO009FA8,60 Y MAS,IMPAGO,,#N/D,#N/D,#N/D,#N/D,0.9574
L4840V8L,24 A 47,IMPAGO,103541.52,GOLD,DRAGONS,B92375,2,0.9808
L8VZM8LO0,07 A 11,IMPAGO,237282.65,#N/D,VIKING ARMOUR,B92375,N,0.59
ZZZZ09LOV,60 Y MAS,IMPAGO,323567.25,0,VIKING ARMOUR,B92375,4,0.4547
L9ZZLOLVFA,00 A 06,IMPAGO,280424.95,BITCOIN,VIKING ARMOUR,Y79G54,N,0.3485
L8L0884L,07 A 11,IMPAGO,135898.245,#N/D,DRAGONS,B92375,1,0.9257
LFAL84LO9FA,24 A 47,BAJA,310624.56,BITCOIN,VIKING ARMOUR,B92375,4,0.8093
LLO0FAZLO80,24 A 47,BAJA,358081.09,BITCOIN,VIKING ARMOUR,Y79G54,4,0.5378
LLOZ8V90V,12 A 23,BAJA,286896.295,BITCOIN,VIKING ARMOUR,B92375,4,0.7606
L8VFA4LO8L,07 A 11,IMPAGO,273953.605,#N/D,VIKING ARMOUR,B92375,N,0.3487
LL00L8Z0,48 A 60,BAJA,474565.3,0,VIKING ARMOUR,Y79G54,6,0.1073
LLOFA04LO,12 A 23,activo,,#N/D,DRAGONS,Y79G54,#N/D,0.9927
FA0FA8ZL00,00 A 06,activo,159626.51,0,SOIL,Y79G54,N,0.475
LZV0FAZFAFA,24 A 47,activo,,#N/D,VIKING ARMOUR,B92375,#N/D,0.9472
LO0ZVL08FA,24 A 47,BAJA,174726.315,0,NAVAL,90LD2,2,0.5949
LZ0ZM094,24 A 47,IMPAGO,314938.79,0,VIKING ARMOUR,B92375,3,0.6959
L840LO90V,07 A 11,activo,150998.05,BITCOIN,SOIL,Y79G54,2,0.2143
LLO980LO0LO,12 A 23,activo,286896.295,0,VIKING ARMOUR,B92375,0,0.392
L9LO00090,00 A 06,activo,194140.35,ETHER,SOIL,Y79G54,N,0.995
LV4Z9FALOFA,12 A 23,IMPAGO,250225.34,ETHER,VIKING ARMOUR,B92375,2,0.7875
L88LO0FA9L,07 A 11,activo,282150.642,0,VIKING ARMOUR,JSF89A,N,0.5821
L9FA98VV0,00 A 06,IMPAGO,,#N/D,#N/D,#N/D,#N/D,0.2065
FA0FAL4LO4L,00 A 06,IMPAGO,224339.96,0,VIKING ARMOUR,JSF89A,N,0.7949
LV9FA0009,12 A 23,IMPAGO,237282.65,0,VIKING ARMOUR,B92375,2,0.8953
L90VLOFA4V,00 A 06,IMPAGO,,#N/D,#N/D,#N/D,#N/D,0.9329
L400LOVFA4,24 A 47,IMPAGO,295524.755,0,NAVAL,B92375,3,0.871
LFA09V8FALO,24 A 47,IMPAGO,418480.31,0,VIKING ARMOUR,Y79G54,6,0.4471
L8L940L8,07 A 11,IMPAGO,209240.155,#N/D,SPURS,Y79G54,2,0.5982
LZ0LLO490,24 A 47,IMPAGO,,#N/D,SOIL,B92375,#N/D,0.2945
900FA4009,24 A 47,IMPAGO,,#N/D,VIKING ARMOUR,90LD2,#N/D,0.0205
L804V9ZV,07 A 11,activo,,#N/D,VIKING ARMOUR,B92375,#N/D,0.0786
LV0LZVL9,12 A 23,IMPAGO,286896.295,0,VIKING ARMOUR,B92375,1,0.635
FA0FAZ8L0Z,00 A 06,IMPAGO,99227.29,0,DRAGONS,JSF89A,N,0.0375
L0V0LO004,48 A 60,activo,176883.43,GOLD,DRAGONS,B92375,2,0.5718
LL490VZLO,48 A 60,IMPAGO,,#N/D,VIKING ARMOUR,B92375,#N/D,0.4998
900LO8V0,60 Y MAS,activo,286896.295,TYP2,VIKING ARMOUR,B92375,4,0.9759
LVLOFAZ8VL,12 A 23,IMPAGO,159626.51,BITCOIN,SOIL,Y79G54,2,0.2251
V9FA98VFA,60 Y MAS,BAJA,286896.295,0,VIKING ARMOUR,B92375,4,0.8157
LFA808900,24 A 47,IMPAGO,,#N/D,NAVAL,B92375,#N/D,0.4883
LFA8LOFA0LOL,24 A 47,BAJA,358081.09,BITCOIN,VIKING ARMOUR,Y79G54,4,0.6692
VFALOVFALO9,60 Y MAS,IMPAGO,448679.92,TYP2,VIKING ARMOUR,Y79G54,4,0.5687
L80009LFA,07 A 11,BAJA,,#N/D,#N/D,#N/D,#N/D,0.052
LLO888ZZV,12 A 23,IMPAGO,159626.51,0,SOIL,Y79G54,1,0.008
80LV04FAFA,24 A 47,IMPAGO,387417.854,BITCOIN,SPURS,90LD2,6,0.3673
LFALO0V09LO,24 A 47,activo,,#N/D,VIKING ARMOUR,Y79G54,#N/D,0.3391
LVZ0ZLOFALO,12 A 23,IMPAGO,172569.2,GOLD,SPURS,JSF89A,1,0.6037
L9LO40408,00 A 06,IMPAGO,,#N/D,#N/D,#N/D,#N/D,0.9504
L80LO884LO,12 A 23,IMPAGO,350315.476,#N/D,VIKING ARMOUR,Y79G54,3,0.9321
V9L0V94,60 Y MAS,BAJA,408557.581,BITCOIN,VIKING ARMOUR,Y79G54,4,0.7705
LZM840V0,12 A 23,BAJA,207083.04,TYP2,SPURS,Y79G54,2,0.8657
LVZVFA0,12 A 23,IMPAGO,,#N/D,#N/D,#N/D,#N/D,0.9805
LVZ408V8,12 A 23,activo,99227.29,BITCOIN,DRAGONS,JSF89A,2,0.8257
FA0L40ZVZ,00 A 06,IMPAGO,125112.67,0,SPURS,Y79G54,N,0.3539
L9080LO4L,00 A 06,IMPAGO,,#N/D,#N/D,#N/D,#N/D,0.875
L894VLLO0,07 A 11,IMPAGO,,#N/D,VIKING ARMOUR,B92375,#N/D,0.1626
L9FALOFAVV0,00 A 06,IMPAGO,,#N/D,#N/D,#N/D,#N/D,0.0994
V09VV4ZM,48 A 60,IMPAGO,232105.574,0,VIKING ARMOUR,90LD2,4,0.4793
LV0LL000,12 A 23,IMPAGO,176883.43,GOLD,DRAGONS,B92375,2,0.2543
LLOFALOVL,00 A 06,IMPAGO,159626.51,#N/D,SOIL,Y79G54,N,0.6762
L9ZLOZ980,00 A 06,IMPAGO,340824.17,0,VIKING ARMOUR,Y79G54,N,0.4495
V080Z8LO8,60 Y MAS,BAJA,119504.171,BITCOIN,VIKING ARMOUR,90LD2,2,0.6018
ZVLOVFA4Z0,24 A 47,IMPAGO,210965.847,GOLD,DRAGONS,90LD2,2,0.582
LL08FAZ49,48 A 60,IMPAGO,,#N/D,#N/D,#N/D,#N/D,0.0087
LVZ0FALLOV,12 A 23,BAJA,207083.04,0,SPURS,Y79G54,2,0.8197
L9L00090,07 A 11,IMPAGO,207083.04,GOLD,VIKING ARMOUR,B92375,N,0.6644
9FAZ8V0V,60 Y MAS,BAJA,396909.16,TYP2,VIKING ARMOUR,Y79G54,6,0.4548
Z00LOZ9FAL,60 Y MAS,BAJA,,#N/D,#N/D,#N/D,#N/D,0.5209
VFA8FA8VZ,60 Y MAS,BAJA,690276.8,TYP2,VIKING ARMOUR,Y79G54,6,0.588
8ZLFAZML,60 Y MAS,BAJA,,#N/D,#N/D,#N/D,#N/D,0.6722
FA0Z98008,00 A 06,IMPAGO,,#N/D,SOIL,Y79G54,#N/D,0.7474
V0LO80088,48 A 60,BAJA,217868.615,GOLD,VIKING ARMOUR,90LD2,4,0.6678
L9Z88LOZFA,00 A 06,IMPAGO,157469.395,0,SPURS,Y79G54,N,0.9747
LLOVLFALO80,12 A 23,BAJA,159626.51,ETHER,SOIL,Y79G54,2,0.4153
LV8FA8VZ8,12 A 23,IMPAGO,273953.605,0,VIKING ARMOUR,B92375,1,0.0443
8V4VZZ0,60 Y MAS,ACTIVO,332195.71,GOLD,NAVAL,B92375,4,0.3218
LV4LLOLLFA,12 A 23,IMPAGO,558692.785,ETHER,VIKING ARMOUR,Y79G54,4,0.5629
L0ZMLOV04,48 A 60,IMPAGO,243753.995,0,SPURS,Y79G54,3,0.164
L84VLLO40,07 A 11,IMPAGO,,#N/D,VIKING ARMOUR,Y79G54,#N/D,0.8179
L440LO0,24 A 47,BAJA,,#N/D,#N/D,#N/D,#N/D,0.3496
94Z4988,60 Y MAS,activo,412008.965,0,VIKING ARMOUR,B92375,4,0.5057
LV4Z884LO,12 A 23,BAJA,,#N/D,#N/D,#N/D,#N/D,0.2677
L84LOLFA44,07 A 11,IMPAGO,,#N/D,SPURS,Y79G54,#N/D,0.4933
V8Z0LZZ,60 Y MAS,activo,,#N/D,VIKING ARMOUR,90LD2,#N/D,0.68
80LVLO9Z0,60 Y MAS,activo,156606.549,0,SOIL,90LD2,2,0.1346
LLO80V08V,12 A 23,IMPAGO,250225.34,USD,VIKING ARMOUR,B92375,2,0.8523
L040FAFA4LO,60 Y MAS,IMPAGO,103541.52,GOLD,DRAGONS,B92375,2,0.4153
L8LO80VZ9,07 A 11,IMPAGO,237282.65,0,VIKING ARMOUR,B92375,N,0.8497
FA00VZ0VLO,00 A 06,ACTIVO,125112.67,0,SPURS,Y79G54,N,0.3771
LZ9ZLO808,24 A 47,activo,351609.745,BITCOIN,VIKING ARMOUR,Y79G54,4,0.6412
LO00LLV90,60 Y MAS,BAJA,133741.13,0,DRAGONS,90LD2,1,0.1011
L949LLO8LO,00 A 06,IMPAGO,330038.595,#N/D,VIKING ARMOUR,B92375,N,0.6824
L8ZZLO004,07 A 11,IMPAGO,187669.005,0,SOIL,Y79G54,2,0.0293
9FA89VLL,60 Y MAS,IMPAGO,,#N/D,SOIL,Y79G54,#N/D,0.0805
LVLO489Z9,12 A 23,BAJA,189826.12,BITCOIN,SPURS,Y79G54,2,0.4714
FAL8LOVL,60 Y MAS,IMPAGO,133741.13,BITCOIN,DRAGONS,B92375,2,0.0266
L908VLFA4,00 A 06,IMPAGO,393457.776,#N/D,VIKING ARMOUR,Y79G54,N,0.0848
FA0084LFALO,00 A 06,activo,189826.12,#N/D,SPURS,Y79G54,N,0.9483
L8ZMFA09FA,00 A 06,IMPAGO,,#N/D,#N/D,#N/D,#N/D,0.862
L0L4V0L4,60 Y MAS,BAJA,159626.51,0,SOIL,Y79G54,1,0.2246
L84LZL8L,07 A 11,IMPAGO,172569.2,#N/D,DRAGONS,B92375,1,0.2784
L800L4V4,07 A 11,IMPAGO,157469.395,GOLD,SPURS,Y79G54,2,0.0829
LVVFAZML4,12 A 23,IMPAGO,390437.815,BITCOIN,VIKING ARMOUR,Y79G54,4,0.3832
LLO940Z0Z,12 A 23,IMPAGO,286896.295,BITCOIN,VIKING ARMOUR,B92375,4,0.3749
80LFALFAFAV,60 Y MAS,activo,,#N/D,DRAGONS,90LD2,#N/D,0.6906
LO0LOVVLLOZ,60 Y MAS,BAJA,205357.348,TYP2,NAVAL,90LD2,2,0.6236
800FA8LZ0,60 Y MAS,BAJA,203200.233,0,SPURS,90LD2,3,0.5001
LZLLZMFA8,24 A 47,IMPAGO,390437.815,0,VIKING ARMOUR,Y79G54,6,0.4829
90004L,12 A 23,BAJA,,#N/D,SPURS,90LD2,#N/D,0.758
LV9L0ZL0,12 A 23,IMPAGO,284739.18,0,VIKING ARMOUR,Y79G54,2,0.2328
800ZVLFAL,60 Y MAS,BAJA,408126.158,0,DRAGONS,90LD2,4,0.5537
LZ0ZZ80FA,24 A 47,IMPAGO,278267.835,GOLD,VIKING ARMOUR,B92375,4,0.6016
LL4900FAL,48 A 60,IMPAGO,575949.705,BITCOIN,VIKING ARMOUR,Y79G54,6,0.2584
L880L8LL,00 A 06,IMPAGO,,#N/D,#N/D,#N/D,#N/D,0.6534
L9LOL09VL,00 A 06,activo,273953.605,#N/D,VIKING ARMOUR,B92375,N,0.457
LV800ZMV,12 A 23,IMPAGO,150998.05,GOLD,SOIL,Y79G54,2,0.4739
L9ZMV04FA,00 A 06,IMPAGO,196297.465,#N/D,VIKING ARMOUR,B92375,N,0.4641
LV900LOLZ,12 A 23,IMPAGO,,#N/D,VIKING ARMOUR,B92375,#N/D,0.5833
LZLFA9088,24 A 47,IMPAGO,103541.52,0,DRAGONS,B92375,2,0.9853
LV8894LOZ,12 A 23,IMPAGO,217868.615,ETHER,SPURS,Y79G54,2,0.5756
L9VZ00V9,00 A 06,activo,172569.2,0,SPURS,JSF89A,N,0.3316
L9ZMFA0Z0,00 A 06,IMPAGO,204925.925,#N/D,VIKING ARMOUR,JSF89A,N,0.135
LLO9FALZ0L,12 A 23,BAJA,,#N/D,#N/D,#N/D,#N/D,0.2075
V0V40LV9,24 A 47,IMPAGO,358081.09,GOLD,VIKING ARMOUR,Y79G54,4,0.5882
LZM8LO984,12 A 23,IMPAGO,323567.25,GOLD,VIKING ARMOUR,B92375,4,0.3467
LFAVVFAL48,24 A 47,BAJA,,#N/D,#N/D,#N/D,#N/D,0.3163
LV0L8FAFA9,12 A 23,BAJA,278267.835,BITCOIN,SPURS,Y79G54,4,0.04
Z0LOZ8Z9FA,60 Y MAS,activo,284307.757,0,DRAGONS,90LD2,4,0.4476
L9V0L0V9,00 A 06,IMPAGO,99227.29,GOLD,DRAGONS,B92375,N,0.6458
L098LO4FA8,48 A 60,BAJA,,#N/D,#N/D,#N/D,#N/D,0.7768
900VL044,60 Y MAS,BAJA,,#N/D,SPURS,90LD2,#N/D,0.5882
LVLLO4V4V,12 A 23,IMPAGO,232968.42,0,NAVAL,JSF89A,2,0.1972
L4ZL4009,24 A 47,IMPAGO,286896.295,ETHER,VIKING ARMOUR,B92375,4,0.9416
FA008080V,00 A 06,IMPAGO,282150.642,0,VIKING ARMOUR,JSF89A,N,0.2856
LFAZM49VZ,24 A 47,BAJA,189826.12,0,DRAGONS,Y79G54,2,0.3974
LLOLLO909Z,24 A 47,IMPAGO,94913.06,GOLD,DRAGONS,JSF89A,1,0.701
L4LZLOZV9,24 A 47,BAJA,,#N/D,#N/D,#N/D,#N/D,0.4574
L9FA04FA00,00 A 06,IMPAGO,,#N/D,#N/D,#N/D,#N/D,0.6277
FA00984V8,00 A 06,activo,202768.81,0,SOIL,Y79G54,N,0.4723
Z09098LV,60 Y MAS,BAJA,295524.755,GOLD,VIKING ARMOUR,Y79G54,4,0.9876
L48LV00V,24 A 47,IMPAGO,,#N/D,#N/D,#N/D,#N/D,0.1608
VLOVZV,60 Y MAS,BAJA,,#N/D,#N/D,#N/D,#N/D,0.21
LO0V9FAL98,60 Y MAS,BAJA,301996.1,BITCOIN,VIKING ARMOUR,B92375,4,0.329
90004LO0Z,24 A 47,BAJA,248068.225,0,VIKING ARMOUR,90LD2,1,0.431
L94LO0V09,00 A 06,IMPAGO,157469.395,#N/D,SPURS,Y79G54,N,0.5238
L94ZLFA4V,00 A 06,activo,187669.005,#N/D,SOIL,Y79G54,N,0.1076
FA0049LOFA8,00 A 06,IMPAGO,189826.12,#N/D,SPURS,Y79G54,N,0.4827
LLO0Z4Z94,24 A 47,IMPAGO,390437.815,ETHER,VIKING ARMOUR,Y79G54,4,0.2827
LLOFA0ZLLL,24 A 47,BAJA,250225.34,ETHER,VIKING ARMOUR,B92375,2,0.0748
L0080VLOZ,60 Y MAS,IMPAGO,207083.04,TYP2,#N/D,#N/D,4,0.7597
L9FAFA9VZ8,00 A 06,IMPAGO,196297.465,GOLD,SOIL,Y79G54,N,0.9475
L9Z408ZFA,00 A 06,IMPAGO,,#N/D,#N/D,#N/D,#N/D,0.3867
LV40LLOZV,12 A 23,IMPAGO,243753.995,GOLD,SPURS,Y79G54,4,0.9606
L940LOZZM,00 A 06,activo,,#N/D,VIKING ARMOUR,B92375,#N/D,0.0472
L8Z0L404,07 A 11,activo,187669.005,#N/D,SOIL,Y79G54,2,0.5698
L8FA4Z90Z,12 A 23,BAJA,150998.05,#N/D,SOIL,Y79G54,2,0.3177
FA00400ZFA,00 A 06,IMPAGO,159626.51,#N/D,SOIL,Y79G54,N,0.7271
LZZFAZZMV,24 A 47,BAJA,,#N/D,#N/D,#N/D,#N/D,0.951
LFA49FA840,24 A 47,IMPAGO,,#N/D,#N/D,#N/D,#N/D,0.4186
LO0LO0LLO09,60 Y MAS,IMPAGO,,#N/D,DRAGONS,90LD2,#N/D,0.9465
L04Z0ZVLO,48 A 60,BAJA,170412.085,0,DRAGONS,B92375,1,0.6474
L9VV00Z4,00 A 06,activo,198454.58,GOLD,DRAGONS,Y79G54,N,0.9091
LVL0FALOZ8,12 A 23,BAJA,140212.475,GOLD,DRAGONS,B92375,2,0.7735
LL940VFA9,24 A 47,IMPAGO,509079.14,GOLD,VIKING ARMOUR,Y79G54,4,0.3184
L98484V8,00 A 06,BAJA,,#N/D,#N/D,#N/D,#N/D,0.6759
L9ZZ08LO0,00 A 06,IMPAGO,273953.605,#N/D,VIKING ARMOUR,B92375,N,0.2077
L8LL8440,07 A 11,activo,209240.155,GOLD,SPURS,Y79G54,1,0.1625
9000444V,60 Y MAS,BAJA,,#N/D,SPURS,90LD2,#N/D,0.1277
L0ZZ4VFAZ,48 A 60,BAJA,,#N/D,#N/D,#N/D,#N/D,0.6352
FA044FAZFA0,00 A 06,IMPAGO,,#N/D,VIKING ARMOUR,JSF89A,#N/D,0.098
L9LO0V440,00 A 06,IMPAGO,237282.65,#N/D,VIKING ARMOUR,B92375,N,0.5118
FA0L8L90Z,00 A 06,IMPAGO,,#N/D,SOIL,Y79G54,#N/D,0.3532
Z0Z0Z9FA0,60 Y MAS,IMPAGO,,#N/D,DRAGONS,90LD2,#N/D,0.607
LVLO4ZLZL,12 A 23,IMPAGO,371023.78,ETHER,VIKING ARMOUR,Y79G54,2,0.5259
9008LO09L,60 Y MAS,activo,,#N/D,VIKING ARMOUR,90LD2,#N/D,0.0949
L0L8LOV,00 A 06,activo,271796.49,#N/D,VIKING ARMOUR,B92375,N,0.5057
LVLOFAZ4,12 A 23,IMPAGO,280424.95,GOLD,SOIL,Y79G54,2,0.9427
L90844,07 A 11,IMPAGO,,#N/D,SPURS,Y79G54,#N/D,0.1248
Z00Z9Z0LO,60 Y MAS,BAJA,250225.34,GOLD,VIKING ARMOUR,B92375,4,0.6478
L8FAZ0V,12 A 23,IMPAGO,310624.56,ETHER,VIKING ARMOUR,Y79G54,2,0.1327
L4VLVZ0Z,24 A 47,activo,150998.05,BITCOIN,DRAGONS,Y79G54,2,0.7986
L0400909,60 Y MAS,IMPAGO,338667.055,GOLD,VIKING ARMOUR,B92375,4,0.7802
LLOVV0ZLZ,12 A 23,activo,,#N/D,VIKING ARMOUR,Y79G54,#N/D,0.0347
LLO89LO449,12 A 23,IMPAGO,189826.12,0,SPURS,Y79G54,1,0.0116
L98L9LO4LO,00 A 06,IMPAGO,150998.05,GOLD,SOIL,Y79G54,N,0.0204
FA0809VLOV,00 A 06,IMPAGO,,#N/D,VIKING ARMOUR,JSF89A,#N/D,0.4629
V8894LL,60 Y MAS,BAJA,353766.86,GOLD,VIKING ARMOUR,Y79G54,4,0.0913
L0V4LOVLOL,48 A 60,IMPAGO,,#N/D,#N/D,#N/D,#N/D,0.7852
FA0LOFAVZ4FA,00 A 06,activo,,#N/D,VIKING ARMOUR,JSF89A,#N/D,0.922
L9L8LOV0LO,00 A 06,IMPAGO,,#N/D,#N/D,#N/D,#N/D,0.7406
L8L889L0,12 A 23,BAJA,194140.35,BITCOIN,VIKING ARMOUR,B92375,2,0.4739
LLO0LOFA000,12 A 23,BAJA,,#N/D,#N/D,#N/D,#N/D,0.3656
L40LZL00,24 A 47,IMPAGO,351609.745,0,VIKING ARMOUR,Y79G54,6,0.0101
L8898LO88,07 A 11,activo,157469.395,GOLD,SPURS,Y79G54,N,0.6799
LLFA00VFA9,48 A 60,BAJA,189826.12,0,SPURS,Y79G54,3,0.1591
9004ZMV9,24 A 47,activo,,#N/D,SPURS,90LD2,#N/D,0.6288
80LL04VLO,60 Y MAS,BAJA,185511.89,0,DRAGONS,JSF89A,2,0.7291
LLOL9489FA,24 A 47,BAJA,250225.34,ETHER,VIKING ARMOUR,B92375,2,0.3961
L00944Z4,48 A 60,IMPAGO,159626.51,0,SOIL,Y79G54,2,0.2779
404Z00FA,60 Y MAS,BAJA,232968.42,BITCOIN,DRAGONS,Y79G54,2,0.2363
LVZ0FA000,12 A 23,BAJA,353766.86,BITCOIN,VIKING ARMOUR,Y79G54,3,0.3186
9V8FAV00,60 Y MAS,BAJA,301996.1,BITCOIN,VIKING ARMOUR,B92375,4,0.7036
LLOVFA00LFA,12 A 23,activo,286896.295,TYP2,VIKING ARMOUR,B92375,2,0.0445
LV8ZM80L,12 A 23,IMPAGO,99227.29,GOLD,DRAGONS,B92375,1,0.9404
V0ZMLZ40,60 Y MAS,IMPAGO,229948.459,GOLD,VIKING ARMOUR,90LD2,4,0.7405
LLOLZFA0LO0,24 A 47,IMPAGO,286896.295,0,VIKING ARMOUR,B92375,1,0.4263
V0FAFA00,60 Y MAS,IMPAGO,280424.95,BITCOIN,DRAGONS,B92375,4,0.5938
L4FAFA0Z,24 A 47,IMPAGO,398203.429,USD,SPURS,Y79G54,6,0.6168
VLOL00FAL,60 Y MAS,BAJA,,#N/D,#N/D,#N/D,#N/D,0.6451
900L4048,12 A 23,BAJA,,#N/D,SPURS,90LD2,#N/D,0.8764
LLOV40LV0,12 A 23,BAJA,401223.39,BITCOIN,VIKING ARMOUR,Y79G54,4,0.8331
LV89L40LO,07 A 11,IMPAGO,,#N/D,SOIL,Y79G54,#N/D,0.1119
FA0LLOV09L,00 A 06,IMPAGO,250225.34,0,VIKING ARMOUR,B92375,N,0.1702
L80FA4VL0,12 A 23,IMPAGO,451699.881,TYP2,VIKING ARMOUR,Y79G54,2,0.9713
LV9Z4FA9FA,07 A 11,IMPAGO,273953.605,ETHER,VIKING ARMOUR,B92375,2,0.7759
LLO9008V0,12 A 23,IMPAGO,196297.465,0,SOIL,Y79G54,0,0.4319
LLO0080VFA,12 A 23,IMPAGO,,#N/D,VIKING ARMOUR,B92375,#N/D,0.3298
LV08VL,12 A 23,IMPAGO,,#N/D,VIKING ARMOUR,Y79G54,#N/D,0.4514
Z0Z0V40LO,60 Y MAS,activo,241596.88,GOLD,VIKING ARMOUR,Y79G54,2,0.518
900VL448,24 A 47,BAJA,,#N/D,SPURS,90LD2,#N/D,0.9217
LVV49LOVL,12 A 23,IMPAGO,237282.65,0,VIKING ARMOUR,B92375,2,0.8476
LZLOVLOZFAL,24 A 47,IMPAGO,,#N/D,SPURS,Y79G54,#N/D,0.9426
LV0LO8V49,12 A 23,IMPAGO,276110.72,ETHER,VIKING ARMOUR,Y79G54,1,0.4057
L9FA9Z98Z,00 A 06,ACTIVO,202768.81,BITCOIN,SOIL,Y79G54,N,0.7587
LFA8880VL,24 A 47,activo,,#N/D,DRAGONS,B92375,#N/D,0.363
9008Z8VV,60 Y MAS,BAJA,,#N/D,VIKING ARMOUR,90LD2,#N/D,0.1417
LO0LOFA04ZZ,48 A 60,IMPAGO,92324.522,0,DRAGONS,90LD2,2,0.1502
L4VZ0FA4Z,24 A 47,BAJA,254539.57,BITCOIN,SPURS,Y79G54,4,0.0215
LZ9L8L8L,24 A 47,BAJA,358081.09,BITCOIN,VIKING ARMOUR,Y79G54,3,0.8791
LZFAZZLV0,24 A 47,BAJA,440051.46,BITCOIN,VIKING ARMOUR,Y79G54,3,0.0597
L9FAVZVLFA,07 A 11,BAJA,168254.97,BITCOIN,VIKING ARMOUR,JSF89A,N,0.366
L40FA0090,24 A 47,BAJA,207083.04,BITCOIN,SPURS,Y79G54,4,0.1784
FA0V9Z0,00 A 06,IMPAGO,,#N/D,SPURS,JSF89A,#N/D,0.2156
L9LVLOZ0Z,07 A 11,IMPAGO,420637.425,#N/D,VIKING ARMOUR,Y79G54,N,0.9488
L8089V0Z,12 A 23,IMPAGO,187669.005,0,SPURS,JSF89A,2,0.964
800VV408,60 Y MAS,BAJA,318821.597,0,VIKING ARMOUR,90LD2,3,0.0392
L808V0VLO,12 A 23,activo,273953.605,0,VIKING ARMOUR,B92375,2,0.5448
L8090Z0L,07 A 11,IMPAGO,579832.512,#N/D,VIKING ARMOUR,Y79G54,4,0.6418
L9LOZLLOFAZ,00 A 06,activo,237282.65,TYP2,VIKING ARMOUR,B92375,N,0.6115
LLVZ4080,24 A 47,IMPAGO,286896.295,TYP2,VIKING ARMOUR,B92375,4,0.545
V008VLVFA,12 A 23,IMPAGO,,#N/D,SOIL,90LD2,#N/D,0.3535
LL400889,48 A 60,BAJA,310624.56,0,VIKING ARMOUR,Y79G54,4,0.2742
L8FA8L4Z9,12 A 23,IMPAGO,163940.74,ETHER,VIKING ARMOUR,B92375,1,0.8973
LO0ZZ09LL,60 Y MAS,activo,95344.483,0,DRAGONS,90LD2,2,0.7959
LFA09V09LO,24 A 47,BAJA,159626.51,0,SOIL,Y79G54,1,0.2127
V009V4FAZ,12 A 23,BAJA,,#N/D,#N/D,#N/D,#N/D,0.535
L80ZLO08Z,07 A 11,IMPAGO,187669.005,GOLD,SOIL,Y79G54,2,0.8124
LFAZV8LO,24 A 47,IMPAGO,312781.675,0,NAVAL,B92375,4,0.7592
LV04LO0VV,12 A 23,activo,129426.9,GOLD,DRAGONS,JSF89A,2,0.7089
L4VL80,24 A 47,BAJA,159626.51,0,SOIL,Y79G54,2,0.6162
LO0LOZ09Z0,60 Y MAS,IMPAGO,,#N/D,#N/D,#N/D,#N/D,0.827
900V04L,60 Y MAS,BAJA,241596.88,BITCOIN,SPURS,Y79G54,4,0.6864
8V8L0ZM,60 Y MAS,BAJA,,#N/D,#N/D,#N/D,#N/D,0.4362
L09LOVLO4V,48 A 60,activo,278267.835,0,VIKING ARMOUR,B92375,3,0.132
LO0ZVZ00Z,24 A 47,IMPAGO,223908.537,0,VIKING ARMOUR,90LD2,4,0.5424
L9L84LOFAZ,00 A 06,activo,157469.395,#N/D,VIKING ARMOUR,B92375,N,0.9209
L44LZ988,24 A 47,IMPAGO,,#N/D,#N/D,#N/D,#N/D,0.6622
L9V04004,00 A 06,IMPAGO,245479.687,0,VIKING ARMOUR,JSF89A,N,0.7849
L9848LZL,00 A 06,activo,150998.05,#N/D,SOIL,Y79G54,N,0.2366
LV4Z0LO9LO,12 A 23,IMPAGO,223477.114,0,VIKING ARMOUR,JSF89A,1,0.1025
80LO9LO40,60 Y MAS,BAJA,133741.13,ETHER,DRAGONS,B92375,2,0.1663
9VV9FA00,60 Y MAS,BAJA,437894.345,GOLD,VIKING ARMOUR,B92375,4,0.7922
LVL0L800,12 A 23,IMPAGO,353766.86,GOLD,VIKING ARMOUR,Y79G54,4,0.9985
LVLOZ0840,12 A 23,BAJA,392163.507,BITCOIN,VIKING ARMOUR,Y79G54,2,0.4083
9Z4VVFAFA,60 Y MAS,BAJA,198454.58,BITCOIN,SPURS,Y79G54,4,0.6862
L444L00V,24 A 47,activo,407694.735,GOLD,VIKING ARMOUR,Y79G54,4,0.3018
9ZL0V9Z,60 Y MAS,IMPAGO,235125.535,GOLD,SPURS,Y79G54,4,0.2131
LLV4090Z,24 A 47,IMPAGO,,#N/D,#N/D,#N/D,#N/D,0.1625
LO0ZV4LZ9,24 A 47,BAJA,135898.245,0,DRAGONS,90LD2,2,0.7332
L8LO8V800,07 A 11,IMPAGO,273953.605,ETHER,VIKING ARMOUR,B92375,N,0.9548
L8LLO08L0,07 A 11,IMPAGO,295524.755,TYP2,VIKING ARMOUR,Y79G54,2,0.245
L98LLOVVL,00 A 06,activo,159626.51,#N/D,SOIL,Y79G54,N,0.7289
LLO8FA0FA0Z,12 A 23,IMPAGO,159626.51,0,SOIL,Y79G54,1,0.7512
LLZZLLOFALO,24 A 47,BAJA,,#N/D,#N/D,#N/D,#N/D,0.3069
L4Z49ZMZ,24 A 47,IMPAGO,,#N/D,#N/D,#N/D,#N/D,0.9345
L8LLVL4FA,07 A 11,activo,150998.05,#N/D,SOIL,Y79G54,1,0.3489
L8FAFALO9FA8,07 A 11,BAJA,280424.95,BITCOIN,VIKING ARMOUR,Y79G54,2,0.2157
L4Z48Z00,24 A 47,IMPAGO,265325.145,TYP2,NAVAL,B92375,4,0.4884
LLO098040,12 A 23,IMPAGO,443934.267,TYP2,VIKING ARMOUR,Y79G54,4,0.3015
L894FALO,07 A 11,IMPAGO,187669.005,#N/D,SOIL,Y79G54,N,0.0278
LO0Z00094,60 Y MAS,IMPAGO,,#N/D,#N/D,#N/D,#N/D,0.6606
80L08ZL9,60 Y MAS,BAJA,433580.115,0,VIKING ARMOUR,Y79G54,4,0.1541
LVZFA9Z0V,12 A 23,IMPAGO,,#N/D,#N/D,#N/D,#N/D,0.8287
L408049V,24 A 47,BAJA,345138.4,0,VIKING ARMOUR,Y79G54,4,0.9434
L84ZM000,07 A 11,IMPAGO,349452.63,TYP2,VIKING ARMOUR,B92375,1,0.4361
Z004VLO80,60 Y MAS,activo,,#N/D,DRAGONS,B92375,#N/D,0.3871
LLOZ0FA00LO,24 A 47,BAJA,140212.475,GOLD,DRAGONS,B92375,2,0.3711
LVLO08948,12 A 23,IMPAGO,412008.965,GOLD,VIKING ARMOUR,Y79G54,4,0.8367
FA0LLZZ88,00 A 06,IMPAGO,250225.34,0,VIKING ARMOUR,B92375,N,0.6514
80LV8FAZ0,48 A 60,BAJA,185943.313,0,DRAGONS,90LD2,2,0.6724
LV400L,12 A 23,IMPAGO,273953.605,GOLD,VIKING ARMOUR,B92375,2,0.7515
FA008800LO,00 A 06,IMPAGO,310624.56,#N/D,VIKING ARMOUR,Y79G54,N,0.9265
80080V,60 Y MAS,IMPAGO,,#N/D,VIKING ARMOUR,B92375,#N/D,0.7169
LZ8Z09V0,24 A 47,activo,286896.295,GOLD,DRAGONS,B92375,2,0.3669
L808800Z,07 A 11,activo,407694.735,GOLD,VIKING ARMOUR,Y79G54,4,0.3763
LZVLO40VV,24 A 47,IMPAGO,371023.78,0,VIKING ARMOUR,Y79G54,4,0.6762
L800V809,07 A 11,activo,289053.41,BITCOIN,VIKING ARMOUR,Y79G54,2,0.7934
LV9LO9098,12 A 23,IMPAGO,,#N/D,DRAGONS,B92375,#N/D,0.3921
ZZZ4L44FA,60 Y MAS,BAJA,530650.29,BITCOIN,VIKING ARMOUR,Y79G54,6,0.6738
90094VFA9,24 A 47,activo,,#N/D,SPURS,90LD2,#N/D,0.6616
L080LV04,60 Y MAS,BAJA,474565.3,USD,VIKING ARMOUR,Y79G54,6,0.6104
L44LLFA,00 A 06,IMPAGO,,#N/D,#N/D,#N/D,#N/D,0.6052
L9L000ZV,07 A 11,IMPAGO,427108.77,USD,VIKING ARMOUR,Y79G54,N,0.249
L04Z9V,00 A 06,IMPAGO,215711.5,#N/D,VIKING ARMOUR,B92375,N,0.0389
L940FAZ,00 A 06,activo,,#N/D,SPURS,Y79G54,#N/D,0.0971
V0880V40,60 Y MAS,IMPAGO,,#N/D,VIKING ARMOUR,JSF89A,#N/D,0.3741
89VLO9FAZ,60 Y MAS,BAJA,396909.16,BITCOIN,VIKING ARMOUR,Y79G54,4,0.3268
900VZM0Z,60 Y MAS,IMPAGO,,#N/D,VIKING ARMOUR,90LD2,#N/D,0.6333
90048LLOL,60 Y MAS,BAJA,,#N/D,VIKING ARMOUR,90LD2,#N/D,0.0042
L09LZFA,00 A 06,IMPAGO,189826.12,#N/D,SPURS,Y79G54,N,0.6803
L90ZML8L,07 A 11,IMPAGO,237282.65,#N/D,VIKING ARMOUR,B92375,N,0.8197
L004ZV0V,48 A 60,BAJA,176883.43,0,DRAGONS,B92375,2,0.617
LV9ZZ88LO,12 A 23,activo,273953.605,TYP2,VIKING ARMOUR,B92375,2,0.7593
L4VLFALOVV,24 A 47,IMPAGO,,#N/D,#N/D,#N/D,#N/D,0.8026
L9ZFA0904,00 A 06,activo,,#N/D,VIKING ARMOUR,B92375,#N/D,0.2609
L8LOFAVLOV9,07 A 11,activo,258853.8,TYP2,SPURS,Y79G54,4,0.8568
LV0L4V0LO,12 A 23,IMPAGO,,#N/D,#N/D,#N/D,#N/D,0.0204
LLLO44L4L,24 A 47,IMPAGO,,#N/D,#N/D,#N/D,#N/D,0.1373
LVLFAVVLZ,12 A 23,IMPAGO,194140.35,0,DRAGONS,JSF89A,2,0.405
L89L9LO89,07 A 11,IMPAGO,261010.915,GOLD,SPURS,Y79G54,N,0.6305
L8FALOFA088,07 A 11,IMPAGO,129426.9,0,DRAGONS,JSF89A,2,0.246
L9V0ZM00,00 A 06,IMPAGO,187669.005,#N/D,SOIL,Y79G54,N,0.0382
L84LO0ZLOZ,07 A 11,BAJA,230811.305,ETHER,SOIL,Y79G54,2,0.7213
LFA4Z9LO09,24 A 47,IMPAGO,,#N/D,#N/D,#N/D,#N/D,0.4594
L8V0VV,07 A 11,IMPAGO,,#N/D,SOIL,Y79G54,#N/D,0.5379
LV4408Z8,12 A 23,IMPAGO,243753.995,ETHER,SPURS,Y79G54,4,0.8891
L9FA400,00 A 06,IMPAGO,301564.677,GOLD,VIKING ARMOUR,JSF89A,N,0.2477
L4404V8LO,24 A 47,BAJA,161783.625,GOLD,VIKING ARMOUR,JSF89A,2,0.8569
8008L8LZ,60 Y MAS,BAJA,,#N/D,#N/D,#N/D,#N/D,0.8994
V04LV0LFA,60 Y MAS,IMPAGO,198454.58,GOLD,DRAGONS,90LD2,2,0.1733
L80LOVZ8FA,12 A 23,IMPAGO,,#N/D,VIKING ARMOUR,Y79G54,#N/D,0.9361
LLO890Z9FA,12 A 23,BAJA,207083.04,BITCOIN,SPURS,Y79G54,1,0.7266
L4FA0ZM00,24 A 47,activo,159626.51,TYP2,SOIL,Y79G54,2,0.8715
LZ4FA4Z9Z,24 A 47,IMPAGO,310624.56,0,VIKING ARMOUR,B92375,4,0.4104
V0400L90,48 A 60,BAJA,,#N/D,#N/D,#N/D,#N/D,0.6904
ZZFAZLOZLO9,60 Y MAS,BAJA,304153.215,BITCOIN,VIKING ARMOUR,B92375,4,0.7945
V0LO808LOV,24 A 47,IMPAGO,,#N/D,DRAGONS,90LD2,#N/D,0.4038
L9L0V9LO0,00 A 06,IMPAGO,237282.65,#N/D,VIKING ARMOUR,B92375,N,0.5745
L0LO4ZLOVV,60 Y MAS,IMPAGO,198454.58,0,SPURS,Y79G54,4,0.3287
V089Z090,24 A 47,activo,,#N/D,SOIL,Y79G54,#N/D,0.7381
V00V94ZM,24 A 47,IMPAGO,181197.66,0,NAVAL,90LD2,2,0.8296
90049409,24 A 47,BAJA,,#N/D,SPURS,90LD2,#N/D,0.445
FA0ZLO8ZZFA,00 A 06,IMPAGO,,#N/D,VIKING ARMOUR,B92375,#N/D,0.1307
VLO48L0V,60 Y MAS,BAJA,483193.76,BITCOIN,VIKING ARMOUR,Y79G54,6,0.0193
L004LO8,60 Y MAS,IMPAGO,,#N/D,VIKING ARMOUR,B92375,#N/D,0.7874
V0FA9V94V,60 Y MAS,IMPAGO,243753.995,BITCOIN,DRAGONS,B92375,4,0.3958
LVZMLOZ8LO,12 A 23,BAJA,,#N/D,#N/D,#N/D,#N/D,0.2883
ZZL04Z,60 Y MAS,BAJA,267050.837,BITCOIN,0,90LD2,4,0.4347
L890Z4ZV,07 A 11,IMPAGO,273953.605,#N/D,VIKING ARMOUR,B92375,N,0.8942
L94LZ0Z0,00 A 06,IMPAGO,,#N/D,VIKING ARMOUR,B92375,#N/D,0.2023
LZ9LOLLFAL,24 A 47,activo,,#N/D,SPURS,Y79G54,#N/D,0.0728
LFA0804,00 A 06,activo,237282.65,GOLD,VIKING ARMOUR,B92375,N,0.282
V0VFAL8Z0,60 Y MAS,BAJA,,#N/D,#N/D,#N/D,#N/D,0.0967
L8LV89VL,07 A 11,IMPAGO,,#N/D,VIKING ARMOUR,B92375,#N/D,0.2744
ZZFA0LOFAVL,60 Y MAS,BAJA,189826.12,TYP2,SPURS,Y79G54,4,0.4643
LZFAVFA09FA,24 A 47,activo,125112.67,0,SOIL,B92375,2,0.8884
ZZZ90809,60 Y MAS,activo,127269.785,GOLD,DRAGONS,JSF89A,2,0.8778
LZMLZLFAL,12 A 23,IMPAGO,250225.34,GOLD,VIKING ARMOUR,B92375,2,0.6581
LV9FA0Z0LO,12 A 23,activo,,#N/D,VIKING ARMOUR,B92375,#N/D,0.5525
8LFA44VLO,60 Y MAS,BAJA,237282.65,BITCOIN,VIKING ARMOUR,B92375,2,0.7381
ZZV4Z484,60 Y MAS,IMPAGO,257559.531,BITCOIN,SPURS,90LD2,4,0.3271
V00940LO9,24 A 47,activo,,#N/D,DRAGONS,90LD2,#N/D,0.0425
L0090Z,48 A 60,IMPAGO,159626.51,0,SOIL,Y79G54,2,0.6601
LLOZVLO800,12 A 23,BAJA,513393.37,GOLD,VIKING ARMOUR,Y79G54,4,0.6634
L9LOZ808L,00 A 06,IMPAGO,230811.305,GOLD,SOIL,Y79G54,N,0.4556
L90V08FALO,07 A 11,IMPAGO,129426.9,0,DRAGONS,JSF89A,N,0.1611
9004040Z,48 A 60,activo,,#N/D,SPURS,90LD2,#N/D,0.2781
L4V000FA9,24 A 47,BAJA,207083.04,ETHER,SPURS,Y79G54,4,0.8501
L800FALLOV,12 A 23,IMPAGO,,#N/D,DRAGONS,B92375,#N/D,0.5752
LVLO0LOVFAL,12 A 23,IMPAGO,286896.295,0,VIKING ARMOUR,B92375,1,0.4645
L090V4LO4,48 A 60,BAJA,159626.51,0,SOIL,Y79G54,2,0.4011
LLLV9Z8FA,48 A 60,BAJA,207083.04,0,SPURS,Y79G54,3,0.1605
ZZ0LVV8LO,60 Y MAS,IMPAGO,280424.95,ETHER,VIKING ARMOUR,Y79G54,2,0.0125
LFAZ0LOFA90,24 A 47,IMPAGO,265325.145,0,NAVAL,B92375,3,0.6434
L8ZLLO4,07 A 11,IMPAGO,,#N/D,#N/D,#N/D,#N/D,0.1265
LO0ZLOV0,48 A 60,ACTIVO,239871.188,0,VIKING ARMOUR,90LD2,4,0.9079
L9LZ4VL9,07 A 11,IMPAGO,150998.05,0,SOIL,Y79G54,N,0.6671
L0Z9044Z,48 A 60,activo,301996.1,0,NAVAL,B92375,3,0.5983
L84V909Z,07 A 11,IMPAGO,243753.995,TYP2,VIKING ARMOUR,B92375,2,0.9136
L940004Z,07 A 11,IMPAGO,237282.65,#N/D,VIKING ARMOUR,B92375,N,0.8709
L94ZV484,00 A 06,IMPAGO,412008.965,TYP2,VIKING ARMOUR,Y79G54,N,0.8157
LO04Z0LOZLO,60 Y MAS,IMPAGO,177746.276,0,DRAGONS,90LD2,2,0.4174
8009LZ,60 Y MAS,IMPAGO,353766.86,0,VIKING ARMOUR,Y79G54,4,0.5979
Z00L88L4,60 Y MAS,IMPAGO,278267.835,0,VIKING ARMOUR,B92375,3,0.3199
Z04LO40V4,60 Y MAS,IMPAGO,364552.435,GOLD,VIKING ARMOUR,Y79G54,6,0.8098
LVFAZZLO9L,12 A 23,IMPAGO,,#N/D,#N/D,#N/D,#N/D,0.9901
800VVLZL,60 Y MAS,BAJA,286896.295,0,VIKING ARMOUR,B92375,4,0.468
L0LOL00V8,48 A 60,ACTIVO,325724.365,0,VIKING ARMOUR,Y79G54,4,0.8195
LVLLO8L0FA,12 A 23,IMPAGO,226497.075,0,SPURS,Y79G54,0,0.9211
Z04Z0009,60 Y MAS,BAJA,295524.755,TYP2,NAVAL,B92375,4,0.7754
LFA40L80V,24 A 47,BAJA,,#N/D,#N/D,#N/D,#N/D,0.3778
L4LOLLZLZ,24 A 47,activo,241596.88,0,SPURS,Y79G54,3,0.9339
LVVLOZFALOL,12 A 23,activo,181197.66,GOLD,SPURS,Y79G54,2,0.9615
900VLZ0LO,24 A 47,BAJA,,#N/D,SPURS,90LD2,#N/D,0.0741
LLLOZLLL4,48 A 60,IMPAGO,159626.51,ETHER,#N/D,#N/D,2,0.8138
LZ94VFAFA9,24 A 47,activo,,#N/D,VIKING ARMOUR,B92375,#N/D,0.947
LFAZLFAFALZ,24 A 47,IMPAGO,265325.145,0,NAVAL,B92375,3,0.6835
L4V09FA08,24 A 47,BAJA,207083.04,BITCOIN,SPURS,Y79G54,3,0.0468
LFA0044LO9,24 A 47,IMPAGO,140212.475,GOLD,DRAGONS,B92375,2,0.7424
LVFAV0L0LO,12 A 23,BAJA,371023.78,BITCOIN,VIKING ARMOUR,Y79G54,4,0.8076
FA0ZM900LO,00 A 06,IMPAGO,,#N/D,VIKING ARMOUR,Y79G54,#N/D,0.2346
L8L0LZFAFA,12 A 23,IMPAGO,273953.605,#N/D,#N/D,#N/D,2,0.0644
LO0908Z0,60 Y MAS,BAJA,,#N/D,#N/D,#N/D,#N/D,0.0298
LO0LO009LZ,60 Y MAS,BAJA,,#N/D,#N/D,#N/D,#N/D,0.6125
LLV00ZZ0,24 A 47,BAJA,334352.825,0,VIKING ARMOUR,Y79G54,6,0.596
LV908000,12 A 23,BAJA,198454.58,0,SPURS,Y79G54,0,0.1459
V00440FALO,60 Y MAS,IMPAGO,99227.29,0,DRAGONS,JSF89A,2,0.4946
FA0FA0LZ,00 A 06,IMPAGO,,#N/D,VIKING ARMOUR,Y79G54,#N/D,0.8733
80L9FA004,24 A 47,activo,,#N/D,VIKING ARMOUR,90LD2,#N/D,0.4302
L4VVLOZ90,24 A 47,activo,,#N/D,VIKING ARMOUR,B92375,#N/D,0.0561
L80Z0L9V,07 A 11,ACTIVO,99227.29,#N/D,DRAGONS,B92375,2,0.3395
LZZ4ZM00,24 A 47,IMPAGO,444365.69,ETHER,VIKING ARMOUR,Y79G54,6,0.2912
L9FALO98ZFA,00 A 06,IMPAGO,,#N/D,VIKING ARMOUR,JSF89A,#N/D,0.2305
LVZ090LO4,12 A 23,IMPAGO,353766.86,ETHER,VIKING ARMOUR,Y79G54,4,0.042
LFALOZ4FA4FA,24 A 47,BAJA,,#N/D,#N/D,#N/D,#N/D,0.6517
V04FA0ZMV,60 Y MAS,IMPAGO,,#N/D,DRAGONS,B92375,#N/D,0.3259
LZ980V8LO,24 A 47,BAJA,103541.52,BITCOIN,DRAGONS,B92375,2,0.2469
L988LOFA0Z,00 A 06,IMPAGO,303721.792,0,VIKING ARMOUR,JSF89A,N,0.8757
LLVFAFALOL4,24 A 47,IMPAGO,286896.295,0,VIKING ARMOUR,B92375,3,0.3097
LV0LO89VZ,12 A 23,IMPAGO,207083.04,0,SPURS,Y79G54,1,0.9602
L84FAFA4,07 A 11,IMPAGO,181197.66,GOLD,SPURS,Y79G54,1,0.5091
V0L0Z9LO4,24 A 47,BAJA,107855.75,0,DRAGONS,90LD2,2,0.2253
LFALLZ0,24 A 47,IMPAGO,,#N/D,#N/D,#N/D,#N/D,0.9685
L00LV00L,48 A 60,IMPAGO,,#N/D,VIKING ARMOUR,Y79G54,#N/D,0.8934
L80Z8ZLOZ,07 A 11,IMPAGO,,#N/D,#N/D,#N/D,#N/D,0.381
L0VFAVV4Z,60 Y MAS,BAJA,198454.58,0,SPURS,Y79G54,4,0.9269
LL40FAL0L,48 A 60,IMPAGO,,#N/D,SOIL,Y79G54,#N/D,0.3343
FA0FALOZ09V,00 A 06,IMPAGO,237282.65,0,SOIL,Y79G54,N,0.5927
L9Z0FALOV4,00 A 06,IMPAGO,237282.65,#N/D,VIKING ARMOUR,B92375,N,0.166
LFA0LZ0LO0,24 A 47,BAJA,207083.04,GOLD,SPURS,Y79G54,4,0.3194
LL908FA0L,24 A 47,BAJA,140212.475,GOLD,DRAGONS,B92375,2,0.6649
9ZLO49VFA,60 Y MAS,BAJA,243753.995,ETHER,SPURS,Y79G54,4,0.75
LFALO4Z880,24 A 47,BAJA,176883.43,ETHER,DRAGONS,B92375,2,0.3784
LVL9VZZFA,12 A 23,IMPAGO,325724.365,0,SPURS,Y79G54,3,0.255
L489ZLO40,24 A 47,IMPAGO,,#N/D,NAVAL,B92375,#N/D,0.0903
LZZLOV8ZM,24 A 47,IMPAGO,327881.48,BITCOIN,VIKING ARMOUR,Y79G54,4,0.2538
LV0L4LO0LO,12 A 23,IMPAGO,243753.995,ETHER,SPURS,Y79G54,4,0.2412
LLOVL88V8,12 A 23,activo,323135.827,0,VIKING ARMOUR,JSF89A,4,0.2263
LO0ZLV49Z,24 A 47,BAJA,226497.075,0,NAVAL,90LD2,4,0.4206
LZ0V4000,24 A 47,IMPAGO,,#N/D,#N/D,#N/D,#N/D,0.1635
L9488FAL9,00 A 06,IMPAGO,,#N/D,VIKING ARMOUR,B92375,#N/D,0.9918
L9ZLOVLO80,00 A 06,IMPAGO,217868.615,ETHER,SPURS,Y79G54,N,0.5108
LZ94ZL08,24 A 47,BAJA,140212.475,GOLD,DRAGONS,B92375,2,0.5477
Z0Z09LO90,60 Y MAS,IMPAGO,,#N/D,#N/D,#N/D,#N/D,0.5884
LO0LO0V4,24 A 47,IMPAGO,122092.709,0,SOIL,90LD2,2,0.5819
FA04ZML90,00 A 06,IMPAGO,,#N/D,SOIL,Y79G54,#N/D,0.6371
LO0004Z0V,60 Y MAS,BAJA,176883.43,GOLD,DRAGONS,B92375,2,0.2098
9LOL00LO4,60 Y MAS,IMPAGO,442208.575,ETHER,SOIL,Y79G54,6,0.397
L9LOLFALFA9,00 A 06,IMPAGO,,#N/D,#N/D,#N/D,#N/D,0.1063
800LO009LO,60 Y MAS,BAJA,497862.142,USD,DRAGONS,Y79G54,6,0.0677
L9L8Z8VL,00 A 06,IMPAGO,726947.755,#N/D,VIKING ARMOUR,Y79G54,N,0.826
L4ZL8L89,24 A 47,IMPAGO,250225.34,GOLD,VIKING ARMOUR,B92375,4,0.6026
LVVLZ0LV,12 A 23,BAJA,207083.04,0,SPURS,Y79G54,2,0.0128
L9ZFAV088,00 A 06,IMPAGO,,#N/D,VIKING ARMOUR,B92375,#N/D,0.0287
L808FA4LO0,07 A 11,IMPAGO,,#N/D,#N/D,#N/D,#N/D,0.1634
ZZ0Z4VLO8,60 Y MAS,IMPAGO,,#N/D,DRAGONS,90LD2,#N/D,0.2603
Z09FAVFA04,60 Y MAS,BAJA,,#N/D,#N/D,#N/D,#N/D,0.6239
LV88V844,12 A 23,activo,166097.855,0,DRAGONS,JSF89A,2,0.2545
LO0FA08LOFA4,60 Y MAS,activo,176883.43,GOLD,DRAGONS,B92375,2,0.0757
V0VLLO9FAL,60 Y MAS,IMPAGO,176883.43,GOLD,DRAGONS,B92375,2,0.7114
LV090944,12 A 23,IMPAGO,327881.48,BITCOIN,VIKING ARMOUR,Y79G54,4,0.7138
LO0ZV4LO00,24 A 47,IMPAGO,,#N/D,VIKING ARMOUR,90LD2,#N/D,0.5093
L8FA8LOZV4,07 A 11,IMPAGO,,#N/D,#N/D,#N/D,#N/D,0.7432
LLV8ZL0Z,24 A 47,IMPAGO,351609.745,0,VIKING ARMOUR,Y79G54,6,0.2988
LLOVFA80FA0,12 A 23,IMPAGO,,#N/D,VIKING ARMOUR,JSF89A,#N/D,0.3692
L8Z8ZLO,07 A 11,IMPAGO,261010.915,ETHER,SPURS,Y79G54,2,0.0466
8000Z89L,60 Y MAS,BAJA,121229.863,0,DRAGONS,90LD2,1,0.5001
L0LOLL9FALO,60 Y MAS,activo,196297.465,GOLD,SOIL,Y79G54,2,0.5828
FA0LZ9898,00 A 06,IMPAGO,189826.12,0,SPURS,Y79G54,N,0.831
LLO48VFAFA8,12 A 23,BAJA,349452.63,GOLD,SPURS,Y79G54,4,0.5833
L888ZLOVLO,00 A 06,IMPAGO,,#N/D,#N/D,#N/D,#N/D,0.241
L8FAV,00 A 06,IMPAGO,,#N/D,#N/D,#N/D,#N/D,0.9713
L8L0V9VFA,07 A 11,IMPAGO,209240.155,#N/D,SPURS,Y79G54,1,0.7531
V00LO0098,60 Y MAS,IMPAGO,270933.644,0,NAVAL,90LD2,4,0.0586
Z0FA000L8,60 Y MAS,BAJA,353766.86,BITCOIN,VIKING ARMOUR,Y79G54,4,0.8512
V008Z09V,12 A 23,IMPAGO,344275.554,0,VIKING ARMOUR,90LD2,4,0.8392
L8FAV8890,07 A 11,IMPAGO,187669.005,#N/D,SOIL,Y79G54,1,0.0501
L0L89V8L,60 Y MAS,BAJA,,#N/D,#N/D,#N/D,#N/D,0.0033
LZ000V0V,24 A 47,IMPAGO,623406.235,0,SPURS,Y79G54,3,0.4059
LL889LOFAL,24 A 47,IMPAGO,207083.04,ETHER,SPURS,Y79G54,2,0.1449
L9FAV00Z8,07 A 11,activo,364552.435,#N/D,VIKING ARMOUR,Y79G54,N,0.207
LV80Z8LOL,12 A 23,BAJA,237282.65,ETHER,VIKING ARMOUR,B92375,1,0.3501
LV48FA009,12 A 23,BAJA,276110.72,ETHER,VIKING ARMOUR,Y79G54,2,0.679
LL00LLZ4,48 A 60,activo,,#N/D,NAVAL,B92375,#N/D,0.3824
LLO00LVLO0,24 A 47,IMPAGO,196297.465,0,SOIL,Y79G54,2,0.2504
FA0LLOFAL0Z,00 A 06,IMPAGO,189826.12,0,SPURS,Y79G54,N,0.9555
L0LOFA988V,48 A 60,activo,351609.745,0,VIKING ARMOUR,Y79G54,6,0.1631
LFA48FA8FA8,24 A 47,IMPAGO,237282.65,BITCOIN,VIKING ARMOUR,B92375,2,0.2018
FA00V04L0,00 A 06,IMPAGO,159626.51,#N/D,SOIL,Y79G54,N,0.6308
LV08LZ0Z,12 A 23,IMPAGO,,#N/D,#N/D,#N/D,#N/D,0.2066
V0Z8ZFAL,60 Y MAS,ACTIVO,504333.487,TYP2,VIKING ARMOUR,Y79G54,6,0.7674
L90FA0ZLOL,00 A 06,IMPAGO,,#N/D,#N/D,#N/D,#N/D,0.2554
FA080FA044,00 A 06,IMPAGO,,#N/D,#N/D,#N/D,#N/D,0.5109
LLFALO9FALO0,48 A 60,BAJA,286896.295,0,VIKING ARMOUR,B92375,3,0.531
LVV89ZLO4,12 A 23,IMPAGO,251519.609,0,VIKING ARMOUR,JSF89A,1,0.7708
LLOVVFA890,12 A 23,ACTIVO,553515.709,BITCOIN,VIKING ARMOUR,Y79G54,4,0.0202
LFA980Z94,24 A 47,IMPAGO,228654.19,0,NAVAL,B92375,1,0.0785
L8LOFAL900,07 A 11,IMPAGO,150998.05,GOLD,SOIL,Y79G54,2,0.7349
ZVZ8V890,60 Y MAS,activo,218731.461,GOLD,SOIL,90LD2,4,0.3919
L9L8FAVLZ,07 A 11,IMPAGO,243753.995,#N/D,VIKING ARMOUR,B92375,N,0.7009
LV8VZ0Z9,07 A 11,IMPAGO,,#N/D,DRAGONS,JSF89A,#N/D,0.9612
FA00L4Z4Z,00 A 06,IMPAGO,250225.34,#N/D,VIKING ARMOUR,B92375,N,0.4186
LLO8040Z4,12 A 23,IMPAGO,,#N/D,VIKING ARMOUR,Y79G54,#N/D,0.8455
LFA9049LOV,24 A 47,ACTIVO,347295.515,BITCOIN,VIKING ARMOUR,B92375,4,0.4188
LO0Z9FAVZFA,60 Y MAS,ACTIVO,123818.401,0,NAVAL,JSF89A,2,0.6903
V00L44LO8,48 A 60,IMPAGO,111307.134,0,DRAGONS,90LD2,2,0.6997
L8900LOZ0,07 A 11,ACTIVO,273953.605,GOLD,VIKING ARMOUR,B92375,N,0.6224
LVVFA404LO,12 A 23,BAJA,353766.86,ETHER,VIKING ARMOUR,Y79G54,2,0.1936
L90LO4089,00 A 06,ACTIVO,258853.8,BITCOIN,SPURS,Y79G54,N,0.8965
LZLOLFA00L,24 A 47,IMPAGO,150998.05,TYP2,DRAGONS,Y79G54,2,0.313
LVFAVFALO,12 A 23,BAJA,,#N/D,VIKING ARMOUR,B92375,#N/D,0.0467
L4ZZ940Z,24 A 47,ACTIVO,196297.465,0,SOIL,Y79G54,2,0.6851
LO0ZLOV90Z,60 Y MAS,ACTIVO,156606.549,0,DRAGONS,90LD2,2,0.8482
LFA0ZV8LO8,24 A 47,ACTIVO,159626.51,0,SOIL,Y79G54,1,0.5186
900Z89FAFA,60 Y MAS,activo,,#N/D,SPURS,90LD2,#N/D,0.1174
V00880FAL,12 A 23,IMPAGO,,#N/D,#N/D,#N/D,#N/D,0.9094
V0009V00,24 A 47,IMPAGO,427108.77,TYP2,VIKING ARMOUR,Y79G54,4,0.7186
80LLOVV84,60 Y MAS,BAJA,,#N/D,#N/D,#N/D,#N/D,0.6301
L9848V98,00 A 06,ACTIVO,168254.97,#N/D,VIKING ARMOUR,JSF89A,N,0.5215
LFALVLZFA0,24 A 47,BAJA,196297.465,ETHER,SOIL,Y79G54,2,0.9654
L9V4LO94L,00 A 06,ACTIVO,267482.26,0,VIKING ARMOUR,JSF89A,N,0.1358
L9L44L90,07 A 11,ACTIVO,187669.005,GOLD,SOIL,Y79G54,N,0.2576
LLO9800,00 A 06,ACTIVO,159626.51,#N/D,SOIL,Y79G54,N,0.0722
LFALO48FAZ8,24 A 47,IMPAGO,,#N/D,DRAGONS,Y79G54,#N/D,0.2816
L9L009FA0,00 A 06,IMPAGO,,#N/D,VIKING ARMOUR,B92375,#N/D,0.2697
LL098094,48 A 60,IMPAGO,,#N/D,#N/D,#N/D,#N/D,0.6251
L8LVFA04LO,12 A 23,BAJA,150998.05,GOLD,SOIL,Y79G54,2,0.5463
L4Z00VL8,24 A 47,IMPAGO,286896.295,GOLD,VIKING ARMOUR,B92375,4,0.4624
LV8FA4FA8Z,12 A 23,BAJA,194140.35,BITCOIN,VIKING ARMOUR,B92375,1,0.1246
LLOFA0FAZ04,24 A 47,BAJA,103541.52,BITCOIN,DRAGONS,B92375,2,0.1994
L9LZ4LOZ4,00 A 06,IMPAGO,,#N/D,#N/D,#N/D,#N/D,0.3727
LL00FAZ09,48 A 60,IMPAGO,250225.34,GOLD,VIKING ARMOUR,B92375,4,0.2363
FA0LFA440LO,00 A 06,IMPAGO,159626.51,0,SOIL,Y79G54,N,0.5682
8040984,60 Y MAS,IMPAGO,128132.631,GOLD,DRAGONS,90LD2,2,0.0231
8009FAZFA9,48 A 60,IMPAGO,,#N/D,VIKING ARMOUR,JSF89A,#N/D,0.0221
L94ZZLOL0,00 A 06,IMPAGO,,#N/D,#N/D,#N/D,#N/D,0.0706
L9L9L40V,00 A 06,IMPAGO,267482.26,#N/D,VIKING ARMOUR,Y79G54,N,0.958
L8VVFA98L,00 A 06,IMPAGO,,#N/D,VIKING ARMOUR,B92375,#N/D,0.4909
LVLOFA4Z89,12 A 23,IMPAGO,159626.51,0,SOIL,Y79G54,2,0.1919
900890VL,60 Y MAS,IMPAGO,,#N/D,SPURS,90LD2,#N/D,0.1081
L8LOLL8LO0,07 A 11,IMPAGO,,GOLD,DRAGONS,JSF89A,2,0.1507
FA0FA0FALLZ,00 A 06,IMPAGO,125112.67,0,SPURS,Y79G54,N,0.4635
V00FAZ9VLO,60 Y MAS,BAJA,207514.463,GOLD,DRAGONS,90LD2,2,0.3928
LLO9Z0Z0Z,12 A 23,IMPAGO,,#N/D,SPURS,Y79G54,#N/D,0.4139
L040FA8LO0,60 Y MAS,IMPAGO,310624.56,GOLD,VIKING ARMOUR,B92375,4,0.5335
LLO0V0LO94,12 A 23,IMPAGO,,#N/D,VIKING ARMOUR,B92375,#N/D,0.9772
LL8LOFAZVLO,24 A 47,IMPAGO,,#N/D,SOIL,Y79G54,#N/D,0.6966
LLOVLLO88L,12 A 23,IMPAGO,250225.34,ETHER,VIKING ARMOUR,B92375,2,0.5414
88VZZ08,60 Y MAS,activo,226497.075,GOLD,SPURS,Y79G54,4,0.5024
L8409FA4FA,07 A 11,IMPAGO,,#N/D,#N/D,#N/D,#N/D,0.5401
LFA400888,24 A 47,BAJA,170412.085,0,DRAGONS,B92375,2,0.9561
LFA000L00,24 A 47,IMPAGO,176883.43,0,DRAGONS,B92375,2,0.1502
ZZ0LO94LLO,60 Y MAS,IMPAGO,149272.358,GOLD,SOIL,90LD2,2,0.5959
FA00FA90LL,00 A 06,IMPAGO,261010.915,0,VIKING ARMOUR,JSF89A,N,0.1804
LLO40ZVLO8,24 A 47,IMPAGO,286896.295,0,VIKING ARMOUR,B92375,2,0.0996
L40Z408FA,24 A 47,BAJA,,#N/D,#N/D,#N/D,#N/D,0.2266
LL040FA80,48 A 60,BAJA,965956.097,USD,VIKING ARMOUR,Y79G54,6,0.1367
L90L09LOZ,00 A 06,IMPAGO,,#N/D,#N/D,#N/D,#N/D,0.3564
LVFAFALO848,12 A 23,IMPAGO,,#N/D,DRAGONS,B92375,#N/D,0.6111
LFAZMFAL,00 A 06,IMPAGO,,#N/D,#N/D,#N/D,#N/D,0.3757
L90FAVL4L,07 A 11,IMPAGO,99227.29,#N/D,DRAGONS,B92375,N,0.3235
LV800000,12 A 23,activo,273953.605,0,VIKING ARMOUR,B92375,2,0.074
LLZLO0L0V,24 A 47,IMPAGO,314938.79,BITCOIN,VIKING ARMOUR,Y79G54,4,0.8538
LLOVLLO88L,12 A 23,ACTIVO,250225.34,ETHER,VIKING ARMOUR,B92375,2,0.0701
LZ404FALO9,24 A 47,IMPAGO,278267.835,0,VIKING ARMOUR,B92375,3,0.3227
L8LOZL0ZFA,07 A 11,IMPAGO,237282.65,#N/D,VIKING ARMOUR,B92375,2,0.8394
L4Z08FA9Z,24 A 47,activo,202768.81,0,NAVAL,B92375,2,0.7577
L00VLO0,48 A 60,IMPAGO,,#N/D,SPURS,Y79G54,#N/D,0.8329
L9LO08FAZ9,00 A 06,activo,,#N/D,VIKING ARMOUR,B92375,#N/D,0.1867
LFAV0LO9FALO,24 A 47,BAJA,276110.72,0,VIKING ARMOUR,Y79G54,3,0.86
LVFA09V94,12 A 23,IMPAGO,,#N/D,DRAGONS,Y79G54,#N/D,0.3847
LLO890ZMLO,12 A 23,IMPAGO,140212.475,0,DRAGONS,B92375,1,0.5368
ZZLO88LLL,60 Y MAS,IMPAGO,241596.88,USD,VIKING ARMOUR,B92375,4,0.4563
L480Z8LL,24 A 47,activo,312781.675,0,VIKING ARMOUR,Y79G54,4,0.4691
L48FAVLO94,24 A 47,BAJA,440051.46,BITCOIN,VIKING ARMOUR,Y79G54,4,0.944
9FA89VLL,60 Y MAS,ACTIVO,,#N/D,SOIL,Y79G54,#N/D,0.8724
FA00FA0V0FA,00 A 06,IMPAGO,172569.2,#N/D,SPURS,JSF89A,N,0.102
8LO8L0LO0,60 Y MAS,BAJA,303721.792,BITCOIN,NAVAL,90LD2,4,0.2442
L894VV08,07 A 11,ACTIVO,409851.85,#N/D,VIKING ARMOUR,Y79G54,N,0.8451
L0FAV9FA09,48 A 60,IMPAGO,269639.375,0,DRAGONS,Y79G54,3,0.1012
Z00FALO404,60 Y MAS,IMPAGO,250225.34,0,VIKING ARMOUR,B92375,4,0.184
FA04VVFA0V,00 A 06,activo,,#N/D,DRAGONS,JSF89A,#N/D,0.5002
V0L4V04V,24 A 47,activo,,#N/D,DRAGONS,90LD2,#N/D,0.9578
LV44LO89FA,12 A 23,IMPAGO,327881.48,0,VIKING ARMOUR,Y79G54,4,0.2863
LLOV0Z0VL,12 A 23,IMPAGO,,#N/D,#N/D,#N/D,#N/D,0.982
8V8LO9LO0,60 Y MAS,IMPAGO,314938.79,0,VIKING ARMOUR,Y79G54,4,0.0128
L09LO49FA4,48 A 60,BAJA,323567.25,0,VIKING ARMOUR,B92375,3,0.7483
L94VZV8Z,00 A 06,BAJA,245479.687,BITCOIN,VIKING ARMOUR,JSF89A,N,0.5935
VLFA0ZL0,60 Y MAS,BAJA,677334.11,BITCOIN,VIKING ARMOUR,Y79G54,6,0.0675
L8LO088LLO,07 A 11,ACTIVO,506922.025,ETHER,VIKING ARMOUR,Y79G54,4,0.7815
V4ZZZFA8,60 Y MAS,BAJA,495705.027,ETHER,VIKING ARMOUR,Y79G54,4,0.1261
9V08V0L,60 Y MAS,BAJA,207083.04,BITCOIN,SPURS,Y79G54,4,0.5561
L08ZLFA0V,48 A 60,BAJA,407694.735,0,VIKING ARMOUR,Y79G54,6,0.3245
LV800Z00,12 A 23,BAJA,327881.48,BITCOIN,VIKING ARMOUR,Y79G54,1,0.4558
LVFA8LVFAL,12 A 23,BAJA,207083.04,ETHER,SPURS,Y79G54,2,0.2296
L9LOZ89V0,00 A 06,IMPAGO,237282.65,#N/D,VIKING ARMOUR,B92375,N,0.9877
L8094000,07 A 11,IMPAGO,,#N/D,#N/D,#N/D,#N/D,0.2594
L8FAVZFAZ0,07 A 11,activo,273953.605,GOLD,VIKING ARMOUR,B92375,1,0.7834
LO08Z00ZFA,60 Y MAS,BAJA,239439.765,BITCOIN,NAVAL,B92375,4,0.3977
LVZLOVFALZ,12 A 23,IMPAGO,166097.855,0,DRAGONS,JSF89A,2,0.7316
90044FA9Z,60 Y MAS,activo,,#N/D,VIKING ARMOUR,90LD2,#N/D,0.0827
L09LOFA0ZL,48 A 60,IMPAGO,351609.745,0,VIKING ARMOUR,Y79G54,3,0.7849
FA0V44L,00 A 06,IMPAGO,,#N/D,VIKING ARMOUR,B92375,#N/D,0.677
LVZ889,12 A 23,BAJA,237282.65,ETHER,VIKING ARMOUR,B92375,2,0.8403
LFALO0LZ0Z,24 A 47,IMPAGO,103541.52,0,DRAGONS,B92375,1,0.605
Z00VZ84FA,60 Y MAS,IMPAGO,,#N/D,VIKING ARMOUR,B92375,#N/D,0.5339
LZZ88Z88,24 A 47,IMPAGO,286896.295,GOLD,VIKING ARMOUR,B92375,4,0.3136
L9ZVL0,00 A 06,activo,,#N/D,SOIL,Y79G54,#N/D,0.3179
L8ZLO8LZ8,07 A 11,IMPAGO,273953.605,ETHER,VIKING ARMOUR,B92375,1,0.1706
9L4VLLOZ,60 Y MAS,IMPAGO,664391.42,GOLD,VIKING ARMOUR,Y79G54,4,0.3777
L0Z800VL,48 A 60,BAJA,250225.34,ETHER,VIKING ARMOUR,B92375,4,0.672
L00LOLFAZM,60 Y MAS,IMPAGO,254539.57,0,SPURS,Y79G54,3,0.4517
LVZL0FA,12 A 23,IMPAGO,371023.78,0,VIKING ARMOUR,Y79G54,3,0.2566
LLO440ZZM,12 A 23,IMPAGO,103541.52,0,DRAGONS,B92375,1,0.2526
LFALOV88FAL,24 A 47,activo,198454.58,0,SPURS,Y79G54,3,0.1785
9FA40VV9,60 Y MAS,IMPAGO,,#N/D,SPURS,Y79G54,#N/D,0.1829
LVFALO8FAVFA,12 A 23,BAJA,250225.34,0,VIKING ARMOUR,B92375,1,0.7442
L9L08FALOFA,00 A 06,IMPAGO,217868.615,#N/D,SPURS,Y79G54,N,0.8828
8009LLOZLO,60 Y MAS,IMPAGO,237282.65,0,VIKING ARMOUR,B92375,2,0.0723
FA0VLOFA0LZ,00 A 06,activo,,#N/D,SOIL,Y79G54,#N/D,0.8849
L9L0LO844,07 A 11,IMPAGO,99227.29,#N/D,DRAGONS,B92375,N,0.7283
LLO9Z9004,12 A 23,BAJA,,#N/D,SPURS,Y79G54,#N/D,0.5661
Z0FA0FA0Z8,60 Y MAS,activo,,#N/D,DRAGONS,B92375,#N/D,0.5732
LL84FALOFAL,24 A 47,BAJA,405537.62,BITCOIN,VIKING ARMOUR,Y79G54,6,0.4814
L880VLO4Z,07 A 11,IMPAGO,,#N/D,VIKING ARMOUR,B92375,#N/D,0.4485
LZLL8944,24 A 47,BAJA,196297.465,BITCOIN,SOIL,Y79G54,2,0.7401
9000LV8Z,60 Y MAS,IMPAGO,1163116.408,0,VIKING ARMOUR,90LD2,2,0.3788
Z084VVZ8,60 Y MAS,IMPAGO,319253.02,GOLD,VIKING ARMOUR,Y79G54,4,0.1597
L00900L9,48 A 60,BAJA,263168.03,BITCOIN,DRAGONS,Y79G54,2,0.8503
L9Z9ZZ4V,00 A 06,IMPAGO,207083.04,#N/D,VIKING ARMOUR,B92375,N,0.4703
LLO0LV90FA,24 A 47,IMPAGO,286896.295,0,VIKING ARMOUR,B92375,1,0.502
V00LOVFAFA4,48 A 60,IMPAGO,132015.438,0,DRAGONS,90LD2,2,0.0175
VFA08LVV,60 Y MAS,activo,195003.196,BITCOIN,DRAGONS,90LD2,2,0.8099
L908L8LO8,07 A 11,IMPAGO,157469.395,#N/D,SPURS,Y79G54,N,0.7226
L9ZV0Z94,00 A 06,IMPAGO,157469.395,#N/D,SPURS,Y79G54,N,0.9798
LZV4Z04Z,24 A 47,BAJA,375338.01,ETHER,SPURS,Y79G54,4,0.4712
L0LO048VZ,60 Y MAS,IMPAGO,286896.295,USD,VIKING ARMOUR,B92375,4,0.5575
LLOFAL0LO04,12 A 23,IMPAGO,189826.12,USD,SPURS,Y79G54,2,0.0879
V0L8FAV00,12 A 23,IMPAGO,,#N/D,#N/D,#N/D,#N/D,0.4761
L0V040,00 A 06,activo,194140.35,GOLD,SOIL,Y79G54,N,0.7877
L8L44Z84,07 A 11,activo,,#N/D,SPURS,Y79G54,#N/D,0.5747
L8094FA44,07 A 11,IMPAGO,273953.605,#N/D,VIKING ARMOUR,B92375,1,0.7511
LL09Z94L,48 A 60,IMPAGO,,#N/D,DRAGONS,B92375,#N/D,0.5771
L9FAFAV089,00 A 06,activo,,#N/D,VIKING ARMOUR,B92375,#N/D,0.9809
L848LLO80,07 A 11,IMPAGO,,#N/D,SPURS,Y79G54,#N/D,0.5096
LFA809L4LO,24 A 47,BAJA,,#N/D,#N/D,#N/D,#N/D,0.1381
LVLO4VFAL8,12 A 23,IMPAGO,,#N/D,#N/D,#N/D,#N/D,0.2157
L80V984Z,12 A 23,BAJA,172569.2,GOLD,SPURS,Y79G54,2,0.3516
L8LO4LOVV0,07 A 11,IMPAGO,273953.605,#N/D,VIKING ARMOUR,B92375,2,0.5232
LVFAL004Z,12 A 23,IMPAGO,,#N/D,#N/D,#N/D,#N/D,0.5435
VLO0FA9FAL,60 Y MAS,activo,403380.505,ETHER,NAVAL,90LD2,6,0.5202
L48LOVLFAFA,24 A 47,BAJA,189826.12,0,SPURS,Y79G54,3,0.6321
LVLO009FA4,12 A 23,activo,129426.9,0,DRAGONS,JSF89A,2,0.944
L880LFA40,07 A 11,activo,181197.66,TYP2,SPURS,Y79G54,N,0.9377
L8VL0FA04,07 A 11,IMPAGO,289053.41,#N/D,VIKING ARMOUR,Y79G54,N,0.3196
L98FA84,00 A 06,IMPAGO,237282.65,0,VIKING ARMOUR,B92375,N,0.5767
ZZLO04VFA8,60 Y MAS,activo,,#N/D,SPURS,Y79G54,#N/D,0.7935
ZVLO080LO0,48 A 60,BAJA,150998.05,GOLD,DRAGONS,90LD2,2,0.048
LZ4FALZ90,24 A 47,IMPAGO,198454.58,0,VIKING ARMOUR,JSF89A,1,0.7338
LZMLOFA9LO9,12 A 23,IMPAGO,353766.86,0,VIKING ARMOUR,Y79G54,3,0.6613
LL4LLO004,48 A 60,BAJA,323567.25,0,VIKING ARMOUR,B92375,4,0.053
LVFAL00,12 A 23,IMPAGO,310624.56,GOLD,VIKING ARMOUR,Y79G54,4,0.971
80LL0V0FA,48 A 60,BAJA,93187.368,0,DRAGONS,90LD2,1,0.366
LLOVZ940LO,12 A 23,BAJA,286896.295,TYP2,VIKING ARMOUR,B92375,2,0.3735
LVZ0ZV0Z,12 A 23,IMPAGO,243753.995,TYP2,SPURS,Y79G54,4,0.3102
V0LFA8LOFAZ,24 A 47,IMPAGO,126838.362,0,DRAGONS,90LD2,2,0.6157
L8VLO049LO,07 A 11,IMPAGO,157469.395,#N/D,SPURS,Y79G54,N,0.6915
LL09LLO0FA,48 A 60,BAJA,,#N/D,#N/D,#N/D,#N/D,0.9615
LZ4Z0FAZFA,24 A 47,BAJA,396909.16,BITCOIN,VIKING ARMOUR,Y79G54,6,0.4106
FA00ZL009,00 A 06,IMPAGO,232968.42,#N/D,SPURS,Y79G54,N,0.6593
LFALO0FA0LLO,24 A 47,BAJA,,#N/D,#N/D,#N/D,#N/D,0.9926
LV9094FALO,07 A 11,IMPAGO,,#N/D,VIKING ARMOUR,B92375,#N/D,0.8343
L0LO4LO0,48 A 60,BAJA,,#N/D,SPURS,Y79G54,#N/D,0.7053
L9L0LO049,07 A 11,activo,120798.44,GOLD,SPURS,Y79G54,N,0.9367
FAZFA4V00,60 Y MAS,BAJA,232968.42,BITCOIN,DRAGONS,Y79G54,2,0.3112
80FALO040,60 Y MAS,IMPAGO,207083.04,ETHER,SPURS,Y79G54,2,0.5257
900FA00LL,60 Y MAS,activo,,#N/D,SPURS,90LD2,#N/D,0.2936
98ZM4FA0,60 Y MAS,IMPAGO,,#N/D,#N/D,#N/D,#N/D,0.802
L40LO84V8,24 A 47,IMPAGO,258853.8,0,NAVAL,B92375,4,0.5354
FA004ZLLFA,00 A 06,IMPAGO,215711.5,#N/D,VIKING ARMOUR,B92375,N,0.1534
LV0LO0VV9,12 A 23,BAJA,,#N/D,#N/D,#N/D,#N/D,0.7168
9FA0FALLV,60 Y MAS,activo,286896.295,GOLD,VIKING ARMOUR,B92375,4,0.4189
FA04VV9V0,00 A 06,IMPAGO,,#N/D,VIKING ARMOUR,Y79G54,#N/D,0.9729
LLO4LLO0LLO,24 A 47,BAJA,159626.51,0,SOIL,Y79G54,1,0.5386
900L0ZZ,60 Y MAS,BAJA,72910.487,USD,SOIL,90LD2,2,0.3558
L8000FAV0,07 A 11,IMPAGO,,#N/D,#N/D,#N/D,#N/D,0.3156
L9LO40LZLO,07 A 11,IMPAGO,267482.26,0,VIKING ARMOUR,JSF89A,N,0.2813
LVVLLL4FA,12 A 23,IMPAGO,,#N/D,VIKING ARMOUR,B92375,#N/D,0.3269
FA0V000FALO,00 A 06,IMPAGO,,#N/D,SPURS,Y79G54,#N/D,0.589
LLO8LO0FAFAFA,12 A 23,IMPAGO,368866.665,ETHER,VIKING ARMOUR,Y79G54,4,0.4008
FA0LLZ4Z8,00 A 06,IMPAGO,189826.12,0,SPURS,Y79G54,N,0.9303
L8LLOZFA0L,07 A 11,activo,,#N/D,VIKING ARMOUR,Y79G54,#N/D,0.2336
FA0LOL0VLO4,00 A 06,IMPAGO,,#N/D,DRAGONS,B92375,#N/D,0.2764
L0FA0LO490,60 Y MAS,IMPAGO,,#N/D,#N/D,#N/D,#N/D,0.954
V9FA009L,60 Y MAS,BAJA,388280.7,BITCOIN,VIKING ARMOUR,Y79G54,6,0.4451
LZLOVL440,24 A 47,IMPAGO,364552.435,BITCOIN,VIKING ARMOUR,Y79G54,3,0.2601
L9LO0L48L,00 A 06,activo,,#N/D,SPURS,Y79G54,#N/D,0.3081
LV804VZ0,12 A 23,IMPAGO,327881.48,BITCOIN,VIKING ARMOUR,Y79G54,2,0.5204
L048FA88Z,48 A 60,IMPAGO,,#N/D,#N/D,#N/D,#N/D,0.9414
LO04L48VLO,60 Y MAS,activo,,#N/D,DRAGONS,90LD2,#N/D,0.7142
L980LOLL0,00 A 06,IMPAGO,129426.9,0,DRAGONS,JSF89A,N,0.8763
Z0VLOV9Z0,60 Y MAS,BAJA,250225.34,0,VIKING ARMOUR,B92375,4,0.7798
L84ZMZ0V,07 A 11,IMPAGO,,#N/D,#N/D,#N/D,#N/D,0.3778
LFA00VL0Z,24 A 47,IMPAGO,,#N/D,VIKING ARMOUR,Y79G54,#N/D,0.9448
LLO0LO9LO44,24 A 47,BAJA,159626.51,TYP2,SOIL,Y79G54,2,0.3205
L9FA0LFAZZ,07 A 11,BAJA,181197.66,BITCOIN,SPURS,Y79G54,N,0.7783
VZMFALFA8,60 Y MAS,BAJA,500450.68,BITCOIN,VIKING ARMOUR,Y79G54,4,0.6957
L9Z0LO9LOV,00 A 06,IMPAGO,,#N/D,VIKING ARMOUR,B92375,#N/D,0.9469
V08L9L94,60 Y MAS,IMPAGO,156175.126,BITCOIN,VIKING ARMOUR,90LD2,2,0.7956
FA0FA44Z04,00 A 06,IMPAGO,,#N/D,VIKING ARMOUR,B92375,#N/D,0.0388
900FALOZ00,24 A 47,BAJA,,#N/D,SPURS,90LD2,#N/D,0.4337
900V4LOFA4,24 A 47,IMPAGO,,#N/D,SPURS,90LD2,#N/D,0.3202
L40ZLOV0FA,24 A 47,BAJA,,#N/D,#N/D,#N/D,#N/D,0.6039
LLO9LO0FAFAFA,12 A 23,IMPAGO,237282.65,BITCOIN,VIKING ARMOUR,B92375,2,0.2318
L0Z0FA04V,48 A 60,BAJA,,#N/D,#N/D,#N/D,#N/D,0.6594
L9ZMV0,00 A 06,IMPAGO,237282.65,#N/D,VIKING ARMOUR,B92375,N,0.2271
LFAZMLO894,24 A 47,BAJA,,#N/D,#N/D,#N/D,#N/D,0.8499
LVFALOV0V0,12 A 23,IMPAGO,323567.25,ETHER,VIKING ARMOUR,B92375,4,0.3245
LVVLO9898,12 A 23,BAJA,129426.9,0,DRAGONS,JSF89A,2,0.1262
L9L04VLO4,07 A 11,activo,,#N/D,SPURS,Y79G54,#N/D,0.807
LO4V4LFA4,60 Y MAS,activo,,#N/D,SPURS,Y79G54,#N/D,0.4946
LZLO8VZMFA,24 A 47,activo,,#N/D,VIKING ARMOUR,Y79G54,#N/D,0.2741
L8FA4FA040,07 A 11,IMPAGO,150998.05,#N/D,SOIL,Y79G54,1,0.478
L8FALZ4,07 A 11,BAJA,146683.82,BITCOIN,SPURS,JSF89A,1,0.173
L9Z09Z00,00 A 06,IMPAGO,,#N/D,VIKING ARMOUR,Y79G54,#N/D,0.4998
LLOV0Z9LO9,12 A 23,activo,571635.475,GOLD,VIKING ARMOUR,Y79G54,4,0.5526
L0ZMLFA9Z,48 A 60,BAJA,241596.88,0,SPURS,Y79G54,3,0.0574
L80FA08LO0,07 A 11,BAJA,,#N/D,#N/D,#N/D,#N/D,0.5406
FA0L0Z89Z,00 A 06,IMPAGO,189826.12,#N/D,SPURS,Y79G54,N,0.586
ZLOFA40009,60 Y MAS,BAJA,101815.828,GOLD,SOIL,90LD2,2,0.1164
L88FA9LO0V,07 A 11,activo,181197.66,#N/D,SPURS,Y79G54,N,0.2832
V00FAZLO0V,60 Y MAS,IMPAGO,126838.362,0,DRAGONS,90LD2,2,0.1818
LZ00LZFA4,24 A 47,IMPAGO,,#N/D,VIKING ARMOUR,B92375,#N/D,0.316
ZZ48V8VLO,60 Y MAS,IMPAGO,170412.085,GOLD,DRAGONS,B92375,2,0.1507
LZ0FA08FA0,24 A 47,BAJA,103541.52,TYP2,DRAGONS,B92375,2,0.0137
LZ0L000Z,24 A 47,activo,159626.51,BITCOIN,SOIL,Y79G54,1,0.9565
V0LFALO090,60 Y MAS,IMPAGO,176883.43,0,DRAGONS,B92375,1,0.939
LFA4V89Z4,24 A 47,IMPAGO,,#N/D,#N/D,#N/D,#N/D,0.0572
900V4LZ0,24 A 47,BAJA,,#N/D,VIKING ARMOUR,90LD2,#N/D,0.4948
L9FA9Z98Z,00 A 06,BAJA,202768.81,BITCOIN,SOIL,Y79G54,N,0.0527
LL4V4ZFAZ,48 A 60,IMPAGO,,#N/D,SPURS,Y79G54,#N/D,0.5108
V008Z0ZZ,60 Y MAS,BAJA,240302.611,BITCOIN,VIKING ARMOUR,90LD2,4,0.9991
LO0ZM098V,48 A 60,ACTIVO,97070.175,0,DRAGONS,90LD2,2,0.9725
80040V90,60 Y MAS,BAJA,,#N/D,#N/D,#N/D,#N/D,0.6932
804ZFAZ0,60 Y MAS,IMPAGO,345138.4,USD,VIKING ARMOUR,Y79G54,4,0.6658
LV00ZFAVFA,12 A 23,BAJA,146683.82,BITCOIN,NAVAL,JSF89A,2,0.682
9000FALLLO,12 A 23,IMPAGO,367140.973,0,VIKING ARMOUR,90LD2,1,0.7738
LFA4Z9L,24 A 47,BAJA,319253.02,ETHER,VIKING ARMOUR,Y79G54,4,0.9591
L90FALLOFAL,00 A 06,IMPAGO,468093.955,#N/D,VIKING ARMOUR,Y79G54,N,0.9991
L8L80LO0FA,07 A 11,ACTIVO,273953.605,#N/D,VIKING ARMOUR,B92375,2,0.209
L048LO98LO,60 Y MAS,IMPAGO,301996.1,ETHER,VIKING ARMOUR,B92375,4,0.4994
900840ZZ,24 A 47,IMPAGO,246342.533,0,VIKING ARMOUR,90LD2,2,0.8226
L80FALO000,07 A 11,activo,402086.236,#N/D,VIKING ARMOUR,Y79G54,4,0.964
L00LO,00 A 06,IMPAGO,237282.65,#N/D,VIKING ARMOUR,B92375,N,0.0113
FA0ZMLO9L8,00 A 06,IMPAGO,,#N/D,VIKING ARMOUR,B92375,#N/D,0.498
L8000LO00,07 A 11,IMPAGO,,#N/D,VIKING ARMOUR,B92375,#N/D,0.5715
L9L0VZM0,00 A 06,IMPAGO,172569.2,#N/D,DRAGONS,B92375,N,0.6872
FA04LLO4V0,00 A 06,ACTIVO,,#N/D,SPURS,Y79G54,#N/D,0.3783
L8ZLV0LO8,07 A 11,IMPAGO,230811.305,0,SOIL,Y79G54,0,0.6885
L4L0VL49,24 A 47,activo,312781.675,0,SOIL,Y79G54,4,0.4149
LVZFALO9LO9,12 A 23,IMPAGO,310624.56,0,VIKING ARMOUR,Y79G54,3,0.9711
FA04LOZ0ZL,00 A 06,IMPAGO,,#N/D,SPURS,Y79G54,#N/D,0.3707
FA0FAVZVFA9,00 A 06,IMPAGO,250225.34,0,VIKING ARMOUR,B92375,N,0.6484
LZM00LOLV,12 A 23,ACTIVO,250225.34,ETHER,VIKING ARMOUR,B92375,2,0.3244
L09LO8LO4L,48 A 60,BAJA,207083.04,GOLD,SPURS,Y79G54,4,0.949
FA0VL9448,00 A 06,IMPAGO,,#N/D,DRAGONS,JSF89A,#N/D,0.7087
FA0LO0Z4VLO,00 A 06,IMPAGO,,#N/D,SPURS,Y79G54,#N/D,0.7386
ZZLLOZ90L,60 Y MAS,BAJA,286896.295,0,VIKING ARMOUR,B92375,4,0.5152
LZ00FALLO0,24 A 47,IMPAGO,364552.435,ETHER,VIKING ARMOUR,Y79G54,4,0.5941
L0948Z88,48 A 60,IMPAGO,250225.34,ETHER,VIKING ARMOUR,B92375,2,0.4769
90080FA0,60 Y MAS,ACTIVO,241596.88,0,SPURS,Y79G54,6,0.8359
ZZ0FA8VZ4,48 A 60,IMPAGO,97070.175,GOLD,DRAGONS,90LD2,2,0.6027
LFAFALO0L8Z,24 A 47,ACTIVO,228654.19,0,NAVAL,B92375,2,0.7929
LLFAZMZFA8,48 A 60,ACTIVO,241596.88,BITCOIN,SPURS,Y79G54,4,0.7875
L49V8000,24 A 47,BAJA,314938.79,0,VIKING ARMOUR,B92375,4,0.7362
L0009LFAV,60 Y MAS,IMPAGO,250225.34,BITCOIN,DRAGONS,B92375,2,0.8939
ZZVLOFALO9LO,60 Y MAS,IMPAGO,,#N/D,NAVAL,90LD2,#N/D,0.4713
L4FAFAFA088,24 A 47,BAJA,258853.8,USD,NAVAL,B92375,4,0.0186
LLO00VFA00,24 A 47,IMPAGO,,#N/D,VIKING ARMOUR,B92375,#N/D,0.1067
L00Z9L0V,48 A 60,ACTIVO,379652.24,BITCOIN,VIKING ARMOUR,Y79G54,4,0.4704
LV900FAZ0,07 A 11,activo,,#N/D,VIKING ARMOUR,Y79G54,#N/D,0.3408
LO0ZFAV9L4,60 Y MAS,IMPAGO,286896.295,GOLD,VIKING ARMOUR,B92375,4,0.445
L494FA40FA,24 A 47,ACTIVO,207083.04,0,SPURS,Y79G54,4,0.6022
V00VFA94FA,48 A 60,IMPAGO,,#N/D,#N/D,#N/D,#N/D,0.0034
V8840LZ,60 Y MAS,ACTIVO,358081.09,GOLD,VIKING ARMOUR,Y79G54,4,0.4891
FA0FAFA00VZ,00 A 06,IMPAGO,250225.34,0,VIKING ARMOUR,B92375,N,0.4763
L00LLO8FAV,60 Y MAS,BAJA,347295.515,GOLD,VIKING ARMOUR,Y79G54,4,0.1828
980LOL49,60 Y MAS,IMPAGO,,#N/D,#N/D,#N/D,#N/D,0.2557
LZZ8FALOL4,24 A 47,BAJA,481036.645,BITCOIN,VIKING ARMOUR,Y79G54,6,0.8698
L8VZL0L9,07 A 11,IMPAGO,217868.615,#N/D,SPURS,Y79G54,N,0.6613
L08ZFA0LO0,48 A 60,IMPAGO,228654.19,GOLD,NAVAL,B92375,2,0.533
L94Z088L,00 A 06,IMPAGO,230811.305,TYP2,SOIL,Y79G54,N,0.358
LFA9ZLVZ0,24 A 47,IMPAGO,286896.295,GOLD,VIKING ARMOUR,B92375,4,0.0498
V080ZM8V,60 Y MAS,ACTIVO,161783.625,BITCOIN,VIKING ARMOUR,JSF89A,2,0.0623
L8000LOZV,07 A 11,IMPAGO,,#N/D,DRAGONS,JSF89A,#N/D,0.0976
LZMLOVFAZ8,12 A 23,IMPAGO,250225.34,BITCOIN,VIKING ARMOUR,B92375,2,0.7765
LVLOZ8Z4V,12 A 23,IMPAGO,417186.041,0,VIKING ARMOUR,Y79G54,2,0.2398
FA0ZFA9884,00 A 06,activo,,#N/D,SPURS,Y79G54,#N/D,0.0227
900LOFA0LL,12 A 23,BAJA,,#N/D,SPURS,90LD2,#N/D,0.4402
Z00LZLZLO,60 Y MAS,IMPAGO,276110.72,0,VIKING ARMOUR,Y79G54,3,0.609
L88VLL48,07 A 11,IMPAGO,237282.65,#N/D,VIKING ARMOUR,B92375,N,0.6352
L9LO0V009,00 A 06,ACTIVO,120798.44,#N/D,SPURS,Y79G54,N,0.0267
LLO0FAVFALO4,12 A 23,IMPAGO,,#N/D,#N/D,#N/D,#N/D,0.2648
LZ8008,24 A 47,IMPAGO,323135.827,0,VIKING ARMOUR,B92375,4,0.8072
LFAFA9L8,24 A 47,IMPAGO,,#N/D,SPURS,Y79G54,#N/D,0.298
LVL4Z0VL,12 A 23,IMPAGO,,#N/D,DRAGONS,B92375,#N/D,0.3604
L0080V44,48 A 60,IMPAGO,140212.475,TYP2,DRAGONS,B92375,2,0.8446
LFAFAZVZ80,24 A 47,BAJA,,#N/D,#N/D,#N/D,#N/D,0.1973
LLO889ZZZ,12 A 23,IMPAGO,146683.82,0,NAVAL,JSF89A,2,0.0695
L8090094,12 A 23,ACTIVO,150998.05,GOLD,SOIL,Y79G54,1,0.8326
900FA0000,07 A 11,activo,,#N/D,SPURS,90LD2,#N/D,0.6857
8LOVLO00V,60 Y MAS,BAJA,,#N/D,#N/D,#N/D,#N/D,0.4294
ZVLOFA0FA0LO,24 A 47,activo,491822.22,BITCOIN,VIKING ARMOUR,Y79G54,4,0.6414
VFA80ZVLO,60 Y MAS,BAJA,,#N/D,#N/D,#N/D,#N/D,0.3818
L409FALLO4,24 A 47,activo,,#N/D,VIKING ARMOUR,Y79G54,#N/D,0.3466
8004VZL4,60 Y MAS,BAJA,208808.732,ETHER,SPURS,90LD2,4,0.7323
LLO4V4FAL8,24 A 47,activo,,#N/D,SOIL,Y79G54,#N/D,0.6455
L4900LV0,24 A 47,BAJA,278267.835,0,VIKING ARMOUR,B92375,3,0.2887
LL480LOV0,24 A 47,BAJA,,#N/D,#N/D,#N/D,#N/D,0.5072
FA048L4,00 A 06,IMPAGO,,#N/D,SOIL,Y79G54,#N/D,0.1462
L9400848,00 A 06,IMPAGO,273953.605,TYP2,VIKING ARMOUR,B92375,N,0.8126
L8ZLOFAFA4LO,07 A 11,activo,237282.65,ETHER,VIKING ARMOUR,B92375,2,0.9718
LFA908LOV0,24 A 47,BAJA,,#N/D,#N/D,#N/D,#N/D,0.7869
L009LFA,00 A 06,activo,159626.51,GOLD,SOIL,Y79G54,N,0.3072
FA0L9L4L9,00 A 06,IMPAGO,172569.2,0,SPURS,JSF89A,N,0.562
ZZVZ0Z98,60 Y MAS,BAJA,435737.23,GOLD,VIKING ARMOUR,B92375,6,0.2221
90LZZM0LO,24 A 47,activo,,#N/D,VIKING ARMOUR,90LD2,#N/D,0.107
L00ZLO0V0,60 Y MAS,IMPAGO,286896.295,0,VIKING ARMOUR,B92375,4,0.1267
L0V0LLOVZ,60 Y MAS,BAJA,140212.475,0,DRAGONS,B92375,2,0.005
LV04ZLZFA,12 A 23,IMPAGO,,#N/D,#N/D,#N/D,#N/D,0.7324
L9FAFAFA9Z0,00 A 06,IMPAGO,,#N/D,SPURS,Y79G54,#N/D,0.0267
LVZM4980,12 A 23,IMPAGO,,#N/D,SOIL,Y79G54,#N/D,0.2316
LLO00FAFAFALO,12 A 23,IMPAGO,,#N/D,#N/D,#N/D,#N/D,0.5182
LZZ9FA04V,24 A 47,IMPAGO,,#N/D,DRAGONS,Y79G54,#N/D,0.6194
FA00FA8V44,00 A 06,IMPAGO,189826.12,#N/D,SPURS,Y79G54,N,0.7012
LZZ48Z40,24 A 47,IMPAGO,189826.12,ETHER,#N/D,#N/D,4,0.1539
LLLO00LO80,24 A 47,BAJA,353766.86,0,VIKING ARMOUR,Y79G54,3,0.8528
Z09LV8LFA,60 Y MAS,IMPAGO,,#N/D,VIKING ARMOUR,Y79G54,#N/D,0.68
989FAV9,60 Y MAS,BAJA,167392.124,TYP2,DRAGONS,90LD2,2,0.3536
L84880ZFA,07 A 11,IMPAGO,360238.205,#N/D,VIKING ARMOUR,Y79G54,4,0.4207
L8FALOV080,12 A 23,BAJA,289053.41,BITCOIN,VIKING ARMOUR,Y79G54,1,0.5094
L9ZL98L4,00 A 06,activo,,#N/D,SPURS,Y79G54,#N/D,0.6758
LLO0984Z0,12 A 23,IMPAGO,103541.52,GOLD,DRAGONS,B92375,1,0.047
LLLZ8ZLZ,48 A 60,IMPAGO,,#N/D,#N/D,#N/D,#N/D,0.566
V09FA4FA4FA,60 Y MAS,IMPAGO,,#N/D,VIKING ARMOUR,90LD2,#N/D,0.6044
FA0LLLO440,00 A 06,activo,310193.137,0,VIKING ARMOUR,B92375,N,0.3718
8Z4ZZM8,60 Y MAS,BAJA,325724.365,ETHER,VIKING ARMOUR,Y79G54,4,0.9173
L9V4909V,00 A 06,activo,150998.05,ETHER,SOIL,Y79G54,N,0.1236
L80LO9ZL4,12 A 23,IMPAGO,371023.78,ETHER,VIKING ARMOUR,Y79G54,2,0.023
L9ZMZ04FA,00 A 06,IMPAGO,150998.05,BITCOIN,SOIL,Y79G54,N,0.1819
LV94LL90,07 A 11,activo,,#N/D,SOIL,Y79G54,#N/D,0.4173
LVFA9LO8LOL,12 A 23,activo,207083.04,BITCOIN,DRAGONS,Y79G54,2,0.8724
LZ9LOFA4,24 A 47,IMPAGO,353766.86,GOLD,VIKING ARMOUR,Y79G54,4,0.1364
8LZ0ZFA0,60 Y MAS,BAJA,841274.85,TYP2,VIKING ARMOUR,90LD2,6,0.65
L90V804LO,07 A 11,IMPAGO,289053.41,#N/D,VIKING ARMOUR,Y79G54,N,0.5016
LVL4V0,00 A 06,IMPAGO,250225.34,#N/D,VIKING ARMOUR,B92375,N,0.8075
L40LOZLVV,24 A 47,IMPAGO,196297.465,0,#N/D,#N/D,1,0.3979
FA0LLOFAV9Z,00 A 06,activo,125112.67,0,SPURS,Y79G54,N,0.3324
LZLOVVLOFAV,24 A 47,BAJA,226497.075,ETHER,SPURS,Y79G54,4,0.9564
L90LZVLV,07 A 11,activo,237282.65,#N/D,VIKING ARMOUR,B92375,N,0.7943
FA984LO,60 Y MAS,IMPAGO,198454.58,TYP2,SPURS,Y79G54,4,0.6632
L8V90Z9L,00 A 06,IMPAGO,,#N/D,#N/D,#N/D,#N/D,0.6434
LZFA80489,24 A 47,BAJA,170412.085,BITCOIN,DRAGONS,B92375,2,0.3628
LV08Z808,12 A 23,IMPAGO,,#N/D,VIKING ARMOUR,Y79G54,#N/D,0.6634
L4FAV4V08,24 A 47,BAJA,267482.26,GOLD,VIKING ARMOUR,B92375,4,0.5743
L4988Z,24 A 47,IMPAGO,,#N/D,VIKING ARMOUR,Y79G54,#N/D,0.7939
940LZ84,60 Y MAS,IMPAGO,,#N/D,#N/D,#N/D,#N/D,0.9925
LV0V0088,12 A 23,IMPAGO,,#N/D,#N/D,#N/D,#N/D,0.9687
LV0LOVZFAFA,12 A 23,IMPAGO,,#N/D,VIKING ARMOUR,Y79G54,#N/D,0.1357
L840ZFA4FA,07 A 11,activo,,0,DRAGONS,JSF89A,2,0.9661
Z00ZVFAL0,60 Y MAS,IMPAGO,323567.25,ETHER,VIKING ARMOUR,B92375,4,0.3813
Z0FA4LOFA88,60 Y MAS,IMPAGO,120798.44,GOLD,SPURS,Y79G54,2,0.4626
LLO9L0V88,12 A 23,IMPAGO,209240.155,0,SPURS,JSF89A,3,0.2442
L890L880,00 A 06,IMPAGO,,#N/D,SPURS,Y79G54,#N/D,0.3096
L9LLOLZ80,00 A 06,BAJA,325724.365,0,VIKING ARMOUR,JSF89A,N,0.2967
LL90LOV0L,24 A 47,BAJA,207083.04,0,SPURS,Y79G54,3,0.2914
L900Z94V,07 A 11,activo,181197.66,#N/D,SPURS,Y79G54,N,0.7033
LLO98FA4V4,12 A 23,BAJA,258853.8,BITCOIN,SPURS,Y79G54,2,0.0194
LZLOFA0880,24 A 47,IMPAGO,351609.745,TYP2,VIKING ARMOUR,Y79G54,6,0.7171
L8VLZ80V,07 A 11,IMPAGO,181197.66,#N/D,SPURS,Y79G54,N,0.4274
L9LOVV0L8,00 A 06,IMPAGO,150998.05,GOLD,SOIL,Y79G54,N,0.0826
L400LO9V0,24 A 47,BAJA,,#N/D,#N/D,#N/D,#N/D,0.2783
L8804FA0FA,00 A 06,IMPAGO,,#N/D,SPURS,Y79G54,#N/D,0.1192
900VLO8FAL,60 Y MAS,activo,,#N/D,SPURS,90LD2,#N/D,0.5663
LLOVV0494,12 A 23,activo,286896.295,GOLD,VIKING ARMOUR,B92375,2,0.6912
FA000FALOL4,00 A 06,IMPAGO,159626.51,GOLD,SOIL,Y79G54,N,0.4453
LLOV84989,12 A 23,activo,103541.52,GOLD,DRAGONS,B92375,2,0.142
L4V0Z80Z,24 A 47,activo,168254.97,GOLD,DRAGONS,JSF89A,2,0.264
L9LO808FA8,00 A 06,activo,120798.44,#N/D,SPURS,Y79G54,N,0.6884
L98L098L,00 A 06,IMPAGO,150998.05,#N/D,SOIL,Y79G54,N,0.4124
880FA0L9,60 Y MAS,BAJA,,#N/D,#N/D,#N/D,#N/D,0.074
L44ZZ0LO9,24 A 47,IMPAGO,,#N/D,VIKING ARMOUR,Y79G54,#N/D,0.563
V0ZZ4L,60 Y MAS,BAJA,150998.05,GOLD,DRAGONS,Y79G54,2,0.4808
L9FAVZLVV,00 A 06,IMPAGO,120798.44,0,DRAGONS,JSF89A,N,0.5907
LL8LZM4Z,24 A 47,IMPAGO,,#N/D,VIKING ARMOUR,B92375,#N/D,0.7696
LV48L890,12 A 23,IMPAGO,,#N/D,VIKING ARMOUR,B92375,#N/D,0.2041
L8L409Z9,07 A 11,IMPAGO,,#N/D,#N/D,#N/D,#N/D,0.0382
LLOV08ZZM,12 A 23,BAJA,125112.67,BITCOIN,VIKING ARMOUR,JSF89A,2,0.6058
LL4ZZ0Z8,48 A 60,IMPAGO,,#N/D,SPURS,Y79G54,#N/D,0.9831
L0FAZZ80Z,48 A 60,BAJA,629877.58,0,VIKING ARMOUR,Y79G54,6,0.6647
LVV9ZL0LO,12 A 23,IMPAGO,,#N/D,DRAGONS,Y79G54,#N/D,0.8328
ZZ4Z8LO80,60 Y MAS,BAJA,392594.93,GOLD,VIKING ARMOUR,Y79G54,6,0.3305
LZ8890ZV,24 A 47,IMPAGO,530650.29,GOLD,VIKING ARMOUR,Y79G54,4,0.6769
FA0008044,00 A 06,IMPAGO,159626.51,#N/D,SOIL,Y79G54,N,0.6878
L9L00V0FA,00 A 06,IMPAGO,181197.66,#N/D,SPURS,Y79G54,N,0.6461
LVZFALO008,12 A 23,IMPAGO,286896.295,0,VIKING ARMOUR,B92375,1,0.0394
900890LOFA,60 Y MAS,BAJA,,#N/D,VIKING ARMOUR,90LD2,#N/D,0.2665
FA048FA088,00 A 06,IMPAGO,,#N/D,SOIL,Y79G54,#N/D,0.1459
LLOFA8Z80FA,12 A 23,IMPAGO,304153.215,GOLD,VIKING ARMOUR,B92375,4,0.8068
LZFALLOFALO4,24 A 47,IMPAGO,228654.19,0,NAVAL,B92375,1,0.8686
L4LLV9VZ,24 A 47,IMPAGO,323567.25,GOLD,VIKING ARMOUR,B92375,4,0.453
LV009LOFAFA,12 A 23,activo,189826.12,0,SPURS,Y79G54,0,0.0154
LFAVL00LOL,24 A 47,BAJA,207083.04,ETHER,SPURS,Y79G54,4,0.1053
9LO09L4L,60 Y MAS,IMPAGO,,#N/D,VIKING ARMOUR,B92375,#N/D,0.4147
LLO4FA4Z94,12 A 23,IMPAGO,,#N/D,SPURS,Y79G54,#N/D,0.2464
L800ZMFAFA,12 A 23,BAJA,356786.821,BITCOIN,VIKING ARMOUR,Y79G54,2,0.2499
L9FAV0Z9Z,07 A 11,IMPAGO,273953.605,#N/D,VIKING ARMOUR,B92375,N,0.7358
L44L8ZZZ,24 A 47,IMPAGO,,#N/D,SOIL,Y79G54,#N/D,0.7158
Z0LZFA0LOV,60 Y MAS,BAJA,207083.04,BITCOIN,DRAGONS,B92375,2,0.3788
Z04VLOZZLO,60 Y MAS,BAJA,228654.19,BITCOIN,NAVAL,B92375,2,0.4221
ZVLOZ90L0,24 A 47,ACTIVO,,#N/D,VIKING ARMOUR,JSF89A,#N/D,0.0554
LZML4009,12 A 23,ACTIVO,286896.295,ETHER,VIKING ARMOUR,B92375,2,0.2676
9000FAZ9FA,24 A 47,activo,,#N/D,VIKING ARMOUR,90LD2,#N/D,0.8426
LZ404V0L,24 A 47,ACTIVO,548338.633,0,VIKING ARMOUR,Y79G54,6,0.8275
LL0FA08,48 A 60,activo,325724.365,GOLD,VIKING ARMOUR,Y79G54,4,0.9342
L90LO84FAL,07 A 11,BAJA,267482.26,GOLD,VIKING ARMOUR,JSF89A,N,0.3383
L4Z4FA900,24 A 47,IMPAGO,,#N/D,VIKING ARMOUR,B92375,#N/D,0.1927
L80LFAZFAFA,07 A 11,IMPAGO,,#N/D,#N/D,#N/D,#N/D,0.9154
L0FA44LOZ9,60 Y MAS,IMPAGO,487507.99,0,VIKING ARMOUR,Y79G54,6,0.9665
LFA00VLOZ4,24 A 47,IMPAGO,,#N/D,SOIL,Y79G54,#N/D,0.4918
LLZZM0,48 A 60,IMPAGO,353766.86,GOLD,VIKING ARMOUR,Y79G54,4,0.5962
L4Z098V0,24 A 47,BAJA,,#N/D,#N/D,#N/D,#N/D,0.4756
LVVLOLZ40,12 A 23,BAJA,198454.58,BITCOIN,SPURS,Y79G54,2,0.3954
LV4Z0FAV0,12 A 23,IMPAGO,,#N/D,SOIL,Y79G54,#N/D,0.1408
LZLOZL40Z,24 A 47,BAJA,159626.51,BITCOIN,SOIL,Y79G54,1,0.9595
L88FAV04V,07 A 11,IMPAGO,209240.155,#N/D,SPURS,JSF89A,N,0.4732
8LFA9L4Z,60 Y MAS,BAJA,,#N/D,#N/D,#N/D,#N/D,0.98
V0ZL098Z,60 Y MAS,BAJA,140212.475,0,DRAGONS,B92375,2,0.6108
ZVZLZVZ0,60 Y MAS,IMPAGO,713573.642,0,VIKING ARMOUR,Y79G54,6,0.2732
LZ89LOLFAZ,24 A 47,BAJA,241596.88,0,SPURS,Y79G54,3,0.8354
LO008LO04V,60 Y MAS,BAJA,172569.2,GOLD,VIKING ARMOUR,B92375,2,0.5505
LLOFAFAFAFALO8,24 A 47,BAJA,450405.612,GOLD,VIKING ARMOUR,Y79G54,4,0.7891
L400LO00LO,24 A 47,IMPAGO,,#N/D,SPURS,Y79G54,#N/D,0.5245
L88VL0LOV,07 A 11,IMPAGO,237282.65,GOLD,VIKING ARMOUR,B92375,N,0.2096
LL4L9VFA0,24 A 47,IMPAGO,,#N/D,VIKING ARMOUR,B92375,#N/D,0.55
LLOVLLOL0V,12 A 23,BAJA,459465.495,BITCOIN,VIKING ARMOUR,Y79G54,4,0.258
LLFA80L4Z,24 A 47,BAJA,,#N/D,#N/D,#N/D,#N/D,0.7204
LZ00FA88FA,24 A 47,BAJA,228654.19,ETHER,NAVAL,B92375,2,0.9698
L8FA94L09,07 A 11,IMPAGO,,#N/D,#N/D,#N/D,#N/D,0.3175
L9ZFA9LOZZ,07 A 11,IMPAGO,157469.395,GOLD,SPURS,Y79G54,N,0.0463
LO0Z9FAFALOFA,60 Y MAS,activo,,#N/D,DRAGONS,90LD2,#N/D,0.9641
L8L4FA4LOV,07 A 11,IMPAGO,289053.41,GOLD,VIKING ARMOUR,Y79G54,1,0.748
FA0Z4049L,00 A 06,IMPAGO,,#N/D,VIKING ARMOUR,B92375,#N/D,0.6382
LFALFALO90V,24 A 47,BAJA,,#N/D,#N/D,#N/D,#N/D,0.7284
LZ9LV400,24 A 47,IMPAGO,,#N/D,VIKING ARMOUR,B92375,#N/D,0.5774
L4V00ZLV,24 A 47,IMPAGO,365415.281,ETHER,VIKING ARMOUR,Y79G54,4,0.1364
LO04FALOLZL,60 Y MAS,BAJA,,#N/D,#N/D,#N/D,#N/D,0.1456
V04098ZLO,60 Y MAS,BAJA,,#N/D,#N/D,#N/D,#N/D,0.974
LO00VLVFAFA,60 Y MAS,BAJA,371023.78,BITCOIN,DRAGONS,Y79G54,2,0.7175
LFAFA49FA94,24 A 47,IMPAGO,,#N/D,VIKING ARMOUR,B92375,#N/D,0.516
LZ9FAFA0LO9,24 A 47,BAJA,,#N/D,#N/D,#N/D,#N/D,0.7994
LV4FAFAZ04,12 A 23,IMPAGO,260148.069,GOLD,VIKING ARMOUR,JSF89A,4,0.8006
L4LO84988,24 A 47,activo,,#N/D,DRAGONS,B92375,#N/D,0.3932
LLFA08L0LO,48 A 60,IMPAGO,196297.465,0,SOIL,Y79G54,1,0.1247
L4FA0Z0LZ,24 A 47,activo,278267.835,ETHER,SPURS,Y79G54,4,0.6404
LFA809LLV,24 A 47,BAJA,250225.34,GOLD,VIKING ARMOUR,B92375,4,0.7891
LV8400Z4,12 A 23,IMPAGO,,#N/D,SOIL,Y79G54,#N/D,0.2572
LLLVLO0VFA,48 A 60,BAJA,103541.52,GOLD,DRAGONS,B92375,2,0.3337
LFA9009FAFA,24 A 47,BAJA,310624.56,ETHER,VIKING ARMOUR,Y79G54,4,0.5713
L898LOFA9FA,00 A 06,IMPAGO,,#N/D,#N/D,#N/D,#N/D,0.3034
LFA9FAZLO0LO,24 A 47,BAJA,170412.085,0,DRAGONS,B92375,2,0.7024
L808LO444,07 A 11,IMPAGO,,#N/D,SPURS,Y79G54,#N/D,0.6924
LV0VVLLO8,12 A 23,IMPAGO,291210.525,0,SPURS,Y79G54,0,0.0265
LVFA90VZFA,12 A 23,IMPAGO,,#N/D,VIKING ARMOUR,B92375,#N/D,0.0905
L08ZZ0FA0,48 A 60,activo,176883.43,0,DRAGONS,B92375,2,0.5907
ZV948L,60 Y MAS,BAJA,,#N/D,#N/D,#N/D,#N/D,0.8334
LL088809,48 A 60,IMPAGO,,#N/D,VIKING ARMOUR,B92375,#N/D,0.1751
LO0LO49084,60 Y MAS,IMPAGO,,#N/D,DRAGONS,90LD2,#N/D,0.2373
Z04LOL48Z,60 Y MAS,IMPAGO,,#N/D,VIKING ARMOUR,90LD2,#N/D,0.8619
Z0L0L400,60 Y MAS,BAJA,250225.34,BITCOIN,DRAGONS,B92375,4,0.4308
L404ZVLO0,24 A 47,BAJA,353766.86,GOLD,VIKING ARMOUR,B92375,4,0.736
LLLO90Z8V,24 A 47,IMPAGO,243753.995,0,SPURS,Y79G54,3,0.1999
LFALO9LO80LO,24 A 47,BAJA,241596.88,0,VIKING ARMOUR,B92375,4,0.2484
LO0Z4LVFA4,48 A 60,IMPAGO,91893.099,0,DRAGONS,90LD2,2,0.911
LLO4Z0L04,12 A 23,IMPAGO,,#N/D,VIKING ARMOUR,B92375,#N/D,0.1395
L4FA084FA4,24 A 47,IMPAGO,276110.72,0,VIKING ARMOUR,Y79G54,4,0.0842
LVZ49V00,12 A 23,BAJA,,#N/D,#N/D,#N/D,#N/D,0.5423
VLFALOLL4,60 Y MAS,IMPAGO,221751.422,0,DRAGONS,90LD2,2,0.9252
LLO00ZFA89,12 A 23,IMPAGO,,#N/D,VIKING ARMOUR,B92375,#N/D,0.8477
LO0Z4Z800,24 A 47,IMPAGO,,#N/D,DRAGONS,90LD2,#N/D,0.3593
LLOV09L,12 A 23,IMPAGO,,#N/D,VIKING ARMOUR,B92375,#N/D,0.781
L80Z9VLO4,12 A 23,IMPAGO,,#N/D,SPURS,Y79G54,#N/D,0.7591
L940FAFA40,00 A 06,IMPAGO,237282.65,#N/D,VIKING ARMOUR,B92375,N,0.6319
Z0FAFA8LOL9,60 Y MAS,ACTIVO,189826.12,GOLD,DRAGONS,Y79G54,2,0.8846
V0V00L8LO,60 Y MAS,IMPAGO,,#N/D,#N/D,#N/D,#N/D,0.6766
L4LL0FAFA9,24 A 47,IMPAGO,243753.995,ETHER,SPURS,Y79G54,4,0.0715
ZZL49L0LO,60 Y MAS,IMPAGO,,#N/D,#N/D,#N/D,#N/D,0.581
LZ0VZZFAZ,24 A 47,BAJA,336509.94,BITCOIN,VIKING ARMOUR,Y79G54,4,0.1976
Z044FAL98,60 Y MAS,ACTIVO,228222.767,GOLD,DRAGONS,90LD2,4,0.8078
L9ZV00Z9,00 A 06,activo,237282.65,#N/D,VIKING ARMOUR,B92375,N,0.9923
90LLLOFAFALO,24 A 47,BAJA,,#N/D,SPURS,90LD2,#N/D,0.8462
LZLLO0ZM4,24 A 47,ACTIVO,310624.56,0,VIKING ARMOUR,Y79G54,3,0.8554
LO04LZ0LO8,24 A 47,activo,276542.143,0,VIKING ARMOUR,90LD2,6,0.7976
LLOL9000V,12 A 23,ACTIVO,509079.14,BITCOIN,VIKING ARMOUR,Y79G54,4,0.9671
4840LLV,60 Y MAS,activo,440051.46,GOLD,DRAGONS,90LD2,2,0.3519
V0ZFA0LVL,60 Y MAS,BAJA,295524.755,0,NAVAL,B92375,4,0.3012
LV4000,12 A 23,IMPAGO,312781.675,0,VIKING ARMOUR,Y79G54,4,0.7234
ZLOFALO40LV,60 Y MAS,ACTIVO,189826.12,BITCOIN,SPURS,Y79G54,4,0.4856
L80088VLO,12 A 23,IMPAGO,235125.535,#N/D,SPURS,Y79G54,2,0.0591
LFA0ZLL04,24 A 47,activo,,#N/D,SPURS,Y79G54,#N/D,0.5414
LFAZLO98FAV,24 A 47,IMPAGO,286896.295,ETHER,VIKING ARMOUR,B92375,4,0.7002
L8ZZ0FA0Z,07 A 11,BAJA,150998.05,0,SPURS,JSF89A,2,0.3955
LVZFAV4LL,12 A 23,IMPAGO,,#N/D,#N/D,#N/D,#N/D,0.1249
L80LOZ0LV,12 A 23,BAJA,258853.8,ETHER,VIKING ARMOUR,Y79G54,2,0.9243
LVL0FA04L,12 A 23,IMPAGO,,#N/D,VIKING ARMOUR,JSF89A,#N/D,0.7797
90080880,12 A 23,BAJA,,#N/D,VIKING ARMOUR,90LD2,#N/D,0.1942
LZ880LLO4,24 A 47,activo,,#N/D,VIKING ARMOUR,B92375,#N/D,0.74
FA040V8V8,00 A 06,activo,,#N/D,SOIL,Y79G54,#N/D,0.8367
ZZ48LOFA4Z,60 Y MAS,BAJA,157469.395,GOLD,DRAGONS,JSF89A,2,0.2412
V0LFAFA4V,60 Y MAS,BAJA,576381.128,GOLD,VIKING ARMOUR,Y79G54,6,0.7501
LLO80LFA0L,12 A 23,IMPAGO,103541.52,0,DRAGONS,B92375,1,0.0186
L4L04098,24 A 47,BAJA,,#N/D,#N/D,#N/D,#N/D,0.3621
LVZFA0LOZ0,12 A 23,IMPAGO,286896.295,0,VIKING ARMOUR,B92375,1,0.7094
FA0LLO90LL,00 A 06,IMPAGO,103541.52,0,DRAGONS,B92375,N,0.963
L98ZFAZLOL,00 A 06,IMPAGO,237282.65,#N/D,VIKING ARMOUR,B92375,N,0.4995
L949V488,00 A 06,ACTIVO,,#N/D,SOIL,JSF89A,#N/D,0.3187
L9ZZ04L4,00 A 06,IMPAGO,405537.62,#N/D,VIKING ARMOUR,Y79G54,N,0.434
L89Z809L,00 A 06,ACTIVO,343844.131,#N/D,VIKING ARMOUR,Y79G54,N,0.4426
LVFA8VV,12 A 23,IMPAGO,312781.675,0,VIKING ARMOUR,Y79G54,4,0.5121
L8L0L80LO,07 A 11,IMPAGO,,#N/D,VIKING ARMOUR,B92375,#N/D,0.3592
L889L0FA0,00 A 06,IMPAGO,,#N/D,#N/D,#N/D,#N/D,0.0555
8009LO09L,48 A 60,IMPAGO,121229.863,0,DRAGONS,90LD2,2,0.9919
L9898LO88,00 A 06,IMPAGO,250225.34,GOLD,VIKING ARMOUR,B92375,N,0.1965
90L4LO4,48 A 60,activo,,#N/D,VIKING ARMOUR,Y79G54,#N/D,0.7707
ZZ000FA8LO,60 Y MAS,IMPAGO,290779.102,GOLD,NAVAL,90LD2,4,0.618
V0VLZ4LOFA,60 Y MAS,IMPAGO,246342.533,BITCOIN,DRAGONS,90LD2,2,0.0532
LLL0Z0LOV,48 A 60,IMPAGO,228654.19,ETHER,NAVAL,B92375,2,0.6707
9000ZFAV9,60 Y MAS,IMPAGO,,#N/D,VIKING ARMOUR,90LD2,#N/D,0.0808
LZ9LO0L98,24 A 47,BAJA,,#N/D,#N/D,#N/D,#N/D,0.1175
L8VLO40LO0,07 A 11,IMPAGO,181197.66,BITCOIN,SPURS,Y79G54,N,0.6219
LFAFALO0L8Z,24 A 47,IMPAGO,228654.19,0,NAVAL,B92375,2,0.6731
LLOFAFAZ0V0,12 A 23,BAJA,,#N/D,#N/D,#N/D,#N/D,0.9426
L8Z90L80,07 A 11,activo,135898.245,#N/D,DRAGONS,B92375,2,0.8707
V0ZM84L0,60 Y MAS,IMPAGO,368866.665,GOLD,VIKING ARMOUR,B92375,4,0.4621
Z089ZZ00,60 Y MAS,ACTIVO,310624.56,0,VIKING ARMOUR,Y79G54,4,0.5184
FA000980V,00 A 06,BAJA,99227.29,BITCOIN,DRAGONS,JSF89A,N,0.2504
L9LO00L8FA,07 A 11,IMPAGO,411577.542,GOLD,DRAGONS,Y79G54,N,0.0546
LZ0ZLO088,24 A 47,ACTIVO,125112.67,0,SOIL,B92375,1,0.0978
LV0FA00FAFA,12 A 23,ACTIVO,189826.12,GOLD,SPURS,Y79G54,2,0.5625
LL9Z9VFA0,24 A 47,IMPAGO,286896.295,0,VIKING ARMOUR,B92375,3,0.1468
LZVL48Z0,24 A 47,IMPAGO,241596.88,0,SPURS,Y79G54,3,0.3939
LVL90LOZL,12 A 23,ACTIVO,371023.78,BITCOIN,VIKING ARMOUR,Y79G54,4,0.2462
LL04V8,24 A 47,IMPAGO,,#N/D,NAVAL,B92375,#N/D,0.8442
L8ZZ8090,07 A 11,ACTIVO,237282.65,GOLD,VIKING ARMOUR,B92375,1,0.1243
LO0LO0FA949,60 Y MAS,BAJA,95344.483,0,DRAGONS,90LD2,2,0.9613
L0ZLZZ94,48 A 60,BAJA,,#N/D,#N/D,#N/D,#N/D,0.7328
LLFA00000,48 A 60,BAJA,207083.04,TYP2,SPURS,Y79G54,4,0.8386
8ZL00FA0,60 Y MAS,IMPAGO,569478.36,BITCOIN,VIKING ARMOUR,Y79G54,6,0.9044
LO0ZLZLO80,12 A 23,activo,172569.2,0,DRAGONS,90LD2,2,0.7395
L9LLO8VZ0,00 A 06,IMPAGO,480605.222,#N/D,VIKING ARMOUR,Y79G54,N,0.1364
L8LO498L9,07 A 11,IMPAGO,403380.505,0,VIKING ARMOUR,B92375,2,0.4502
ZZLLZLVLO,60 Y MAS,IMPAGO,240302.611,TYP2,NAVAL,90LD2,4,0.3238
L80LL800,12 A 23,IMPAGO,172569.2,ETHER,SPURS,Y79G54,2,0.0758
LVLOZV900,12 A 23,BAJA,,#N/D,#N/D,#N/D,#N/D,0.9615
FA00040LL,00 A 06,ACTIVO,224339.96,0,VIKING ARMOUR,JSF89A,N,0.7038
L8LFAZLZ4,07 A 11,IMPAGO,166097.855,0,DRAGONS,JSF89A,2,0.6557
FA0LV0094,00 A 06,IMPAGO,,#N/D,SPURS,Y79G54,#N/D,0.2824
L8LL4FAFAL,07 A 11,activo,267050.837,0,VIKING ARMOUR,JSF89A,2,0.6297
V0LV0LV0,60 Y MAS,IMPAGO,147115.243,0,#N/D,#N/D,2,0.2265
L9FAZM49LO,00 A 06,IMPAGO,243753.995,#N/D,VIKING ARMOUR,B92375,N,0.3458
LV09049Z,12 A 23,IMPAGO,,#N/D,VIKING ARMOUR,B92375,#N/D,0.0807
LVFALO0LO,12 A 23,IMPAGO,353766.86,BITCOIN,VIKING ARMOUR,Y79G54,4,0.449
LLO0LO0LO49,24 A 47,IMPAGO,278267.835,0,SPURS,Y79G54,3,0.4196
LLO409880,12 A 23,activo,250225.34,0,VIKING ARMOUR,B92375,1,0.9641
LLOZVZFA89,12 A 23,IMPAGO,351609.745,0,VIKING ARMOUR,Y79G54,3,0.606
L9V00Z8Z,00 A 06,activo,181197.66,GOLD,SPURS,Y79G54,N,0.0409
8ZMLO4ZZ,60 Y MAS,ACTIVO,461622.61,TYP2,VIKING ARMOUR,Y79G54,4,0.8297
Z0V0FAFA80,60 Y MAS,IMPAGO,265325.145,0,NAVAL,B92375,4,0.0323
8FA9FAL9LO,60 Y MAS,BAJA,358081.09,BITCOIN,VIKING ARMOUR,Y79G54,4,0.6861
LLOVLO80FA9,12 A 23,BAJA,226497.075,0,SPURS,Y79G54,0,0.8962
V0Z0ZLFA,60 Y MAS,BAJA,685099.724,BITCOIN,VIKING ARMOUR,Y79G54,6,0.1013
800ZM0FAV,60 Y MAS,BAJA,314938.79,0,VIKING ARMOUR,Y79G54,4,0.301
L049Z084,48 A 60,IMPAGO,,#N/D,#N/D,#N/D,#N/D,0.1727
LLO04ZZFA8,24 A 47,BAJA,353766.86,ETHER,VIKING ARMOUR,Y79G54,4,0.7696
FA00LOFAL4Z,00 A 06,ACTIVO,202768.81,BITCOIN,SOIL,Y79G54,N,0.3009
L4V0LLOVV,24 A 47,ACTIVO,155312.28,0,SOIL,B92375,1,0.3019
LLZ04VLOL,24 A 47,IMPAGO,377495.125,BITCOIN,VIKING ARMOUR,B92375,6,0.5622
L9LVLZZ9,07 A 11,IMPAGO,187669.005,#N/D,SOIL,Y79G54,N,0.0433
L800V80LO,12 A 23,IMPAGO,200611.695,GOLD,VIKING ARMOUR,B92375,2,0.4252
L4ZFALOV4LO,24 A 47,ACTIVO,241596.88,0,VIKING ARMOUR,B92375,3,0.5005
VV0LV0LO,60 Y MAS,ACTIVO,448679.92,BITCOIN,VIKING ARMOUR,Y79G54,4,0.1011
FA0909LOV4,00 A 06,IMPAGO,,#N/D,SPURS,JSF89A,#N/D,0.4337
LFA4VFAFAV4,24 A 47,activo,103541.52,BITCOIN,DRAGONS,B92375,2,0.9058
LV08LOLV4,12 A 23,IMPAGO,,#N/D,SPURS,Y79G54,#N/D,0.9611
800Z9040,60 Y MAS,activo,251951.032,0,NAVAL,90LD2,4,0.531
LLO0L0FAZ0,12 A 23,activo,,#N/D,VIKING ARMOUR,B92375,#N/D,0.8983
L9LO0V909,07 A 11,ACTIVO,273953.605,#N/D,VIKING ARMOUR,B92375,N,0.9745
LLOFALO0ZLO4,12 A 23,ACTIVO,310624.56,BITCOIN,VIKING ARMOUR,Y79G54,4,0.8582
L8L0VL0LO,12 A 23,IMPAGO,273953.605,USD,VIKING ARMOUR,B92375,2,0.0724
LLO4448V8,24 A 47,ACTIVO,189826.12,0,SPURS,Y79G54,2,0.9795
LLOV9FAFAFA9,12 A 23,IMPAGO,362395.32,GOLD,VIKING ARMOUR,Y79G54,4,0.0434
LLOVV0L44,12 A 23,BAJA,,#N/D,#N/D,#N/D,#N/D,0.2976
L8FA4LOV9L,07 A 11,IMPAGO,325724.365,#N/D,VIKING ARMOUR,Y79G54,4,0.467
900V4880,24 A 47,activo,,#N/D,SPURS,90LD2,#N/D,0.0863
L909LOFAL4,00 A 06,IMPAGO,235125.535,#N/D,DRAGONS,Y79G54,N,0.3128
L9V940ZM,00 A 06,IMPAGO,237282.65,#N/D,VIKING ARMOUR,B92375,N,0.0459
L8ZLOFA049,07 A 11,IMPAGO,,#N/D,#N/D,#N/D,#N/D,0.0059
LFAFA800ZLO,24 A 47,IMPAGO,575949.705,GOLD,VIKING ARMOUR,Y79G54,6,0.5697
V09LOV40Z,60 Y MAS,IMPAGO,,#N/D,#N/D,#N/D,#N/D,0.4445
Z0ZM0440,60 Y MAS,BAJA,159626.51,BITCOIN,SOIL,Y79G54,2,0.5331
V089LOL09,24 A 47,IMPAGO,182491.929,0,VIKING ARMOUR,90LD2,4,0.7734
LL8ZZ9V9,24 A 47,BAJA,207083.04,TYP2,SPURS,Y79G54,4,0.5604
L9LZ0LO0LO,00 A 06,IMPAGO,,#N/D,#N/D,#N/D,#N/D,0.5546
L0LO48LOZ4,48 A 60,IMPAGO,159626.51,BITCOIN,SOIL,Y79G54,2,0.743
L494LO0FA9,24 A 47,BAJA,265325.145,USD,NAVAL,B92375,4,0.0932
LFA0LO8FA0V,24 A 47,IMPAGO,198454.58,0,SPURS,Y79G54,3,0.0363
LLO88L4,12 A 23,BAJA,310624.56,BITCOIN,VIKING ARMOUR,Y79G54,4,0.5715
L00VL880,48 A 60,IMPAGO,198454.58,0,SPURS,Y79G54,0,0.0432
L4V4L4LO0,24 A 47,activo,103541.52,0,DRAGONS,B92375,2,0.9588
LZLZLLOZ0,24 A 47,BAJA,,#N/D,#N/D,#N/D,#N/D,0.4403
L809L480,12 A 23,BAJA,293367.64,USD,VIKING ARMOUR,Y79G54,2,0.2433
ZVLOZ90L0,24 A 47,IMPAGO,,#N/D,VIKING ARMOUR,JSF89A,#N/D,0.6223
LV4FALFA8FA,12 A 23,IMPAGO,469819.647,ETHER,VIKING ARMOUR,Y79G54,4,0.2341
LLZLOFAV0Z,24 A 47,IMPAGO,196297.465,0,SOIL,Y79G54,1,0.4988
8L88VFAL,60 Y MAS,BAJA,319253.02,BITCOIN,VIKING ARMOUR,Y79G54,4,0.1277
LL90Z4FA0,24 A 47,IMPAGO,196297.465,USD,SOIL,Y79G54,2,0.3492
LLOFA40FA40,24 A 47,IMPAGO,358081.09,ETHER,VIKING ARMOUR,Y79G54,4,0.9118
LFA9FAL0,00 A 06,IMPAGO,310624.56,GOLD,VIKING ARMOUR,Y79G54,N,0.2091
LV9FALOFA0L,12 A 23,IMPAGO,198454.58,0,SPURS,Y79G54,2,0.1865
L4L9LOZ0LO,24 A 47,activo,196297.465,0,SOIL,Y79G54,1,0.1869
LFAV04ZVZ,24 A 47,BAJA,314938.79,TYP2,VIKING ARMOUR,Y79G54,4,0.7703
V0LFA0Z90,60 Y MAS,BAJA,144526.705,0,DRAGONS,90LD2,2,0.6937
LLO0VV84L,24 A 47,IMPAGO,,#N/D,DRAGONS,Y79G54,#N/D,0.8452
LLO00V8FA9,24 A 47,IMPAGO,250225.34,0,VIKING ARMOUR,B92375,2,0.4063
LLOVL40L4,12 A 23,IMPAGO,317095.905,BITCOIN,VIKING ARMOUR,B92375,4,0.8185
L8809VZ9,07 A 11,IMPAGO,323567.25,0,VIKING ARMOUR,Y79G54,N,0.9834
L980VZFA8,00 A 06,IMPAGO,237282.65,#N/D,VIKING ARMOUR,B92375,N,0.6696
LVLO4089L,12 A 23,IMPAGO,,#N/D,#N/D,#N/D,#N/D,0.6437
L8Z0Z8Z9,07 A 11,IMPAGO,181197.66,GOLD,SPURS,Y79G54,2,0.6553
LLOZZLO9VFA,12 A 23,IMPAGO,,#N/D,#N/D,#N/D,#N/D,0.2536
LV0VLO00LO,12 A 23,IMPAGO,,#N/D,SPURS,Y79G54,#N/D,0.1085
LZML4009,12 A 23,IMPAGO,286896.295,ETHER,VIKING ARMOUR,B92375,2,0.8829
L8049800,07 A 11,IMPAGO,223477.114,0,VIKING ARMOUR,JSF89A,2,0.27
L9LLO00V9,00 A 06,IMPAGO,273953.605,GOLD,VIKING ARMOUR,B92375,N,0.3454
FA009LZZZ,00 A 06,IMPAGO,250225.34,#N/D,VIKING ARMOUR,B92375,N,0.4164
94LZ000,60 Y MAS,BAJA,,#N/D,SOIL,Y79G54,#N/D,0.5906
Z08LOZVV9,60 Y MAS,BAJA,277836.412,USD,DRAGONS,90LD2,4,0.7025
L0L0LFA08,48 A 60,IMPAGO,103541.52,0,DRAGONS,B92375,2,0.3268
LVFALOZFALO8,12 A 23,BAJA,353766.86,BITCOIN,VIKING ARMOUR,Y79G54,4,0.3677
LZLVLOLLOZ,24 A 47,activo,,#N/D,NAVAL,B92375,#N/D,0.6931
LV8L49Z0,12 A 23,IMPAGO,,#N/D,DRAGONS,JSF89A,#N/D,0.529
L9V8L049,00 A 06,IMPAGO,,#N/D,SPURS,Y79G54,#N/D,0.2281
V9ZZZZV,60 Y MAS,IMPAGO,,#N/D,VIKING ARMOUR,B92375,#N/D,0.9023
L8880L,00 A 06,activo,,#N/D,VIKING ARMOUR,Y79G54,#N/D,0.454
LV98LO9FA8,12 A 23,BAJA,364552.435,0,VIKING ARMOUR,Y79G54,3,0.9985
LVL0V4FALO,12 A 23,BAJA,,#N/D,#N/D,#N/D,#N/D,0.8181
L9VFAL9FA0,00 A 06,activo,181197.66,GOLD,SPURS,Y79G54,N,0.5179
L8884980,07 A 11,IMPAGO,181197.66,TYP2,SPURS,Y79G54,N,0.373
L0LZM9LO8,60 Y MAS,IMPAGO,207083.04,BITCOIN,SPURS,Y79G54,4,0.5411
FA0L8V0Z8,00 A 06,IMPAGO,250225.34,0,VIKING ARMOUR,B92375,N,0.7271
L8FA88LOFA4,07 A 11,IMPAGO,150998.05,GOLD,SOIL,Y79G54,2,0.5351
L4ZFA8VFAFA,24 A 47,IMPAGO,422794.54,#N/D,VIKING ARMOUR,Y79G54,4,0.4172
LZMZFA840,12 A 23,IMPAGO,286896.295,0,VIKING ARMOUR,B92375,3,0.1023
L84L008Z,12 A 23,IMPAGO,237282.65,#N/D,VIKING ARMOUR,B92375,2,0.2274
FA0FAL00,00 A 06,IMPAGO,,#N/D,SPURS,JSF89A,#N/D,0.2053
LVLO4L0L9,12 A 23,IMPAGO,176883.43,GOLD,DRAGONS,B92375,2,0.6419
LFAZZ0098,24 A 47,activo,,#N/D,SOIL,Y79G54,#N/D,0.4531
LV909VV4,12 A 23,BAJA,273953.605,0,VIKING ARMOUR,B92375,1,0.0448
LLOZLOLLOZ9,12 A 23,IMPAGO,,#N/D,VIKING ARMOUR,B92375,#N/D,0.2317
LVVFAVFA8Z,12 A 23,IMPAGO,,#N/D,#N/D,#N/D,#N/D,0.0945
L4Z90L8LO,24 A 47,BAJA,388280.7,0,VIKING ARMOUR,Y79G54,3,0.5785
L4V98LO8L,24 A 47,BAJA,172569.2,0,DRAGONS,B92375,2,0.7216
L08LO94,48 A 60,IMPAGO,196297.465,BITCOIN,SOIL,Y79G54,2,0.3457
LVLO8LLO8FA,12 A 23,IMPAGO,,#N/D,VIKING ARMOUR,JSF89A,#N/D,0.7449
V0V8400Z,60 Y MAS,BAJA,170412.085,USD,DRAGONS,B92375,2,0.7323
FA0FAV04Z4,00 A 06,IMPAGO,,#N/D,SPURS,Y79G54,#N/D,0.8297
L8FALLO8V0,07 A 11,IMPAGO,237282.65,GOLD,VIKING ARMOUR,B92375,2,0.3079
ZVZ0VV09,60 Y MAS,IMPAGO,502176.372,GOLD,VIKING ARMOUR,Y79G54,4,0.0924
L8LOZLL0FA,07 A 11,IMPAGO,135898.245,#N/D,DRAGONS,B92375,1,0.5324
L900LFAZ8,00 A 06,IMPAGO,,#N/D,#N/D,#N/D,#N/D,0.1664
L9FA4LO0L4,07 A 11,IMPAGO,,#N/D,VIKING ARMOUR,JSF89A,#N/D,0.6879
FA08Z0FAVL,00 A 06,IMPAGO,,#N/D,DRAGONS,JSF89A,#N/D,0.4392
LFA8VLO8L0,24 A 47,IMPAGO,,#N/D,#N/D,#N/D,#N/D,0.7702
FA04VFALO80,00 A 06,IMPAGO,,#N/D,VIKING ARMOUR,JSF89A,#N/D,0.6375
LV9ZZ8V9,12 A 23,BAJA,235125.535,0,SPURS,Y79G54,1,0.6328
L8ZVLOFAZZ,07 A 11,IMPAGO,181197.66,GOLD,SPURS,Y79G54,2,0.1897
L80FA0VFA9,12 A 23,activo,347295.515,GOLD,VIKING ARMOUR,Y79G54,4,0.6631
LL84FA40FA,24 A 47,IMPAGO,,#N/D,SPURS,Y79G54,#N/D,0.6893
FA0LLLO440,00 A 06,IMPAGO,310193.137,0,VIKING ARMOUR,B92375,N,0.7439
V0V90809,24 A 47,IMPAGO,360238.205,GOLD,VIKING ARMOUR,B92375,4,0.129
90LO08VLO,60 Y MAS,BAJA,250225.34,GOLD,VIKING ARMOUR,B92375,4,0.4794
L0ZLL0Z9,60 Y MAS,IMPAGO,273953.605,ETHER,VIKING ARMOUR,B92375,4,0.091
L90L0ZL9,00 A 06,activo,187669.005,#N/D,SOIL,Y79G54,N,0.8857
L9LOVFA04LO,00 A 06,IMPAGO,120798.44,#N/D,SPURS,Y79G54,N,0.8447
LV09FA984,12 A 23,IMPAGO,286896.295,GOLD,VIKING ARMOUR,B92375,2,0.529
LV8LO490LO,12 A 23,IMPAGO,,#N/D,DRAGONS,B92375,#N/D,0.5267
LLO08404V,24 A 47,activo,286896.295,GOLD,VIKING ARMOUR,B92375,2,0.3328
L8L08ZV4,12 A 23,IMPAGO,150998.05,GOLD,SOIL,Y79G54,1,0.7235
V0Z0ZFALOV,60 Y MAS,IMPAGO,360238.205,TYP2,VIKING ARMOUR,B92375,4,0.7865
LLO49440Z,12 A 23,IMPAGO,286896.295,0,VIKING ARMOUR,B92375,1,0.2358
ZZLOLFAZ08,60 Y MAS,BAJA,392594.93,BITCOIN,VIKING ARMOUR,Y79G54,4,0.9035
L944Z0LLO,07 A 11,IMPAGO,181197.66,#N/D,SPURS,Y79G54,N,0.6696
LZ9ZZ0L0,24 A 47,IMPAGO,291210.525,0,SPURS,Y79G54,3,0.793
LV9LZLZZ,07 A 11,IMPAGO,,#N/D,#N/D,#N/D,#N/D,0.3533
FA0ZFAFA90V,00 A 06,activo,,#N/D,DRAGONS,Y79G54,#N/D,0.9592
LV9LO0FA4LO,12 A 23,IMPAGO,135898.245,GOLD,VIKING ARMOUR,B92375,2,0.5346
FA0LZ0804,00 A 06,IMPAGO,125112.67,0,SPURS,Y79G54,N,0.1899
L0LO0ZM09,60 Y MAS,BAJA,310624.56,ETHER,VIKING ARMOUR,B92375,4,0.2021
L98FA0V,00 A 06,activo,232968.42,#N/D,SPURS,Y79G54,N,0.9736
L8L0LLOVL,12 A 23,IMPAGO,273953.605,#N/D,VIKING ARMOUR,B92375,2,0.3134
LV89Z8Z4,12 A 23,activo,273953.605,0,VIKING ARMOUR,B92375,2,0.566
LLO9089VL,12 A 23,IMPAGO,,#N/D,DRAGONS,Y79G54,#N/D,0.987
VL00V84,60 Y MAS,BAJA,,#N/D,#N/D,#N/D,#N/D,0.2777
L8ZV0FA9V,07 A 11,IMPAGO,,#N/D,#N/D,#N/D,#N/D,0.4725
L8LOZZ8L9,07 A 11,IMPAGO,243753.995,#N/D,VIKING ARMOUR,B92375,2,0.9076
LFAFAFA4LO,24 A 47,IMPAGO,513393.37,ETHER,VIKING ARMOUR,Y79G54,4,0.3596
L8LO09V90,07 A 11,activo,217868.615,#N/D,SPURS,Y79G54,2,0.1478
LL49Z8Z8,48 A 60,BAJA,465936.84,BITCOIN,VIKING ARMOUR,Y79G54,4,0.3999
L944LO84V,00 A 06,IMPAGO,377495.125,ETHER,#N/D,#N/D,N,0.4607
L84LO904LO,07 A 11,IMPAGO,248068.225,#N/D,SPURS,Y79G54,4,0.8008
LV90FA40V,12 A 23,IMPAGO,230811.305,0,VIKING ARMOUR,B92375,1,0.1478
LFA848090,24 A 47,IMPAGO,265325.145,0,NAVAL,B92375,4,0.6519
900FAV0V8,12 A 23,BAJA,254539.57,0,SPURS,90LD2,2,0.2647
L8LO9L909,07 A 11,IMPAGO,310624.56,#N/D,VIKING ARMOUR,B92375,N,0.9437
L8VLZ80V,00 A 06,ACTIVO,181197.66,#N/D,SPURS,Y79G54,N,0.0212
FA00ZLZZ9,00 A 06,IMPAGO,189826.12,GOLD,SPURS,Y79G54,N,0.5991
LVFAFAZZLO0,12 A 23,BAJA,276110.72,BITCOIN,VIKING ARMOUR,Y79G54,1,0.9
L80LZVVV,12 A 23,IMPAGO,,#N/D,VIKING ARMOUR,Y79G54,#N/D,0.2735
L4V44LV8,24 A 47,IMPAGO,286896.295,BITCOIN,VIKING ARMOUR,B92375,3,0.5774
L8LO400Z9,07 A 11,IMPAGO,237282.65,#N/D,VIKING ARMOUR,B92375,2,0.0444
FA00FA8FALOL,00 A 06,activo,215711.5,GOLD,VIKING ARMOUR,B92375,N,0.9092
L0LLOLFAZ8,60 Y MAS,BAJA,159626.51,BITCOIN,SOIL,Y79G54,2,0.6275
L0FAL04Z8,60 Y MAS,IMPAGO,478879.53,0,VIKING ARMOUR,Y79G54,6,0.7543
900Z89LOV,60 Y MAS,activo,,#N/D,SPURS,90LD2,#N/D,0.3074
L9LO89LO44,00 A 06,IMPAGO,286896.295,#N/D,VIKING ARMOUR,B92375,N,0.6034
L8VFA8VL0,07 A 11,IMPAGO,237282.65,GOLD,VIKING ARMOUR,B92375,N,0.6038
LV9FAVLOVLO,12 A 23,IMPAGO,129426.9,0,DRAGONS,JSF89A,2,0.6759
LLV44Z0Z,24 A 47,BAJA,,#N/D,#N/D,#N/D,#N/D,0.7095
L9FAVFA000,00 A 06,IMPAGO,187669.005,#N/D,SOIL,Y79G54,N,0.2291
LZ944Z0L,24 A 47,activo,276110.72,#N/D,SPURS,Y79G54,4,0.9698
LFAL0944LO,24 A 47,BAJA,,#N/D,#N/D,#N/D,#N/D,0.728
L8FALOZ0ZM,12 A 23,IMPAGO,371023.78,#N/D,VIKING ARMOUR,Y79G54,2,0.3677
L00V0V4V,60 Y MAS,IMPAGO,,#N/D,#N/D,#N/D,#N/D,0.1124
LV000LO,12 A 23,ACTIVO,276110.72,BITCOIN,VIKING ARMOUR,Y79G54,2,0.5963
ZZ0FA00ZFA,60 Y MAS,ACTIVO,237282.65,ETHER,VIKING ARMOUR,B92375,2,0.048
L9L0LO844,00 A 06,ACTIVO,99227.29,#N/D,DRAGONS,B92375,N,0.5955
LZFAZFAZZ8,24 A 47,ACTIVO,202768.81,GOLD,NAVAL,B92375,2,0.049
L9FALOLLOLFA,07 A 11,ACTIVO,150998.05,#N/D,SOIL,Y79G54,N,0.368
L4404V0L,24 A 47,ACTIVO,159626.51,TYP2,SOIL,Y79G54,2,0.895
LO0894LO80,60 Y MAS,ACTIVO,555241.401,BITCOIN,VIKING ARMOUR,Y79G54,4,0.9063
LV08LOLV4,12 A 23,activo,,#N/D,SPURS,Y79G54,#N/D,0.4433
Z004FA4LFA,60 Y MAS,ACTIVO,323567.25,GOLD,VIKING ARMOUR,B92375,4,0.8315
9LO084L,60 Y MAS,ACTIVO,301996.1,BITCOIN,VIKING ARMOUR,B92375,4,0.6152
L9L00ZVLO,07 A 11,activo,,#N/D,SPURS,Y79G54,#N/D,0.7658
V00V0LO04,48 A 60,ACTIVO,195434.619,0,VIKING ARMOUR,90LD2,4,0.2676
L8Z8ZZM8,07 A 11,ACTIVO,243753.995,GOLD,VIKING ARMOUR,B92375,1,0.5731
ZVZL9V04,60 Y MAS,ACTIVO,396909.16,GOLD,VIKING ARMOUR,Y79G54,4,0.9354
V,60 Y MAS,ACTIVO,401223.39,TYP2,VIKING ARMOUR,Y79G54,4,0.7437
LV89VVV4,12 A 23,ACTIVO,122955.555,0,VIKING ARMOUR,JSF89A,2,0.6663
L9LZ8LLOV,07 A 11,ACTIVO,280424.95,BITCOIN,VIKING ARMOUR,Y79G54,N,0.6413
L0Z88L9LO,60 Y MAS,ACTIVO,358081.09,ETHER,VIKING ARMOUR,Y79G54,4,0.3859
844LOZ00,60 Y MAS,ACTIVO,593206.625,ETHER,VIKING ARMOUR,Y79G54,6,0.3082
LL089044,48 A 60,ACTIVO,273953.605,TYP2,VIKING ARMOUR,Y79G54,4,0.2482
LL4L90,24 A 47,ACTIVO,159626.51,TYP2,SOIL,Y79G54,2,0.9201
L9L8L88LO,00 A 06,activo,157469.395,#N/D,SPURS,Y79G54,N,0.8984
80084LO9,60 Y MAS,ACTIVO,200180.272,BITCOIN,NAVAL,90LD2,2,0.0292
ZZV48908,60 Y MAS,ACTIVO,251519.609,0,VIKING ARMOUR,JSF89A,4,0.7717
Z44FA0FA,60 Y MAS,ACTIVO,625563.35,BITCOIN,VIKING ARMOUR,Y79G54,6,0.714
ZZFAZVZ0L,60 Y MAS,IMPAGO,,#N/D,VIKING ARMOUR,B92375,#N/D,0.8341
900800V0,48 A 60,ACTIVO,,#N/D,SPURS,90LD2,#N/D,0.568
VL9V888,60 Y MAS,ACTIVO,103541.52,0,DRAGONS,B92375,2,0.7498
L04FALOVVV,48 A 60,ACTIVO,103541.52,GOLD,DRAGONS,B92375,2,0.9846
L9VZVLV0,00 A 06,ACTIVO,327881.48,ETHER,VIKING ARMOUR,Y79G54,N,0.959
V00Z900V,60 Y MAS,ACTIVO,204925.925,ETHER,DRAGONS,90LD2,2,0.9806
Z04FA8LZL,60 Y MAS,ACTIVO,456876.957,BITCOIN,VIKING ARMOUR,Y79G54,4,0.873
LZ0LOFAZFAV,24 A 47,ACTIVO,,#N/D,VIKING ARMOUR,Y79G54,#N/D,0.0373
L84LZL8L,07 A 11,ACTIVO,172569.2,#N/D,DRAGONS,B92375,1,0.9493
FA0LFA440LO,00 A 06,activo,159626.51,0,SOIL,Y79G54,N,0.4629
ZZL04Z,60 Y MAS,ACTIVO,267050.837,BITCOIN,0,90LD2,4,0.0127
L8894VLO9,07 A 11,ACTIVO,211397.27,#N/D,SPURS,Y79G54,N,0.3144
L0V8V80LO,48 A 60,ACTIVO,237282.65,0,VIKING ARMOUR,B92375,2,0.7761
8L89480,60 Y MAS,ACTIVO,86284.6,0,SOIL,90LD2,2,0.383
L9LLOLZ80,00 A 06,ACTIVO,325724.365,0,VIKING ARMOUR,JSF89A,N,0.9638
L9LO0LVL0,00 A 06,ACTIVO,230811.305,TYP2,SOIL,Y79G54,N,0.2659
FA0ZLOZZ9V,00 A 06,ACTIVO,,#N/D,SOIL,Y79G54,#N/D,0.5953
ZVLOVFA4Z0,24 A 47,activo,210965.847,GOLD,DRAGONS,90LD2,2,0.3917
80L49FAVFA,60 Y MAS,ACTIVO,237282.65,GOLD,VIKING ARMOUR,B92375,2,0.6586
LV8800FAZ,12 A 23,ACTIVO,338667.055,ETHER,VIKING ARMOUR,Y79G54,4,0.5111
LFAVFA4LV4,24 A 47,ACTIVO,228654.19,BITCOIN,NAVAL,B92375,2,0.6813
L800L804,07 A 11,ACTIVO,230811.305,GOLD,VIKING ARMOUR,B92375,2,0.9986
Z0Z8L9LO8,60 Y MAS,ACTIVO,494842.181,GOLD,VIKING ARMOUR,Y79G54,4,0.7758
LV9ZZ88LO,07 A 11,ACTIVO,273953.605,TYP2,VIKING ARMOUR,B92375,2,0.2505
V000Z944,60 Y MAS,ACTIVO,144526.705,0,DRAGONS,90LD2,2,0.2681
LLOL40FA,12 A 23,ACTIVO,,#N/D,VIKING ARMOUR,B92375,#N/D,0.558
LZLFA9088,24 A 47,ACTIVO,103541.52,0,DRAGONS,B92375,2,0.0583
Z04L94Z4,60 Y MAS,ACTIVO,84127.485,BITCOIN,VIKING ARMOUR,90LD2,2,0.8769
LLO0VVZVZ,24 A 47,ACTIVO,202768.81,TYP2,SOIL,Y79G54,2,0.7116
LO04Z44LO4,60 Y MAS,ACTIVO,135898.245,0,DRAGONS,90LD2,2,0.424
LZFALVLZV,24 A 47,ACTIVO,323567.25,0,VIKING ARMOUR,B92375,4,0.3602
V900FAL4,60 Y MAS,ACTIVO,228654.19,BITCOIN,SOIL,Y79G54,2,0.2569
FA0L0V0LLO,00 A 06,ACTIVO,250225.34,0,VIKING ARMOUR,B92375,N,0.0999
LVZFA4ZV0,12 A 23,ACTIVO,310624.56,0,VIKING ARMOUR,Y79G54,4,0.7437
L8FAVLO0LFA,12 A 23,ACTIVO,237282.65,TYP2,VIKING ARMOUR,B92375,2,0.6011
LV8Z008FA,12 A 23,ACTIVO,364552.435,ETHER,SOIL,Y79G54,3,0.196
Z0FA80VLZ,60 Y MAS,ACTIVO,336078.517,USD,DRAGONS,Y79G54,2,0.1146
V00ZFA0L0,60 Y MAS,ACTIVO,204925.925,0,DRAGONS,90LD2,2,0.6149
LFA4ZMVFA4,24 A 47,ACTIVO,237282.65,BITCOIN,VIKING ARMOUR,B92375,2,0.7919
L8LV098Z,07 A 11,ACTIVO,273953.605,GOLD,VIKING ARMOUR,B92375,2,0.4707
98809Z8,60 Y MAS,ACTIVO,198454.58,0,SPURS,Y79G54,4,0.7969
L44VLO0VFA,24 A 47,ACTIVO,407694.735,ETHER,VIKING ARMOUR,Y79G54,6,0.2818
L09L0LO94,48 A 60,ACTIVO,267482.26,0,VIKING ARMOUR,B92375,4,0.5509
80LV8LOZ0,24 A 47,ACTIVO,150998.05,BITCOIN,VIKING ARMOUR,90LD2,2,0.5509
VZZM0VL,60 Y MAS,ACTIVO,167392.124,0,DRAGONS,90LD2,2,0.7944
888L4LOZ,60 Y MAS,ACTIVO,1200218.786,ETHER,VIKING ARMOUR,Y79G54,6,0.3283
LLO484ZM9,12 A 23,ACTIVO,329607.172,ETHER,DRAGONS,Y79G54,2,0.8582
8Z4Z9L,60 Y MAS,ACTIVO,133741.13,GOLD,DRAGONS,B92375,2,0.8699
ZZVVFAFAV8,60 Y MAS,ACTIVO,110012.865,BITCOIN,VIKING ARMOUR,Y79G54,2,0.7487
LVFALO8ZLOZ,12 A 23,ACTIVO,228654.19,BITCOIN,SOIL,Y79G54,2,0.7645
LFA0400ZL,24 A 47,ACTIVO,159626.51,BITCOIN,SOIL,Y79G54,2,0.6397
LFAV0ZVLOV,24 A 47,ACTIVO,159626.51,0,SOIL,Y79G54,1,0.97
Z00V09VFA,60 Y MAS,ACTIVO,135898.245,TYP2,DRAGONS,B92375,2,0.3323
LV0FALLOLL,12 A 23,ACTIVO,286896.295,TYP2,VIKING ARMOUR,Y79G54,2,0.9245
V04V0LOFA8,60 Y MAS,ACTIVO,323567.25,GOLD,VIKING ARMOUR,B92375,4,0.2589
LO0ZFA9LO89,60 Y MAS,ACTIVO,88441.715,0,DRAGONS,90LD2,2,0.5026
V08Z400,60 Y MAS,ACTIVO,765344.402,GOLD,VIKING ARMOUR,Y79G54,4,0.2875
L04LLLZV,48 A 60,ACTIVO,299838.985,0,NAVAL,B92375,3,0.7767
LO00094L8,60 Y MAS,ACTIVO,136329.668,0,SOIL,90LD2,1,0.594
LFA94988Z,24 A 47,ACTIVO,237282.65,0,VIKING ARMOUR,B92375,2,0.1646
LLOL0VVLLO,12 A 23,ACTIVO,198454.58,BITCOIN,VIKING ARMOUR,JSF89A,2,0.5612
L04LOZ098,48 A 60,ACTIVO,265325.145,TYP2,NAVAL,B92375,4,0.1941
Z04800V0,60 Y MAS,ACTIVO,250225.34,GOLD,VIKING ARMOUR,B92375,4,0.7445
L4808ZZ8,24 A 47,ACTIVO,668705.65,BITCOIN,#N/D,#N/D,6,0.1724
LLOFA9FA49FA,24 A 47,ACTIVO,345138.4,GOLD,SPURS,Y79G54,4,0.8131
L808980Z,07 A 11,ACTIVO,150998.05,#N/D,SOIL,Y79G54,2,0.5534
L9L00FA08,07 A 11,ACTIVO,237282.65,#N/D,VIKING ARMOUR,B92375,N,0.4579
LZLOZ894FA,24 A 47,ACTIVO,,#N/D,VIKING ARMOUR,B92375,#N/D,0.9834
VFA484Z9,60 Y MAS,ACTIVO,560849.9,TYP2,#N/D,#N/D,6,0.5965
FALOZL90,60 Y MAS,ACTIVO,195003.196,BITCOIN,DRAGONS,90LD2,2,0.4163
ZZFA9LO0FALO,60 Y MAS,ACTIVO,448679.92,BITCOIN,VIKING ARMOUR,Y79G54,6,0.0857
FA098FA909,00 A 06,ACTIVO,,#N/D,DRAGONS,Y79G54,#N/D,0.6286
L94Z9LO00,07 A 11,ACTIVO,237282.65,BITCOIN,VIKING ARMOUR,B92375,N,0.8577
LLV00ZL0,24 A 47,ACTIVO,237282.65,0,VIKING ARMOUR,B92375,2,0.2313
80090LOLZ,60 Y MAS,ACTIVO,278267.835,ETHER,DRAGONS,Y79G54,4,0.9392
89V0V84,60 Y MAS,ACTIVO,215280.077,BITCOIN,SOIL,90LD2,4,0.3367
L00LO4Z0LO,48 A 60,ACTIVO,207083.04,BITCOIN,SPURS,Y79G54,4,0.9255
L88ZZ0VV,07 A 11,ACTIVO,273953.605,ETHER,VIKING ARMOUR,B92375,N,0.8162
LLZLO8LO4L,24 A 47,ACTIVO,295524.755,0,NAVAL,B92375,4,0.7632
L4FAFAZMLZ,24 A 47,ACTIVO,159626.51,0,SOIL,Y79G54,1,0.9974
L409V80LO,24 A 47,ACTIVO,258853.8,GOLD,NAVAL,B92375,4,0.864
L49LOL9VV,24 A 47,ACTIVO,228654.19,0,VIKING ARMOUR,Y79G54,2,0.9223
LZMLOL80LO,12 A 23,ACTIVO,159626.51,BITCOIN,SOIL,Y79G54,2,0.3845
L9Z8LL44,00 A 06,ACTIVO,159626.51,GOLD,VIKING ARMOUR,B92375,N,0.7605
L4FAZLO94L,24 A 47,ACTIVO,286896.295,0,VIKING ARMOUR,B92375,3,0.0643
L8L0L004,12 A 23,ACTIVO,172569.2,#N/D,SPURS,Y79G54,1,0.5322
LLO9498LOL,12 A 23,ACTIVO,159626.51,GOLD,SOIL,Y79G54,2,0.278
L9FAZML9Z,00 A 06,ACTIVO,150998.05,#N/D,SOIL,Y79G54,N,0.0973
VLZMFA09,60 Y MAS,ACTIVO,160057.933,BITCOIN,DRAGONS,90LD2,2,0.9237
VLO4LOV09,60 Y MAS,ACTIVO,432717.269,ETHER,NAVAL,90LD2,6,0.2696
L800LOV09,07 A 11,ACTIVO,304153.215,BITCOIN,VIKING ARMOUR,B92375,4,0.0343
LO000VLV8,60 Y MAS,ACTIVO,463779.725,GOLD,VIKING ARMOUR,Y79G54,4,0.0378
L440,00 A 06,ACTIVO,310624.56,0,VIKING ARMOUR,Y79G54,N,0.9037
VV9890L,60 Y MAS,ACTIVO,418480.31,GOLD,VIKING ARMOUR,Y79G54,4,0.162
84L90LO8,60 Y MAS,ACTIVO,353766.86,BITCOIN,VIKING ARMOUR,Y79G54,4,0.8689
LFAL0LO8LZ,24 A 47,ACTIVO,295524.755,0,NAVAL,B92375,4,0.3364
90084LOL0,24 A 47,ACTIVO,254539.57,0,SPURS,90LD2,2,0.5079
Z0FA8L00V,60 Y MAS,ACTIVO,250225.34,GOLD,VIKING ARMOUR,B92375,4,0.702
LZLO9Z89FA,24 A 47,ACTIVO,250225.34,0,VIKING ARMOUR,B92375,4,0.9941
V090LFA00,24 A 47,ACTIVO,168254.97,BITCOIN,VIKING ARMOUR,JSF89A,2,0.1595
L880ZLO09,07 A 11,ACTIVO,237282.65,GOLD,VIKING ARMOUR,B92375,N,0.3182
LV8LOZ4LLO,12 A 23,ACTIVO,289053.41,ETHER,SOIL,Y79G54,1,0.0819
808,60 Y MAS,ACTIVO,457308.38,BITCOIN,DRAGONS,Y79G54,2,0.225
9004ZL90,60 Y MAS,ACTIVO,,#N/D,SPURS,90LD2,#N/D,0.1511
9FA4L808,60 Y MAS,ACTIVO,189826.12,GOLD,SPURS,Y79G54,2,0.7859
90L09840,60 Y MAS,ACTIVO,,#N/D,VIKING ARMOUR,90LD2,#N/D,0.2032
VLOVZLLOV,60 Y MAS,ACTIVO,513393.37,BITCOIN,VIKING ARMOUR,Y79G54,4,0.5736
LZFAVZZZL,24 A 47,ACTIVO,250225.34,0,VIKING ARMOUR,B92375,0,0.1151
V0LO44FA84,60 Y MAS,ACTIVO,176883.43,0,DRAGONS,B92375,2,0.565
L9FA0884L,00 A 06,ACTIVO,362395.32,BITCOIN,VIKING ARMOUR,Y79G54,N,0.4606
FA0FA489Z0,00 A 06,ACTIVO,,#N/D,SOIL,Y79G54,#N/D,0.4384
LVLLO8LZ9,12 A 23,ACTIVO,172569.2,GOLD,SPURS,JSF89A,2,0.5724
LZLO40Z80,24 A 47,ACTIVO,146683.82,GOLD,NAVAL,JSF89A,2,0.4699
FA00LOL09Z,00 A 06,ACTIVO,224339.96,0,VIKING ARMOUR,JSF89A,N,0.6545
L8Z4FAZ4Z,07 A 11,ACTIVO,254539.57,0,NAVAL,JSF89A,2,0.8816
LLOLFAZM94,12 A 23,ACTIVO,303721.792,0,VIKING ARMOUR,JSF89A,4,0.6574
V88VLOZ8,60 Y MAS,ACTIVO,472408.185,BITCOIN,VIKING ARMOUR,Y79G54,6,0.1092
L4LOZ88LFA,24 A 47,ACTIVO,202768.81,GOLD,NAVAL,B92375,2,0.1771
L9FA8ZV49,00 A 06,ACTIVO,347295.515,#N/D,VIKING ARMOUR,Y79G54,N,0.3412
Z000LZ0FA,60 Y MAS,ACTIVO,159626.51,BITCOIN,SOIL,Y79G54,2,0.4439
L98V9ZV0,00 A 06,ACTIVO,150998.05,0,SPURS,JSF89A,N,0.6465
L89004LOZ,07 A 11,ACTIVO,273953.605,GOLD,VIKING ARMOUR,B92375,N,0.181
LV0Z4FAFA4,12 A 23,activo,347295.515,ETHER,SOIL,Y79G54,4,0.3406
ZZ4L000L,60 Y MAS,ACTIVO,323135.827,TYP2,VIKING ARMOUR,JSF89A,4,0.8902
Z0VZL4FA8,60 Y MAS,ACTIVO,159626.51,0,SOIL,Y79G54,2,0.9449
L8FAFAFAFA98,07 A 11,ACTIVO,295524.755,#N/D,SPURS,Y79G54,2,0.787
L9LOV0L08,00 A 06,ACTIVO,120798.44,#N/D,SPURS,Y79G54,N,0.1553
9ZVLOLL8,60 Y MAS,ACTIVO,276110.72,BITCOIN,DRAGONS,Y79G54,2,0.3578
L84Z0LLFA,07 A 11,ACTIVO,289053.41,#N/D,VIKING ARMOUR,Y79G54,2,0.6348
LLZ8049V,24 A 47,ACTIVO,323567.25,BITCOIN,VIKING ARMOUR,B92375,4,0.8506
FA0FA8V0FAV,00 A 06,ACTIVO,,#N/D,SPURS,Y79G54,#N/D,0.9381
L4FA09VFA0,24 A 47,activo,295524.755,0,NAVAL,B92375,3,0.7752
LV00VZ,12 A 23,ACTIVO,487507.99,USD,VIKING ARMOUR,Y79G54,4,0.3134
L0ZLOLFALO0,48 A 60,ACTIVO,176883.43,GOLD,DRAGONS,B92375,2,0.6021
LZ98LLO0L,24 A 47,ACTIVO,189826.12,TYP2,DRAGONS,Y79G54,2,0.6029
L94L0FAFAL,00 A 06,ACTIVO,217868.615,#N/D,SPURS,Y79G54,N,0.5713
800Z4489,60 Y MAS,ACTIVO,100952.982,BITCOIN,SOIL,Y79G54,2,0.9689
LLVLOV0Z0,24 A 47,ACTIVO,207083.04,0,SPURS,Y79G54,4,0.4226
VZ0ZM8Z,60 Y MAS,ACTIVO,647134.5,TYP2,VIKING ARMOUR,Y79G54,4,0.3546
V9409FA8,60 Y MAS,ACTIVO,159626.51,GOLD,SOIL,Y79G54,2,0.0046
LLO000ZVZ,24 A 47,ACTIVO,250225.34,0,VIKING ARMOUR,B92375,2,0.1541
L9040V00,07 A 11,ACTIVO,237282.65,#N/D,VIKING ARMOUR,B92375,N,0.7484
LZ4FAV904,24 A 47,ACTIVO,207083.04,BITCOIN,SPURS,Y79G54,4,0.3004
L4LFAV40FA,24 A 47,ACTIVO,368435.242,0,VIKING ARMOUR,Y79G54,3,0.719
L904LO00Z,00 A 06,ACTIVO,120798.44,ETHER,SPURS,Y79G54,N,0.5125
FA00VFAV0LO,00 A 06,ACTIVO,215711.5,0,VIKING ARMOUR,B92375,N,0.6252
LV4LLOV80,12 A 23,ACTIVO,327881.48,GOLD,VIKING ARMOUR,Y79G54,3,0.1487
L90FAFAZ0LO,00 A 06,ACTIVO,125112.67,#N/D,VIKING ARMOUR,JSF89A,N,0.9268
L89VLOL40,07 A 11,ACTIVO,181197.66,0,SPURS,Y79G54,N,0.7614
LLO9LZLOZ0,12 A 23,ACTIVO,,#N/D,SOIL,Y79G54,#N/D,0.1349
80L90004,24 A 47,ACTIVO,149703.781,USD,SPURS,90LD2,4,0.4996
FA0004VZZ,00 A 06,ACTIVO,254539.57,#N/D,VIKING ARMOUR,Y79G54,N,0.1423
LV944LL0,12 A 23,ACTIVO,284739.18,USD,SPURS,Y79G54,2,0.2401
L0LO4LZ98,48 A 60,ACTIVO,237282.65,BITCOIN,VIKING ARMOUR,B92375,2,0.5951
L449V0Z0,24 A 47,ACTIVO,243753.995,USD,SPURS,Y79G54,4,0.1655
FA0V4LOVFAV,00 A 06,ACTIVO,,#N/D,VIKING ARMOUR,B92375,#N/D,0.4823
FALLOFA4,60 Y MAS,ACTIVO,235125.535,ETHER,SPURS,Y79G54,4,0.473
FA0LFAV8L9,00 A 06,ACTIVO,189826.12,0,VIKING ARMOUR,B92375,N,0.7935
LZVVFA0LLO,24 A 47,ACTIVO,207083.04,0,SPURS,Y79G54,3,0.4106
L8040044,12 A 23,ACTIVO,248068.225,TYP2,SPURS,Y79G54,4,0.5715
Z0FAZ09VL,60 Y MAS,ACTIVO,207083.04,GOLD,DRAGONS,B92375,2,0.872
L0FAFA04ZFA,48 A 60,ACTIVO,159626.51,BITCOIN,SOIL,Y79G54,2,0.0385
L80VLOZFAZ,12 A 23,ACTIVO,310624.56,GOLD,SPURS,Y79G54,2,0.1762
LVZV9040,12 A 23,ACTIVO,250225.34,0,VIKING ARMOUR,B92375,1,0.543
FA09ZZVL8,00 A 06,activo,,#N/D,VIKING ARMOUR,B92375,#N/D,0.084
L8ZFAZ40V,07 A 11,ACTIVO,176883.43,BITCOIN,VIKING ARMOUR,JSF89A,2,0.0969
LVFA0FAL8LO,12 A 23,ACTIVO,140212.475,0,DRAGONS,B92375,2,0.1258
LZ0L0LLO4,24 A 47,ACTIVO,278267.835,0,VIKING ARMOUR,B92375,4,0.966
FA0VZLO480,00 A 06,ACTIVO,,#N/D,SPURS,Y79G54,#N/D,0.0216
FA09LVVFA0,00 A 06,activo,,#N/D,VIKING ARMOUR,B92375,#N/D,0.9498
V04VFAZZ,60 Y MAS,ACTIVO,487507.99,BITCOIN,VIKING ARMOUR,Y79G54,6,0.5716
L4FALL4ZFA,24 A 47,ACTIVO,241596.88,0,SPURS,Y79G54,4,0.6688
988V49LO,60 Y MAS,ACTIVO,207083.04,TYP2,SPURS,Y79G54,4,0.6818
LO0FAFA8LVFA,60 Y MAS,ACTIVO,245911.11,0,VIKING ARMOUR,Y79G54,4,0.899
Z04FALO0LO9,60 Y MAS,ACTIVO,207083.04,ETHER,SPURS,Y79G54,4,0.3169
LLLO0FAL40,24 A 47,ACTIVO,159626.51,GOLD,SOIL,Y79G54,2,0.1068
LO00LO9L8L,60 Y MAS,ACTIVO,319253.02,BITCOIN,DRAGONS,Y79G54,2,0.8233
L8LOZVLO9LO,07 A 11,ACTIVO,310624.56,#N/D,VIKING ARMOUR,B92375,2,0.685
LFAFA00V49,24 A 47,ACTIVO,312781.675,0,NAVAL,B92375,3,0.5374
V04ZZFA8L,60 Y MAS,ACTIVO,250225.34,BITCOIN,VIKING ARMOUR,B92375,2,0.7519
L94FA9FA08,00 A 06,ACTIVO,181197.66,GOLD,SPURS,Y79G54,N,0.5916
LV009FAZ0,12 A 23,ACTIVO,327881.48,0,VIKING ARMOUR,Y79G54,3,0.826
LO0LOFA0V0V,60 Y MAS,ACTIVO,85421.754,0,DRAGONS,90LD2,2,0.2076
V08V494,60 Y MAS,ACTIVO,549201.479,USD,VIKING ARMOUR,90LD2,6,0.2882
LO00004LV,60 Y MAS,ACTIVO,,#N/D,VIKING ARMOUR,B92375,#N/D,0.902
L9FAFAVVFA,60 Y MAS,ACTIVO,185511.89,BITCOIN,DRAGONS,Y79G54,2,0.8206
LFALOFAZVVV,24 A 47,ACTIVO,189826.12,0,SPURS,Y79G54,3,0.1851
V8Z0FAZ0,60 Y MAS,ACTIVO,310624.56,BITCOIN,VIKING ARMOUR,B92375,4,0.9715
LVLO0FA8V4,12 A 23,ACTIVO,267482.26,BITCOIN,VIKING ARMOUR,Y79G54,2,0.7918
LLOFAVLOZ84,12 A 23,ACTIVO,243753.995,ETHER,SPURS,Y79G54,4,0.2111
L9Z984FAV,07 A 11,ACTIVO,159626.51,ETHER,SPURS,Y79G54,N,0.1524
L908V4LO4,00 A 06,ACTIVO,99227.29,ETHER,DRAGONS,B92375,N,0.15
Z0Z000FAZ,60 Y MAS,ACTIVO,241596.88,USD,VIKING ARMOUR,B92375,4,0.966
80FA004V0,24 A 47,ACTIVO,150998.05,0,SPURS,JSF89A,2,0.2865
498L4VLO,60 Y MAS,ACTIVO,512961.947,BITCOIN,VIKING ARMOUR,90LD2,6,0.9051
L8FAZZLO00,07 A 11,ACTIVO,340824.17,GOLD,VIKING ARMOUR,Y79G54,2,0.6477
L8FALVZ84,07 A 11,ACTIVO,200611.695,#N/D,VIKING ARMOUR,B92375,1,0.12
LFALOVZL90,24 A 47,ACTIVO,405537.62,0,VIKING ARMOUR,Y79G54,4,0.1116
L9V9490L,00 A 06,ACTIVO,181197.66,GOLD,SPURS,Y79G54,N,0.6109
LLFA8VFA89,48 A 60,ACTIVO,396909.16,GOLD,VIKING ARMOUR,Y79G54,4,0.8159
LFALOVL9Z0,24 A 47,ACTIVO,347295.515,0,VIKING ARMOUR,B92375,4,0.5732
8ZFAFA9LO0,60 Y MAS,ACTIVO,91461.676,GOLD,DRAGONS,90LD2,2,0.0796
L88VLOVFA9,00 A 06,ACTIVO,345138.4,#N/D,VIKING ARMOUR,B92375,N,0.5843
L0Z0FALO4L,48 A 60,ACTIVO,228654.19,GOLD,NAVAL,B92375,2,0.4292
LLO0400V0,12 A 23,ACTIVO,276110.72,0,VIKING ARMOUR,Y79G54,2,0.0708
L9Z0L8ZFA,00 A 06,ACTIVO,349452.63,#N/D,VIKING ARMOUR,Y79G54,N,0.2125
Z0V800LO8,60 Y MAS,ACTIVO,440051.46,BITCOIN,VIKING ARMOUR,Y79G54,4,0.8394
L9V4LOFAZLO,00 A 06,ACTIVO,273953.605,GOLD,VIKING ARMOUR,B92375,N,0.5527
4LLOVLFA0,60 Y MAS,ACTIVO,437894.345,ETHER,DRAGONS,Y79G54,2,0.7954
LLO00FAL89,12 A 23,ACTIVO,189826.12,GOLD,SPURS,Y79G54,1,0.3677
L088FALOZZ,48 A 60,ACTIVO,444365.69,ETHER,VIKING ARMOUR,Y79G54,6,0.8059
900ZLO0FAL,24 A 47,activo,,#N/D,SPURS,90LD2,#N/D,0.4235
LLO00FA0LL,24 A 47,ACTIVO,267482.26,BITCOIN,SPURS,Y79G54,4,0.7899
LLL000ZL,48 A 60,ACTIVO,245911.11,BITCOIN,SPURS,Y79G54,4,0.8381
LZ0VFAV04,24 A 47,ACTIVO,159626.51,0,SOIL,Y79G54,1,0.5417
L9084V0LO,00 A 06,ACTIVO,237282.65,#N/D,VIKING ARMOUR,B92375,N,0.3799
L8009404,07 A 11,ACTIVO,129426.9,0,DRAGONS,JSF89A,2,0.3483
LO0Z9FAFALZ,60 Y MAS,ACTIVO,295524.755,GOLD,NAVAL,B92375,4,0.7207
L88Z80,00 A 06,ACTIVO,163940.74,#N/D,DRAGONS,Y79G54,N,0.8341
8000LO448,60 Y MAS,ACTIVO,273522.182,0,DRAGONS,JSF89A,2,0.3424
LZ490LO8LO,24 A 47,ACTIVO,103541.52,0,DRAGONS,B92375,1,0.1327
L9LO4FA4L4,00 A 06,ACTIVO,189826.12,BITCOIN,SPURS,Y79G54,N,0.4896
L98Z90ZV,00 A 06,ACTIVO,237282.65,BITCOIN,VIKING ARMOUR,B92375,N,0.2285
LO0ZMFA904,60 Y MAS,ACTIVO,226065.652,0,NAVAL,90LD2,4,0.4878
L88V8VLLO,07 A 11,ACTIVO,332195.71,0,SPURS,Y79G54,N,0.9324
L0ZLO9ZZ4,48 A 60,ACTIVO,345138.4,0,VIKING ARMOUR,B92375,6,0.4772
Z00VFA0,60 Y MAS,ACTIVO,323567.25,GOLD,VIKING ARMOUR,B92375,4,0.8199
L0LO9ZLO0Z,48 A 60,ACTIVO,196297.465,0,SOIL,Y79G54,2,0.4779
L8Z4LZ,00 A 06,ACTIVO,159626.51,#N/D,SOIL,Y79G54,N,0.233
FA0LLOZLOL0,00 A 06,ACTIVO,159626.51,0,SOIL,Y79G54,N,0.0589
L4ZVLO9LO9,24 A 47,ACTIVO,241596.88,0,VIKING ARMOUR,B92375,4,0.893
L4LO90LLL,24 A 47,activo,276110.72,BITCOIN,SPURS,Y79G54,3,0.5837
9008V000,48 A 60,ACTIVO,,#N/D,SPURS,90LD2,#N/D,0.0068
L0LO0LOL0LO,48 A 60,ACTIVO,207083.04,0,SPURS,Y79G54,3,0.4623
LO08LLLOFA0,60 Y MAS,ACTIVO,136329.668,0,SOIL,90LD2,2,0.697
LZ0VFA4FAV,24 A 47,ACTIVO,207083.04,BITCOIN,SPURS,Y79G54,4,0.455
LZ8FA9L,24 A 47,ACTIVO,250225.34,TYP2,VIKING ARMOUR,B92375,3,0.4154
L80Z80VL,07 A 11,ACTIVO,172569.2,BITCOIN,SPURS,Y79G54,1,0.4543
L9LLO098L,00 A 06,ACTIVO,237282.65,0,VIKING ARMOUR,B92375,N,0.0181
LFALLFALV0,24 A 47,ACTIVO,276110.72,0,NAVAL,B92375,4,0.4366
LLOV490Z8,12 A 23,ACTIVO,159626.51,0,SOIL,Y79G54,2,0.5163
LL08Z040,48 A 60,ACTIVO,468093.955,ETHER,NAVAL,B92375,4,0.1369
L9ZLOZ49L,07 A 11,ACTIVO,150998.05,ETHER,SOIL,Y79G54,N,0.3529
LLOZ4ZMLO9,12 A 23,ACTIVO,351609.745,0,VIKING ARMOUR,Y79G54,3,0.1336
FA04Z9LFAL,00 A 06,ACTIVO,,#N/D,VIKING ARMOUR,B92375,#N/D,0.1564
ZZV84FAZ8,60 Y MAS,ACTIVO,125112.67,GOLD,VIKING ARMOUR,B92375,2,0.4878
LFALL90VV,24 A 47,ACTIVO,250225.34,GOLD,VIKING ARMOUR,B92375,4,0.9468
FA04ZZ9FA4,00 A 06,activo,,#N/D,SOIL,Y79G54,#N/D,0.7265
LLLO9VVZL,24 A 47,ACTIVO,327881.48,BITCOIN,VIKING ARMOUR,Y79G54,4,0.6714
LVL490LLO,12 A 23,ACTIVO,189826.12,0,SPURS,Y79G54,2,0.6256
80L0L0VLO,60 Y MAS,ACTIVO,93187.368,GOLD,DRAGONS,B92375,2,0.5141
L440LOFA00,24 A 47,ACTIVO,207083.04,0,SPURS,Y79G54,3,0.4923
L8048Z84,12 A 23,ACTIVO,150998.05,#N/D,SOIL,Y79G54,1,0.4597
FA00VLOZZM,00 A 06,ACTIVO,168254.97,0,SPURS,Y79G54,N,0.1511
FA0LLOZLFA8,00 A 06,ACTIVO,129426.9,0,DRAGONS,JSF89A,N,0.4978
LV09FA084,12 A 23,ACTIVO,189826.12,TYP2,SPURS,Y79G54,2,0.5307
L8LO0VL94,07 A 11,ACTIVO,150998.05,#N/D,SOIL,Y79G54,2,0.0605
L080VZM8,48 A 60,ACTIVO,349452.63,BITCOIN,SPURS,Y79G54,6,0.9662
ZZV0V0,60 Y MAS,ACTIVO,351178.322,0,VIKING ARMOUR,JSF89A,4,0.2257
V0LOZFALO0FA,60 Y MAS,ACTIVO,286896.295,GOLD,VIKING ARMOUR,B92375,4,0.853
ZZ00FA80LO,60 Y MAS,ACTIVO,278267.835,BITCOIN,VIKING ARMOUR,B92375,4,0.8418
FA0LVZLL0,00 A 06,ACTIVO,250225.34,0,VIKING ARMOUR,B92375,N,0.8509
8009Z000,48 A 60,ACTIVO,282150.642,0,VIKING ARMOUR,JSF89A,4,0.9497
ZFA80L,60 Y MAS,ACTIVO,430991.577,0,VIKING ARMOUR,Y79G54,4,0.4378
LL9ZZL8L,24 A 47,ACTIVO,207083.04,BITCOIN,SPURS,Y79G54,4,0.3044
LFAFAVFAZ00,24 A 47,ACTIVO,207083.04,0,SPURS,Y79G54,3,0.3566
V080LOZ4,60 Y MAS,ACTIVO,211397.27,BITCOIN,DRAGONS,90LD2,2,0.8404
V0LLV000,60 Y MAS,ACTIVO,150566.627,0,DRAGONS,90LD2,2,0.0148
L40VV0FA0,24 A 47,ACTIVO,648860.192,BITCOIN,VIKING ARMOUR,Y79G54,4,0.5183
LFAZVLOVLO0,24 A 47,ACTIVO,207083.04,ETHER,SPURS,Y79G54,4,0.136
V848VLL,60 Y MAS,ACTIVO,250225.34,BITCOIN,VIKING ARMOUR,B92375,4,0.1385
80ZVLO48,60 Y MAS,ACTIVO,314938.79,GOLD,VIKING ARMOUR,Y79G54,4,0.6752
FA0LZM9LZ,00 A 06,ACTIVO,250225.34,0,VIKING ARMOUR,B92375,N,0.3292
LV8LLLZM,12 A 23,ACTIVO,174726.315,GOLD,DRAGONS,B92375,2,0.1048
V0LO8V989,60 Y MAS,ACTIVO,310624.56,GOLD,VIKING ARMOUR,B92375,4,0.5862
L0ZZVFA8L,48 A 60,ACTIVO,207083.04,BITCOIN,SPURS,Y79G54,4,0.9528
LLO040FA08,24 A 47,ACTIVO,207083.04,BITCOIN,SPURS,Y79G54,1,0.4205
L90Z980L,07 A 11,ACTIVO,237282.65,GOLD,VIKING ARMOUR,B92375,N,0.9462
V4V000LO,60 Y MAS,ACTIVO,207083.04,BITCOIN,SPURS,Y79G54,4,0.5231
L480FA00V,24 A 47,ACTIVO,159626.51,ETHER,SOIL,Y79G54,2,0.8087
L8FA404,07 A 11,ACTIVO,187669.005,0,DRAGONS,JSF89A,N,0.0006
FA0ZLOFAFA94,00 A 06,activo,,#N/D,SPURS,Y79G54,#N/D,0.8767
VLOV0090,60 Y MAS,ACTIVO,250225.34,GOLD,VIKING ARMOUR,B92375,4,0.0857
LOV0V4V,60 Y MAS,ACTIVO,160057.933,GOLD,DRAGONS,90LD2,2,0.7061
LLOLLFAZ88,24 A 47,ACTIVO,207083.04,0,SPURS,Y79G54,2,0.2442
L94FALFAVL,00 A 06,ACTIVO,135898.245,GOLD,DRAGONS,B92375,N,0.7862
LFA084FA4LO,24 A 47,ACTIVO,563007.015,TYP2,VIKING ARMOUR,Y79G54,6,0.6086
LO04V848Z,60 Y MAS,ACTIVO,141075.321,0,DRAGONS,90LD2,2,0.5097
L0880L4Z,48 A 60,ACTIVO,735576.215,ETHER,VIKING ARMOUR,Y79G54,6,0.0368
LV00VZLOFA,12 A 23,ACTIVO,,#N/D,VIKING ARMOUR,B92375,#N/D,0.0433
L4FAV4LO9FA,24 A 47,ACTIVO,276110.72,BITCOIN,VIKING ARMOUR,Y79G54,4,0.348
FA000L408,00 A 06,ACTIVO,159626.51,#N/D,SOIL,Y79G54,N,0.4801
L9Z8FA8ZLO,00 A 06,ACTIVO,150998.05,BITCOIN,SOIL,Y79G54,N,0.3571
ZZZ44VZFA,60 Y MAS,ACTIVO,414166.08,GOLD,VIKING ARMOUR,B92375,6,0.1971
LLO844V4V,12 A 23,ACTIVO,314938.79,ETHER,VIKING ARMOUR,B92375,3,0.6699
L90LO4089,07 A 11,ACTIVO,258853.8,BITCOIN,SPURS,Y79G54,N,0.2557
Z0490Z8L,60 Y MAS,ACTIVO,101815.828,0,SOIL,90LD2,1,0.4849
LVV890LL,07 A 11,ACTIVO,284739.18,0,VIKING ARMOUR,Y79G54,2,0.0634
LVVVFAVZLO,12 A 23,ACTIVO,150998.05,0,SOIL,Y79G54,1,0.337
90098LO0Z,60 Y MAS,ACTIVO,,#N/D,SPURS,90LD2,#N/D,0.6665
L90FAV90L,07 A 11,ACTIVO,150998.05,#N/D,SOIL,Y79G54,N,0.5783
L900L0ZZ,07 A 11,ACTIVO,267482.26,ETHER,VIKING ARMOUR,B92375,N,0.6496
LV8VLOFALO0,12 A 23,ACTIVO,99227.29,0,DRAGONS,B92375,1,0.0504
L08Z8LVV,48 A 60,ACTIVO,358081.09,BITCOIN,VIKING ARMOUR,Y79G54,4,0.2524
L8909LO0V,07 A 11,ACTIVO,224339.96,BITCOIN,SPURS,Y79G54,N,0.3781
V0FA0L0FAV,60 Y MAS,ACTIVO,629877.58,0,VIKING ARMOUR,Y79G54,4,0.0952
L9LLOFA049,00 A 06,ACTIVO,120798.44,#N/D,SPURS,Y79G54,N,0.3554
Z0VLVL88,60 Y MAS,ACTIVO,689413.954,0,VIKING ARMOUR,Y79G54,3,0.0614
L8940LOLL,00 A 06,ACTIVO,237282.65,GOLD,VIKING ARMOUR,B92375,N,0.0839
L80949Z8,07 A 11,ACTIVO,99227.29,GOLD,DRAGONS,B92375,2,0.5647
ZZVVZ000,60 Y MAS,ACTIVO,161783.625,0,DRAGONS,90LD2,2,0.1987
L9Z84ZLLO,00 A 06,ACTIVO,209240.155,0,SPURS,JSF89A,N,0.3718
LZM4ZVV8,12 A 23,ACTIVO,379220.817,BITCOIN,VIKING ARMOUR,Y79G54,4,0.283
Z0L09V09,60 Y MAS,ACTIVO,286896.295,0,VIKING ARMOUR,B92375,3,0.9428
LO04LVFA89,60 Y MAS,ACTIVO,135898.245,0,DRAGONS,90LD2,2,0.6874
ZZLO8FA8FA4,60 Y MAS,ACTIVO,368003.819,TYP2,#N/D,#N/D,4,0.8782
V4VV0LO4,60 Y MAS,ACTIVO,673451.303,BITCOIN,VIKING ARMOUR,B92375,6,0.2673
L8LLOZLO09,07 A 11,ACTIVO,172569.2,ETHER,SPURS,Y79G54,2,0.5311
L98LLO8,00 A 06,ACTIVO,172569.2,#N/D,VIKING ARMOUR,B92375,N,0.593
L84VZLO,07 A 11,ACTIVO,181197.66,#N/D,SPURS,Y79G54,N,0.7001
LZLO80VFA0,24 A 47,ACTIVO,478448.107,ETHER,VIKING ARMOUR,Y79G54,4,0.3902
800V0L0Z,60 Y MAS,ACTIVO,328312.903,0,DRAGONS,90LD2,4,0.0007
LVZM0000,12 A 23,ACTIVO,333489.979,0,VIKING ARMOUR,JSF89A,4,0.5966
L98FAFA9Z8,00 A 06,ACTIVO,120798.44,#N/D,SPURS,Y79G54,N,0.3074
LLVFAL0ZFA,48 A 60,ACTIVO,159626.51,#N/D,SOIL,Y79G54,2,0.333
LZFAZL98L,24 A 47,ACTIVO,310624.56,GOLD,VIKING ARMOUR,B92375,4,0.2089
LFA8LLVLLO,24 A 47,ACTIVO,125112.67,GOLD,SOIL,B92375,2,0.7186
LVLFAFAZM9,12 A 23,ACTIVO,327881.48,0,VIKING ARMOUR,Y79G54,4,0.4316
V0VZFALO98,60 Y MAS,ACTIVO,218300.038,GOLD,DRAGONS,90LD2,2,0.0327
L0L0FAFA09,60 Y MAS,ACTIVO,159626.51,0,SOIL,Y79G54,1,0.7765
FA040LOLFA4,00 A 06,activo,,#N/D,SPURS,Y79G54,#N/D,0.2849
9LO90ZV8,60 Y MAS,ACTIVO,358081.09,ETHER,VIKING ARMOUR,Y79G54,4,0.6772
LLZ904,24 A 47,ACTIVO,159626.51,BITCOIN,SOIL,Y79G54,2,0.3122
L89LLOZL8,07 A 11,ACTIVO,217868.615,BITCOIN,SPURS,Y79G54,N,0.7211
LLO900LO0LO,12 A 23,ACTIVO,243753.995,0,SPURS,Y79G54,3,0.7264
L4FALO8VZ9,24 A 47,activo,176883.43,0,DRAGONS,B92375,1,0.4985
FA0LZZLV0,00 A 06,activo,172569.2,0,SPURS,JSF89A,N,0.9488
L84FAZFAL4,07 A 11,ACTIVO,194140.35,BITCOIN,VIKING ARMOUR,B92375,2,0.693
VVV4LOL0,60 Y MAS,ACTIVO,301996.1,TYP2,VIKING ARMOUR,B92375,4,0.7964
V0049L4FA,60 Y MAS,ACTIVO,240302.611,0,VIKING ARMOUR,90LD2,4,0.3141
LV09FALFAZ,12 A 23,ACTIVO,273953.605,0,VIKING ARMOUR,B92375,2,0.8653
V09LV84L,60 Y MAS,ACTIVO,286896.295,GOLD,VIKING ARMOUR,B92375,4,0.5655
ZZLO4FAFA8V,60 Y MAS,ACTIVO,228654.19,BITCOIN,NAVAL,B92375,2,0.3589
VZLO90ZZ,60 Y MAS,ACTIVO,405537.62,BITCOIN,VIKING ARMOUR,Y79G54,4,0.9397
LFA9Z9LO98,24 A 47,ACTIVO,250225.34,0,VIKING ARMOUR,B92375,2,0.1253
FA0048LO,00 A 06,ACTIVO,353766.86,0,VIKING ARMOUR,Y79G54,N,0.842
LVLZFA4LZ,12 A 23,ACTIVO,226497.075,0,SPURS,Y79G54,2,0.4872
Z0L09V00,60 Y MAS,ACTIVO,133741.13,GOLD,DRAGONS,90LD2,2,0.2331
L8Z4V800,07 A 11,ACTIVO,237282.65,BITCOIN,VIKING ARMOUR,B92375,1,0.456
L44Z80Z4,24 A 47,ACTIVO,265325.145,ETHER,NAVAL,B92375,4,0.8477
LO0Z0LOFA04,24 A 47,ACTIVO,102678.674,0,NAVAL,90LD2,2,0.402
V0LLFAZZL,60 Y MAS,ACTIVO,129426.9,BITCOIN,DRAGONS,JSF89A,2,0.0837
80L9404L,24 A 47,ACTIVO,126838.362,0,SPURS,90LD2,4,0.8128
LO0LO4LLZ4,24 A 47,ACTIVO,227359.921,0,NAVAL,90LD2,4,0.0194
L9FA40ZL0,07 A 11,ACTIVO,120798.44,#N/D,VIKING ARMOUR,Y79G54,N,0.8166
FA04000VLO,00 A 06,ACTIVO,,#N/D,VIKING ARMOUR,B92375,#N/D,0.3547
Z0L090,60 Y MAS,ACTIVO,276110.72,GOLD,VIKING ARMOUR,Y79G54,4,0.7731
LV0FA444L,12 A 23,ACTIVO,286896.295,0,VIKING ARMOUR,B92375,0,0.0849
Z0FA40FALOL,60 Y MAS,ACTIVO,140212.475,BITCOIN,DRAGONS,B92375,2,0.9842
LZV9LO900,24 A 47,ACTIVO,668705.65,BITCOIN,VIKING ARMOUR,Y79G54,6,0.5412
L90VZ8LLO,07 A 11,ACTIVO,150998.05,#N/D,SPURS,Y79G54,N,0.3797
LLO44040FA,12 A 23,ACTIVO,140212.475,GOLD,DRAGONS,B92375,1,0.8726
LO04L89V4,60 Y MAS,ACTIVO,260579.492,0,DRAGONS,90LD2,4,0.2814
8ZFAFA90L,60 Y MAS,ACTIVO,241596.88,0,VIKING ARMOUR,B92375,4,0.2645
LZLLFAVZL,24 A 47,ACTIVO,291210.525,GOLD,SPURS,Y79G54,4,0.3023
Z0VZ004LO,60 Y MAS,ACTIVO,286896.295,GOLD,VIKING ARMOUR,B92375,4,0.6926
9FAV0LOFA0,60 Y MAS,ACTIVO,338667.055,BITCOIN,VIKING ARMOUR,B92375,4,0.56
Z00FA0LO98,60 Y MAS,ACTIVO,159626.51,GOLD,SOIL,Y79G54,2,0.0215
LZMV00VV,12 A 23,ACTIVO,189826.12,0,SPURS,Y79G54,1,0.0546
LLVFA8LOZ4,24 A 47,ACTIVO,159626.51,0,SOIL,Y79G54,1,0.0535
FA00LL000,00 A 06,ACTIVO,250225.34,#N/D,VIKING ARMOUR,B92375,N,0.6637
9080409,60 Y MAS,ACTIVO,345138.4,BITCOIN,VIKING ARMOUR,Y79G54,4,0.9272
FA0Z0VLO90,00 A 06,ACTIVO,,#N/D,SOIL,Y79G54,#N/D,0.0938
L00FALO8FA4,60 Y MAS,ACTIVO,189826.12,BITCOIN,DRAGONS,Y79G54,2,0.5297
LO0Z9ZM08,60 Y MAS,ACTIVO,216574.346,0,VIKING ARMOUR,90LD2,4,0.6149
LZ8L04LV,24 A 47,ACTIVO,250225.34,0,VIKING ARMOUR,B92375,3,0.1081
LZ40FA9ZL,24 A 47,ACTIVO,273953.605,0,VIKING ARMOUR,B92375,2,0.1785
V00Z9VVLO,24 A 47,ACTIVO,237282.65,BITCOIN,VIKING ARMOUR,B92375,2,0.6676
L88LO08FAZ,07 A 11,ACTIVO,477153.838,#N/D,VIKING ARMOUR,Y79G54,N,0.4231
LLOVZV80L,12 A 23,ACTIVO,359806.782,BITCOIN,VIKING ARMOUR,JSF89A,4,0.7102
FA08000LO9,00 A 06,ACTIVO,,#N/D,SOIL,Y79G54,#N/D,0.8045
L949Z4,00 A 06,ACTIVO,120798.44,#N/D,SPURS,Y79G54,N,0.7528
L0L848FA9,60 Y MAS,ACTIVO,491822.22,BITCOIN,VIKING ARMOUR,Y79G54,4,0.5796
FA00FAFAFA,00 A 06,ACTIVO,189826.12,0,SPURS,Y79G54,N,0.5224
L0LOVL9LL,48 A 60,ACTIVO,250225.34,GOLD,VIKING ARMOUR,B92375,4,0.994
FA00VFAFALOL,00 A 06,ACTIVO,125112.67,#N/D,SPURS,Y79G54,N,0.1954
FA00ZLFAV8,00 A 06,ACTIVO,267050.837,0,VIKING ARMOUR,JSF89A,N,0.719
LO0LFA08VZ,60 Y MAS,ACTIVO,188963.274,0,DRAGONS,90LD2,4,0.396
FA00LV0ZV,00 A 06,ACTIVO,189826.12,0,VIKING ARMOUR,Y79G54,N,0.1649
FA0FA090V9,00 A 06,ACTIVO,159626.51,0,VIKING ARMOUR,B92375,N,0.3014
LLV008V8,24 A 47,ACTIVO,207083.04,0,SPURS,Y79G54,4,0.4951
L0000L,60 Y MAS,ACTIVO,189826.12,0,SPURS,Y79G54,3,0.7608
84009LO9,60 Y MAS,ACTIVO,278267.835,0,SPURS,Y79G54,3,0.4212
FAL89LO4LO,60 Y MAS,ACTIVO,345138.4,0,DRAGONS,Y79G54,2,0.4529
LLLO9L004,24 A 47,ACTIVO,189826.12,GOLD,DRAGONS,Y79G54,2,0.2567
FA000FA0LOV,00 A 06,activo,,#N/D,DRAGONS,B92375,#N/D,0.5097
L9VLLOZVV,00 A 06,ACTIVO,120798.44,#N/D,SPURS,Y79G54,N,0.494
LO0LLFA4FA4,60 Y MAS,ACTIVO,522021.83,ETHER,VIKING ARMOUR,Y79G54,4,0.9918
FA0FALO0V04,00 A 06,ACTIVO,159626.51,0,SOIL,Y79G54,N,0.6887
L9FAZLZ40,00 A 06,ACTIVO,129426.9,BITCOIN,DRAGONS,JSF89A,N,0.4694
8004LO8L4,60 Y MAS,ACTIVO,135898.245,0,DRAGONS,90LD2,2,0.5066
800LO400LO,60 Y MAS,ACTIVO,356786.821,0,VIKING ARMOUR,Y79G54,4,0.8894
FA00V8VLOZ,00 A 06,ACTIVO,159626.51,USD,SOIL,Y79G54,N,0.6426
FA0449V89,00 A 06,ACTIVO,,#N/D,VIKING ARMOUR,B92375,#N/D,0.6966
FA0L9Z9FAZ,00 A 06,ACTIVO,159626.51,0,SOIL,Y79G54,N,0.4027
FA0Z4VFA,00 A 06,ACTIVO,,#N/D,SPURS,Y79G54,#N/D,0.9702
LZ4LZLO8L,24 A 47,ACTIVO,332195.71,0,VIKING ARMOUR,Y79G54,4,0.5715
LO08VFA0LO0,60 Y MAS,ACTIVO,159626.51,BITCOIN,SOIL,Y79G54,2,0.4425
FA09ZZ09LO,00 A 06,ACTIVO,,#N/D,VIKING ARMOUR,Y79G54,#N/D,0.6563
FA0Z0LOLLOZ,00 A 06,activo,,#N/D,VIKING ARMOUR,B92375,#N/D,0.7291
800FA4888,60 Y MAS,ACTIVO,135898.245,0,DRAGONS,90LD2,2,0.2945
L944LZLOFA,07 A 11,ACTIVO,118641.325,GOLD,VIKING ARMOUR,B92375,N,0.6708
L0444V8FA,48 A 60,ACTIVO,243753.995,GOLD,VIKING ARMOUR,B92375,2,0.7316
L9LOFAFALOZL,00 A 06,ACTIVO,159626.51,BITCOIN,VIKING ARMOUR,B92375,N,0.3184
LVFA98FA4FA,12 A 23,ACTIVO,163940.74,0,DRAGONS,Y79G54,1,0.9297
80LZM9ZLO,60 Y MAS,ACTIVO,301564.677,0,SOIL,90LD2,4,0.1697
LO0LZ008Z,48 A 60,ACTIVO,286896.295,0,VIKING ARMOUR,B92375,3,0.0919
FA0VZVFAFAFA,00 A 06,ACTIVO,,#N/D,SPURS,Y79G54,#N/D,0.5337
LVZ98FAFALO,12 A 23,ACTIVO,327881.48,BITCOIN,VIKING ARMOUR,Y79G54,4,0.5301
L8FA9LO004,07 A 11,ACTIVO,129426.9,0,DRAGONS,JSF89A,2,0.402
L0800LVFA,60 Y MAS,ACTIVO,207083.04,0,SPURS,Y79G54,4,0.8024
L84LOLFAZFA,07 A 11,ACTIVO,213554.385,#N/D,VIKING ARMOUR,JSF89A,2,0.0546
Z00VZ9LL,60 Y MAS,ACTIVO,353335.437,GOLD,DRAGONS,90LD2,4,0.7071
FA0Z09LO4,60 Y MAS,ACTIVO,303290.369,TYP2,NAVAL,90LD2,4,0.8964
LL0000LFA,48 A 60,ACTIVO,228654.19,ETHER,NAVAL,B92375,2,0.8171
L9ZVV4Z0,07 A 11,ACTIVO,237282.65,#N/D,VIKING ARMOUR,B92375,N,0.1596
L4980LO90,24 A 47,ACTIVO,159626.51,ETHER,SOIL,Y79G54,2,0.4198
900LOFA8LFA,24 A 47,ACTIVO,,#N/D,SPURS,90LD2,#N/D,0.5976
FA088L489,00 A 06,ACTIVO,,#N/D,VIKING ARMOUR,B92375,#N/D,0.5294
FA0VZFA0Z0,00 A 06,activo,,#N/D,SOIL,Y79G54,#N/D,0.1144
FA0LVVFA8Z,00 A 06,ACTIVO,189826.12,0,SPURS,Y79G54,N,0.5256
V8ZLVLOZ,60 Y MAS,ACTIVO,195003.196,BITCOIN,DRAGONS,90LD2,2,0.3441
ZZ0V4090,60 Y MAS,ACTIVO,385260.739,0,VIKING ARMOUR,B92375,4,0.8152
L009Z08V,60 Y MAS,ACTIVO,336509.94,ETHER,VIKING ARMOUR,Y79G54,4,0.4866
FA0LOVVFA40,00 A 06,activo,,#N/D,VIKING ARMOUR,B92375,#N/D,0.0099
V0LOFALO4LO,60 Y MAS,ACTIVO,226497.075,GOLD,SPURS,Y79G54,4,0.564
VL0V88FA,60 Y MAS,ACTIVO,677334.11,BITCOIN,VIKING ARMOUR,Y79G54,6,0.2101
L0004FAL9,48 A 60,ACTIVO,207083.04,0,SPURS,Y79G54,4,0.4427
L0ZM0,60 Y MAS,ACTIVO,760598.749,BITCOIN,VIKING ARMOUR,90LD2,6,0.87
VLZFA00LO,60 Y MAS,ACTIVO,237282.65,GOLD,VIKING ARMOUR,B92375,2,0.7684
LVLV9Z84,12 A 23,ACTIVO,207083.04,BITCOIN,SPURS,Y79G54,2,0.2401
L9LV9LO0LO,07 A 11,ACTIVO,120798.44,#N/D,SPURS,Y79G54,N,0.4541
L0Z890LOL,48 A 60,ACTIVO,103541.52,0,DRAGONS,B92375,2,0.9596
L9ZFA0800,00 A 06,ACTIVO,181197.66,#N/D,SPURS,Y79G54,N,0.2305
Z0LOLLOZFA4,60 Y MAS,ACTIVO,140212.475,0,DRAGONS,B92375,2,0.0971
LV9L4LL4,12 A 23,ACTIVO,187669.005,ETHER,SOIL,Y79G54,1,0.1038
LZ0LO980L,24 A 47,ACTIVO,196297.465,0,SOIL,Y79G54,0,0.1388
V0LLO9VLFA,60 Y MAS,ACTIVO,297681.87,BITCOIN,VIKING ARMOUR,B92375,4,0.0573
LZFA4FA400,24 A 47,ACTIVO,159626.51,BITCOIN,SOIL,Y79G54,2,0.5883
L4FAFALOFA8LO,24 A 47,ACTIVO,228654.19,0,NAVAL,B92375,1,0.0965
FA0Z9ZFAZLO,00 A 06,ACTIVO,,#N/D,DRAGONS,Y79G54,#N/D,0.9896
L00FA9L0Z,60 Y MAS,ACTIVO,159626.51,GOLD,SOIL,Y79G54,2,0.4911
8ZMV4,60 Y MAS,ACTIVO,,#N/D,VIKING ARMOUR,B92375,#N/D,0.848
VZ0FA80FA,60 Y MAS,ACTIVO,310624.56,BITCOIN,VIKING ARMOUR,Y79G54,4,0.51
LFAVVL490,24 A 47,ACTIVO,310624.56,BITCOIN,VIKING ARMOUR,B92375,4,0.9939
LO0ZFAFA4ZV,60 Y MAS,ACTIVO,347295.515,GOLD,VIKING ARMOUR,B92375,4,0.7435
L08FAVL44,60 Y MAS,ACTIVO,295524.755,0,NAVAL,B92375,4,0.0121
FA04FALO0VLO,00 A 06,ACTIVO,,#N/D,SOIL,Y79G54,#N/D,0.0821
V00LOZ944,24 A 47,ACTIVO,154018.011,0,SOIL,90LD2,2,0.6515
L8090LO09,12 A 23,ACTIVO,407694.735,GOLD,VIKING ARMOUR,Y79G54,4,0.1662
LFAZLOZ09Z,24 A 47,ACTIVO,159626.51,ETHER,SOIL,Y79G54,2,0.5046
809FAL8,60 Y MAS,ACTIVO,349452.63,TYP2,VIKING ARMOUR,Y79G54,6,0.9262
V04FA04LO8,60 Y MAS,ACTIVO,269639.375,TYP2,VIKING ARMOUR,B92375,4,0.6317
Z00V0440,60 Y MAS,ACTIVO,181197.66,BITCOIN,SPURS,Y79G54,2,0.3569
LV90VV0V,07 A 11,ACTIVO,135898.245,0,DRAGONS,B92375,2,0.5536
LFA098844,24 A 47,ACTIVO,280424.95,ETHER,VIKING ARMOUR,Y79G54,2,0.907
FA000844LO,00 A 06,activo,,#N/D,VIKING ARMOUR,Y79G54,#N/D,0.5296
LO0VFA90FA0,60 Y MAS,ACTIVO,405537.62,GOLD,VIKING ARMOUR,Y79G54,4,0.7488
L900FALO89,07 A 11,ACTIVO,368866.665,#N/D,VIKING ARMOUR,Y79G54,N,0.032
9000V9ZM,24 A 47,ACTIVO,,#N/D,SPURS,90LD2,#N/D,0.6116
LFAL4890Z,24 A 47,ACTIVO,228654.19,0,NAVAL,B92375,2,0.8848
80L00VFA9,60 Y MAS,ACTIVO,295093.332,0,NAVAL,90LD2,4,0.4715
L8LZ48FAFA,07 A 11,ACTIVO,273953.605,#N/D,VIKING ARMOUR,B92375,2,0.5741
ZLO4ZM40FA,60 Y MAS,ACTIVO,278267.835,0,VIKING ARMOUR,B92375,3,0.0904
LLOVZVLOLLO,12 A 23,ACTIVO,103541.52,0,DRAGONS,B92375,1,0.8655
ZZ0009L4,60 Y MAS,ACTIVO,286896.295,GOLD,VIKING ARMOUR,B92375,4,0.9674
L8FAZ8LVZ,07 A 11,ACTIVO,273953.605,ETHER,VIKING ARMOUR,B92375,2,0.455
LLO0Z80L0,12 A 23,ACTIVO,353766.86,ETHER,VIKING ARMOUR,Y79G54,4,0.0415
LZMFAVVFA0,12 A 23,ACTIVO,353766.86,BITCOIN,VIKING ARMOUR,B92375,4,0.7301
94FAFAV,60 Y MAS,ACTIVO,207083.04,BITCOIN,SPURS,Y79G54,4,0.1972
L0ZFA4LZM,48 A 60,ACTIVO,273953.605,TYP2,SPURS,Y79G54,4,0.4437
Z00V8L8LO,60 Y MAS,ACTIVO,314938.79,0,VIKING ARMOUR,B92375,4,0.5332
Z0L4VFA88,60 Y MAS,ACTIVO,237282.65,0,VIKING ARMOUR,B92375,2,0.4316
LLOZV448FA,24 A 47,ACTIVO,172569.2,BITCOIN,DRAGONS,B92375,2,0.9272
Z000FA888,60 Y MAS,ACTIVO,493979.335,GOLD,VIKING ARMOUR,Y79G54,4,0.6117
V0LO9Z0FA4,24 A 47,ACTIVO,250225.34,GOLD,VIKING ARMOUR,B92375,2,0.3094
LV80800L,12 A 23,ACTIVO,198454.58,BITCOIN,SPURS,Y79G54,1,0.5965
LLO004VLOFA,12 A 23,ACTIVO,263168.03,BITCOIN,DRAGONS,Y79G54,2,0.108
904V90Z,60 Y MAS,ACTIVO,347295.515,TYP2,VIKING ARMOUR,B92375,4,0.0429
L89LOFAZFAV,00 A 06,ACTIVO,237282.65,GOLD,VIKING ARMOUR,B92375,N,0.4405
L0V880,00 A 06,ACTIVO,150998.05,0,SOIL,Y79G54,N,0.4522
LV4LO4FA44,12 A 23,ACTIVO,159626.51,ETHER,SOIL,Y79G54,2,0.7836
LLLFA44ZV,48 A 60,ACTIVO,254539.57,ETHER,SPURS,Y79G54,4,0.6731
LLO4ZLO08FA,12 A 23,ACTIVO,189826.12,0,SPURS,Y79G54,1,0.2882
V0880000,48 A 60,ACTIVO,192846.081,BITCOIN,VIKING ARMOUR,90LD2,4,0.4758
90ZLZV9,60 Y MAS,ACTIVO,362395.32,BITCOIN,VIKING ARMOUR,Y79G54,4,0.407
L8098ZZ9,07 A 11,ACTIVO,172569.2,BITCOIN,SPURS,Y79G54,1,0.225
900FAFAL0V,60 Y MAS,ACTIVO,,#N/D,VIKING ARMOUR,90LD2,#N/D,0.7693
L9L09LLV,00 A 06,ACTIVO,172569.2,0,SPURS,JSF89A,N,0.0657
Z0FA0FALO09,60 Y MAS,ACTIVO,284307.757,0,DRAGONS,90LD2,4,0.4285
FA008LO0LZ,00 A 06,ACTIVO,129426.9,0,DRAGONS,JSF89A,N,0.5125
LLVZ4LO00,24 A 47,ACTIVO,424951.655,BITCOIN,VIKING ARMOUR,B92375,4,0.3319
LVLL0ZFA9,12 A 23,ACTIVO,250225.34,ETHER,VIKING ARMOUR,B92375,2,0.2096
L0V9FA808,48 A 60,ACTIVO,241596.88,0,SPURS,Y79G54,3,0.0942
LO0L8V8VLO,60 Y MAS,ACTIVO,150998.05,0,DRAGONS,Y79G54,1,0.112
LZVV48FA0,24 A 47,ACTIVO,405537.62,TYP2,VIKING ARMOUR,Y79G54,4,0.7163
V0L0V0Z0,60 Y MAS,ACTIVO,182491.929,0,DRAGONS,90LD2,2,0.4735
LVZZZV9V,12 A 23,ACTIVO,586735.28,BITCOIN,SPURS,Y79G54,4,0.6588
FA00ZV009,00 A 06,ACTIVO,125112.67,#N/D,SPURS,Y79G54,N,0.535
L0LO08LOLZ,60 Y MAS,ACTIVO,140212.475,0,DRAGONS,B92375,2,0.8156
LVVZ98VL,12 A 23,ACTIVO,383966.47,0,VIKING ARMOUR,Y79G54,2,0.9945
800LLO4V9,60 Y MAS,ACTIVO,358081.09,0,VIKING ARMOUR,Y79G54,4,0.5559
FA00Z8V04,00 A 06,ACTIVO,125112.67,0,SPURS,Y79G54,N,0.2642
LO0FA0Z8Z9,60 Y MAS,ACTIVO,440051.46,0,VIKING ARMOUR,Y79G54,4,0.8892
V000L049,24 A 47,ACTIVO,,#N/D,VIKING ARMOUR,JSF89A,#N/D,0.1359
FA0LVFALO80,00 A 06,ACTIVO,215711.5,0,VIKING ARMOUR,B92375,N,0.6352
LLOZ089,00 A 06,ACTIVO,250225.34,#N/D,VIKING ARMOUR,B92375,N,0.8889
L94LZ4Z4,00 A 06,ACTIVO,157469.395,#N/D,SPURS,Y79G54,N,0.6556
9ZZZVLZ,60 Y MAS,ACTIVO,605717.892,BITCOIN,#N/D,#N/D,6,0.6725
LV0LO0L9V,12 A 23,ACTIVO,103541.52,0,DRAGONS,B92375,1,0.9791
LV04LO9LO9,12 A 23,ACTIVO,448248.497,GOLD,VIKING ARMOUR,Y79G54,4,0.6507
90L0448FA,60 Y MAS,activo,,#N/D,SPURS,90LD2,#N/D,0.8093
804VVLO0,60 Y MAS,ACTIVO,431423,GOLD,VIKING ARMOUR,Y79G54,6,0.7517
L4LO09LV9,24 A 47,ACTIVO,243753.995,0,SPURS,Y79G54,4,0.2763
LFALO94LO90,24 A 47,ACTIVO,239439.765,0,NAVAL,B92375,4,0.6917
L049LOZ,60 Y MAS,ACTIVO,159626.51,GOLD,SOIL,Y79G54,2,0.8388
L4L90049,24 A 47,ACTIVO,241596.88,BITCOIN,VIKING ARMOUR,B92375,4,0.0695
L449ZFA44,24 A 47,ACTIVO,207083.04,0,SPURS,Y79G54,0,0.2419
Z0FAZV00L,60 Y MAS,ACTIVO,515981.908,TYP2,VIKING ARMOUR,B92375,6,0.471
FA0VLO4LOL0,00 A 06,activo,,#N/D,SOIL,Y79G54,#N/D,0.4752
L4ZFAL0V8,24 A 47,ACTIVO,226497.075,0,SPURS,Y79G54,3,0.0595
L9ZZ00VZ,07 A 11,ACTIVO,196297.465,#N/D,VIKING ARMOUR,B92375,N,0.494
8080FAZ4,60 Y MAS,ACTIVO,286896.295,BITCOIN,VIKING ARMOUR,B92375,4,0.3789
L9LZL890,00 A 06,ACTIVO,273953.605,#N/D,VIKING ARMOUR,B92375,N,0.2221
FA0LO08FAZ4,00 A 06,ACTIVO,,#N/D,SPURS,Y79G54,#N/D,0.6401
L4000884,24 A 47,ACTIVO,159626.51,0,SOIL,Y79G54,1,0.0072
LL0LLOL9Z,48 A 60,ACTIVO,207083.04,GOLD,SPURS,Y79G54,4,0.9994
L84L4LO04,07 A 11,ACTIVO,237282.65,ETHER,VIKING ARMOUR,B92375,2,0.7973
L8L4V90FA,07 A 11,ACTIVO,172569.2,GOLD,SPURS,Y79G54,2,0.8319
LVLVLFA9FA,12 A 23,ACTIVO,189826.12,0,SPURS,Y79G54,1,0.2408
ZZV00094,60 Y MAS,ACTIVO,183786.198,GOLD,DRAGONS,JSF89A,2,0.7052
8LO89FAV9,60 Y MAS,ACTIVO,200180.272,ETHER,NAVAL,90LD2,2,0.8147
L84ZVL00,07 A 11,ACTIVO,150998.05,#N/D,SOIL,Y79G54,1,0.3916
LVZ00ZLOV,12 A 23,ACTIVO,181197.66,GOLD,SPURS,Y79G54,2,0.1779
FA0FAFA900V,00 A 06,ACTIVO,159626.51,0,SOIL,Y79G54,N,0.2172
L0009VLOV,60 Y MAS,ACTIVO,198454.58,0,SOIL,Y79G54,3,0.3679
L00FAZ90Z,48 A 60,ACTIVO,250225.34,0,VIKING ARMOUR,B92375,3,0.4184
L98ZLLO90,00 A 06,ACTIVO,159626.51,GOLD,SOIL,Y79G54,N,0.5124
FA004L4LOZ,00 A 06,ACTIVO,223477.114,BITCOIN,VIKING ARMOUR,JSF89A,N,0.8945
LVZ9FA8LO0,12 A 23,ACTIVO,286896.295,0,VIKING ARMOUR,B92375,2,0.8908
Z0FALOFA4FA4,60 Y MAS,ACTIVO,297681.87,ETHER,VIKING ARMOUR,Y79G54,4,0.1438
900V84FA8,24 A 47,ACTIVO,417186.041,0,SPURS,Y79G54,2,0.3323
LZLO0900V,24 A 47,ACTIVO,207083.04,BITCOIN,SPURS,Y79G54,4,0.6561
L0ZL0FA90,60 Y MAS,ACTIVO,189826.12,0,SPURS,Y79G54,3,0.3689
V009FAFAZ4,60 Y MAS,ACTIVO,195434.619,0,VIKING ARMOUR,90LD2,4,0.6222
LZLLFAFA00,24 A 47,ACTIVO,159626.51,0,SOIL,Y79G54,1,0.1634
LZFA08LZ8,24 A 47,ACTIVO,159626.51,BITCOIN,SOIL,Y79G54,2,0.1548
900988V4,24 A 47,ACTIVO,,#N/D,SPURS,90LD2,#N/D,0.0304
L9400LO0FA,00 A 06,ACTIVO,150998.05,#N/D,SOIL,Y79G54,N,0.9823
L9004848,00 A 06,ACTIVO,250225.34,#N/D,VIKING ARMOUR,B92375,N,0.8542
L400ZLLFA,24 A 47,ACTIVO,161783.625,0,VIKING ARMOUR,JSF89A,2,0.7991
LLLOFAZFA08,24 A 47,ACTIVO,250225.34,TYP2,VIKING ARMOUR,B92375,4,0.1459
FA04FA0VLO0,00 A 06,activo,,#N/D,SPURS,Y79G54,#N/D,0.0346
LFA40LOFAFALO,24 A 47,ACTIVO,207083.04,0,SPURS,Y79G54,3,0.6483
FA0Z0004FA,00 A 06,ACTIVO,,#N/D,SOIL,Y79G54,#N/D,0.1687
L94004,00 A 06,ACTIVO,250225.34,0,VIKING ARMOUR,B92375,N,0.0909
FA00FA09LO4,00 A 06,ACTIVO,125112.67,#N/D,SPURS,Y79G54,N,0.4362
LVVL9049,12 A 23,ACTIVO,327881.48,ETHER,VIKING ARMOUR,Y79G54,2,0.0835
LZ08LO0,24 A 47,ACTIVO,405537.62,TYP2,VIKING ARMOUR,Y79G54,4,0.9386
L80LOVFA0Z,07 A 11,ACTIVO,194140.35,BITCOIN,VIKING ARMOUR,B92375,2,0.5138
V0FAVVFALO8,60 Y MAS,ACTIVO,371023.78,GOLD,VIKING ARMOUR,Y79G54,4,0.925
LZ08908V,24 A 47,ACTIVO,278267.835,0,VIKING ARMOUR,B92375,3,0.7593
800L0ZLO4,60 Y MAS,ACTIVO,259285.223,0,DRAGONS,90LD2,4,0.7489
LV040LOVV,12 A 23,ACTIVO,103541.52,BITCOIN,SOIL,JSF89A,2,0.7492
L90040,07 A 11,ACTIVO,209240.155,0,SPURS,JSF89A,N,0.0652
LV409V,12 A 23,ACTIVO,223477.114,0,VIKING ARMOUR,JSF89A,2,0.8813
9009LO9,24 A 47,ACTIVO,,#N/D,SPURS,90LD2,#N/D,0.6371
FA0040LOVL,00 A 06,activo,,#N/D,VIKING ARMOUR,B92375,#N/D,0.4824
Z0FA94FAZM,60 Y MAS,ACTIVO,273953.605,GOLD,VIKING ARMOUR,B92375,4,0.089
FA08LZZ4FA,00 A 06,activo,,#N/D,SPURS,Y79G54,#N/D,0.1225
L94089FA0,00 A 06,ACTIVO,237282.65,#N/D,VIKING ARMOUR,B92375,N,0.8743
LO0LV0908,60 Y MAS,ACTIVO,286896.295,0,VIKING ARMOUR,B92375,4,0.5906
LV89FA8FA0,12 A 23,ACTIVO,217868.615,0,SPURS,Y79G54,0,0.5627
L4040FA88,24 A 47,ACTIVO,358081.09,BITCOIN,VIKING ARMOUR,Y79G54,4,0.3093
80FA0FAFA40,24 A 47,ACTIVO,172569.2,0,SPURS,JSF89A,3,0.7961
Z04LOZVL8,60 Y MAS,ACTIVO,358081.09,GOLD,VIKING ARMOUR,Y79G54,4,0.101
LFA9FAL09V,24 A 47,ACTIVO,278267.835,0,SPURS,Y79G54,3,0.9032
V0008Z,60 Y MAS,ACTIVO,150566.627,0,DRAGONS,90LD2,2,0.8812
L8009VZV,07 A 11,ACTIVO,191983.235,0,DRAGONS,Y79G54,2,0.3193
VL4ZVZ0,60 Y MAS,ACTIVO,349021.207,BITCOIN,DRAGONS,Y79G54,4,0.4813
VLZLVZ0,60 Y MAS,ACTIVO,408989.004,BITCOIN,NAVAL,90LD2,6,0.5151
LO0LOZZ89Z,24 A 47,ACTIVO,201905.964,0,VIKING ARMOUR,90LD2,4,0.4122
Z009FA400,60 Y MAS,ACTIVO,97070.175,0,DRAGONS,90LD2,1,0.7291
L084V00Z,48 A 60,ACTIVO,379220.817,ETHER,DRAGONS,Y79G54,2,0.7571
LFAZLOZ0,24 A 47,ACTIVO,254539.57,BITCOIN,SPURS,Y79G54,4,0.1811
LFA08LO8FAZ,24 A 47,ACTIVO,207083.04,0,DRAGONS,B92375,1,0.6044
L4988LVLO,24 A 47,ACTIVO,228654.19,0,NAVAL,B92375,2,0.9949
L88004FA8,07 A 11,ACTIVO,194140.35,#N/D,SOIL,Y79G54,N,0.7147
VL4ZFALL,60 Y MAS,ACTIVO,301996.1,0,VIKING ARMOUR,B92375,3,0.4073
ZZ0ZV00L,60 Y MAS,ACTIVO,603992.2,BITCOIN,VIKING ARMOUR,Y79G54,6,0.7616
V008LO0LO9,60 Y MAS,ACTIVO,129426.9,0,DRAGONS,JSF89A,2,0.5711
LO0ZLOVV08,60 Y MAS,ACTIVO,224339.96,TYP2,VIKING ARMOUR,JSF89A,4,0.5844
FA0VZ0VV9,00 A 06,ACTIVO,,#N/D,VIKING ARMOUR,Y79G54,#N/D,0.4364
L0FALOL8ZFA,60 Y MAS,ACTIVO,396909.16,0,VIKING ARMOUR,Y79G54,4,0.8125
LO0Z0LZFAZ,60 Y MAS,ACTIVO,51770.76,0,DRAGONS,90LD2,2,0.2978
FA00Z40LL,00 A 06,activo,,#N/D,SPURS,Y79G54,#N/D,0.0386
FA008VV8Z,00 A 06,ACTIVO,250225.34,#N/D,VIKING ARMOUR,B92375,N,0.7795
LVZ0VLO,00 A 06,ACTIVO,159626.51,#N/D,SOIL,Y79G54,N,0.4743
LZZFA0VLO8,24 A 47,ACTIVO,573792.59,BITCOIN,VIKING ARMOUR,Y79G54,6,0.644
V4LOVV88,60 Y MAS,ACTIVO,496136.45,GOLD,VIKING ARMOUR,Y79G54,6,0.9846
80040L00,60 Y MAS,ACTIVO,237282.65,0,VIKING ARMOUR,B92375,2,0.3782
FA04LO9ZMFA,00 A 06,activo,,#N/D,SPURS,Y79G54,#N/D,0.1729
FA0L0LOZZ9,00 A 06,ACTIVO,189826.12,0,SPURS,Y79G54,N,0.9555
L8L0FAZZ8,07 A 11,ACTIVO,273953.605,#N/D,VIKING ARMOUR,B92375,2,0.2632
L8ZLOZLO,00 A 06,ACTIVO,172569.2,0,SPURS,JSF89A,N,0.5976
900FA8LOL8,60 Y MAS,ACTIVO,,#N/D,SPURS,90LD2,#N/D,0.9232
V00Z04VV,60 Y MAS,ACTIVO,707102.297,GOLD,NAVAL,90LD2,6,0.5933
L90988VV,07 A 11,ACTIVO,237282.65,#N/D,VIKING ARMOUR,B92375,N,0.1808
Z0Z0V800,60 Y MAS,ACTIVO,379220.817,TYP2,DRAGONS,Y79G54,2,0.6125
V0L8FA988,12 A 23,ACTIVO,88441.715,0,DRAGONS,90LD2,2,0.6613
LO0ZV8ZLOZ,60 Y MAS,ACTIVO,129426.9,0,DRAGONS,90LD2,2,0.3635
LLOFAZLV,24 A 47,ACTIVO,286896.295,TYP2,VIKING ARMOUR,B92375,1,0.1065
FA0LOZ90Z8,00 A 06,ACTIVO,,#N/D,SOIL,Y79G54,#N/D,0.8043
LZLO80VLO0,24 A 47,ACTIVO,,#N/D,VIKING ARMOUR,Y79G54,#N/D,0.2244
L480LLZ0,24 A 47,ACTIVO,254539.57,BITCOIN,SPURS,Y79G54,4,0.9203
L9LO08LOVFA,00 A 06,ACTIVO,217868.615,GOLD,SPURS,Y79G54,N,0.4063
L9LO09VFA8,00 A 06,ACTIVO,150998.05,#N/D,SOIL,Y79G54,N,0.0364
849V98Z,60 Y MAS,ACTIVO,297681.87,ETHER,VIKING ARMOUR,Y79G54,4,0.1231
LLOL80LO9L,12 A 23,ACTIVO,250225.34,0,VIKING ARMOUR,B92375,1,0.19
LFA08V880,24 A 47,ACTIVO,207083.04,BITCOIN,SPURS,Y79G54,4,0.6023
LVZ488Z0,12 A 23,ACTIVO,310624.56,0,VIKING ARMOUR,Y79G54,4,0.3498
L9L04Z0L,00 A 06,ACTIVO,211397.27,BITCOIN,SPURS,Y79G54,N,0.5858
LV4Z80L0,12 A 23,ACTIVO,99227.29,GOLD,DRAGONS,JSF89A,2,0.4637
LZLO09FAFA9,24 A 47,ACTIVO,310624.56,BITCOIN,VIKING ARMOUR,Y79G54,4,0.5303
ZLOFA9VFAZ0,60 Y MAS,ACTIVO,325292.942,BITCOIN,VIKING ARMOUR,Y79G54,4,0.8266
V488LZL,60 Y MAS,ACTIVO,360238.205,TYP2,VIKING ARMOUR,B92375,4,0.7581
FA0098L04,00 A 06,ACTIVO,189826.12,0,SPURS,Y79G54,N,0.4785
FALO849LFA,60 Y MAS,ACTIVO,,TYP2,DRAGONS,90LD2,2,0.9483
ZZZZ9LO4FA,60 Y MAS,ACTIVO,418480.31,GOLD,VIKING ARMOUR,Y79G54,4,0.6202
84VLOVV9,60 Y MAS,ACTIVO,,#N/D,SOIL,90LD2,#N/D,0.3217
LLOLFA8FAVL,24 A 47,ACTIVO,282150.642,0,VIKING ARMOUR,JSF89A,3,0.9664
Z00LOVZFA0,60 Y MAS,ACTIVO,250225.34,GOLD,VIKING ARMOUR,B92375,4,0.3238
L0Z9V0VZ,48 A 60,ACTIVO,250225.34,BITCOIN,VIKING ARMOUR,B92375,3,0.1079
988L80,60 Y MAS,ACTIVO,728673.447,USD,VIKING ARMOUR,Y79G54,6,0.3141
L80088VLO,07 A 11,ACTIVO,235125.535,#N/D,SPURS,Y79G54,2,0.9937
L9LOZ9FAZ4,00 A 06,ACTIVO,237282.65,#N/D,VIKING ARMOUR,B92375,N,0.0336
L8LO90LO40,07 A 11,ACTIVO,230811.305,GOLD,SOIL,Y79G54,N,0.4636
LV9V9L9V,12 A 23,ACTIVO,353766.86,BITCOIN,VIKING ARMOUR,Y79G54,2,0.1836
LV0LVLLO8,12 A 23,ACTIVO,632034.695,BITCOIN,VIKING ARMOUR,B92375,6,0.5983
V0LO9VFAFAL,60 Y MAS,ACTIVO,176883.43,GOLD,DRAGONS,B92375,2,0.1393
L4ZVL944,24 A 47,ACTIVO,228654.19,0,NAVAL,B92375,2,0.6867
V404ZZV,60 Y MAS,ACTIVO,637643.194,BITCOIN,VIKING ARMOUR,Y79G54,6,0.9279
LLO9LOZ8L0,12 A 23,ACTIVO,207083.04,0,SPURS,Y79G54,1,0.0181
9FAFAFALO0V,60 Y MAS,ACTIVO,198454.58,0,SPURS,Y79G54,3,0.3584
Z00LV4,60 Y MAS,ACTIVO,155312.28,BITCOIN,SPURS,Y79G54,4,0.0981
LZ80LLOZZ,24 A 47,ACTIVO,250225.34,0,VIKING ARMOUR,B92375,4,0.4878
FA09FAFALO08,00 A 06,activo,,#N/D,VIKING ARMOUR,B92375,#N/D,0.8673
90VLOL8FA,60 Y MAS,ACTIVO,243753.995,TYP2,SPURS,Y79G54,4,0.8956
L0LO90LOFAL,48 A 60,ACTIVO,323567.25,0,VIKING ARMOUR,B92375,4,0.858
LL40Z800,24 A 47,ACTIVO,373180.895,0,VIKING ARMOUR,Y79G54,3,0.7723
800VZLL0,60 Y MAS,ACTIVO,287327.718,BITCOIN,DRAGONS,90LD2,4,0.2925
L8LO09FA,07 A 11,ACTIVO,207083.04,#N/D,VIKING ARMOUR,B92375,1,0.8595
L4800Z90,24 A 47,ACTIVO,228654.19,BITCOIN,NAVAL,B92375,2,0.7324
L0V00Z0Z,48 A 60,ACTIVO,461191.187,BITCOIN,VIKING ARMOUR,Y79G54,6,0.7136
V0LOFA00FA9,60 Y MAS,ACTIVO,107855.75,GOLD,DRAGONS,90LD2,2,0.8094
FA0FA904,00 A 06,activo,,#N/D,VIKING ARMOUR,B92375,#N/D,0.4218
LLO0LO0Z89,12 A 23,ACTIVO,347295.515,0,VIKING ARMOUR,Y79G54,4,0.4699
L4FA8408L,24 A 47,ACTIVO,258853.8,BITCOIN,NAVAL,B92375,3,0.4059
L9FA0LOV94,00 A 06,ACTIVO,129426.9,0,DRAGONS,JSF89A,N,0.3151
LO00LLOFA90,60 Y MAS,ACTIVO,207083.04,BITCOIN,VIKING ARMOUR,B92375,2,0.3858
90L09L8L,24 A 47,ACTIVO,220457.153,BITCOIN,SPURS,90LD2,2,0.7239
LO9000L0,60 Y MAS,ACTIVO,474565.3,BITCOIN,VIKING ARMOUR,Y79G54,6,0.6645
L8FA80LO9FA,12 A 23,ACTIVO,273953.605,#N/D,VIKING ARMOUR,Y79G54,2,0.2601
L0FALOLLOL0,60 Y MAS,ACTIVO,159626.51,BITCOIN,SOIL,Y79G54,2,0.1556
L8Z084FALO,07 A 11,ACTIVO,150998.05,#N/D,SOIL,Y79G54,2,0.1942
LLOZZL0FAZ,12 A 23,ACTIVO,295093.332,0,VIKING ARMOUR,JSF89A,4,0.302
L8ZZV0VZ,07 A 11,ACTIVO,187669.005,0,VIKING ARMOUR,JSF89A,2,0.6342
4ZMZMFA8,60 Y MAS,ACTIVO,375338.01,BITCOIN,VIKING ARMOUR,Y79G54,4,0.139
Z00V9ZFALO,60 Y MAS,ACTIVO,101815.828,GOLD,SOIL,90LD2,2,0.9441
FA00LFA9ZV,00 A 06,ACTIVO,,#N/D,DRAGONS,JSF89A,#N/D,0.7383
LZM4VLFA4,12 A 23,ACTIVO,250225.34,0,VIKING ARMOUR,B92375,1,0.0193
LLO8LLOV0LO,12 A 23,ACTIVO,250225.34,0,VIKING ARMOUR,B92375,2,0.5234
LL9VL9LO4,24 A 47,ACTIVO,269639.375,0,NAVAL,B92375,3,0.018
80LFA00FA8,60 Y MAS,ACTIVO,346864.092,0,VIKING ARMOUR,90LD2,6,0.3354
LLOZFA00FA9,24 A 47,ACTIVO,140212.475,0,DRAGONS,B92375,2,0.2412
LLOZFA8LOZZ,12 A 23,ACTIVO,461191.187,BITCOIN,VIKING ARMOUR,Y79G54,4,0.0693
LFAVFAZ9V0,24 A 47,ACTIVO,196297.465,0,SOIL,Y79G54,2,0.4045
L9VLO94ZLO,00 A 06,ACTIVO,273953.605,BITCOIN,VIKING ARMOUR,B92375,N,0.9026
L9FA8FA808,00 A 06,activo,189826.12,0,SPURS,Y79G54,N,0.6253
8L04904,60 Y MAS,ACTIVO,313213.098,0,VIKING ARMOUR,90LD2,6,0.3686
L9V0LLVL,00 A 06,ACTIVO,159626.51,#N/D,VIKING ARMOUR,B92375,N,0.8216
L94LV9FA9,00 A 06,ACTIVO,258853.8,#N/D,SPURS,Y79G54,N,0.5767
VZ8LZ90,60 Y MAS,ACTIVO,780444.207,BITCOIN,VIKING ARMOUR,Y79G54,6,0.9025
9000008,60 Y MAS,ACTIVO,360238.205,GOLD,VIKING ARMOUR,Y79G54,4,0.5079
LZM00L89,12 A 23,ACTIVO,226497.075,0,SPURS,Y79G54,2,0.1076
ZZZV00ZL,60 Y MAS,ACTIVO,273953.605,ETHER,VIKING ARMOUR,B92375,2,0.3071
L880L8Z0,07 A 11,ACTIVO,237282.65,#N/D,VIKING ARMOUR,B92375,N,0.9342
L98VV0V0,00 A 06,ACTIVO,159626.51,TYP2,SOIL,Y79G54,N,0.9914
L00V88V4,60 Y MAS,ACTIVO,440051.46,BITCOIN,VIKING ARMOUR,Y79G54,4,0.7137
LV9LZLFAL,07 A 11,ACTIVO,267050.837,0,VIKING ARMOUR,JSF89A,2,0.6742
V00V9ZLL,60 Y MAS,ACTIVO,135898.245,0,DRAGONS,90LD2,2,0.0637
8004FAZ9V,48 A 60,ACTIVO,323567.25,0,VIKING ARMOUR,B92375,4,0.5381
L00LOFAZ80,60 Y MAS,ACTIVO,358081.09,0,VIKING ARMOUR,Y79G54,4,0.3913
L0FA80VLLO,48 A 60,ACTIVO,207083.04,ETHER,SPURS,Y79G54,4,0.1691
89Z094LO,60 Y MAS,ACTIVO,363258.166,BITCOIN,VIKING ARMOUR,Y79G54,6,0.9854
FA008LO08V,00 A 06,ACTIVO,125112.67,#N/D,SPURS,Y79G54,N,0.3221
Z0FA9Z000,60 Y MAS,ACTIVO,125112.67,#N/D,DRAGONS,90LD2,2,0.5209
FAFA94VLO4,60 Y MAS,ACTIVO,396909.16,BITCOIN,VIKING ARMOUR,Y79G54,4,0.9584
ZZZZLO04Z,60 Y MAS,ACTIVO,338667.055,0,VIKING ARMOUR,B92375,4,0.35
VL44840,60 Y MAS,ACTIVO,418480.31,BITCOIN,VIKING ARMOUR,Y79G54,4,0.3192
90LL40V8,60 Y MAS,ACTIVO,,#N/D,VIKING ARMOUR,90LD2,#N/D,0.8446
VL44LFA0,60 Y MAS,ACTIVO,872768.729,BITCOIN,VIKING ARMOUR,Y79G54,6,0.9086
LZML9L4LO,12 A 23,ACTIVO,159626.51,0,SOIL,Y79G54,1,0.1806
LLO00FAL04,24 A 47,ACTIVO,420637.425,BITCOIN,VIKING ARMOUR,Y79G54,4,0.4329
LV0LFALO8V,12 A 23,ACTIVO,243753.995,BITCOIN,SPURS,Y79G54,4,0.1161
V984080,60 Y MAS,ACTIVO,224339.96,TYP2,SPURS,Y79G54,2,0.4421
LV049FA49,12 A 23,ACTIVO,243753.995,GOLD,SPURS,Y79G54,4,0.2846
V00Z4FAL8,60 Y MAS,activo,198886.003,0,DRAGONS,90LD2,2,0.9991
LFAL4L804,24 A 47,ACTIVO,418480.31,BITCOIN,VIKING ARMOUR,B92375,4,0.7075
LFA00ZMLL,24 A 47,ACTIVO,159626.51,BITCOIN,SOIL,Y79G54,2,0.0076
L09V09,00 A 06,ACTIVO,250225.34,ETHER,VIKING ARMOUR,B92375,N,0.7125
L48LFAV80,24 A 47,ACTIVO,327881.48,0,VIKING ARMOUR,Y79G54,4,0.1841
ZZ09FAFAFALO,60 Y MAS,ACTIVO,,#N/D,VIKING ARMOUR,Y79G54,#N/D,0.1346
LLOLZZ0FA4,12 A 23,ACTIVO,489665.105,0,VIKING ARMOUR,Y79G54,4,0.7911
LLO80L8FAV,12 A 23,ACTIVO,103541.52,BITCOIN,DRAGONS,B92375,2,0.5699
LO04FA098L,60 Y MAS,ACTIVO,,#N/D,DRAGONS,90LD2,#N/D,0.9024
LO0FALLOLV8,60 Y MAS,ACTIVO,162215.048,ETHER,DRAGONS,90LD2,2,0.0895
L9LOV0ZL4,00 A 06,ACTIVO,181197.66,GOLD,SPURS,Y79G54,N,0.751
L8LLOZL,07 A 11,ACTIVO,509079.14,#N/D,VIKING ARMOUR,Y79G54,2,0.6345
LLOZ4Z00LO,12 A 23,ACTIVO,189826.12,0,SPURS,Y79G54,1,0.6463
L890Z0,07 A 11,ACTIVO,207083.04,#N/D,VIKING ARMOUR,B92375,N,0.016
Z0LO4VFAL8,60 Y MAS,ACTIVO,241596.88,GOLD,VIKING ARMOUR,B92375,4,0.6734
9890VV8,60 Y MAS,ACTIVO,340824.17,BITCOIN,VIKING ARMOUR,B92375,4,0.6648
LV4ZMV0FA,12 A 23,activo,362395.32,ETHER,SOIL,Y79G54,4,0.9354
L8LL4LOLZ,12 A 23,ACTIVO,237282.65,#N/D,VIKING ARMOUR,B92375,2,0.7325
L984L840,00 A 06,ACTIVO,237282.65,GOLD,VIKING ARMOUR,B92375,N,0.0117
90L04ZZ0,24 A 47,ACTIVO,,#N/D,SPURS,90LD2,#N/D,0.2959
LZ40FA8V4,24 A 47,ACTIVO,189826.12,ETHER,SPURS,Y79G54,4,0.3515
V04ZFALV0,60 Y MAS,ACTIVO,258853.8,GOLD,NAVAL,B92375,4,0.8484
LO0ZFAV9LL,60 Y MAS,ACTIVO,295524.755,GOLD,NAVAL,B92375,4,0.1803
ZZLO00V00,60 Y MAS,ACTIVO,314938.79,GOLD,VIKING ARMOUR,B92375,4,0.2033
900FA9ZZFA,60 Y MAS,ACTIVO,,#N/D,SPURS,90LD2,#N/D,0.5074
LV4Z0Z90,12 A 23,ACTIVO,159626.51,GOLD,SOIL,Y79G54,2,0.2512
FA0484L0FA,00 A 06,ACTIVO,,#N/D,VIKING ARMOUR,B92375,#N/D,0.3301
LV904009,07 A 11,ACTIVO,135898.245,0,DRAGONS,B92375,1,0.3978
LO0LO00LOFALO,60 Y MAS,ACTIVO,239871.188,0,VIKING ARMOUR,JSF89A,4,0.3325
LL8LO9VLZ,24 A 47,ACTIVO,207083.04,BITCOIN,SPURS,Y79G54,4,0.4445
LZ90FA0LV,24 A 47,ACTIVO,250225.34,GOLD,VIKING ARMOUR,B92375,2,0.5512
LZLO0FAL4L,24 A 47,ACTIVO,323567.25,0,VIKING ARMOUR,B92375,3,0.2102
FA09VFA9V4,00 A 06,activo,,#N/D,VIKING ARMOUR,Y79G54,#N/D,0.2821
Z0408L40,60 Y MAS,ACTIVO,320978.712,GOLD,DRAGONS,90LD2,4,0.2241
LLOLFA80,12 A 23,ACTIVO,250225.34,BITCOIN,VIKING ARMOUR,B92375,2,0.1249
8000V9VL,60 Y MAS,ACTIVO,358081.09,0,VIKING ARMOUR,B92375,4,0.4608
800V00LO,60 Y MAS,ACTIVO,207083.04,GOLD,SPURS,Y79G54,4,0.9041
LV840Z49,07 A 11,ACTIVO,273953.605,0,VIKING ARMOUR,B92375,1,0.0309
L0Z9L8,48 A 60,ACTIVO,159626.51,0,SOIL,Y79G54,1,0.8937
V0FAV040,60 Y MAS,ACTIVO,339961.324,0,NAVAL,90LD2,3,0.0659
L9LL84L4,07 A 11,ACTIVO,157469.395,BITCOIN,SPURS,Y79G54,N,0.68
LV0FAVZFA9,12 A 23,ACTIVO,340392.747,ETHER,VIKING ARMOUR,Y79G54,4,0.8618
L8FAFA8LLOZ,12 A 23,ACTIVO,313644.521,#N/D,VIKING ARMOUR,Y79G54,2,0.4808
LVL000Z0,12 A 23,ACTIVO,176883.43,BITCOIN,VIKING ARMOUR,JSF89A,2,0.4719
FA00L9FA09,00 A 06,ACTIVO,125112.67,#N/D,SPURS,Y79G54,N,0.7406
LZLVFALO90,24 A 47,ACTIVO,125112.67,GOLD,VIKING ARMOUR,JSF89A,2,0.401
L8L80L80,07 A 11,ACTIVO,150998.05,GOLD,SOIL,Y79G54,2,0.1064
L4FA0FAZFA4,24 A 47,ACTIVO,340824.17,USD,VIKING ARMOUR,Y79G54,4,0.7971
L9VLVV00,00 A 06,ACTIVO,150998.05,#N/D,SOIL,Y79G54,N,0.4866
L8LO8V4FA0,07 A 11,ACTIVO,273953.605,TYP2,VIKING ARMOUR,B92375,N,0.8563
L0004Z09,60 Y MAS,ACTIVO,401223.39,ETHER,VIKING ARMOUR,Y79G54,6,0.2099
LFAL9ZZLV,24 A 47,ACTIVO,440051.46,0,VIKING ARMOUR,Y79G54,4,0.2578
Z009ZZVL,60 Y MAS,ACTIVO,323567.25,GOLD,VIKING ARMOUR,B92375,4,0.8019
V0FAV98FAL,60 Y MAS,ACTIVO,182060.506,0,NAVAL,90LD2,2,0.0844
LV9FA9408,12 A 23,ACTIVO,429265.885,BITCOIN,VIKING ARMOUR,Y79G54,2,0.1808
VFAVLO0LOFA,60 Y MAS,ACTIVO,323567.25,GOLD,VIKING ARMOUR,B92375,4,0.5786
LZLLV90FA,24 A 47,ACTIVO,237282.65,0,VIKING ARMOUR,B92375,2,0.1451
FA4ZFA404,60 Y MAS,ACTIVO,556535.67,ETHER,VIKING ARMOUR,Y79G54,4,0.5059
LL9LLO8LLO,24 A 47,ACTIVO,237282.65,BITCOIN,VIKING ARMOUR,B92375,2,0.4018
9FA8ZVZ9,60 Y MAS,ACTIVO,232968.42,GOLD,DRAGONS,Y79G54,2,0.8773
L0V0FAZLFA,60 Y MAS,ACTIVO,103541.52,GOLD,DRAGONS,B92375,2,0.8806
8000LVLZ,60 Y MAS,ACTIVO,259285.223,0,DRAGONS,90LD2,3,0.9952
L0904FA,48 A 60,ACTIVO,237282.65,0,VIKING ARMOUR,B92375,2,0.7687
FA0V0088L,00 A 06,activo,,#N/D,SOIL,Y79G54,#N/D,0.0802
L44ZM049,24 A 47,ACTIVO,159626.51,0,SOIL,Y79G54,1,0.1138
LLLOL94FA0,48 A 60,ACTIVO,498293.565,BITCOIN,NAVAL,Y79G54,4,0.5267
LZ0FALLOZZ,24 A 47,ACTIVO,278267.835,0,VIKING ARMOUR,B92375,4,0.5505
FA0FAV944Z,00 A 06,ACTIVO,250225.34,0,VIKING ARMOUR,B92375,N,0.5865
LZVV8ZVZ,24 A 47,ACTIVO,189826.12,0,SPURS,Y79G54,4,0.4541
FA048LO49V,00 A 06,ACTIVO,,#N/D,#N/D,#N/D,#N/D,0.6538
LFAFA4ZVFA0,24 A 47,ACTIVO,286896.295,TYP2,VIKING ARMOUR,B92375,4,0.3123
80LZZ09L,60 Y MAS,ACTIVO,332195.71,0,VIKING ARMOUR,Y79G54,4,0.4946
L9FAV0LZM,00 A 06,ACTIVO,237282.65,#N/D,VIKING ARMOUR,B92375,N,0.2257
FA0084FAFA0,00 A 06,ACTIVO,159626.51,0,SOIL,Y79G54,N,0.3206
LZ9LO0ZL9,24 A 47,ACTIVO,159626.51,ETHER,SOIL,Y79G54,2,0.1821
L88FALO0ZL,07 A 11,ACTIVO,401223.39,#N/D,VIKING ARMOUR,Y79G54,N,0.8233
L80Z0FAL9,07 A 11,ACTIVO,237282.65,USD,VIKING ARMOUR,B92375,2,0.1831
V009Z8VL,60 Y MAS,ACTIVO,95344.483,0,DRAGONS,90LD2,2,0.4402
LZ9FAVLFAZ,24 A 47,ACTIVO,250225.34,0,VIKING ARMOUR,B92375,1,0.9264
L9VZ8L90,00 A 06,ACTIVO,181197.66,ETHER,SPURS,Y79G54,N,0.9366
LLOV9L4LLO,12 A 23,ACTIVO,207083.04,BITCOIN,SPURS,Y79G54,2,0.6841
FA0008L4V,00 A 06,ACTIVO,125112.67,GOLD,VIKING ARMOUR,Y79G54,N,0.4515
8LFA4VFA0,60 Y MAS,ACTIVO,86284.6,0,SOIL,90LD2,2,0.4046
L049VL0FA,48 A 60,ACTIVO,,#N/D,VIKING ARMOUR,Y79G54,#N/D,0.057
LL9FA940FA,24 A 47,ACTIVO,202768.81,GOLD,NAVAL,B92375,2,0.2444
L9LO0FA884,00 A 06,ACTIVO,304153.215,0,VIKING ARMOUR,JSF89A,N,0.2949
L9LOVLLOLV,00 A 06,ACTIVO,224339.96,#N/D,SPURS,Y79G54,N,0.859
LV449008,12 A 23,activo,207083.04,0,SPURS,Y79G54,1,0.1445
V0LFA944LO,24 A 47,ACTIVO,163509.317,0,DRAGONS,90LD2,2,0.2744
L8088ZML,12 A 23,ACTIVO,237282.65,#N/D,VIKING ARMOUR,B92375,1,0.3614
L90FA0LO0V,00 A 06,activo,,#N/D,VIKING ARMOUR,Y79G54,#N/D,0.2459
V000FA0LO0,60 Y MAS,ACTIVO,107855.75,0,DRAGONS,90LD2,2,0.2982
LV4V08Z4,12 A 23,ACTIVO,276110.72,BITCOIN,SOIL,Y79G54,2,0.7775
LZZ00VVL,24 A 47,ACTIVO,250225.34,0,VIKING ARMOUR,B92375,2,0.2933
L00VFA9FAFA,48 A 60,ACTIVO,176883.43,GOLD,DRAGONS,B92375,2,0.1485
L8FAFA8V9LO,07 A 11,ACTIVO,522021.83,#N/D,VIKING ARMOUR,Y79G54,2,0.1406
LOZ8LO89,60 Y MAS,ACTIVO,621249.12,BITCOIN,VIKING ARMOUR,Y79G54,4,0.1033
L900880LO,07 A 11,ACTIVO,155312.28,#N/D,VIKING ARMOUR,Y79G54,N,0.1226
L4V44V9FA,24 A 47,ACTIVO,278267.835,ETHER,VIKING ARMOUR,B92375,4,0.4009
LLOFA4FA490,24 A 47,ACTIVO,250225.34,ETHER,VIKING ARMOUR,B92375,2,0.4794
L9Z088LV,00 A 06,ACTIVO,258853.8,ETHER,SPURS,Y79G54,N,0.5693
L00L80LZ,48 A 60,ACTIVO,338667.055,0,VIKING ARMOUR,B92375,4,0.8669
900480FA4,60 Y MAS,activo,,#N/D,SPURS,90LD2,#N/D,0.5113
ZZFA48Z00,60 Y MAS,ACTIVO,288190.564,ETHER,VIKING ARMOUR,JSF89A,4,0.8926
LOZLLO098,60 Y MAS,ACTIVO,189826.12,BITCOIN,DRAGONS,Y79G54,2,0.6717
V0LOZZZZ,60 Y MAS,ACTIVO,281287.796,BITCOIN,DRAGONS,90LD2,2,0.8923
VFA4Z4,60 Y MAS,ACTIVO,195003.196,BITCOIN,DRAGONS,90LD2,2,0.3204
LFAFA8VLVL,24 A 47,ACTIVO,207083.04,0,SPURS,Y79G54,3,0.934
FA0LOLV8Z0,00 A 06,ACTIVO,,#N/D,SPURS,Y79G54,#N/D,0.7164
LV8VLO004,12 A 23,ACTIVO,181197.66,GOLD,SPURS,Y79G54,2,0.1985
80L49800,60 Y MAS,ACTIVO,181197.66,0,SPURS,Y79G54,2,0.7499
L9Z9FA009,00 A 06,ACTIVO,237282.65,BITCOIN,VIKING ARMOUR,B92375,N,0.4826
LZ9V90LO0,24 A 47,ACTIVO,,#N/D,VIKING ARMOUR,B92375,#N/D,0.1441
VV4L890,60 Y MAS,ACTIVO,381809.355,GOLD,VIKING ARMOUR,Y79G54,6,0.9675
FA0L9FA804,00 A 06,activo,,#N/D,VIKING ARMOUR,B92375,#N/D,0.4985
V00LOFA944,48 A 60,ACTIVO,135898.245,0,DRAGONS,90LD2,2,0.2923
V00L8LFA0,60 Y MAS,ACTIVO,254539.57,0,NAVAL,JSF89A,4,0.3748
LZ0L0ZV9,24 A 47,ACTIVO,189826.12,0,SPURS,Y79G54,4,0.3228
FA0004LFAL,00 A 06,activo,,#N/D,SOIL,Y79G54,#N/D,0.923
ZZ4LO8004,60 Y MAS,ACTIVO,375338.01,TYP2,VIKING ARMOUR,B92375,4,0.8869
LZLL88LOV,24 A 47,ACTIVO,159626.51,0,SOIL,Y79G54,2,0.4121
900980Z4,48 A 60,ACTIVO,,#N/D,SPURS,90LD2,#N/D,0.1149
V00L44LLO,60 Y MAS,ACTIVO,213554.385,BITCOIN,VIKING ARMOUR,JSF89A,4,0.7268
LL0LZZLZ,48 A 60,ACTIVO,140212.475,BITCOIN,DRAGONS,B92375,2,0.0414
V00FALO90FA,60 Y MAS,ACTIVO,129426.9,0,DRAGONS,JSF89A,2,0.7057
L44488V8,24 A 47,ACTIVO,189826.12,0,SPURS,Y79G54,3,0.9419
8ZMFA0LO4,60 Y MAS,ACTIVO,159626.51,0,SOIL,Y79G54,2,0.1404
LO0L4FA0FA8,60 Y MAS,ACTIVO,140212.475,0,DRAGONS,B92375,1,0.4903
90LZ80FA4,60 Y MAS,ACTIVO,,#N/D,VIKING ARMOUR,Y79G54,#N/D,0.6862
L9LZ90,00 A 06,ACTIVO,159626.51,BITCOIN,SPURS,Y79G54,N,0.1233
V00LL9Z8,48 A 60,ACTIVO,347295.515,GOLD,VIKING ARMOUR,Y79G54,4,0.6107
LO00L9LOFAV,60 Y MAS,ACTIVO,170412.085,BITCOIN,DRAGONS,90LD2,2,0.0851
LVLO98LO,07 A 11,activo,,#N/D,VIKING ARMOUR,Y79G54,#N/D,0.249
L80V0LO0Z,07 A 11,ACTIVO,211397.27,BITCOIN,SPURS,Y79G54,1,0.6195
LO0LFA0L48,60 Y MAS,ACTIVO,308467.445,BITCOIN,DRAGONS,Y79G54,2,0.5088
8LLL094,60 Y MAS,ACTIVO,276110.72,0,DRAGONS,Y79G54,2,0.9797
LFA0049VLO,24 A 47,ACTIVO,496999.296,0,VIKING ARMOUR,Y79G54,3,0.9061
L90V09L9,07 A 11,ACTIVO,150998.05,USD,SOIL,Y79G54,N,0.786
800008LO0,48 A 60,ACTIVO,154018.011,0,SOIL,90LD2,1,0.2812
LO0ZFAFAZLV,60 Y MAS,ACTIVO,143663.859,0,DRAGONS,90LD2,2,0.9008
FA0408LZV,00 A 06,activo,,#N/D,VIKING ARMOUR,B92375,#N/D,0.3208
L94V8LO04,00 A 06,ACTIVO,217868.615,ETHER,SPURS,Y79G54,N,0.7826
V0LZ4ZZL,60 Y MAS,ACTIVO,344275.554,ETHER,VIKING ARMOUR,90LD2,6,0.6054
V0LLO8949,60 Y MAS,ACTIVO,129426.9,0,DRAGONS,JSF89A,2,0.3593
V0LZV90LO,60 Y MAS,ACTIVO,129426.9,0,DRAGONS,JSF89A,2,0.8521
80L4880FA,60 Y MAS,ACTIVO,135035.399,0,SOIL,90LD2,1,0.0551
V0V0LO088,60 Y MAS,ACTIVO,273953.605,BITCOIN,VIKING ARMOUR,B92375,2,0.4579
80LFAV80LO,48 A 60,ACTIVO,159626.51,0,SOIL,Y79G54,2,0.5461
L94Z00FAV,00 A 06,ACTIVO,289053.41,#N/D,SPURS,Y79G54,N,0.041
LZM4LV,12 A 23,ACTIVO,250225.34,GOLD,VIKING ARMOUR,B92375,2,0.959
V080900V,60 Y MAS,ACTIVO,,0,SOIL,90LD2,2,0.8375
L00FAZMZ8,60 Y MAS,ACTIVO,301996.1,0,VIKING ARMOUR,B92375,4,0.4998
LVLZFA8LO9,12 A 23,ACTIVO,319253.02,ETHER,VIKING ARMOUR,Y79G54,2,0.6167
LL0LO4V89,48 A 60,ACTIVO,232968.42,BITCOIN,SPURS,Y79G54,4,0.4093
L9FAFA0FAFAV,07 A 11,ACTIVO,99227.29,#N/D,SPURS,Y79G54,N,0.8791
LLO9LO8FA00,12 A 23,ACTIVO,250225.34,BITCOIN,VIKING ARMOUR,B92375,2,0.8554
LO04LO8LO90,60 Y MAS,ACTIVO,135898.245,0,DRAGONS,90LD2,2,0.9724
L8LZZVZ8,07 A 11,ACTIVO,135898.245,GOLD,DRAGONS,B92375,2,0.0358
L88VL488,07 A 11,ACTIVO,237282.65,#N/D,VIKING ARMOUR,B92375,N,0.656
LFAL90FA8FA,24 A 47,ACTIVO,228654.19,BITCOIN,NAVAL,B92375,1,0.4158
V08ZZ848,60 Y MAS,ACTIVO,198454.58,BITCOIN,VIKING ARMOUR,JSF89A,2,0.9326
L9400Z0FA,07 A 11,ACTIVO,224339.96,BITCOIN,SPURS,Y79G54,N,0.1494
L00LOVL8L,48 A 60,ACTIVO,250225.34,ETHER,VIKING ARMOUR,B92375,4,0.6253
FA0FAV9ZZLO,00 A 06,ACTIVO,125112.67,0,SPURS,Y79G54,N,0.4021
80094ZLOV,24 A 47,ACTIVO,310624.56,GOLD,VIKING ARMOUR,Y79G54,4,0.2726
L89FA9LO00,07 A 11,ACTIVO,213554.385,GOLD,VIKING ARMOUR,JSF89A,N,0.8146
V0V0ZLO4V,60 Y MAS,ACTIVO,278267.835,GOLD,VIKING ARMOUR,B92375,4,0.2173
ZZFALOL000,60 Y MAS,ACTIVO,323135.827,GOLD,VIKING ARMOUR,JSF89A,4,0.383
LLV980VZ,24 A 47,ACTIVO,207083.04,BITCOIN,DRAGONS,B92375,2,0.6596
LFAFAL0L8L,24 A 47,ACTIVO,681648.34,0,VIKING ARMOUR,Y79G54,3,0.0056
FA04LOL40Z,00 A 06,activo,,#N/D,VIKING ARMOUR,B92375,#N/D,0.9757
L9Z09LO40,00 A 06,ACTIVO,150998.05,GOLD,SOIL,Y79G54,N,0.1347
L8004988,12 A 23,ACTIVO,237282.65,GOLD,VIKING ARMOUR,B92375,2,0.4094
LFALOFAZM84,24 A 47,ACTIVO,189826.12,0,SPURS,Y79G54,3,0.2066
V0890Z8V,24 A 47,ACTIVO,205788.771,BITCOIN,VIKING ARMOUR,90LD2,4,0.634
L0FA9L40LO,48 A 60,ACTIVO,513393.37,BITCOIN,VIKING ARMOUR,Y79G54,4,0.3166
LLZ00Z0V,48 A 60,ACTIVO,155312.28,BITCOIN,SOIL,B92375,2,0.5033
L8009800,07 A 11,ACTIVO,289053.41,BITCOIN,VIKING ARMOUR,Y79G54,2,0.1628
LLOV00FA,12 A 23,ACTIVO,323135.827,BITCOIN,VIKING ARMOUR,JSF89A,3,0.7659
LVFAZ8Z00,12 A 23,ACTIVO,99227.29,0,DRAGONS,JSF89A,2,0.5514
LZ88LO0,24 A 47,ACTIVO,286896.295,0,VIKING ARMOUR,B92375,2,0.4936
L08LO0Z,48 A 60,ACTIVO,159626.51,ETHER,SOIL,Y79G54,2,0.943
LLOFAVV980,12 A 23,ACTIVO,159626.51,ETHER,SOIL,Y79G54,2,0.5605
LZZL0490,24 A 47,ACTIVO,325724.365,0,VIKING ARMOUR,Y79G54,4,0.7088
V089L4LZ,24 A 47,ACTIVO,119504.171,TYP2,VIKING ARMOUR,90LD2,2,0.0291
L404FA0FAV,24 A 47,ACTIVO,258853.8,0,NAVAL,B92375,4,0.4789
9ZLZ9LFA,60 Y MAS,ACTIVO,,0,SOIL,90LD2,2,0.9164
FA000Z004,00 A 06,ACTIVO,353766.86,#N/D,VIKING ARMOUR,Y79G54,N,0.3346
LO04Z040LO,60 Y MAS,ACTIVO,141075.321,0,DRAGONS,90LD2,2,0.5597
L94L890LO,07 A 11,ACTIVO,237282.65,#N/D,VIKING ARMOUR,B92375,N,0.5116
LVLV4Z8L,12 A 23,ACTIVO,213554.385,BITCOIN,VIKING ARMOUR,B92375,2,0.4513
FALZ0VZV,60 Y MAS,ACTIVO,401223.39,TYP2,VIKING ARMOUR,Y79G54,4,0.8545
ZZ00ZZ0L,60 Y MAS,ACTIVO,310624.56,GOLD,VIKING ARMOUR,B92375,4,0.2636
LV8FA80LZ,12 A 23,ACTIVO,245911.11,BITCOIN,SPURS,Y79G54,0,0.5348
L0FA0ZV48,48 A 60,ACTIVO,295524.755,BITCOIN,NAVAL,B92375,4,0.7275
VLO0V888,60 Y MAS,ACTIVO,377495.125,BITCOIN,DRAGONS,90LD2,2,0.0622
L8ZL0FAVZ,07 A 11,ACTIVO,364552.435,#N/D,VIKING ARMOUR,Y79G54,3,0.1009
LZ48L8LO0,24 A 47,ACTIVO,250225.34,ETHER,VIKING ARMOUR,B92375,4,0.8585
VZ0LLZ0,60 Y MAS,ACTIVO,1095382.997,BITCOIN,VIKING ARMOUR,Y79G54,6,0.6307
L484LO4LLO,24 A 47,ACTIVO,159626.51,TYP2,SOIL,Y79G54,2,0.292
LO0LO48V4Z,24 A 47,ACTIVO,102678.674,0,NAVAL,90LD2,1,0.8397
4090FA0FA,60 Y MAS,ACTIVO,396909.16,BITCOIN,VIKING ARMOUR,Y79G54,6,0.3058
Z00ZM9L4,60 Y MAS,ACTIVO,340824.17,TYP2,VIKING ARMOUR,B92375,4,0.7498
LO0L8LLO04,60 Y MAS,ACTIVO,185511.89,BITCOIN,SOIL,Y79G54,2,0.2195
LZLOFA94,24 A 47,ACTIVO,409851.85,BITCOIN,VIKING ARMOUR,B92375,4,0.483
9L0LO0V0,60 Y MAS,ACTIVO,159626.51,BITCOIN,SOIL,Y79G54,2,0.733
LV4Z04LFA,12 A 23,ACTIVO,379652.24,0,VIKING ARMOUR,Y79G54,4,0.6693
LO0ZVLOL0Z,60 Y MAS,ACTIVO,156606.549,0,DRAGONS,90LD2,2,0.9949
L8849FA8L,07 A 11,ACTIVO,150998.05,#N/D,SOIL,Y79G54,N,0.4829
LLLOL88LFA,24 A 47,ACTIVO,301996.1,0,NAVAL,B92375,4,0.5449
LL0V4VFAL,48 A 60,ACTIVO,159626.51,0,SOIL,Y79G54,2,0.4485
LLOV909L4,12 A 23,ACTIVO,250225.34,BITCOIN,VIKING ARMOUR,B92375,2,0.4163
Z0FAZ9VL4,60 Y MAS,ACTIVO,,#N/D,VIKING ARMOUR,B92375,#N/D,0.8795
LFA0LOZFAZL,24 A 47,ACTIVO,207083.04,TYP2,SPURS,Y79G54,4,0.2215
L004800Z,48 A 60,ACTIVO,336509.94,0,NAVAL,B92375,4,0.8202
L0Z9LLOV8,48 A 60,ACTIVO,390437.815,0,SOIL,Y79G54,3,0.4117
V0LO0LZFA9,48 A 60,ACTIVO,207083.04,GOLD,VIKING ARMOUR,B92375,2,0.8991
ZZ00FA449,60 Y MAS,ACTIVO,170412.085,BITCOIN,DRAGONS,B92375,2,0.6019
L8V40840,07 A 11,ACTIVO,237282.65,BITCOIN,VIKING ARMOUR,B92375,N,0.3091
V0ZLOFAZ00,60 Y MAS,ACTIVO,207083.04,GOLD,DRAGONS,B92375,2,0.3643
9L08000,60 Y MAS,ACTIVO,198454.58,0,VIKING ARMOUR,B92375,4,0.6019
LO0Z9FAVZ0,60 Y MAS,ACTIVO,97070.175,GOLD,DRAGONS,90LD2,2,0.8131
LLO04Z0L0,12 A 23,ACTIVO,194140.35,GOLD,DRAGONS,Y79G54,2,0.1473
L8LFA84V0,12 A 23,ACTIVO,99227.29,BITCOIN,DRAGONS,JSF89A,2,0.7787
LFA8FAVLO4V,24 A 47,ACTIVO,159626.51,0,SOIL,Y79G54,2,0.5229
Z08VFAFALFA,60 Y MAS,ACTIVO,101815.828,0,SOIL,90LD2,2,0.0633
80FA0400LO,24 A 47,ACTIVO,154018.011,0,SOIL,90LD2,1,0.1449
9FA8LOLLOV,60 Y MAS,ACTIVO,198454.58,BITCOIN,SPURS,Y79G54,2,0.653
LVVLO8V80,12 A 23,ACTIVO,,0,DRAGONS,JSF89A,2,0.4165
ZZVFAV9FALO,60 Y MAS,ACTIVO,233399.843,BITCOIN,VIKING ARMOUR,90LD2,4,0.2919
LO0LO4VLOFA8,24 A 47,ACTIVO,88441.715,0,DRAGONS,90LD2,2,0.598
8L008ZFA,60 Y MAS,ACTIVO,415460.349,GOLD,VIKING ARMOUR,90LD2,6,0.5766
LLO8L9VZV,12 A 23,ACTIVO,150998.05,ETHER,SPURS,JSF89A,2,0.9941
Z0FA4FAZL4,60 Y MAS,ACTIVO,289053.41,GOLD,VIKING ARMOUR,Y79G54,4,0.7422
LO0L00LZ0,60 Y MAS,ACTIVO,168254.97,GOLD,DRAGONS,90LD2,2,0.6179
80008ZV0,24 A 47,ACTIVO,209240.155,0,SPURS,JSF89A,3,0.1801
L890VVLO0,07 A 11,ACTIVO,181197.66,#N/D,SPURS,Y79G54,N,0.2718
80V4LLO9,60 Y MAS,ACTIVO,91461.676,GOLD,DRAGONS,90LD2,2,0.1768
FA0LO8000Z,00 A 06,activo,,#N/D,SOIL,Y79G54,#N/D,0.9177
V0804LOLV,60 Y MAS,ACTIVO,168254.97,GOLD,DRAGONS,JSF89A,2,0.9249
L8ZV89LOV,07 A 11,ACTIVO,181197.66,TYP2,SPURS,Y79G54,2,0.4766
Z0ZFA8V0L,60 Y MAS,ACTIVO,133741.13,BITCOIN,SOIL,90LD2,2,0.9578
9LO4Z9LOV,60 Y MAS,ACTIVO,525041.791,0,VIKING ARMOUR,Y79G54,4,0.5399
Z00FALV0FA,60 Y MAS,ACTIVO,360238.205,ETHER,VIKING ARMOUR,B92375,4,0.7033
FA009VLL4,00 A 06,ACTIVO,159626.51,0,SOIL,Y79G54,N,0.4127
L00Z80LOZ,60 Y MAS,ACTIVO,431423,0,VIKING ARMOUR,Y79G54,6,0.3586
L848404Z,07 A 11,ACTIVO,207083.04,ETHER,VIKING ARMOUR,JSF89A,2,0.6717
LLO4LOVLFAV,24 A 47,ACTIVO,286896.295,BITCOIN,VIKING ARMOUR,B92375,4,0.5718
L0VLLOFAV0,60 Y MAS,ACTIVO,103541.52,GOLD,DRAGONS,B92375,2,0.8597
9V4LFAFA0,60 Y MAS,ACTIVO,323567.25,TYP2,VIKING ARMOUR,B92375,4,0.9188
LLOZLV8LO9,24 A 47,ACTIVO,196297.465,GOLD,SOIL,Y79G54,2,0.8607
L0ZFA0L8LO,48 A 60,ACTIVO,358081.09,GOLD,VIKING ARMOUR,Y79G54,4,0.6082
LO009404FA,60 Y MAS,ACTIVO,375338.01,BITCOIN,VIKING ARMOUR,Y79G54,4,0.4293
LLLLO40VZ,24 A 47,ACTIVO,319253.02,TYP2,VIKING ARMOUR,Y79G54,4,0.4792
LVFA448,00 A 06,ACTIVO,189826.12,BITCOIN,SPURS,Y79G54,N,0.5089
L9VZ00VL,00 A 06,ACTIVO,211397.27,0,NAVAL,JSF89A,N,0.6398
LVFA00FA80,12 A 23,ACTIVO,140212.475,GOLD,DRAGONS,B92375,2,0.256
LV9LOLLLL,12 A 23,ACTIVO,129426.9,0,DRAGONS,JSF89A,1,0.4775
LO04LOVZ0V,24 A 47,ACTIVO,216574.346,0,VIKING ARMOUR,90LD2,4,0.4429
VLV0VFA0,60 Y MAS,ACTIVO,610463.545,0,VIKING ARMOUR,Y79G54,4,0.5175
ZZVZ80Z4,60 Y MAS,ACTIVO,654468.691,GOLD,VIKING ARMOUR,Y79G54,4,0.3433
L0VZL0LO9,48 A 60,ACTIVO,103541.52,GOLD,DRAGONS,B92375,2,0.7441
LLLOVV0LO4,24 A 47,ACTIVO,269639.375,TYP2,DRAGONS,Y79G54,4,0.4522
Z0LVZ9L4,60 Y MAS,ACTIVO,250225.34,0,VIKING ARMOUR,B92375,4,0.5595
LO04LO4L9V,60 Y MAS,ACTIVO,135898.245,0,DRAGONS,90LD2,2,0.2448
LFA8FA988LO,24 A 47,ACTIVO,155312.28,ETHER,SOIL,B92375,2,0.215
LFAFA9800V,24 A 47,ACTIVO,245911.11,TYP2,SPURS,Y79G54,4,0.0993
FA008FA08LO,00 A 06,activo,,#N/D,SPURS,Y79G54,#N/D,0.7834
FA0V0908LO,00 A 06,activo,,#N/D,SPURS,Y79G54,#N/D,0.908
L9LO44044,00 A 06,ACTIVO,150998.05,#N/D,SOIL,Y79G54,N,0.9749
Z0VZM04L,60 Y MAS,ACTIVO,405537.62,0,VIKING ARMOUR,Y79G54,4,0.1343
LZ0LO0ZFAL,24 A 47,ACTIVO,196297.465,USD,SOIL,Y79G54,2,0.1629
9VV4FAZLO,60 Y MAS,ACTIVO,150998.05,GOLD,DRAGONS,Y79G54,2,0.1351
L4LFAFA089,24 A 47,ACTIVO,159626.51,GOLD,SOIL,Y79G54,2,0.0371
90884LOV,60 Y MAS,ACTIVO,405537.62,BITCOIN,VIKING ARMOUR,Y79G54,4,0.0107
LZLO0Z0,00 A 06,ACTIVO,189826.12,#N/D,SPURS,Y79G54,N,0.6103
LO0ZV8448,60 Y MAS,ACTIVO,129426.9,0,DRAGONS,90LD2,2,0.2602
L0FAVLVLO9,60 Y MAS,ACTIVO,237282.65,0,VIKING ARMOUR,B92375,2,0.0222
L9FAV0ZFA4,00 A 06,ACTIVO,159626.51,#N/D,VIKING ARMOUR,B92375,N,0.9734
LO044LO098,60 Y MAS,ACTIVO,126838.362,0,DRAGONS,90LD2,2,0.4697
Z040ZV8L,60 Y MAS,ACTIVO,196297.465,GOLD,SOIL,Y79G54,2,0.764
LO009L8LFA,60 Y MAS,ACTIVO,181197.66,ETHER,DRAGONS,Y79G54,2,0.7322
V004FAFA00,60 Y MAS,ACTIVO,254539.57,0,VIKING ARMOUR,90LD2,4,0.3538
ZZVLO49LO0,60 Y MAS,ACTIVO,430560.154,BITCOIN,VIKING ARMOUR,B92375,6,0.072
V0LO8VZZ,60 Y MAS,ACTIVO,405537.62,BITCOIN,VIKING ARMOUR,90LD2,6,0.5678
LLO09Z9LO8,12 A 23,ACTIVO,103541.52,0,DRAGONS,B92375,1,0.1622
9FA8FAFA08,60 Y MAS,ACTIVO,207083.04,0,VIKING ARMOUR,B92375,3,0.1518
LO040V0FA0,60 Y MAS,ACTIVO,187237.582,0,DRAGONS,90LD2,4,0.4789
L4V00FA0FA,24 A 47,ACTIVO,159626.51,ETHER,SOIL,Y79G54,2,0.0983
ZZFAZ490FA,60 Y MAS,ACTIVO,273522.182,BITCOIN,VIKING ARMOUR,JSF89A,4,0.6694
ZZL08LLFA,60 Y MAS,ACTIVO,97070.175,GOLD,DRAGONS,90LD2,2,0.7288
8889ZFA0,60 Y MAS,ACTIVO,340392.747,TYP2,VIKING ARMOUR,Y79G54,4,0.851
Z0008FAFAFA,60 Y MAS,ACTIVO,257559.531,0,SPURS,90LD2,4,0.4489
L0LFALFALV,60 Y MAS,ACTIVO,159626.51,GOLD,SOIL,Y79G54,2,0.2703
LLO4LFALO4FA,12 A 23,ACTIVO,103541.52,GOLD,DRAGONS,B92375,2,0.1185
ZZLLLLO9V,60 Y MAS,ACTIVO,245479.687,BITCOIN,SPURS,JSF89A,4,0.564
LV8Z9LLO4,07 A 11,ACTIVO,560849.9,TYP2,VIKING ARMOUR,Y79G54,2,0.1256
LV0L0Z8Z,12 A 23,ACTIVO,189826.12,0,SPURS,Y79G54,1,0.1295
LLO8948V9,12 A 23,ACTIVO,286896.295,0,VIKING ARMOUR,B92375,1,0.4644
V00V98L0,60 Y MAS,ACTIVO,276973.566,0,VIKING ARMOUR,90LD2,4,0.1983
L44L94VV,24 A 47,ACTIVO,356786.821,GOLD,VIKING ARMOUR,Y79G54,4,0.3821
L09LO8LO4L,48 A 60,ACTIVO,265325.145,0,NAVAL,B92375,3,0.9182
LFA4FA0FAVZ,24 A 47,ACTIVO,578106.82,ETHER,VIKING ARMOUR,Y79G54,4,0.0257
FA0Z0VL40,00 A 06,activo,,#N/D,SPURS,Y79G54,#N/D,0.2513
8FA00LZFA,60 Y MAS,ACTIVO,323567.25,GOLD,VIKING ARMOUR,Y79G54,4,0.2186
FA0Z9Z04FA,00 A 06,ACTIVO,,#N/D,SOIL,Y79G54,#N/D,0.384
FA048984L,00 A 06,ACTIVO,,#N/D,VIKING ARMOUR,B92375,#N/D,0.3509
L4LVL0Z0,24 A 47,ACTIVO,159626.51,GOLD,SOIL,Y79G54,2,0.5755
80LL0VV,60 Y MAS,ACTIVO,140212.475,GOLD,DRAGONS,B92375,2,0.827
LO0FAFA9880,60 Y MAS,ACTIVO,295524.755,BITCOIN,NAVAL,B92375,4,0.3009
LO0Z8LFA,12 A 23,ACTIVO,95344.483,0,DRAGONS,90LD2,2,0.5467
90LO89VL,60 Y MAS,ACTIVO,198454.58,TYP2,SPURS,Y79G54,4,0.8554
LV4ZMFA00,12 A 23,ACTIVO,332195.71,BITCOIN,VIKING ARMOUR,Y79G54,4,0.1837
LV00009Z,12 A 23,ACTIVO,159626.51,GOLD,SOIL,Y79G54,2,0.4099
FA00Z8LV0,00 A 06,ACTIVO,159626.51,#N/D,SOIL,Y79G54,N,0.3499
80L44L08,60 Y MAS,ACTIVO,276542.143,0,VIKING ARMOUR,90LD2,4,0.8022
LVZLOL04Z,12 A 23,ACTIVO,276110.72,0,VIKING ARMOUR,Y79G54,1,0.1069
FA0VFA4LZLO,00 A 06,ACTIVO,,#N/D,VIKING ARMOUR,Y79G54,#N/D,0.1948
V008L084,60 Y MAS,ACTIVO,135898.245,0,DRAGONS,90LD2,1,0.0623
FA0LLFA000,00 A 06,ACTIVO,159626.51,0,SOIL,Y79G54,N,0.8535
L048940LO,60 Y MAS,ACTIVO,207083.04,0,SPURS,Y79G54,3,0.8744
LFAFAFA9LV0,24 A 47,ACTIVO,422794.54,GOLD,VIKING ARMOUR,Y79G54,4,0.505
L8LO0VLV4,07 A 11,ACTIVO,237282.65,0,VIKING ARMOUR,B92375,1,0.2258
ZZLVZM40,60 Y MAS,ACTIVO,323567.25,0,VIKING ARMOUR,B92375,4,0.648
8LLOL8ZL,60 Y MAS,ACTIVO,470251.07,0,VIKING ARMOUR,Y79G54,4,0.5798
L0FA0L000,60 Y MAS,ACTIVO,362395.32,TYP2,VIKING ARMOUR,Y79G54,4,0.9384
LLZL0LOZ9,48 A 60,ACTIVO,159626.51,USD,SOIL,Y79G54,2,0.9152
LZ49V80V,24 A 47,ACTIVO,159626.51,BITCOIN,SOIL,Y79G54,2,0.1281
L9LOVL88V,00 A 06,ACTIVO,237282.65,#N/D,VIKING ARMOUR,B92375,N,0.0606
LLOZ9L00V,12 A 23,ACTIVO,250225.34,BITCOIN,VIKING ARMOUR,B92375,2,0.6363
LZLO08409,24 A 47,ACTIVO,291210.525,ETHER,SOIL,Y79G54,4,0.5423
V0Z88Z40,60 Y MAS,ACTIVO,237282.65,BITCOIN,DRAGONS,Y79G54,2,0.3257
LZL4LO0,00 A 06,ACTIVO,250225.34,#N/D,VIKING ARMOUR,B92375,N,0.4206
LO0LOV0FA4Z,24 A 47,ACTIVO,88441.715,0,DRAGONS,90LD2,2,0.3975
L909FAV0V,07 A 11,ACTIVO,237282.65,#N/D,VIKING ARMOUR,B92375,N,0.5162
LVLOLVZZV,12 A 23,ACTIVO,129426.9,0,DRAGONS,JSF89A,2,0.5352
L80ZVZ0Z,12 A 23,ACTIVO,172569.2,BITCOIN,SPURS,Y79G54,2,0.4982
900VVLOLV,12 A 23,activo,444797.113,0,VIKING ARMOUR,90LD2,2,0.3062
L4LLLZ80,24 A 47,ACTIVO,207083.04,0,SPURS,Y79G54,3,0.6789
L49FA4LO48,24 A 47,ACTIVO,146683.82,GOLD,SPURS,JSF89A,4,0.9184
LZV9LOFA8LO,24 A 47,ACTIVO,254539.57,TYP2,SPURS,Y79G54,4,0.8914
FA00FA0FAVFA,00 A 06,ACTIVO,232968.42,#N/D,SPURS,Y79G54,N,0.751
L9FA00040,07 A 11,activo,,#N/D,DRAGONS,JSF89A,#N/D,0.679
LLOZV4000,12 A 23,activo,,#N/D,VIKING ARMOUR,B92375,#N/D,0.384
LO0ZZFA8V0,60 Y MAS,ACTIVO,232968.42,GOLD,DRAGONS,Y79G54,2,0.0502
90Z0408,60 Y MAS,ACTIVO,250225.34,0,VIKING ARMOUR,B92375,1,0.8581
V408FALOL,60 Y MAS,ACTIVO,470251.07,BITCOIN,VIKING ARMOUR,Y79G54,4,0.8864
8004VVVLO,60 Y MAS,ACTIVO,263168.03,0,NAVAL,90LD2,4,0.247
L0VFALL80,60 Y MAS,ACTIVO,103541.52,0,DRAGONS,B92375,1,0.042
L8FA09L4FA,12 A 23,ACTIVO,310624.56,GOLD,VIKING ARMOUR,B92375,2,0.547
L48ZZFALOZ,24 A 47,ACTIVO,241596.88,0,VIKING ARMOUR,B92375,4,0.6639
LZFA9LZL0,24 A 47,ACTIVO,286896.295,0,VIKING ARMOUR,B92375,3,0.727
L8LL4LVZ,07 A 11,ACTIVO,172569.2,BITCOIN,SPURS,Y79G54,1,0.5292
LVV0049Z,12 A 23,ACTIVO,310624.56,BITCOIN,VIKING ARMOUR,Y79G54,2,0.8042
LO09FA8LOL0,60 Y MAS,ACTIVO,198886.003,BITCOIN,DRAGONS,90LD2,2,0.218
LFALOLLO940,24 A 47,ACTIVO,170412.085,0,DRAGONS,B92375,2,0.0701
L89FALOLFA8,00 A 06,ACTIVO,181197.66,0,SPURS,Y79G54,N,0.2704
LFAZV0049,24 A 47,ACTIVO,241596.88,BITCOIN,SPURS,Y79G54,4,0.0175
L09LO0FALV,48 A 60,ACTIVO,189826.12,0,SPURS,Y79G54,3,0.8416
LO00FAVLVV,60 Y MAS,ACTIVO,493116.489,0,NAVAL,90LD2,6,0.3827
FA0LOZ0FALL,00 A 06,activo,,#N/D,VIKING ARMOUR,B92375,#N/D,0.214
L49L90FAZ,24 A 47,ACTIVO,323567.25,BITCOIN,VIKING ARMOUR,Y79G54,4,0.8968
LLOZ90L4FA,12 A 23,ACTIVO,161783.625,0,VIKING ARMOUR,JSF89A,2,0.8533
LV8FA90L8,12 A 23,ACTIVO,99227.29,0,DRAGONS,JSF89A,2,0.2841
Z0ZV0L0LO,60 Y MAS,ACTIVO,250225.34,0,VIKING ARMOUR,B92375,4,0.1264
L898V0FALO,07 A 11,ACTIVO,289053.41,GOLD,VIKING ARMOUR,Y79G54,N,0.8392
LO0L0L0LL,60 Y MAS,ACTIVO,286896.295,#N/D,VIKING ARMOUR,B92375,4,0.8289
L9LO880V9,00 A 06,ACTIVO,224339.96,BITCOIN,SPURS,Y79G54,N,0.5006
L49LO90LO4,24 A 47,ACTIVO,265325.145,ETHER,NAVAL,B92375,4,0.4974
FA0488Z8Z,00 A 06,ACTIVO,,#N/D,SPURS,Y79G54,#N/D,0.2301
LLOZ88900,12 A 23,ACTIVO,,#N/D,DRAGONS,B92375,#N/D,0.8966
L0FA09Z,48 A 60,ACTIVO,196297.465,GOLD,SOIL,Y79G54,2,0.0705
L9L8LOVZM,00 A 06,ACTIVO,150998.05,GOLD,SOIL,Y79G54,N,0.4967
Z009ZLO04,60 Y MAS,ACTIVO,103541.52,ETHER,DRAGONS,B92375,2,0.9996
FA0040FALO8,00 A 06,ACTIVO,125112.67,BITCOIN,SPURS,Y79G54,N,0.7832
V08LOZ0VV,24 A 47,ACTIVO,198454.58,GOLD,VIKING ARMOUR,JSF89A,2,0.0245
ZZVFAFAFA8FA,60 Y MAS,ACTIVO,178177.699,0,SOIL,90LD2,1,0.6847
L80FA4900,07 A 11,ACTIVO,224339.96,#N/D,SPURS,Y79G54,2,0.6864
L8FA9L4,07 A 11,ACTIVO,150998.05,BITCOIN,SOIL,Y79G54,2,0.5478
V0FAZ8V04,60 Y MAS,ACTIVO,541435.865,ETHER,VIKING ARMOUR,Y79G54,6,0.9241
LZL04V4FA,24 A 47,ACTIVO,278267.835,0,VIKING ARMOUR,B92375,3,0.2995
LLOL9LOL0L,24 A 47,ACTIVO,150998.05,BITCOIN,SOIL,Y79G54,1,0.3823
LO0Z40LOL4,60 Y MAS,ACTIVO,88441.715,0,DRAGONS,90LD2,2,0.9962
L4FAVV008,24 A 47,ACTIVO,,#N/D,SOIL,Y79G54,#N/D,0.9204
LLO9FAL4LLO,12 A 23,ACTIVO,323567.25,GOLD,VIKING ARMOUR,B92375,3,0.2345
FA0ZZ9L48,00 A 06,ACTIVO,,#N/D,VIKING ARMOUR,B92375,#N/D,0.211
FA0089VZ0,00 A 06,ACTIVO,237282.65,#N/D,SOIL,Y79G54,N,0.7794
LVZ0V0ZLO,12 A 23,ACTIVO,310624.56,ETHER,VIKING ARMOUR,Y79G54,4,0.3038
L0V000ZZ,48 A 60,ACTIVO,312781.675,BITCOIN,VIKING ARMOUR,Y79G54,3,0.7216
V8ZZZ40,60 Y MAS,ACTIVO,588892.395,0,VIKING ARMOUR,Y79G54,3,0.4677
FA040ZVZL,00 A 06,ACTIVO,,#N/D,VIKING ARMOUR,B92375,#N/D,0.4442
L4FALVZ00,24 A 47,ACTIVO,189826.12,0,SPURS,Y79G54,4,0.6743
ZVZMFAFA,24 A 47,ACTIVO,132015.438,0,SOIL,90LD2,2,0.9766
LVZ909V0,12 A 23,ACTIVO,310624.56,BITCOIN,VIKING ARMOUR,Y79G54,4,0.3901
LLZMLO0V9,24 A 47,ACTIVO,207083.04,ETHER,SPURS,Y79G54,4,0.7723
L84FALLOFAFA,07 A 11,ACTIVO,150998.05,#N/D,SOIL,Y79G54,2,0.5221
V049VFA80,60 Y MAS,ACTIVO,207083.04,0,DRAGONS,B92375,2,0.4595
L8LLO0LFA0,07 A 11,ACTIVO,172569.2,ETHER,SPURS,Y79G54,2,0.7825
L90V8V00,00 A 06,ACTIVO,150998.05,TYP2,SOIL,Y79G54,N,0.2851
L0V88L0LO,48 A 60,ACTIVO,198454.58,BITCOIN,VIKING ARMOUR,Y79G54,4,0.7
L0LO0V00FA,48 A 60,ACTIVO,295524.755,0,NAVAL,B92375,4,0.1111
L4ZLLOZLZ,24 A 47,ACTIVO,241596.88,BITCOIN,SPURS,Y79G54,6,0.0153
VZL40LO0,60 Y MAS,ACTIVO,195003.196,BITCOIN,DRAGONS,90LD2,2,0.1348
L8L4VLOL0,07 A 11,ACTIVO,565164.13,BITCOIN,VIKING ARMOUR,Y79G54,4,0.3235
LLOFA9L0ZV,12 A 23,ACTIVO,487507.99,TYP2,VIKING ARMOUR,Y79G54,4,0.8297
L40000Z4,24 A 47,ACTIVO,228654.19,0,SOIL,Y79G54,2,0.3964
90LV9LOL8,60 Y MAS,ACTIVO,,#N/D,SPURS,90LD2,#N/D,0.3855
LFAL04V00,24 A 47,ACTIVO,198454.58,ETHER,SPURS,Y79G54,4,0.9992
80FAL000,60 Y MAS,ACTIVO,86284.6,ETHER,SOIL,90LD2,2,0.5043
9FAFA408L,60 Y MAS,ACTIVO,140212.475,0,VIKING ARMOUR,B92375,1,0.9459
LO04FAL888,60 Y MAS,ACTIVO,97070.175,0,DRAGONS,90LD2,2,0.2248
FA0LOV0409,00 A 06,ACTIVO,,#N/D,VIKING ARMOUR,Y79G54,#N/D,0.6384
ZZFA0ZL8FA,60 Y MAS,ACTIVO,178609.122,TYP2,DRAGONS,Y79G54,2,0.0744
ZZ4FA0FA44,60 Y MAS,ACTIVO,159626.51,BITCOIN,SOIL,Y79G54,2,0.8696
900V0004,60 Y MAS,activo,,#N/D,SPURS,90LD2,#N/D,0.5129
L00LO8940,48 A 60,ACTIVO,390437.815,GOLD,VIKING ARMOUR,Y79G54,6,0.1174
80L4Z9LO0,60 Y MAS,ACTIVO,290779.102,BITCOIN,VIKING ARMOUR,90LD2,6,0.4966
L00VZVLO0,60 Y MAS,ACTIVO,573792.59,BITCOIN,VIKING ARMOUR,Y79G54,6,0.1077
FA0FAL9L80,00 A 06,ACTIVO,707533.72,0,VIKING ARMOUR,Y79G54,N,0.5302
8ZL00,60 Y MAS,ACTIVO,448679.92,BITCOIN,SPURS,Y79G54,6,0.7381
LFA0LLLO48,24 A 47,ACTIVO,159626.51,ETHER,SOIL,Y79G54,2,0.2695
LV9ZFAL48,07 A 11,ACTIVO,99227.29,0,DRAGONS,B92375,1,0.1985
L0FA9ZVZ8,48 A 60,ACTIVO,265325.145,0,NAVAL,B92375,4,0.0862
LLOZ008LOL,12 A 23,ACTIVO,286896.295,BITCOIN,VIKING ARMOUR,B92375,4,0.9937
L0FA8Z9Z4,60 Y MAS,ACTIVO,424951.655,USD,VIKING ARMOUR,Y79G54,6,0.6164
900400FAZ,24 A 47,ACTIVO,301564.677,0,VIKING ARMOUR,90LD2,2,0.5168
LO0Z804V9,60 Y MAS,ACTIVO,250225.34,GOLD,VIKING ARMOUR,B92375,4,0.6316
V8LZ904,60 Y MAS,ACTIVO,724790.64,BITCOIN,VIKING ARMOUR,Y79G54,6,0.3388
LZ90489LO,24 A 47,ACTIVO,250225.34,0,VIKING ARMOUR,B92375,2,0.1868
LZ00409FA,24 A 47,ACTIVO,,#N/D,VIKING ARMOUR,JSF89A,#N/D,0.6667
840Z94L,60 Y MAS,ACTIVO,86284.6,BITCOIN,SOIL,90LD2,2,0.9064
L40Z0084,24 A 47,ACTIVO,332195.71,0,NAVAL,B92375,4,0.9822
L409LOV9V,24 A 47,ACTIVO,232968.42,0,DRAGONS,Y79G54,2,0.0221
LLL8048Z,48 A 60,ACTIVO,396909.16,GOLD,VIKING ARMOUR,Y79G54,4,0.9008
L09LO80L0,48 A 60,ACTIVO,140212.475,ETHER,DRAGONS,B92375,2,0.8757
LO0LOL4LO0Z,60 Y MAS,ACTIVO,180334.814,0,NAVAL,90LD2,3,0.319
FA0V04V00,00 A 06,ACTIVO,,#N/D,VIKING ARMOUR,JSF89A,#N/D,0.8901
Z04LO09FAL,60 Y MAS,ACTIVO,273953.605,0,VIKING ARMOUR,B92375,4,0.1116
LLOFALOFA9FALO,12 A 23,ACTIVO,159626.51,BITCOIN,SOIL,Y79G54,2,0.0562
L490VFA00,24 A 47,ACTIVO,125112.67,0,SOIL,B92375,2,0.6397
V0V0ZV9FA,24 A 47,ACTIVO,159626.51,ETHER,SOIL,Y79G54,2,0.558
9FALOFALOLL,60 Y MAS,ACTIVO,347295.515,USD,VIKING ARMOUR,B92375,4,0.1418
L8LO0404LO,07 A 11,ACTIVO,194140.35,BITCOIN,VIKING ARMOUR,B92375,2,0.5129
V0ZVFA8VFA,60 Y MAS,ACTIVO,448679.92,0,VIKING ARMOUR,Y79G54,4,0.8593
LFALOLZZ0LO,24 A 47,ACTIVO,465936.84,0,VIKING ARMOUR,Y79G54,4,0.8421
LO040Z8V4,60 Y MAS,ACTIVO,187237.582,BITCOIN,DRAGONS,90LD2,4,0.9739
FA0908V09,00 A 06,activo,,#N/D,DRAGONS,B92375,#N/D,0.7349
LVFA9FA0LOL,12 A 23,ACTIVO,250225.34,0,VIKING ARMOUR,B92375,1,0.3728
L9800VV0,00 A 06,ACTIVO,327881.48,#N/D,VIKING ARMOUR,Y79G54,N,0.725
L009004V,48 A 60,ACTIVO,353766.86,GOLD,VIKING ARMOUR,Y79G54,4,0.2461
LO48Z409,60 Y MAS,ACTIVO,646703.077,BITCOIN,VIKING ARMOUR,Y79G54,6,0.8001
LVLL00FA4,12 A 23,ACTIVO,250225.34,BITCOIN,VIKING ARMOUR,B92375,2,0.917
LFA0LLO00FA,24 A 47,ACTIVO,226497.075,GOLD,SPURS,Y79G54,4,0.5014
L908LOFALOZ,00 A 06,ACTIVO,209240.155,0,SPURS,JSF89A,N,0.3905
L40ZVLO,00 A 06,ACTIVO,335215.671,#N/D,VIKING ARMOUR,Y79G54,N,0.8988
L408ZM04,24 A 47,ACTIVO,241596.88,0,SPURS,Y79G54,3,0.243
80L49LO0Z,48 A 60,ACTIVO,267050.837,0,VIKING ARMOUR,JSF89A,4,0.018
LO0LOFAZZV8,60 Y MAS,ACTIVO,168254.97,0,VIKING ARMOUR,90LD2,3,0.5008
LO00FA0LO09,60 Y MAS,ACTIVO,304153.215,TYP2,VIKING ARMOUR,B92375,4,0.1564
Z0Z0094V,60 Y MAS,ACTIVO,353766.86,0,VIKING ARMOUR,Y79G54,4,0.2337
L4ZZVL,00 A 06,ACTIVO,250225.34,BITCOIN,VIKING ARMOUR,B92375,N,0.8584
LV4Z09Z0,12 A 23,ACTIVO,172569.2,BITCOIN,SPURS,JSF89A,1,0.3799
8000080LO,60 Y MAS,ACTIVO,241596.88,0,DRAGONS,Y79G54,2,0.3239
FA00004LZ,00 A 06,ACTIVO,94913.06,#N/D,DRAGONS,JSF89A,N,0.7248
FA0LZ88LO9,00 A 06,ACTIVO,125112.67,0,SPURS,Y79G54,N,0.2352
LZL8409V,24 A 47,ACTIVO,314938.79,BITCOIN,VIKING ARMOUR,Y79G54,4,0.8724
L900V0ZV,00 A 06,ACTIVO,168254.97,BITCOIN,VIKING ARMOUR,JSF89A,N,0.1117
900FAFA0FAV,60 Y MAS,ACTIVO,,#N/D,VIKING ARMOUR,90LD2,#N/D,0.8952
L44LZ08V,24 A 47,ACTIVO,515981.908,TYP2,VIKING ARMOUR,Y79G54,3,0.5801
L9FAVFALL0,07 A 11,ACTIVO,198454.58,GOLD,DRAGONS,Y79G54,N,0.2519
L88LOLFA89,07 A 11,ACTIVO,273953.605,TYP2,VIKING ARMOUR,B92375,N,0.5272
LLOLFA000FA,12 A 23,ACTIVO,437894.345,0,VIKING ARMOUR,Y79G54,4,0.2129
LZLZL0FAFA,24 A 47,ACTIVO,278267.835,0,VIKING ARMOUR,B92375,3,0.906
FA04Z8L80,00 A 06,ACTIVO,,#N/D,VIKING ARMOUR,Y79G54,#N/D,0.8199
L4LLOFA090,24 A 47,ACTIVO,159626.51,0,SOIL,Y79G54,1,0.8525
9ZL480FA,60 Y MAS,ACTIVO,265325.145,BITCOIN,NAVAL,B92375,4,0.8659
L8800VL4,07 A 11,ACTIVO,237282.65,BITCOIN,VIKING ARMOUR,B92375,N,0.524
FA0004L00,00 A 06,ACTIVO,125112.67,BITCOIN,SPURS,Y79G54,N,0.9221
FA0L8ZV0L,00 A 06,ACTIVO,250225.34,0,VIKING ARMOUR,B92375,N,0.5359
LFAZFA8LOLZ,24 A 47,ACTIVO,159626.51,0,SOIL,Y79G54,1,0.8534
FA0FALO9490,00 A 06,ACTIVO,,#N/D,VIKING ARMOUR,B92375,#N/D,0.831
Z0LO9000FA,60 Y MAS,ACTIVO,215711.5,GOLD,DRAGONS,Y79G54,2,0.4896
FA0VVFALO8Z,00 A 06,ACTIVO,,#N/D,VIKING ARMOUR,Y79G54,#N/D,0.2905
L0ZM9L4FA,48 A 60,ACTIVO,232968.42,0,SPURS,Y79G54,1,0.5064
LLO00FAFA09,24 A 47,ACTIVO,323567.25,ETHER,VIKING ARMOUR,B92375,4,0.0745
L840LO90L,07 A 11,ACTIVO,273953.605,#N/D,VIKING ARMOUR,B92375,2,0.5604
LFAFAV88LL,24 A 47,ACTIVO,207083.04,0,SPURS,Y79G54,4,0.299
Z0VLLO0Z0,60 Y MAS,ACTIVO,125112.67,GOLD,DRAGONS,90LD2,2,0.2203
LLO9VL00FA,12 A 23,ACTIVO,673019.88,GOLD,DRAGONS,Y79G54,2,0.1924
L84LO88LO8,07 A 11,ACTIVO,282582.065,#N/D,VIKING ARMOUR,Y79G54,2,0.674
L94VL09V,00 A 06,ACTIVO,150998.05,BITCOIN,SOIL,Y79G54,N,0.6149
900LO0FA4LO,12 A 23,ACTIVO,,#N/D,SPURS,90LD2,#N/D,0.4362
L9L0VV4FA,07 A 11,ACTIVO,237282.65,#N/D,VIKING ARMOUR,B92375,N,0.1273
L4ZZMZ40,24 A 47,ACTIVO,140212.475,0,DRAGONS,B92375,1,0.9331
ZZL0Z0LO4,60 Y MAS,ACTIVO,101815.828,ETHER,SOIL,90LD2,2,0.6607
800LOLLOLL,60 Y MAS,ACTIVO,279993.527,0,NAVAL,90LD2,4,0.8104
LV0LZ0FAFA,12 A 23,ACTIVO,159626.51,BITCOIN,SOIL,Y79G54,1,0.9585
LLO0L94L9,24 A 47,ACTIVO,243753.995,GOLD,SPURS,Y79G54,4,0.3405
L84Z0484,07 A 11,ACTIVO,181197.66,#N/D,SPURS,Y79G54,2,0.1928
9L94Z08,60 Y MAS,ACTIVO,267482.26,BITCOIN,SPURS,Y79G54,4,0.2955
L0LO0LFA0V,60 Y MAS,ACTIVO,213554.385,BITCOIN,DRAGONS,B92375,2,0.6536
L80Z0004,07 A 11,ACTIVO,237282.65,GOLD,VIKING ARMOUR,B92375,2,0.0043
LVLO9L0ZM,12 A 23,ACTIVO,172569.2,0,SPURS,JSF89A,2,0.291
LLO4ZVLV8,12 A 23,ACTIVO,,#N/D,VIKING ARMOUR,B92375,#N/D,0.849
L00L490Z,60 Y MAS,ACTIVO,301996.1,BITCOIN,VIKING ARMOUR,Y79G54,4,0.7074
FA0409040,00 A 06,ACTIVO,,#N/D,SPURS,Y79G54,#N/D,0.7814
L90FA408L,00 A 06,ACTIVO,271796.49,BITCOIN,VIKING ARMOUR,B92375,N,0.3919
ZVLO040ZFA,48 A 60,ACTIVO,97070.175,GOLD,DRAGONS,JSF89A,2,0.7665
LLL0LZ0L,48 A 60,ACTIVO,159626.51,0,SOIL,Y79G54,2,0.1789
L848LOVZ0,07 A 11,ACTIVO,172569.2,#N/D,DRAGONS,B92375,2,0.4097
LO040LZ0V,60 Y MAS,ACTIVO,176883.43,0,VIKING ARMOUR,Y79G54,1,0.2925
Z0ZLO08VFA,60 Y MAS,ACTIVO,521590.407,GOLD,VIKING ARMOUR,Y79G54,4,0.1142
L9LLOLZFA8,07 A 11,ACTIVO,237282.65,#N/D,VIKING ARMOUR,B92375,N,0.4025
V00LFA00FA,60 Y MAS,ACTIVO,129426.9,0,DRAGONS,JSF89A,2,0.0802
LFAV40VFAV,24 A 47,ACTIVO,207083.04,0,SPURS,Y79G54,3,0.4006
LZV49VVLO,24 A 47,ACTIVO,360238.205,0,VIKING ARMOUR,B92375,4,0.2989
80LFA9Z98,60 Y MAS,ACTIVO,,#N/D,DRAGONS,90LD2,#N/D,0.3459
Z0098LZL,60 Y MAS,ACTIVO,97070.175,GOLD,DRAGONS,90LD2,2,0.8733
L80V0LOFA8,07 A 11,ACTIVO,278267.835,#N/D,DRAGONS,Y79G54,2,0.6892
L09LOL9Z0,48 A 60,ACTIVO,332195.71,ETHER,VIKING ARMOUR,Y79G54,4,0.3889
LLO4FA09VLO,24 A 47,ACTIVO,176883.43,TYP2,VIKING ARMOUR,JSF89A,2,0.5571
L9FAFAFA909,00 A 06,ACTIVO,237282.65,#N/D,VIKING ARMOUR,B92375,N,0.1558
LLO90L04L,12 A 23,ACTIVO,159626.51,GOLD,SOIL,Y79G54,2,0.2276
900FAZVV8,60 Y MAS,ACTIVO,,#N/D,VIKING ARMOUR,90LD2,#N/D,0.4976
Z0L040V0,60 Y MAS,ACTIVO,97070.175,0,DRAGONS,90LD2,2,0.2828
V0488888,48 A 60,ACTIVO,228654.19,0,NAVAL,B92375,2,0.6392
LZFA8089LO,24 A 47,ACTIVO,189826.12,BITCOIN,SPURS,Y79G54,4,0.517
V08V8LO04,60 Y MAS,ACTIVO,444365.69,GOLD,SPURS,JSF89A,6,0.1759
L84VL008,07 A 11,ACTIVO,150998.05,#N/D,SOIL,Y79G54,2,0.9085
Z0L0Z44Z,60 Y MAS,ACTIVO,125112.67,0,DRAGONS,90LD2,2,0.343
L988LOL0LO,00 A 06,ACTIVO,191983.235,#N/D,SPURS,Y79G54,N,0.8896
LFALOLLO89L,24 A 47,ACTIVO,228654.19,BITCOIN,NAVAL,B92375,2,0.7059
FA0LVFAVLOFA,00 A 06,ACTIVO,,#N/D,SPURS,Y79G54,#N/D,0.7551
L9VVV08FA,00 A 06,ACTIVO,204925.925,TYP2,VIKING ARMOUR,JSF89A,N,0.0448
Z044L0FAL,60 Y MAS,ACTIVO,250225.34,GOLD,SOIL,Y79G54,4,0.5162
LLOL098LOL,24 A 47,ACTIVO,250225.34,0,VIKING ARMOUR,B92375,1,0.582
LZV8VLOFAV,24 A 47,ACTIVO,276110.72,0,VIKING ARMOUR,Y79G54,4,0.4576
L4V4L84LO,24 A 47,ACTIVO,237282.65,0,VIKING ARMOUR,B92375,2,0.4726
V4LVV4Z,60 Y MAS,ACTIVO,228654.19,BITCOIN,DRAGONS,Y79G54,2,0.502
849L0VV,60 Y MAS,ACTIVO,444365.69,BITCOIN,VIKING ARMOUR,Y79G54,6,0.0296
L04LOVZLO4,48 A 60,ACTIVO,345138.4,0,VIKING ARMOUR,Y79G54,4,0.4695
ZZVLOFA480,60 Y MAS,ACTIVO,409851.85,USD,NAVAL,B92375,4,0.1048
L0ZLVLZM,48 A 60,ACTIVO,332195.71,USD,VIKING ARMOUR,Y79G54,4,0.5186
90L48LOZ0,48 A 60,ACTIVO,,#N/D,SPURS,90LD2,#N/D,0.1247
V0V4LO80V,60 Y MAS,ACTIVO,207083.04,GOLD,DRAGONS,B92375,2,0.6309
L89VLV0V,00 A 06,ACTIVO,181197.66,0,SPURS,Y79G54,N,0.6782
LZFA8VZ9Z,24 A 47,ACTIVO,250225.34,BITCOIN,VIKING ARMOUR,B92375,4,0.8737
FA00LVLOFAL,00 A 06,ACTIVO,,#N/D,VIKING ARMOUR,B92375,#N/D,0.4296
L8LO8V4LOL,07 A 11,ACTIVO,245479.687,0,VIKING ARMOUR,JSF89A,N,0.7971
L0080FA9L,60 Y MAS,ACTIVO,278267.835,#N/D,VIKING ARMOUR,B92375,4,0.2186
VZ0Z044,60 Y MAS,ACTIVO,314938.79,BITCOIN,VIKING ARMOUR,Y79G54,4,0.8684
LLO009VLZ,24 A 47,ACTIVO,189826.12,0,SPURS,Y79G54,2,0.4116
LZMLO0VZLO,12 A 23,ACTIVO,189826.12,ETHER,SPURS,Y79G54,2,0.5128
LV804LO4Z,07 A 11,ACTIVO,273953.605,TYP2,VIKING ARMOUR,B92375,2,0.9289
L80V0L9Z,12 A 23,activo,237282.65,GOLD,SOIL,Y79G54,2,0.8631
FA0VFAZ809,00 A 06,ACTIVO,,#N/D,SOIL,Y79G54,#N/D,0.7949
V9LOL8V8,60 Y MAS,ACTIVO,204063.079,GOLD,DRAGONS,90LD2,2,0.9585
LFAFA8LO4LFA,24 A 47,ACTIVO,323567.25,GOLD,VIKING ARMOUR,B92375,4,0.0224
LZMZ4090,12 A 23,ACTIVO,256696.685,0,NAVAL,JSF89A,1,0.0202
LZ409V0FA,24 A 47,ACTIVO,250225.34,0,VIKING ARMOUR,B92375,3,0.3566
804488FA,60 Y MAS,ACTIVO,358081.09,BITCOIN,VIKING ARMOUR,Y79G54,4,0.0627
LVVLO0FA80,12 A 23,ACTIVO,150998.05,0,SOIL,Y79G54,2,0.3983
LVZLLV9V,12 A 23,ACTIVO,172569.2,0,SPURS,JSF89A,2,0.2585
V088FA9Z,60 Y MAS,ACTIVO,405537.62,0,VIKING ARMOUR,Y79G54,6,0.5694
V0088LL0,12 A 23,ACTIVO,113032.826,0,SPURS,Y79G54,2,0.3035
V00Z9FA0,60 Y MAS,ACTIVO,473271.031,BITCOIN,VIKING ARMOUR,Y79G54,6,0.0273
LLLOFAZML9,24 A 47,ACTIVO,103110.097,BITCOIN,SPURS,Y79G54,2,0.1
LLO44VZLOV,12 A 23,ACTIVO,353766.86,BITCOIN,VIKING ARMOUR,B92375,4,0.0309
ZZLFA04,60 Y MAS,ACTIVO,251519.609,BITCOIN,VIKING ARMOUR,JSF89A,4,0.0428
FA0LV00Z0,00 A 06,ACTIVO,159626.51,0,SOIL,Y79G54,N,0.6624
ZZ0LOLFA4Z,60 Y MAS,ACTIVO,427108.77,GOLD,VIKING ARMOUR,Y79G54,4,0.3778
V080400Z,60 Y MAS,ACTIVO,198454.58,GOLD,VIKING ARMOUR,JSF89A,2,0.1933
904004LO,60 Y MAS,ACTIVO,198454.58,GOLD,SPURS,Y79G54,4,0.3201
FA00FA9894,00 A 06,ACTIVO,215711.5,#N/D,VIKING ARMOUR,B92375,N,0.1515
90LO0FALOZ,60 Y MAS,ACTIVO,198454.58,TYP2,SPURS,Y79G54,4,0.9035
Z0VVL4LOV,60 Y MAS,ACTIVO,278267.835,BITCOIN,VIKING ARMOUR,B92375,4,0.0178
FA00000ZL,00 A 06,ACTIVO,189826.12,GOLD,SPURS,Y79G54,N,0.6105
V08FA9LO4FA,24 A 47,ACTIVO,156175.126,TYP2,VIKING ARMOUR,90LD2,2,0.8475
LV49LZVV,12 A 23,ACTIVO,500450.68,TYP2,VIKING ARMOUR,Y79G54,4,0.7766
LLOFA0LO094,12 A 23,ACTIVO,286896.295,0,VIKING ARMOUR,B92375,0,0.8481
L0490LOL8,60 Y MAS,ACTIVO,159626.51,0,SOIL,Y79G54,1,0.8284
800LO4ZVLO,60 Y MAS,ACTIVO,291210.525,BITCOIN,DRAGONS,90LD2,4,0.3532
LO0LO4904L,60 Y MAS,ACTIVO,132446.861,0,DRAGONS,90LD2,2,0.6708
LL9808LO4,24 A 47,ACTIVO,159626.51,0,SOIL,Y79G54,1,0.4761
LVLOZLOZVL,12 A 23,activo,,#N/D,VIKING ARMOUR,B92375,#N/D,0.5997
L0FA4ZV00,60 Y MAS,ACTIVO,196297.465,USD,SOIL,Y79G54,2,0.7056
VLO40ZL8,60 Y MAS,ACTIVO,409851.85,BITCOIN,VIKING ARMOUR,Y79G54,4,0.2161
L8LVLO944,07 A 11,ACTIVO,366709.55,#N/D,VIKING ARMOUR,Y79G54,2,0.2507
LLOL0LO00L,24 A 47,ACTIVO,103541.52,0,DRAGONS,B92375,2,0.7231
LVZM88VZ,12 A 23,ACTIVO,370592.357,0,VIKING ARMOUR,Y79G54,2,0.1192
89Z9V9Z,60 Y MAS,ACTIVO,86284.6,0,SOIL,90LD2,1,0.1062
L880VLOFAV,07 A 11,ACTIVO,273953.605,#N/D,VIKING ARMOUR,B92375,N,0.2072
9LO8849FA,60 Y MAS,ACTIVO,265325.145,0,NAVAL,B92375,3,0.4865
LFAV4LO80LO,24 A 47,ACTIVO,159626.51,0,SOIL,Y79G54,2,0.3365
LV8088LO4,12 A 23,ACTIVO,181197.66,TYP2,SPURS,Y79G54,2,0.0165
Z008VZFA0,60 Y MAS,ACTIVO,232968.42,BITCOIN,DRAGONS,Y79G54,2,0.9706
L80400LL,07 A 11,ACTIVO,157469.395,#N/D,SPURS,Y79G54,1,0.1457
L4V4VZ98,24 A 47,ACTIVO,487939.413,0,VIKING ARMOUR,Y79G54,4,0.292
FA00LO00,00 A 06,ACTIVO,250225.34,#N/D,VIKING ARMOUR,B92375,N,0.9803
L4VZ8909,24 A 47,ACTIVO,187669.005,0,SOIL,Y79G54,2,0.9824
LLOFAFA0ZFAV,12 A 23,ACTIVO,207083.04,TYP2,SPURS,Y79G54,2,0.1667
L9Z49890,00 A 06,ACTIVO,181197.66,BITCOIN,SPURS,Y79G54,N,0.424
LLLO0LOFA00,24 A 47,ACTIVO,207083.04,0,SPURS,Y79G54,4,0.789
Z0L8LLOVZ,60 Y MAS,ACTIVO,207083.04,BITCOIN,SPURS,Y79G54,2,0.9442
L4LOZ9VLO0,24 A 47,ACTIVO,250225.34,0,VIKING ARMOUR,B92375,3,0.2686
L940LOLFAZ,00 A 06,ACTIVO,237282.65,BITCOIN,VIKING ARMOUR,B92375,N,0.9168
FA0ZL00,00 A 06,ACTIVO,,#N/D,SOIL,Y79G54,#N/D,0.1294
LVFAFAFALV8,12 A 23,ACTIVO,312781.675,GOLD,VIKING ARMOUR,Y79G54,4,0.425
Z04040V4,60 Y MAS,ACTIVO,228654.19,BITCOIN,NAVAL,B92375,2,0.9216
FA00VL489,00 A 06,activo,,#N/D,VIKING ARMOUR,B92375,#N/D,0.1647
L080L08V,60 Y MAS,ACTIVO,207083.04,BITCOIN,SPURS,Y79G54,4,0.4397
L484FA,60 Y MAS,ACTIVO,301996.1,BITCOIN,VIKING ARMOUR,B92375,3,0.123
V0FA9LOV9,60 Y MAS,ACTIVO,160057.933,BITCOIN,DRAGONS,90LD2,2,0.5221
ZZLO09VV8,60 Y MAS,ACTIVO,241596.88,0,SPURS,Y79G54,6,0.811
L00FA880Z,48 A 60,ACTIVO,353766.86,0,VIKING ARMOUR,Y79G54,4,0.3707
ZZLLFAZFAL,60 Y MAS,ACTIVO,606580.738,0,VIKING ARMOUR,90LD2,3,0.2168
L84000LOL,07 A 11,ACTIVO,120798.44,GOLD,SPURS,Y79G54,2,0.6904
LO0L9FA8L4,60 Y MAS,ACTIVO,424951.655,BITCOIN,VIKING ARMOUR,Y79G54,6,0.259
L848ZM,07 A 11,ACTIVO,237282.65,GOLD,VIKING ARMOUR,B92375,2,0.3323
LVLO0Z490,12 A 23,ACTIVO,286896.295,0,VIKING ARMOUR,B92375,1,0.8431
L9Z4LLLO4,00 A 06,ACTIVO,237282.65,#N/D,VIKING ARMOUR,B92375,N,0.1322
V004ZM49,60 Y MAS,ACTIVO,129426.9,0,DRAGONS,JSF89A,2,0.1942
V00L0L40,60 Y MAS,ACTIVO,327018.634,BITCOIN,VIKING ARMOUR,90LD2,6,0.6719
L80FALLOV9,12 A 23,ACTIVO,282582.065,ETHER,SPURS,Y79G54,2,0.9442
90ZLL08,60 Y MAS,ACTIVO,440051.46,BITCOIN,VIKING ARMOUR,Y79G54,6,0.1953
LLOV8ZZ00,12 A 23,ACTIVO,317095.905,GOLD,VIKING ARMOUR,Y79G54,4,0.3057
LVV8V08LO,12 A 23,ACTIVO,350315.476,0,VIKING ARMOUR,Y79G54,0,0.1974
FA048ZM80,00 A 06,ACTIVO,,#N/D,SPURS,Y79G54,#N/D,0.6114
L094449Z,48 A 60,ACTIVO,286896.295,TYP2,VIKING ARMOUR,B92375,4,0.2783
Z00V9FA,60 Y MAS,ACTIVO,323567.25,GOLD,VIKING ARMOUR,B92375,4,0.3482
L0ZL9LZLO,60 Y MAS,ACTIVO,471113.916,BITCOIN,DRAGONS,Y79G54,2,0.7057
LLFAZ9080,24 A 47,ACTIVO,159626.51,TYP2,SOIL,Y79G54,2,0.8494
L4LOZVL40,24 A 47,ACTIVO,159626.51,BITCOIN,SOIL,Y79G54,2,0.7673
L8FAZ4ZVL,07 A 11,ACTIVO,120798.44,#N/D,SPURS,Y79G54,1,0.0385
LLO98049LO,12 A 23,ACTIVO,327881.48,GOLD,DRAGONS,Y79G54,2,0.0059
FA0LOZFAV9Z,00 A 06,ACTIVO,,#N/D,SPURS,Y79G54,#N/D,0.6113
LV48LZ8LO,12 A 23,ACTIVO,189826.12,0,SPURS,Y79G54,1,0.5051
L4L0FAVZ0,24 A 47,ACTIVO,250225.34,GOLD,VIKING ARMOUR,B92375,4,0.8689
FA048090V,00 A 06,ACTIVO,,#N/D,SPURS,Y79G54,#N/D,0.3056
LO08ZL080,60 Y MAS,ACTIVO,245911.11,GOLD,DRAGONS,B92375,2,0.4592
V8908VFA,60 Y MAS,ACTIVO,91461.676,BITCOIN,DRAGONS,90LD2,2,0.1972
VFA0L9LFA,60 Y MAS,ACTIVO,281287.796,BITCOIN,DRAGONS,90LD2,2,0.6946
LLV00900,24 A 47,ACTIVO,286896.295,0,VIKING ARMOUR,B92375,4,0.7871
LZM0904FA,12 A 23,ACTIVO,286896.295,0,VIKING ARMOUR,B92375,2,0.4824
9009FA04L,24 A 47,ACTIVO,,#N/D,SPURS,90LD2,#N/D,0.4561
L9V0Z8LO4,00 A 06,ACTIVO,168254.97,0,VIKING ARMOUR,JSF89A,N,0.1608
900L4ZLO9,60 Y MAS,ACTIVO,,#N/D,SPURS,90LD2,#N/D,0.3544
L89FA8FALO4,07 A 11,ACTIVO,258853.8,#N/D,SPURS,Y79G54,N,0.1226
LZ0LO08FA9,24 A 47,ACTIVO,390437.815,0,VIKING ARMOUR,Y79G54,6,0.8495
L0L8LZ40,60 Y MAS,ACTIVO,198454.58,0,SPURS,Y79G54,4,0.7351
L80FA49V8,07 A 11,ACTIVO,371023.78,#N/D,VIKING ARMOUR,Y79G54,2,0.9584
LLO9FA0LO9V,12 A 23,ACTIVO,358081.09,BITCOIN,VIKING ARMOUR,Y79G54,4,0.962
LZ800000,24 A 47,ACTIVO,396909.16,TYP2,VIKING ARMOUR,Y79G54,4,0.9928
FA0LOFA09,00 A 06,ACTIVO,,#N/D,SPURS,Y79G54,#N/D,0.5229
L84LO0800,07 A 11,ACTIVO,99227.29,ETHER,DRAGONS,JSF89A,2,0.2695
L88ZLO8LOV,00 A 06,ACTIVO,150998.05,#N/D,SOIL,Y79G54,N,0.4625
LV9LZ944,12 A 23,ACTIVO,198454.58,0,SPURS,Y79G54,2,0.4546
L0L9ZMVZ,60 Y MAS,ACTIVO,323567.25,ETHER,VIKING ARMOUR,B92375,4,0.5152
FA000800LO,00 A 06,ACTIVO,250225.34,BITCOIN,VIKING ARMOUR,B92375,N,0.8715
L894VV08,00 A 06,ACTIVO,409851.85,#N/D,VIKING ARMOUR,Y79G54,N,0.1004
L4090V4FA,24 A 47,ACTIVO,295524.755,TYP2,VIKING ARMOUR,Y79G54,4,0.7717
LO0ZMFA49LO,60 Y MAS,ACTIVO,133741.13,GOLD,DRAGONS,90LD2,2,0.5882
L90VZ00FA,07 A 11,ACTIVO,211397.27,ETHER,SPURS,Y79G54,N,0.6423
L0V84LLO4,48 A 60,ACTIVO,140212.475,GOLD,DRAGONS,B92375,2,0.5039
800V9ZV4,60 Y MAS,ACTIVO,135898.245,0,DRAGONS,B92375,2,0.1796
L9LOLLO84FA,00 A 06,ACTIVO,245479.687,#N/D,SPURS,JSF89A,N,0.613
L40LOV8VV,24 A 47,ACTIVO,332195.71,0,NAVAL,B92375,4,0.5806
L404FA040,24 A 47,ACTIVO,239439.765,0,NAVAL,B92375,4,0.9568
FA0FA0LFA8L,00 A 06,ACTIVO,250225.34,0,VIKING ARMOUR,B92375,N,0.0989
9000L8FA,60 Y MAS,ACTIVO,276110.72,BITCOIN,VIKING ARMOUR,Y79G54,4,0.121
L9LO804LFA,00 A 06,ACTIVO,448679.92,BITCOIN,VIKING ARMOUR,Y79G54,N,0.4339
L0LOL40L0,48 A 60,ACTIVO,336509.94,0,NAVAL,B92375,3,0.7012
L90ZV40LO,07 A 11,ACTIVO,150998.05,#N/D,SOIL,Y79G54,N,0.4824
L9LLOFAVV8,07 A 11,ACTIVO,120798.44,GOLD,SPURS,Y79G54,N,0.1235
Z04L8048,60 Y MAS,ACTIVO,286896.295,TYP2,VIKING ARMOUR,B92375,4,0.2721
LO0FALO0988,60 Y MAS,ACTIVO,327881.48,0,VIKING ARMOUR,Y79G54,4,0.9779
9LO44VVL,60 Y MAS,ACTIVO,353766.86,GOLD,VIKING ARMOUR,Y79G54,4,0.0863
FA004LO0LOZ,00 A 06,ACTIVO,125112.67,BITCOIN,SPURS,Y79G54,N,0.327
8FAZZ8LO4,60 Y MAS,ACTIVO,164803.586,0,DRAGONS,90LD2,1,0.6406
LZM09V4L,12 A 23,ACTIVO,207083.04,ETHER,SPURS,Y79G54,2,0.5182
8000FALO0,60 Y MAS,ACTIVO,278267.835,USD,SPURS,Y79G54,4,0.7074
LVFAZ8FA4L,12 A 23,ACTIVO,223477.114,0,VIKING ARMOUR,JSF89A,1,0.8031
LO0ZLO0ZLO4,60 Y MAS,ACTIVO,-16825.497,0,DRAGONS,JSF89A,2,0.1892
LFAVFA8VV9,24 A 47,ACTIVO,228654.19,0,NAVAL,B92375,1,0.832
L444FAFA80,24 A 47,ACTIVO,125112.67,0,SOIL,B92375,1,0.144
LO0FA40Z90,60 Y MAS,ACTIVO,243753.995,0,DRAGONS,B92375,2,0.6535
LLOLZVFAFAFA,24 A 47,ACTIVO,250225.34,GOLD,VIKING ARMOUR,B92375,2,0.3539
FA0FA4V9Z4,00 A 06,ACTIVO,250225.34,0,VIKING ARMOUR,B92375,N,0.713
LFA80Z0,24 A 47,ACTIVO,207083.04,0,SPURS,Y79G54,4,0.3458
Z00LOFALLOZ,60 Y MAS,ACTIVO,101815.828,0,SOIL,90LD2,1,0.1768
LO0LOFA0ZML,60 Y MAS,ACTIVO,141075.321,0,DRAGONS,90LD2,2,0.6908
LZ8LZLOZ4,24 A 47,ACTIVO,258853.8,ETHER,SPURS,Y79G54,4,0.714
L944V0Z0,00 A 06,ACTIVO,273953.605,#N/D,VIKING ARMOUR,B92375,N,0.2971
9000V04FA,24 A 47,ACTIVO,,#N/D,SPURS,90LD2,#N/D,0.7419
VLV890Z,60 Y MAS,ACTIVO,513393.37,BITCOIN,VIKING ARMOUR,Y79G54,4,0.8729
L844ZZ,07 A 11,ACTIVO,187669.005,#N/D,SOIL,Y79G54,2,0.1411
L4084VV4,24 A 47,ACTIVO,317095.905,0,VIKING ARMOUR,B92375,4,0.9874
L908FALO0V,07 A 11,ACTIVO,150998.05,BITCOIN,SOIL,Y79G54,N,0.3893
ZVLO0LVLLO,48 A 60,ACTIVO,207083.04,0,SPURS,Y79G54,3,0.0048
Z0888L09,60 Y MAS,ACTIVO,245911.11,BITCOIN,DRAGONS,90LD2,2,0.8275
ZZ0FA4Z0V,60 Y MAS,ACTIVO,304153.215,0,#N/D,#N/D,3,0.1619
LO0LVZMZZ,60 Y MAS,ACTIVO,237282.65,BITCOIN,DRAGONS,90LD2,4,0.1114
L9FAFA0ZL0,07 A 11,ACTIVO,237282.65,#N/D,VIKING ARMOUR,B92375,N,0.3473
LZZMV9FA0,24 A 47,ACTIVO,196297.465,BITCOIN,SOIL,Y79G54,2,0.0658
LVLVFAL80,12 A 23,ACTIVO,207083.04,0,SPURS,Y79G54,1,0.8603
LZFA8LZV4,24 A 47,ACTIVO,642388.847,GOLD,VIKING ARMOUR,Y79G54,6,0.5235
800FAVFAFALO,60 Y MAS,ACTIVO,414166.08,0,DRAGONS,Y79G54,2,0.0519
L90Z9LO0LO,07 A 11,ACTIVO,289053.41,#N/D,VIKING ARMOUR,Y79G54,N,0.8366
L8L0LZL0,07 A 11,ACTIVO,237282.65,#N/D,VIKING ARMOUR,B92375,2,0.5483
LFAFAVV89FA,24 A 47,ACTIVO,586303.857,BITCOIN,VIKING ARMOUR,Y79G54,6,0.699
L9FAZ090FA,07 A 11,ACTIVO,120798.44,#N/D,SPURS,Y79G54,N,0.6639
V00LOFAZ0LO,60 Y MAS,ACTIVO,172569.2,0,DRAGONS,90LD2,1,0.9638
90LLZFA4Z,24 A 47,ACTIVO,,0,VIKING ARMOUR,90LD2,2,0.6428
LVFA0FAZ0L,12 A 23,ACTIVO,479742.376,0,VIKING ARMOUR,Y79G54,3,0.0334
L9444VFA0,00 A 06,ACTIVO,237282.65,ETHER,VIKING ARMOUR,B92375,N,0.455
LLOFAVV44L,24 A 47,ACTIVO,250225.34,0,VIKING ARMOUR,B92375,2,0.7078
LO000Z0VL,60 Y MAS,ACTIVO,476722.415,TYP2,VIKING ARMOUR,Y79G54,6,0.6575
L94LL0LO0,00 A 06,ACTIVO,181197.66,TYP2,SPURS,Y79G54,N,0.3993
LZM9Z0LO0,12 A 23,ACTIVO,159626.51,0,SOIL,Y79G54,2,0.3402
L88LO00LFA,07 A 11,ACTIVO,150998.05,GOLD,SOIL,Y79G54,N,0.4371
FA0LZ4LO90,00 A 06,ACTIVO,258853.8,0,SPURS,Y79G54,N,0.2075
LZL4Z08LO,24 A 47,ACTIVO,159626.51,BITCOIN,SOIL,Y79G54,1,0.4066
9V0FALO0V,60 Y MAS,ACTIVO,189826.12,GOLD,SPURS,Y79G54,4,0.8184
LZLVFAVVL,24 A 47,ACTIVO,196297.465,TYP2,SOIL,Y79G54,2,0.1169
LV0FAFA4VFA,12 A 23,ACTIVO,183354.775,BITCOIN,NAVAL,JSF89A,1,0.3409
LZ0LO09LOV,24 A 47,ACTIVO,265325.145,GOLD,NAVAL,B92375,4,0.1556
L98Z09Z0,00 A 06,ACTIVO,129426.9,0,DRAGONS,JSF89A,N,0.76
LVLL940FA,12 A 23,ACTIVO,189826.12,BITCOIN,SPURS,Y79G54,1,0.0343
Z0888L00,60 Y MAS,ACTIVO,563869.861,BITCOIN,VIKING ARMOUR,90LD2,6,0.6354
9FA08LO4LO,60 Y MAS,ACTIVO,176883.43,ETHER,DRAGONS,B92375,2,0.7301
LZZVZV90,24 A 47,ACTIVO,159626.51,TYP2,SOIL,Y79G54,2,0.5279
L090VLO00,48 A 60,ACTIVO,159626.51,ETHER,SOIL,Y79G54,2,0.5118
L9Z0LOLZL,00 A 06,ACTIVO,506922.025,#N/D,VIKING ARMOUR,Y79G54,N,0.9292
LVV9LOVV9,12 A 23,ACTIVO,280424.95,GOLD,VIKING ARMOUR,B92375,2,0.2781
ZZ0LZ0ZLO,60 Y MAS,ACTIVO,279993.527,GOLD,VIKING ARMOUR,JSF89A,4,0.0963
LLO4FA4909,24 A 47,ACTIVO,176883.43,GOLD,DRAGONS,B92375,2,0.7428
L90LO9Z04,07 A 11,ACTIVO,250225.34,BITCOIN,VIKING ARMOUR,B92375,N,0.7094
L884ZFAFAFA,07 A 11,ACTIVO,237282.65,GOLD,VIKING ARMOUR,B92375,N,0.2568
LFA0FALO4FALO,24 A 47,ACTIVO,189826.12,BITCOIN,SPURS,Y79G54,4,0.676
L9L8VZL4,07 A 11,ACTIVO,125112.67,#N/D,VIKING ARMOUR,JSF89A,N,0.7687
Z0FALO09Z0,60 Y MAS,ACTIVO,295524.755,ETHER,NAVAL,B92375,4,0.9399
L840LO40FA,07 A 11,ACTIVO,194140.35,#N/D,SOIL,Y79G54,2,0.1557
80L0LFA80,60 Y MAS,ACTIVO,396909.16,TYP2,VIKING ARMOUR,Y79G54,4,0.3813
900FAFA90L,48 A 60,activo,,#N/D,SPURS,90LD2,#N/D,0.0238
ZZZ000VZ,60 Y MAS,ACTIVO,371023.78,BITCOIN,VIKING ARMOUR,Y79G54,4,0.2514
FA000L489,00 A 06,ACTIVO,125112.67,#N/D,SPURS,Y79G54,N,0.9133
V0LZ9LFA9,60 Y MAS,ACTIVO,129426.9,0,DRAGONS,JSF89A,2,0.3968
LLO0FA4VLO9,12 A 23,ACTIVO,396909.16,0,VIKING ARMOUR,Y79G54,3,0.0302
LV80FALO,00 A 06,ACTIVO,125112.67,GOLD,SPURS,Y79G54,N,0.7598
9009L0LO,60 Y MAS,ACTIVO,422794.54,GOLD,VIKING ARMOUR,Y79G54,4,0.3295
LL8Z4FAFA0,24 A 47,ACTIVO,228654.19,BITCOIN,NAVAL,B92375,2,0.2399
ZZL404VV,60 Y MAS,ACTIVO,264462.299,GOLD,VIKING ARMOUR,JSF89A,2,0.8803
LO0FA8Z490,60 Y MAS,ACTIVO,176883.43,0,DRAGONS,B92375,2,0.3773
Z0FAFAFAV0LO,60 Y MAS,ACTIVO,207083.04,ETHER,DRAGONS,B92375,2,0.0749
800000LO9,60 Y MAS,ACTIVO,72479.064,0,DRAGONS,JSF89A,2,0.1629
ZZZ9LO004,60 Y MAS,ACTIVO,239439.765,GOLD,NAVAL,B92375,4,0.5598
V0848LLO9,48 A 60,ACTIVO,161783.625,BITCOIN,VIKING ARMOUR,JSF89A,2,0.9812
884L4ZL,60 Y MAS,ACTIVO,314938.79,ETHER,VIKING ARMOUR,Y79G54,4,0.3633
LFA49ZM00,24 A 47,ACTIVO,159626.51,TYP2,SOIL,Y79G54,2,0.6775
V04V0V44,60 Y MAS,ACTIVO,265325.145,0,NAVAL,B92375,4,0.4644
L8948FA08,07 A 11,ACTIVO,273953.605,#N/D,VIKING ARMOUR,B92375,N,0.4184
LLO0ZZ8Z8,24 A 47,ACTIVO,250225.34,#N/D,VIKING ARMOUR,B92375,2,0.0712
V00FA44LL,24 A 47,ACTIVO,95344.483,BITCOIN,DRAGONS,90LD2,2,0.9742
LVLVZFALO9,12 A 23,ACTIVO,207083.04,TYP2,SPURS,Y79G54,2,0.9751
LZ0FA4V49,24 A 47,ACTIVO,390437.815,0,VIKING ARMOUR,Y79G54,4,0.8874
LVVZ44LLO,12 A 23,ACTIVO,258853.8,0,VIKING ARMOUR,Y79G54,2,0.8973
FA08LLOL09,00 A 06,activo,,#N/D,SPURS,Y79G54,#N/D,0.9929
L49ZV0Z0,24 A 47,ACTIVO,483193.76,BITCOIN,VIKING ARMOUR,Y79G54,4,0.9139
L8L8VV,07 A 11,ACTIVO,159626.51,BITCOIN,SOIL,Y79G54,2,0.277
LZ0FAFAV9LO,24 A 47,ACTIVO,243753.995,0,SPURS,Y79G54,4,0.8275
V0LO0ZFA89,48 A 60,ACTIVO,103541.52,0,DRAGONS,B92375,2,0.7127
FA00V9804,00 A 06,ACTIVO,202768.81,0,SOIL,Y79G54,N,0.5249
LZ9LO9LOFA4,24 A 47,ACTIVO,140212.475,0,VIKING ARMOUR,B92375,1,0.6926
900808,60 Y MAS,ACTIVO,,#N/D,VIKING ARMOUR,90LD2,#N/D,0.891
800L8FA8,60 Y MAS,ACTIVO,452131.304,0,VIKING ARMOUR,90LD2,6,0.5288
LVLFAZ40L,12 A 23,ACTIVO,245479.687,0,VIKING ARMOUR,JSF89A,4,0.2307
V090Z9,24 A 47,ACTIVO,237282.65,GOLD,VIKING ARMOUR,B92375,2,0.2894
LO0ZFAL00FA,60 Y MAS,ACTIVO,51770.76,0,DRAGONS,90LD2,2,0.9196
L9898Z4Z,00 A 06,ACTIVO,125112.67,0,SPURS,Y79G54,N,0.2789
ZZ80L404,60 Y MAS,ACTIVO,386123.585,GOLD,VIKING ARMOUR,Y79G54,6,0.262
LZZV989L,24 A 47,ACTIVO,159626.51,GOLD,SOIL,Y79G54,1,0.7544
ZZL8L44L,60 Y MAS,ACTIVO,323567.25,GOLD,VIKING ARMOUR,B92375,4,0.9516
LZ08040FA,24 A 47,ACTIVO,241596.88,BITCOIN,SPURS,Y79G54,6,0.7876
LVLO8L400,12 A 23,ACTIVO,353766.86,0,VIKING ARMOUR,Y79G54,1,0.7423
LVLZV4Z0,12 A 23,ACTIVO,405537.62,0,VIKING ARMOUR,Y79G54,4,0.7738
8000L0VLO,60 Y MAS,ACTIVO,384397.893,USD,DRAGONS,90LD2,4,0.3097
9ZM4FA00,60 Y MAS,ACTIVO,478879.53,0,VIKING ARMOUR,Y79G54,3,0.5568
LO00VL8L9,60 Y MAS,ACTIVO,396909.16,BITCOIN,#N/D,#N/D,4,0.5884
LLO0V89,12 A 23,ACTIVO,145389.551,0,VIKING ARMOUR,Y79G54,0,0.6493
V08FA4LO00,48 A 60,ACTIVO,109581.442,GOLD,NAVAL,90LD2,2,0.709
9Z0Z0Z0,60 Y MAS,ACTIVO,189826.12,BITCOIN,SPURS,Y79G54,2,0.3954
LV04ZZ9FA,12 A 23,ACTIVO,276110.72,BITCOIN,VIKING ARMOUR,Y79G54,2,0.7548
LFA0LO8FA44,24 A 47,ACTIVO,159626.51,0,SOIL,Y79G54,1,0.8004
L00FA9FAZV,60 Y MAS,ACTIVO,237282.65,0,VIKING ARMOUR,B92375,2,0.1988
LLO0ZZ8Z8,12 A 23,ACTIVO,250225.34,#N/D,VIKING ARMOUR,B92375,2,0.2344
V0LOVL9LO9,48 A 60,ACTIVO,340824.17,TYP2,VIKING ARMOUR,Y79G54,4,0.92
LZ4ZL800,24 A 47,ACTIVO,176883.43,ETHER,DRAGONS,B92375,2,0.7249
L0ZV9V0LO,48 A 60,ACTIVO,241596.88,GOLD,SPURS,Y79G54,6,0.8081
LZLLOZ89V,24 A 47,ACTIVO,297681.87,BITCOIN,VIKING ARMOUR,Y79G54,4,0.3593
LFA4LO0VLLO,24 A 47,ACTIVO,323567.25,0,VIKING ARMOUR,B92375,4,0.9946
L4LO8LO48LO,24 A 47,ACTIVO,345138.4,0,VIKING ARMOUR,B92375,3,0.579
Z0FAZFAFA00,60 Y MAS,ACTIVO,159626.51,0,SOIL,Y79G54,2,0.0778
LV0844Z0,12 A 23,ACTIVO,250225.34,BITCOIN,VIKING ARMOUR,B92375,2,0.4096
L9L0V0L0,00 A 06,ACTIVO,237282.65,GOLD,VIKING ARMOUR,B92375,N,0.645
L40Z08Z8,24 A 47,ACTIVO,159626.51,ETHER,SOIL,Y79G54,2,0.8611
900FALL09,60 Y MAS,activo,,#N/D,SPURS,90LD2,#N/D,0.9045
L48ZL90V,24 A 47,ACTIVO,360238.205,0,VIKING ARMOUR,Y79G54,4,0.7773
V08ZLOZFA0,48 A 60,ACTIVO,156175.126,0,VIKING ARMOUR,90LD2,1,0.6846
V000LO84L,24 A 47,ACTIVO,250225.34,GOLD,VIKING ARMOUR,JSF89A,4,0.1802
8LO48,60 Y MAS,ACTIVO,625563.35,ETHER,VIKING ARMOUR,Y79G54,6,0.7163
Z0ZMLO0L0,60 Y MAS,ACTIVO,390437.815,GOLD,VIKING ARMOUR,Y79G54,4,0.2385
LLO00LO0ZFA,24 A 47,ACTIVO,207083.04,ETHER,SPURS,Y79G54,2,0.367
LV98VLO80,07 A 11,ACTIVO,407694.735,TYP2,VIKING ARMOUR,Y79G54,4,0.9526
9090FAVZ,60 Y MAS,ACTIVO,207083.04,0,SPURS,Y79G54,3,0.9612
L8V0LO09L,07 A 11,ACTIVO,150998.05,#N/D,SOIL,Y79G54,N,0.1239
LL4VZZ0FA,48 A 60,ACTIVO,103541.52,0,DRAGONS,B92375,2,0.9835
Z0LO0LZLFA,60 Y MAS,ACTIVO,97070.175,GOLD,DRAGONS,90LD2,2,0.4575
LO0VLOVZVLO,60 Y MAS,ACTIVO,135035.399,GOLD,SOIL,90LD2,2,0.502
LZZMZZ84,24 A 47,ACTIVO,358081.09,BITCOIN,VIKING ARMOUR,Y79G54,4,0.4631
900Z0LO0FA,24 A 47,ACTIVO,371023.78,0,VIKING ARMOUR,Y79G54,2,0.0827
L900L4FA4,00 A 06,ACTIVO,209240.155,0,SPURS,JSF89A,N,0.7278
LO00LVFA90,60 Y MAS,ACTIVO,264893.722,BITCOIN,DRAGONS,90LD2,4,0.147
LVLO0FA004,12 A 23,ACTIVO,150998.05,ETHER,SPURS,JSF89A,2,0.9892
8FAZ88FAZ,60 Y MAS,ACTIVO,86284.6,0,SOIL,90LD2,2,0.8107
L80L0890,07 A 11,ACTIVO,198454.58,GOLD,VIKING ARMOUR,B92375,2,0.5075
L8FA4LO88V,07 A 11,ACTIVO,150998.05,#N/D,SOIL,Y79G54,1,0.326
4098LFA4,60 Y MAS,ACTIVO,698905.26,BITCOIN,NAVAL,90LD2,6,0.2672
L8080080,07 A 11,ACTIVO,420637.425,#N/D,VIKING ARMOUR,Y79G54,4,0.1501
L4ZZ0Z4L,24 A 47,ACTIVO,580263.935,BITCOIN,VIKING ARMOUR,Y79G54,6,0.9081
4VV0ZM8,60 Y MAS,ACTIVO,314075.944,0,DRAGONS,90LD2,4,0.4334
V80L008,60 Y MAS,ACTIVO,284739.18,GOLD,NAVAL,90LD2,4,0.323
L90Z40LZ,07 A 11,ACTIVO,120798.44,BITCOIN,SPURS,Y79G54,N,0.804
LO0LO9ZZ8V,60 Y MAS,ACTIVO,243753.995,0,DRAGONS,B92375,1,0.4753
L8ZZ0FALLO,07 A 11,ACTIVO,209240.155,TYP2,SPURS,JSF89A,2,0.1645
V00LO4VZFA,24 A 47,ACTIVO,319684.443,0,VIKING ARMOUR,B92375,4,0.0742
V08FAVFALO8,24 A 47,ACTIVO,125112.67,GOLD,VIKING ARMOUR,Y79G54,2,0.9344
80LLLFAZ9,60 Y MAS,ACTIVO,239871.188,0,VIKING ARMOUR,B92375,4,0.5667
V0LOFAL0FAFA,60 Y MAS,ACTIVO,250225.34,BITCOIN,VIKING ARMOUR,B92375,4,0.9198
V09V49ZV,60 Y MAS,ACTIVO,230811.305,BITCOIN,VIKING ARMOUR,B92375,2,0.2974
V0LLLFALOFA,60 Y MAS,ACTIVO,147115.243,0,DRAGONS,90LD2,2,0.4262
FA00FA0ZFAZ,00 A 06,ACTIVO,159626.51,0,SOIL,Y79G54,N,0.7309
L89LOVLO9LO,07 A 11,ACTIVO,405537.62,BITCOIN,VIKING ARMOUR,Y79G54,N,0.5337
V0LOZFA904,60 Y MAS,ACTIVO,286896.295,BITCOIN,VIKING ARMOUR,B92375,3,0.8838
L94940LFA,07 A 11,ACTIVO,327881.48,BITCOIN,VIKING ARMOUR,Y79G54,N,0.9181
V0LVZFA8L,60 Y MAS,ACTIVO,107855.75,0,DRAGONS,90LD2,2,0.2118
LLOL0VZ4Z,24 A 47,ACTIVO,224339.96,ETHER,DRAGONS,Y79G54,2,0.9299
L90ZLO40Z,00 A 06,ACTIVO,187669.005,#N/D,SOIL,Y79G54,N,0.8762
ZZ400FA8L,60 Y MAS,ACTIVO,280424.95,BITCOIN,DRAGONS,Y79G54,2,0.4478
LVFAFALO040,12 A 23,ACTIVO,207083.04,TYP2,SPURS,Y79G54,2,0.4192
LLL0V400,48 A 60,ACTIVO,422794.54,BITCOIN,VIKING ARMOUR,Y79G54,4,0.7553
LLZ0VLO0Z,48 A 60,ACTIVO,286896.295,0,VIKING ARMOUR,B92375,4,0.9125
LO0LLO0FA00,60 Y MAS,ACTIVO,358081.09,BITCOIN,VIKING ARMOUR,Y79G54,4,0.4911
L0VLO0L9FA,48 A 60,ACTIVO,237282.65,BITCOIN,VIKING ARMOUR,B92375,2,0.971
L0400VZM,48 A 60,ACTIVO,198454.58,0,SPURS,Y79G54,4,0.8091
80Z0000,60 Y MAS,ACTIVO,418480.31,0,VIKING ARMOUR,Y79G54,6,0.4198
LLO0Z900V,24 A 47,ACTIVO,325724.365,ETHER,VIKING ARMOUR,Y79G54,4,0.5542
Z09ZL0LO0,60 Y MAS,ACTIVO,407694.735,GOLD,VIKING ARMOUR,Y79G54,6,0.6291
L000ZFA08,48 A 60,ACTIVO,235125.535,0,SPURS,Y79G54,3,0.5253
LLO04LZ,24 A 47,ACTIVO,286896.295,0,VIKING ARMOUR,B92375,4,0.5414
V4000ZM,60 Y MAS,ACTIVO,452994.15,BITCOIN,#N/D,#N/D,6,0.3408
Z0FAVVLFA0,60 Y MAS,ACTIVO,388280.7,BITCOIN,VIKING ARMOUR,Y79G54,4,0.5481
FA0490884,00 A 06,ACTIVO,,#N/D,SPURS,Y79G54,#N/D,0.7342
L0VL8LO00,60 Y MAS,ACTIVO,250225.34,GOLD,VIKING ARMOUR,B92375,4,0.7289
Z04049FALO,60 Y MAS,ACTIVO,210965.847,BITCOIN,SPURS,90LD2,4,0.9926
FA0080FAFA0,00 A 06,ACTIVO,189826.12,0,SPURS,Y79G54,N,0.9272
LVZLZLO40,12 A 23,ACTIVO,286896.295,0,VIKING ARMOUR,B92375,1,0.2413
L880Z9FA9,07 A 11,ACTIVO,181197.66,#N/D,SPURS,Y79G54,N,0.0771
9L08LO8FA,60 Y MAS,ACTIVO,207083.04,ETHER,SPURS,Y79G54,4,0.3102
LL8FALZ0V,24 A 47,ACTIVO,323567.25,0,VIKING ARMOUR,Y79G54,4,0.2981
LLZ9FAVV8,24 A 47,ACTIVO,159626.51,GOLD,SOIL,Y79G54,2,0.3869
LL8LLOZVFA,24 A 47,ACTIVO,278267.835,TYP2,SPURS,Y79G54,6,0.9
Z0VLOFALLO9,60 Y MAS,ACTIVO,401223.39,BITCOIN,VIKING ARMOUR,Y79G54,4,0.674
94800LO0,60 Y MAS,ACTIVO,198454.58,ETHER,SPURS,Y79G54,4,0.6953
V0FAVLZZV,60 Y MAS,ACTIVO,207514.463,ETHER,DRAGONS,Y79G54,2,0.7859
L9409V08,00 A 06,ACTIVO,120798.44,#N/D,SPURS,Y79G54,N,0.1047
LLOZ40ZL9,12 A 23,ACTIVO,286896.295,BITCOIN,VIKING ARMOUR,B92375,4,0.1819
L0VZ0Z8Z,48 A 60,ACTIVO,207083.04,GOLD,SPURS,Y79G54,4,0.7713
804ZML0,60 Y MAS,ACTIVO,159626.51,0,SOIL,Y79G54,2,0.9779
L080V000,48 A 60,ACTIVO,155312.28,0,SOIL,B92375,1,0.476
V084LO00V,60 Y MAS,ACTIVO,220025.73,TYP2,NAVAL,JSF89A,2,0.2904
L4Z49L90,24 A 47,ACTIVO,353766.86,0,VIKING ARMOUR,Y79G54,4,0.0783
800V4LL0,60 Y MAS,ACTIVO,149272.358,0,DRAGONS,90LD2,2,0.1223
LLO0L0VZFA,24 A 47,ACTIVO,250225.34,0,VIKING ARMOUR,B92375,1,0.2323
LZFAL40FA9,24 A 47,ACTIVO,278267.835,0,VIKING ARMOUR,B92375,4,0.8902
L80LO80FA0,12 A 23,ACTIVO,258853.8,USD,SPURS,Y79G54,2,0.5702
L8L09Z00,12 A 23,ACTIVO,,#N/D,VIKING ARMOUR,Y79G54,#N/D,0.2531
LV0FAVLLO0,12 A 23,ACTIVO,267482.26,TYP2,SPURS,Y79G54,2,0.3411
Z08FA8LOVZ,60 Y MAS,ACTIVO,327881.48,0,SPURS,Y79G54,6,0.586
V00LL9VZ,60 Y MAS,ACTIVO,254539.57,BITCOIN,NAVAL,JSF89A,4,0.4485
Z04LOL849,60 Y MAS,ACTIVO,299838.985,GOLD,VIKING ARMOUR,B92375,4,0.1821
LLLLOZFA0Z,48 A 60,ACTIVO,207083.04,GOLD,SPURS,Y79G54,4,0.3233
L90L8L00,00 A 06,ACTIVO,150998.05,#N/D,SOIL,Y79G54,N,0.9813
LFAZ08904,24 A 47,ACTIVO,378357.971,0,VIKING ARMOUR,Y79G54,3,0.8983
LO0LO0ZZFA0,60 Y MAS,ACTIVO,152292.319,BITCOIN,DRAGONS,90LD2,2,0.4792
LV404Z0L,12 A 23,ACTIVO,353766.86,BITCOIN,VIKING ARMOUR,Y79G54,4,0.1397
FA00ZFA08L,00 A 06,ACTIVO,189826.12,#N/D,SPURS,Y79G54,N,0.8083
L00FALLOZV,60 Y MAS,ACTIVO,461622.61,0,VIKING ARMOUR,Y79G54,4,0.7877
L840ZV90,07 A 11,ACTIVO,327881.48,#N/D,VIKING ARMOUR,Y79G54,2,0.4849
LLOL0FA4LL,24 A 47,ACTIVO,250225.34,ETHER,VIKING ARMOUR,B92375,1,0.6254
L4V4FA009,24 A 47,ACTIVO,241596.88,GOLD,SPURS,Y79G54,6,0.9442
FA0ZLO0LOL4,00 A 06,ACTIVO,,#N/D,SPURS,Y79G54,#N/D,0.5877
L8FAFAL0FA9,07 A 11,ACTIVO,282150.642,#N/D,VIKING ARMOUR,JSF89A,4,0.6433
9LOV8FA,60 Y MAS,ACTIVO,207083.04,GOLD,VIKING ARMOUR,B92375,2,0.2579
L909FA04FA,00 A 06,ACTIVO,194140.35,BITCOIN,SOIL,Y79G54,N,0.9868
L0FAZVV9,60 Y MAS,ACTIVO,228654.19,BITCOIN,NAVAL,B92375,2,0.213
L8Z98Z9LO,07 A 11,ACTIVO,120798.44,#N/D,SPURS,Y79G54,1,0.2632
LLO44ZFA40,12 A 23,ACTIVO,207083.04,0,SPURS,Y79G54,1,0.6925
L94FA80LOFA,07 A 11,ACTIVO,181197.66,#N/D,SPURS,Y79G54,N,0.1728
Z04ZLO9ZM,60 Y MAS,ACTIVO,207083.04,0,SPURS,Y79G54,3,0.7695
FA09LZVZZ,00 A 06,activo,,#N/D,SOIL,Y79G54,#N/D,0.9605
L0FA0FALO,00 A 06,ACTIVO,189826.12,#N/D,SPURS,Y79G54,N,0.2175
800LFA0V0,60 Y MAS,ACTIVO,290779.102,0,VIKING ARMOUR,90LD2,6,0.7838
LO0LZVLO98,60 Y MAS,ACTIVO,250225.34,BITCOIN,VIKING ARMOUR,B92375,4,0.7198
LV8VLOL00,12 A 23,ACTIVO,150998.05,0,VIKING ARMOUR,JSF89A,2,0.0171
LO0ZLO88FA4,24 A 47,ACTIVO,260148.069,0,NAVAL,90LD2,4,0.2684
LZ9LLLFA0,24 A 47,ACTIVO,,#N/D,SPURS,Y79G54,#N/D,0.0098
LFAL0880LO,24 A 47,ACTIVO,125112.67,BITCOIN,SPURS,Y79G54,1,0.487
LFA4084V9,24 A 47,ACTIVO,239439.765,GOLD,NAVAL,B92375,4,0.6726
LZVLOZVV8,24 A 47,activo,323567.25,ETHER,VIKING ARMOUR,B92375,4,0.0987
FA00Z0494,00 A 06,activo,159626.51,0,SOIL,Y79G54,N,0.5236
LO00FALLO8L,60 Y MAS,ACTIVO,164372.163,BITCOIN,DRAGONS,90LD2,2,0.1915
ZVLOV9LLZ,24 A 47,ACTIVO,157469.395,GOLD,DRAGONS,JSF89A,2,0.7798
LFA98LFA,24 A 47,ACTIVO,228654.19,0,NAVAL,B92375,2,0.2793
L8V0088Z,07 A 11,ACTIVO,,#N/D,SOIL,Y79G54,#N/D,0.1563
L80LO4849,07 A 11,ACTIVO,327881.48,ETHER,VIKING ARMOUR,Y79G54,2,0.0922
LVFA0L0Z9,12 A 23,ACTIVO,276110.72,ETHER,VIKING ARMOUR,Y79G54,2,0.6578
LZLO04090,24 A 47,ACTIVO,267482.26,0,VIKING ARMOUR,B92375,4,0.6939
LLL98Z04,48 A 60,ACTIVO,198454.58,0,SPURS,Y79G54,3,0.185
LO0490800,60 Y MAS,ACTIVO,141075.321,BITCOIN,DRAGONS,90LD2,2,0.7125
LFAV4VFAV0,24 A 47,ACTIVO,250225.34,0,VIKING ARMOUR,B92375,4,0.451
FA0FAV4L8V,00 A 06,ACTIVO,,#N/D,SPURS,Y79G54,#N/D,0.7308
L80849FAFA,12 A 23,ACTIVO,327881.48,BITCOIN,VIKING ARMOUR,Y79G54,1,0.7487
LLOFAFA4V00,12 A 23,ACTIVO,207083.04,BITCOIN,SPURS,Y79G54,1,0.5376
L0LOV0LL9,60 Y MAS,ACTIVO,565164.13,0,VIKING ARMOUR,Y79G54,3,0.8948
80084000,60 Y MAS,ACTIVO,135035.399,0,SOIL,Y79G54,2,0.6728
L908FA0LOV,00 A 06,ACTIVO,181197.66,#N/D,SPURS,Y79G54,N,0.9021
V0008ZFA0,60 Y MAS,ACTIVO,107855.75,0,DRAGONS,90LD2,2,0.0318
L009048FA,48 A 60,ACTIVO,159626.51,ETHER,SOIL,Y79G54,2,0.2628
L4FALO88FAL,24 A 47,ACTIVO,207083.04,BITCOIN,SPURS,Y79G54,4,0.1436
980LO80FA,60 Y MAS,ACTIVO,159626.51,0,SOIL,Y79G54,1,0.9144
L8LO048FAFA,07 A 11,ACTIVO,150998.05,BITCOIN,SOIL,Y79G54,2,0.0048
Z00LO8898,60 Y MAS,ACTIVO,254108.147,0,VIKING ARMOUR,B92375,4,0.4908
L408FAFA9Z,24 A 47,ACTIVO,396909.16,ETHER,VIKING ARMOUR,Y79G54,4,0.6471
Z089048V,60 Y MAS,ACTIVO,422794.54,ETHER,VIKING ARMOUR,Y79G54,6,0.5412
L9LOFAVL04,00 A 06,ACTIVO,159626.51,BITCOIN,VIKING ARMOUR,B92375,N,0.9209
V0L4LO4LO0,60 Y MAS,ACTIVO,144526.705,0,DRAGONS,90LD2,2,0.8516
L09800LV,48 A 60,ACTIVO,159626.51,BITCOIN,SOIL,Y79G54,2,0.6543
ZZ4L8LLO4,60 Y MAS,ACTIVO,250225.34,GOLD,VIKING ARMOUR,Y79G54,4,0.7643
L4LOLL0,24 A 47,ACTIVO,265325.145,0,NAVAL,B92375,4,0.1937
LZZ4LOFALFA,24 A 47,ACTIVO,243753.995,ETHER,SPURS,Y79G54,4,0.7262
LO9LO8940,60 Y MAS,ACTIVO,398203.429,BITCOIN,VIKING ARMOUR,Y79G54,6,0.0418
LFA000Z,24 A 47,ACTIVO,241596.88,BITCOIN,SPURS,Y79G54,6,0.2776
FA0LV944V,00 A 06,activo,159626.51,0,SOIL,Y79G54,N,0.9712
L0L0FAV,60 Y MAS,ACTIVO,237282.65,BITCOIN,VIKING ARMOUR,B92375,2,0.294
900V0Z44,07 A 11,ACTIVO,,#N/D,SPURS,90LD2,#N/D,0.2464
L88L00LFA,07 A 11,ACTIVO,237282.65,#N/D,VIKING ARMOUR,B92375,N,0.6872
LLO4FA844L,24 A 47,ACTIVO,207083.04,0,SPURS,Y79G54,2,0.7389
LLOZ9008FA,12 A 23,activo,399066.275,ETHER,SPURS,Y79G54,4,0.7294
L94L9L88,00 A 06,ACTIVO,237282.65,#N/D,VIKING ARMOUR,B92375,N,0.2515
L898FA8V4,00 A 06,ACTIVO,150998.05,ETHER,SOIL,Y79G54,N,0.2253
V0400080,60 Y MAS,ACTIVO,405537.62,0,VIKING ARMOUR,Y79G54,4,0.3397
FA09FA0840,00 A 06,ACTIVO,,#N/D,SPURS,JSF89A,#N/D,0.4261
ZZ4FA0ZL8,60 Y MAS,ACTIVO,302858.946,0,VIKING ARMOUR,90LD2,3,0.9455
Z00V4V9V,60 Y MAS,ACTIVO,328744.326,BITCOIN,VIKING ARMOUR,Y79G54,4,0.9485
LV08L4ZM,12 A 23,ACTIVO,558261.362,USD,VIKING ARMOUR,Y79G54,4,0.1744
L98FA8LO9FA,00 A 06,ACTIVO,159626.51,BITCOIN,SPURS,Y79G54,N,0.733
L94LFAV09,00 A 06,ACTIVO,237282.65,#N/D,VIKING ARMOUR,B92375,N,0.4257
L8FA90FA49,07 A 11,ACTIVO,217868.615,#N/D,SPURS,Y79G54,2,0.9155
ZZZFA4L4V,60 Y MAS,ACTIVO,252813.878,BITCOIN,VIKING ARMOUR,JSF89A,4,0.5837
L0Z0Z00V,48 A 60,ACTIVO,140212.475,BITCOIN,DRAGONS,B92375,2,0.7485
LVZ0FALO0L,12 A 23,ACTIVO,189826.12,0,SPURS,Y79G54,2,0.0836
LO0ZLVLLV,60 Y MAS,ACTIVO,143663.859,BITCOIN,DRAGONS,90LD2,2,0.788
FA0LO84VFAV,00 A 06,activo,,#N/D,SPURS,Y79G54,#N/D,0.2759
LL04Z0FALO,48 A 60,ACTIVO,250225.34,0,VIKING ARMOUR,B92375,4,0.8572
L90LO9FAVFA,00 A 06,ACTIVO,181197.66,#N/D,SPURS,Y79G54,N,0.2961
FALOZ8444,60 Y MAS,ACTIVO,167392.124,0,VIKING ARMOUR,Y79G54,1,0.9502
V0L0LO84L,60 Y MAS,ACTIVO,107855.75,0,DRAGONS,90LD2,2,0.8364
8ZFAZ8,60 Y MAS,ACTIVO,310624.56,0,VIKING ARMOUR,B92375,4,0.9703
LVV8ZLLOV,12 A 23,ACTIVO,237282.65,BITCOIN,VIKING ARMOUR,B92375,1,0.3832
L0LV000Z,60 Y MAS,ACTIVO,,#N/D,NAVAL,B92375,#N/D,0.1314
L90ZMV4Z,07 A 11,ACTIVO,237282.65,GOLD,VIKING ARMOUR,B92375,N,0.6827
LFA40V49L,24 A 47,ACTIVO,181197.66,0,SPURS,Y79G54,4,0.2849
L8ZZFAFA9L,07 A 11,ACTIVO,187669.005,#N/D,SOIL,Y79G54,1,0.3649
LFA4449VV,24 A 47,ACTIVO,323567.25,0,VIKING ARMOUR,B92375,4,0.4442
LO00044FAV,60 Y MAS,ACTIVO,393026.353,GOLD,VIKING ARMOUR,90LD2,6,0.6079
V0ZV9090,60 Y MAS,ACTIVO,358081.09,GOLD,VIKING ARMOUR,Y79G54,4,0.439
FA00FA04V0,00 A 06,ACTIVO,129426.9,0,DRAGONS,JSF89A,N,0.5622
Z0VV9009,60 Y MAS,ACTIVO,159626.51,GOLD,VIKING ARMOUR,B92375,2,0.3287
V8L8FA90,60 Y MAS,ACTIVO,276110.72,USD,VIKING ARMOUR,Y79G54,4,0.5008
FA04VLLO0FA,00 A 06,ACTIVO,,#N/D,VIKING ARMOUR,Y79G54,#N/D,0.6616
L000FAZM8,48 A 60,ACTIVO,405537.62,0,VIKING ARMOUR,Y79G54,3,0.135
LOFA0FAV9,60 Y MAS,ACTIVO,103541.52,GOLD,DRAGONS,B92375,2,0.5399
V00LOLFAZ0,24 A 47,ACTIVO,276973.566,0,VIKING ARMOUR,90LD2,4,0.6027
894L00L,60 Y MAS,ACTIVO,448248.497,BITCOIN,VIKING ARMOUR,Y79G54,6,0.6543
Z0LO0FAVFA8,60 Y MAS,ACTIVO,403380.505,ETHER,VIKING ARMOUR,Y79G54,4,0.3369
L4LO04LO0V,24 A 47,ACTIVO,170412.085,0,VIKING ARMOUR,B92375,2,0.6311
LLOZ8LFAVZ,12 A 23,ACTIVO,314938.79,BITCOIN,VIKING ARMOUR,Y79G54,4,0.4582
FALOFAVFA4L,60 Y MAS,ACTIVO,427108.77,BITCOIN,VIKING ARMOUR,Y79G54,4,0.2159
L90LO0L90,00 A 06,ACTIVO,150998.05,GOLD,SOIL,Y79G54,N,0.2995
L90ZLLFALO,07 A 11,ACTIVO,243753.995,#N/D,VIKING ARMOUR,B92375,N,0.0762
V00FAV4LO8,60 Y MAS,ACTIVO,144526.705,0,DRAGONS,JSF89A,2,0.5214
900L0ZFALO,60 Y MAS,ACTIVO,,#N/D,SPURS,90LD2,#N/D,0.2572
LO0V949LFA,48 A 60,ACTIVO,235125.535,GOLD,SPURS,Y79G54,4,0.9355
84LO4VFA8,60 Y MAS,ACTIVO,167392.124,GOLD,DRAGONS,90LD2,2,0.0045
8ZV8Z80,60 Y MAS,ACTIVO,401223.39,BITCOIN,VIKING ARMOUR,Y79G54,6,0.0845
LV90V490,12 A 23,ACTIVO,245911.11,ETHER,SPURS,Y79G54,2,0.0301
L40FALO080,24 A 47,ACTIVO,310624.56,0,VIKING ARMOUR,Y79G54,4,0.1415
LL0000VZ,48 A 60,ACTIVO,198454.58,BITCOIN,SPURS,Y79G54,4,0.6049
L8LOV80V0,07 A 11,ACTIVO,237282.65,GOLD,VIKING ARMOUR,B92375,N,0.1739
ZZ0ZM94FA,60 Y MAS,ACTIVO,148409.512,BITCOIN,DRAGONS,B92375,2,0.1187
LO00Z4LOZ4,60 Y MAS,ACTIVO,195866.042,ETHER,DRAGONS,Y79G54,2,0.2944
L80ZLO0FAFA,07 A 11,ACTIVO,,#N/D,SPURS,JSF89A,#N/D,0.1441
LO0000Z04,60 Y MAS,ACTIVO,228654.19,BITCOIN,DRAGONS,Y79G54,2,0.3474
800LLOZL8,60 Y MAS,ACTIVO,174726.315,GOLD,DRAGONS,90LD2,2,0.0161
L8V89440,07 A 11,ACTIVO,327881.48,#N/D,#N/D,#N/D,N,0.0282
L40FAV9Z9,24 A 47,ACTIVO,228654.19,0,NAVAL,B92375,2,0.4821
LLO4L4FA49,24 A 47,ACTIVO,159626.51,GOLD,SOIL,Y79G54,2,0.7748
V04FA940Z,60 Y MAS,ACTIVO,323567.25,GOLD,VIKING ARMOUR,B92375,4,0.7879
L4FAZ8LFA9,24 A 47,ACTIVO,310624.56,ETHER,VIKING ARMOUR,Y79G54,4,0.8336
8V0FA8LO4,60 Y MAS,ACTIVO,310624.56,GOLD,VIKING ARMOUR,Y79G54,4,0.4375
FA00LLL0FA,00 A 06,activo,,#N/D,SOIL,Y79G54,#N/D,0.1519
VLOFAVL,60 Y MAS,ACTIVO,582421.05,BITCOIN,VIKING ARMOUR,Y79G54,6,0.346
800VLZLO0,60 Y MAS,ACTIVO,135035.399,0,SOIL,90LD2,1,0.7548
LLLO4LOZL0,24 A 47,ACTIVO,379652.24,BITCOIN,VIKING ARMOUR,Y79G54,4,0.2845
L8VFAZ980,00 A 06,ACTIVO,217868.615,TYP2,SPURS,Y79G54,N,0.0047
90L80L00,60 Y MAS,ACTIVO,,#N/D,SPURS,90LD2,#N/D,0.1473
LFAL4L4FAZ,24 A 47,ACTIVO,273953.605,BITCOIN,SOIL,Y79G54,4,0.085
V00Z9L0Z,24 A 47,ACTIVO,94913.06,0,SOIL,90LD2,2,0.944
LZLV9ZLLO,24 A 47,ACTIVO,211397.27,0,SOIL,Y79G54,3,0.0175
LVFA9LOV44,12 A 23,ACTIVO,189826.12,0,SPURS,Y79G54,0,0.6817
LLOVL8LOZ4,12 A 23,ACTIVO,125112.67,GOLD,VIKING ARMOUR,JSF89A,2,0.0347
L00V90LV,48 A 60,ACTIVO,338667.055,TYP2,VIKING ARMOUR,B92375,4,0.0964
LL0LVLZLO,48 A 60,ACTIVO,241596.88,GOLD,VIKING ARMOUR,B92375,4,0.2833
L94Z04,07 A 11,ACTIVO,150998.05,#N/D,SOIL,Y79G54,N,0.4928
LVLVFA80Z,12 A 23,ACTIVO,327881.48,BITCOIN,VIKING ARMOUR,Y79G54,4,0.7668
LVFA8LV04,12 A 23,ACTIVO,310624.56,BITCOIN,VIKING ARMOUR,Y79G54,4,0.6156
L0VV0440,48 A 60,ACTIVO,250225.34,ETHER,VIKING ARMOUR,B92375,4,0.7584
L00FA804V,60 Y MAS,ACTIVO,198454.58,BITCOIN,SPURS,Y79G54,4,0.4579
L840LL90,07 A 11,ACTIVO,99227.29,GOLD,DRAGONS,B92375,2,0.1205
FA0FA98LO08,00 A 06,activo,297681.87,0,VIKING ARMOUR,Y79G54,N,0.3417
LZLOLLO4FA0,24 A 47,ACTIVO,189826.12,0,SPURS,Y79G54,3,0.6794
L4ZLOVLOLFA,24 A 47,ACTIVO,159626.51,0,SOIL,Y79G54,1,0.8607
L009FA0VLO,48 A 60,ACTIVO,452994.15,BITCOIN,VIKING ARMOUR,Y79G54,3,0.8697
LVLVVV09,12 A 23,ACTIVO,250225.34,BITCOIN,VIKING ARMOUR,B92375,2,0.123
8FAFA9V9Z,60 Y MAS,ACTIVO,547475.787,GOLD,VIKING ARMOUR,Y79G54,4,0.777
V00LOFAL8Z,60 Y MAS,ACTIVO,135898.245,0,DRAGONS,90LD2,2,0.7245
LV80LZV4,12 A 23,ACTIVO,150998.05,GOLD,SPURS,JSF89A,1,0.7657
V0V0LZ98,48 A 60,ACTIVO,375338.01,BITCOIN,VIKING ARMOUR,Y79G54,4,0.6265
L9ZMV4L4,00 A 06,ACTIVO,150998.05,BITCOIN,SOIL,Y79G54,N,0.4128
LVLO4V880,12 A 23,ACTIVO,189826.12,0,SPURS,Y79G54,2,0.3818
L80LOV0FA4,07 A 11,ACTIVO,211397.27,#N/D,SPURS,Y79G54,2,0.0627
LLOFALOZVZM,12 A 23,ACTIVO,450405.612,0,VIKING ARMOUR,Y79G54,3,0.9081
L8LOZ08LOL,07 A 11,ACTIVO,120798.44,#N/D,SPURS,Y79G54,2,0.9908
L4L0FAFA0L,24 A 47,ACTIVO,189826.12,0,SPURS,Y79G54,3,0.4429
L804LLO8Z,07 A 11,ACTIVO,336078.517,BITCOIN,DRAGONS,Y79G54,2,0.0403
L9ZZLV4L,00 A 06,activo,,#N/D,VIKING ARMOUR,B92375,#N/D,0.5956
LO8LL0ZZ,60 Y MAS,ACTIVO,358081.09,BITCOIN,VIKING ARMOUR,Y79G54,4,0.7137
LZVLFA9L8,24 A 47,ACTIVO,314938.79,BITCOIN,VIKING ARMOUR,Y79G54,4,0.7398
900LO0LO4Z,12 A 23,ACTIVO,506059.179,ETHER,VIKING ARMOUR,Y79G54,2,0.9139
V000FAFA00,60 Y MAS,ACTIVO,310624.56,GOLD,VIKING ARMOUR,Y79G54,4,0.9559
L8FALO90LO0,07 A 11,ACTIVO,181197.66,#N/D,SPURS,Y79G54,1,0.9005
VFAFA0980,60 Y MAS,ACTIVO,562575.592,BITCOIN,VIKING ARMOUR,Y79G54,6,0.6944
LO88VV,60 Y MAS,ACTIVO,159626.51,ETHER,SOIL,Y79G54,2,0.5207
L488V80FA,24 A 47,ACTIVO,254539.57,USD,SPURS,Y79G54,4,0.541
L8884ZL0,00 A 06,ACTIVO,150998.05,BITCOIN,SOIL,Y79G54,N,0.258
Z080LOVFALO,60 Y MAS,ACTIVO,301996.1,BITCOIN,NAVAL,B92375,4,0.8717
LFALZ988V,24 A 47,ACTIVO,159626.51,GOLD,SOIL,Y79G54,2,0.7543
LO0ZMFA00LO,48 A 60,ACTIVO,224339.96,0,VIKING ARMOUR,JSF89A,4,0.0969
8LO0LO0,60 Y MAS,ACTIVO,358081.09,BITCOIN,VIKING ARMOUR,Y79G54,4,0.1414
LLO4VV0L4,24 A 47,activo,286896.295,0,VIKING ARMOUR,B92375,1,0.4592
L0044FAZ9,48 A 60,ACTIVO,,#N/D,SPURS,Y79G54,#N/D,0.3627
80L48400,60 Y MAS,ACTIVO,215280.077,0,DRAGONS,90LD2,2,0.8632
L80LO0L,07 A 11,ACTIVO,237282.65,#N/D,VIKING ARMOUR,B92375,N,0.4556
L4LO9L800,24 A 47,ACTIVO,150998.05,GOLD,SOIL,Y79G54,2,0.0335
ZZ009VV0,60 Y MAS,ACTIVO,251519.609,BITCOIN,DRAGONS,90LD2,2,0.9565
LVL9LLOL0,12 A 23,ACTIVO,189826.12,0,SPURS,Y79G54,1,0.719
V00LLOZZLO,60 Y MAS,ACTIVO,250225.34,USD,VIKING ARMOUR,B92375,4,0.6536
V08Z0Z0L,48 A 60,ACTIVO,204925.925,BITCOIN,VIKING ARMOUR,JSF89A,4,0.5722
LLVFA808FA,24 A 47,ACTIVO,310624.56,TYP2,VIKING ARMOUR,Y79G54,4,0.8258
L40V9809,24 A 47,ACTIVO,125112.67,BITCOIN,VIKING ARMOUR,JSF89A,2,0.578
L4ZZ90FAFA,24 A 47,ACTIVO,207083.04,0,SPURS,Y79G54,4,0.3481
ZZLLOLLOZ0,60 Y MAS,ACTIVO,,0,SOIL,90LD2,1,0.363
LLO84FA00Z,12 A 23,ACTIVO,286896.295,GOLD,SPURS,Y79G54,2,0.9001
FA0LZLOLFA0,00 A 06,ACTIVO,159626.51,0,SOIL,Y79G54,N,0.1284
LLLO0ZFAL0,48 A 60,ACTIVO,690276.8,BITCOIN,VIKING ARMOUR,Y79G54,6,0.5349
848LLOLZ,60 Y MAS,ACTIVO,323567.25,GOLD,VIKING ARMOUR,Y79G54,4,0.4044
L0ZFA0FA8Z,48 A 60,ACTIVO,551358.594,0,VIKING ARMOUR,Y79G54,6,0.3806
LV0ZMVLOV,12 A 23,ACTIVO,371023.78,GOLD,VIKING ARMOUR,Y79G54,4,0.5086
V889LOFAFA,60 Y MAS,ACTIVO,390437.815,TYP2,VIKING ARMOUR,Y79G54,6,0.9186
LLOVV40,12 A 23,ACTIVO,207083.04,0,SPURS,Y79G54,1,0.8749
L084LO809,48 A 60,ACTIVO,607012.161,0,VIKING ARMOUR,Y79G54,3,0.5713
LZLVL0LOZ,24 A 47,ACTIVO,289053.41,GOLD,VIKING ARMOUR,Y79G54,4,0.8899
V940VLO4,60 Y MAS,ACTIVO,448679.92,BITCOIN,VIKING ARMOUR,Y79G54,4,0.6251
LZ804LOFAFA,24 A 47,ACTIVO,310624.56,0,VIKING ARMOUR,Y79G54,4,0.6831
ZZFA0ZLO80,60 Y MAS,ACTIVO,92324.522,BITCOIN,DRAGONS,90LD2,2,0.4395
LFA844FA00,24 A 47,ACTIVO,196297.465,ETHER,SOIL,Y79G54,1,0.5067
L909Z0,07 A 11,ACTIVO,237282.65,#N/D,VIKING ARMOUR,B92375,N,0.7807
L88LL4Z9,07 A 11,ACTIVO,237282.65,BITCOIN,VIKING ARMOUR,B92375,N,0.4408
L80498LL,12 A 23,ACTIVO,120798.44,GOLD,SPURS,Y79G54,2,0.888
L0FA0LOZV0,48 A 60,ACTIVO,228654.19,ETHER,NAVAL,B92375,2,0.9252
Z0LO0VFAZ9,60 Y MAS,ACTIVO,366709.55,BITCOIN,VIKING ARMOUR,Y79G54,4,0.6252
FA0ZZ84FAL,00 A 06,ACTIVO,,#N/D,SPURS,Y79G54,#N/D,0.2913
LFALLLO0FA0,24 A 47,ACTIVO,133741.13,BITCOIN,DRAGONS,B92375,2,0.9609
800480VLO,60 Y MAS,ACTIVO,357649.667,0,DRAGONS,Y79G54,2,0.9837
V0084V9L,60 Y MAS,ACTIVO,95344.483,0,DRAGONS,90LD2,2,0.1076
LLO949LO94,12 A 23,ACTIVO,250225.34,0,VIKING ARMOUR,B92375,2,0.5517
LZZ4ZFAZM,24 A 47,ACTIVO,189826.12,GOLD,SPURS,Y79G54,4,0.7942
FA0LO0LFA0FA,00 A 06,ACTIVO,,#N/D,VIKING ARMOUR,B92375,#N/D,0.7889
FA00FAZLO90,00 A 06,activo,,#N/D,VIKING ARMOUR,JSF89A,#N/D,0.3003
FA0VV0LOZL,00 A 06,ACTIVO,,#N/D,VIKING ARMOUR,Y79G54,#N/D,0.7353
LL0840ZZ,48 A 60,ACTIVO,159626.51,GOLD,SOIL,Y79G54,2,0.6111
LLOV4FAL4LO,12 A 23,ACTIVO,159626.51,0,SOIL,Y79G54,0,0.3367
L9V40904,00 A 06,ACTIVO,237282.65,#N/D,VIKING ARMOUR,B92375,N,0.2161
LOVFAFA04,60 Y MAS,ACTIVO,104835.789,BITCOIN,DRAGONS,90LD2,2,0.7287
L89090V8,07 A 11,ACTIVO,150998.05,ETHER,SOIL,Y79G54,N,0.872
L0LOLZZFAL,48 A 60,ACTIVO,159626.51,BITCOIN,SOIL,Y79G54,2,0.8454
LZZZZLOL0,24 A 47,ACTIVO,286896.295,BITCOIN,VIKING ARMOUR,B92375,4,0.9103
L9409V9L,07 A 11,ACTIVO,187669.005,ETHER,SOIL,Y79G54,N,0.608
V0094LO9FA,24 A 47,ACTIVO,126838.362,0,DRAGONS,90LD2,2,0.1096
Z0Z00L00,60 Y MAS,ACTIVO,349452.63,ETHER,#N/D,#N/D,4,0.7351
ZZVFA09ZL,60 Y MAS,ACTIVO,198454.58,0,SPURS,Y79G54,4,0.6864
LLL80ZFAZ,24 A 47,ACTIVO,347295.515,TYP2,VIKING ARMOUR,B92375,4,0.193
LO0Z0FAL4V,60 Y MAS,ACTIVO,102678.674,BITCOIN,NAVAL,90LD2,2,0.1241
L090404L,48 A 60,ACTIVO,394752.045,TYP2,VIKING ARMOUR,Y79G54,6,0.8944
Z0Z4V4,60 Y MAS,ACTIVO,153155.165,GOLD,DRAGONS,90LD2,2,0.239
Z09FA4LO00,60 Y MAS,ACTIVO,241596.88,GOLD,DRAGONS,Y79G54,2,0.9453
LL409ZM4,48 A 60,ACTIVO,267482.26,0,VIKING ARMOUR,B92375,4,0.471
LV9LO0V,07 A 11,ACTIVO,310624.56,#N/D,VIKING ARMOUR,Y79G54,2,0.3966
LVLO9ZL48,12 A 23,ACTIVO,155312.28,0,DRAGONS,Y79G54,2,0.199
V0ZLV4V0,60 Y MAS,ACTIVO,265325.145,0,NAVAL,B92375,4,0.349
L0FALOZVFAFA,48 A 60,ACTIVO,159626.51,GOLD,SOIL,Y79G54,2,0.244
L9V0FAFAZV,00 A 06,ACTIVO,224339.96,BITCOIN,SPURS,Y79G54,N,0.1787
LZ404900,24 A 47,ACTIVO,399497.698,0,VIKING ARMOUR,Y79G54,6,0.0022
V0ZZ8LL0,60 Y MAS,ACTIVO,586735.28,GOLD,VIKING ARMOUR,Y79G54,4,0.1004
ZZZFAL880,60 Y MAS,ACTIVO,260148.069,#N/D,VIKING ARMOUR,JSF89A,4,0.5808
L9FALOLLOLFA,00 A 06,ACTIVO,150998.05,#N/D,SOIL,Y79G54,N,0.9462
L9VV88FAL,00 A 06,ACTIVO,237282.65,GOLD,VIKING ARMOUR,B92375,N,0.1245
FA00ZFA80LO,00 A 06,activo,,#N/D,SOIL,Y79G54,#N/D,0.4916
ZZ08FAFAFAL,60 Y MAS,ACTIVO,113895.672,GOLD,DRAGONS,90LD2,2,0.1775
LFA00VFALO8,24 A 47,ACTIVO,250225.34,GOLD,VIKING ARMOUR,B92375,4,0.6552
L90FA088L,07 A 11,ACTIVO,273953.605,BITCOIN,VIKING ARMOUR,B92375,N,0.166
LFAZ4LOL4V,24 A 47,ACTIVO,310624.56,BITCOIN,VIKING ARMOUR,B92375,3,0.1077
LLO00909V,12 A 23,ACTIVO,211397.27,GOLD,VIKING ARMOUR,Y79G54,2,0.2386
L400Z080,24 A 47,ACTIVO,314938.79,0,VIKING ARMOUR,Y79G54,4,0.8896
894LL8L,60 Y MAS,ACTIVO,286896.295,BITCOIN,VIKING ARMOUR,B92375,4,0.2008
L989LO9FA9,00 A 06,ACTIVO,176883.43,BITCOIN,VIKING ARMOUR,B92375,N,0.8616
FA0ZZ90ZFA,00 A 06,activo,,#N/D,SOIL,Y79G54,#N/D,0.1747
LLFAV9480,48 A 60,ACTIVO,159626.51,BITCOIN,SOIL,Y79G54,2,0.1906
LZ4LO9008,24 A 47,ACTIVO,207083.04,ETHER,SPURS,Y79G54,4,0.4497
LZ9489ZFA,24 A 47,ACTIVO,159626.51,ETHER,SOIL,Y79G54,2,0.98
ZZLZ0V80,60 Y MAS,ACTIVO,97070.175,BITCOIN,SOIL,90LD2,2,0.5592
LLOV048FA9,12 A 23,ACTIVO,198454.58,GOLD,DRAGONS,Y79G54,2,0.1192
900LLVLO9,12 A 23,ACTIVO,,#N/D,SPURS,90LD2,#N/D,0.9648
ZFAZ49LV,60 Y MAS,ACTIVO,159626.51,BITCOIN,SOIL,Y79G54,2,0.5683
LO04Z0LFA4,60 Y MAS,ACTIVO,295524.755,BITCOIN,NAVAL,B92375,4,0.6413
LFAFA9FA0VL,24 A 47,ACTIVO,159626.51,0,SOIL,Y79G54,1,0.4142
Z089L090,60 Y MAS,ACTIVO,418480.31,BITCOIN,VIKING ARMOUR,Y79G54,6,0.4816
FA00V000V,00 A 06,ACTIVO,232968.42,#N/D,SPURS,Y79G54,N,0.2824
9Z4LLO4L,60 Y MAS,ACTIVO,327881.48,0,VIKING ARMOUR,Y79G54,3,0.0796
ZZ0ZV044,60 Y MAS,ACTIVO,101815.828,0,SOIL,90LD2,2,0.9452
L40FA8ZFA0,24 A 47,ACTIVO,207083.04,BITCOIN,SPURS,Y79G54,2,0.3911
FA0Z49Z0L,00 A 06,ACTIVO,,#N/D,VIKING ARMOUR,B92375,#N/D,0.3068
8004Z9LZ,60 Y MAS,ACTIVO,135035.399,USD,SOIL,90LD2,2,0.2974
L9LO00LOZ,60 Y MAS,ACTIVO,476722.415,#N/D,VIKING ARMOUR,Y79G54,6,0.4961
L9LO0V009,07 A 11,ACTIVO,120798.44,#N/D,SPURS,Y79G54,N,0.9721
LLZLO0V48,24 A 47,ACTIVO,310624.56,ETHER,VIKING ARMOUR,Y79G54,4,0.1945
LO0L9ZFA09,60 Y MAS,ACTIVO,323567.25,GOLD,VIKING ARMOUR,B92375,4,0.6086
FA00L4FAV0,00 A 06,ACTIVO,189826.12,#N/D,SPURS,Y79G54,N,0.2517
L8VFAV4,00 A 06,ACTIVO,194140.35,BITCOIN,VIKING ARMOUR,B92375,N,0.1085
L0LOLZM9L,48 A 60,ACTIVO,176883.43,0,DRAGONS,B92375,2,0.9645
ZZZ9VFAZ8,60 Y MAS,ACTIVO,207083.04,0,SPURS,Y79G54,3,0.7977
L94Z08LO4,00 A 06,ACTIVO,181197.66,0,SPURS,Y79G54,N,0.6662
LZL009L8,24 A 47,ACTIVO,278267.835,0,VIKING ARMOUR,B92375,4,0.3702
LZ0LO84ZFA,24 A 47,ACTIVO,140212.475,TYP2,VIKING ARMOUR,B92375,2,0.4298
L9FALO00LO0,07 A 11,ACTIVO,181197.66,#N/D,SPURS,Y79G54,N,0.255
ZVLOFAL9VZ,24 A 47,ACTIVO,125112.67,GOLD,DRAGONS,90LD2,2,0.6352
LLO0V049V,12 A 23,ACTIVO,401223.39,USD,VIKING ARMOUR,Y79G54,4,0.4906
L90L04ZV,00 A 06,ACTIVO,237282.65,#N/D,VIKING ARMOUR,B92375,N,0.3642
FA0ZL48LFA,00 A 06,ACTIVO,,#N/D,SPURS,JSF89A,#N/D,0.6133
LVVVZMZZ,12 A 23,ACTIVO,198454.58,0,SPURS,Y79G54,2,0.7582
V0LOL0FA0L,60 Y MAS,ACTIVO,353766.86,BITCOIN,VIKING ARMOUR,Y79G54,4,0.8105
FA0LZ0FA8LO,00 A 06,ACTIVO,168254.97,0,SPURS,Y79G54,N,0.3698
L9LO988FA0,00 A 06,ACTIVO,273953.605,#N/D,VIKING ARMOUR,B92375,N,0.1063
FA0FAFAL040,00 A 06,ACTIVO,202768.81,0,SOIL,Y79G54,N,0.2685
V0LL0L98,24 A 47,ACTIVO,99227.29,0,DRAGONS,90LD2,2,0.2978
9Z0LO,60 Y MAS,ACTIVO,232968.42,BITCOIN,SPURS,Y79G54,4,0.0161
L08LFA0LO8,48 A 60,ACTIVO,207083.04,GOLD,SPURS,Y79G54,4,0.7614
LZZLO0ZM4,24 A 47,ACTIVO,478879.53,GOLD,VIKING ARMOUR,Y79G54,4,0.8846
LV9V00LLO,07 A 11,ACTIVO,198454.58,BITCOIN,VIKING ARMOUR,B92375,1,0.4787
LFA0LL4LOZ,24 A 47,ACTIVO,250225.34,TYP2,VIKING ARMOUR,B92375,2,0.084
L4984FA04,24 A 47,ACTIVO,159626.51,0,SOIL,Y79G54,2,0.493
L49LOZ8V0,24 A 47,ACTIVO,351609.745,0,VIKING ARMOUR,Y79G54,4,0.6288
L0VV0FALO9,48 A 60,ACTIVO,,#N/D,VIKING ARMOUR,B92375,#N/D,0.9417
L940VLO08,00 A 06,ACTIVO,345138.4,ETHER,SPURS,Y79G54,N,0.2471
L404008LO,24 A 47,ACTIVO,226497.075,0,SPURS,Y79G54,0,0.007
LV8L0LO00,12 A 23,ACTIVO,245911.11,BITCOIN,SPURS,Y79G54,2,0.4277
FA0LL8FA84,00 A 06,activo,,#N/D,SOIL,Y79G54,#N/D,0.1969
ZZ4LFALO0FA,60 Y MAS,ACTIVO,340824.17,BITCOIN,VIKING ARMOUR,Y79G54,6,0.7127
ZLOFAZ809LO,60 Y MAS,ACTIVO,120798.44,ETHER,SPURS,Y79G54,2,0.096
LZZV084V,24 A 47,ACTIVO,485350.875,#N/D,VIKING ARMOUR,B92375,6,0.2445
9LOZ0490,60 Y MAS,ACTIVO,196297.465,GOLD,SOIL,Y79G54,2,0.0542
900L9LO8V,60 Y MAS,ACTIVO,279562.104,0,SPURS,90LD2,2,0.1712
Z0ZML9FAL,60 Y MAS,ACTIVO,256265.262,GOLD,DRAGONS,90LD2,4,0.8145
LO0FA0VFAL8,60 Y MAS,ACTIVO,189826.12,BITCOIN,SPURS,Y79G54,2,0.2245
FA08FALZ9LO,00 A 06,ACTIVO,,#N/D,SPURS,Y79G54,#N/D,0.136
L98ZFALZ4,00 A 06,ACTIVO,172569.2,#N/D,VIKING ARMOUR,JSF89A,N,0.22
Z0ZZL0FA9,60 Y MAS,ACTIVO,250225.34,BITCOIN,VIKING ARMOUR,B92375,4,0.5095
LFA8LOZ0FAL,24 A 47,ACTIVO,351609.745,ETHER,VIKING ARMOUR,Y79G54,6,0.1926
VLOL8L90,60 Y MAS,ACTIVO,91461.676,BITCOIN,DRAGONS,90LD2,2,0.2385
800FA000FA,60 Y MAS,ACTIVO,86284.6,0,SPURS,90LD2,4,0.8273
L0Z9LLO8LO,48 A 60,ACTIVO,237282.65,GOLD,VIKING ARMOUR,B92375,2,0.2764
LFA9FA040V,24 A 47,ACTIVO,202768.81,0,NAVAL,B92375,2,0.3252
800Z04LO0,60 Y MAS,ACTIVO,346864.092,0,VIKING ARMOUR,90LD2,6,0.3093
Z0VL8ZLZ,60 Y MAS,ACTIVO,386986.431,GOLD,VIKING ARMOUR,90LD2,6,0.0244
LO0L800FA0,60 Y MAS,ACTIVO,371023.78,BITCOIN,VIKING ARMOUR,Y79G54,3,0.4482
L0FA9848FA,60 Y MAS,ACTIVO,241596.88,BITCOIN,SPURS,Y79G54,6,0.9505
LZ4LLZ94,24 A 47,ACTIVO,349452.63,0,SPURS,Y79G54,3,0.2597
L09ZML,48 A 60,ACTIVO,226497.075,GOLD,DRAGONS,Y79G54,2,0.1928
LVLOZ8FA4L,12 A 23,ACTIVO,159626.51,0,SOIL,Y79G54,2,0.697
L4ZZ0VLO0,24 A 47,ACTIVO,422794.54,ETHER,VIKING ARMOUR,Y79G54,4,0.3515
L89FA0LLO0,00 A 06,ACTIVO,120798.44,GOLD,SPURS,Y79G54,N,0.5356
LO0Z04Z9FA,24 A 47,ACTIVO,102678.674,0,NAVAL,90LD2,2,0.2538
LLZZVL09,48 A 60,ACTIVO,196297.465,0,SOIL,Y79G54,2,0.274
L89ZVLV8,07 A 11,ACTIVO,187669.005,#N/D,SOIL,Y79G54,N,0.4883
90L80989,48 A 60,activo,,#N/D,SPURS,90LD2,#N/D,0.0571
L9VFAZ8FAZ,00 A 06,ACTIVO,237282.65,TYP2,VIKING ARMOUR,B92375,N,0.0989
L8LLOV0VZ,07 A 11,ACTIVO,150998.05,#N/D,SOIL,Y79G54,2,0.0278
8ZL8Z9V,60 Y MAS,ACTIVO,323567.25,TYP2,VIKING ARMOUR,B92375,4,0.2669
L9LOV49Z9,00 A 06,ACTIVO,245479.687,0,VIKING ARMOUR,JSF89A,N,0.4361
8LO9FA888,60 Y MAS,ACTIVO,470251.07,BITCOIN,VIKING ARMOUR,Y79G54,4,0.1897
9VFA80ZV,60 Y MAS,ACTIVO,388280.7,0,VIKING ARMOUR,Y79G54,6,0.3772
V08FAZ00LO,60 Y MAS,ACTIVO,198454.58,BITCOIN,VIKING ARMOUR,JSF89A,2,0.4518
FA0LL80L0,00 A 06,ACTIVO,202768.81,0,SOIL,Y79G54,N,0.3852
80LOLL8L,60 Y MAS,ACTIVO,86284.6,0,SOIL,90LD2,2,0.5814
9LO8800FA,60 Y MAS,ACTIVO,323567.25,0,VIKING ARMOUR,B92375,4,0.1395
ZZ48008Z,60 Y MAS,ACTIVO,97070.175,GOLD,DRAGONS,90LD2,2,0.3195
8LLV009,60 Y MAS,ACTIVO,122955.555,TYP2,SOIL,90LD2,2,0.679
LO0Z80LOFAL,60 Y MAS,ACTIVO,263599.453,0,NAVAL,90LD2,4,0.3432
Z0VZ80Z9,60 Y MAS,ACTIVO,301996.1,0,NAVAL,B92375,3,0.4721
L90FAZMFALO,07 A 11,ACTIVO,534964.52,BITCOIN,VIKING ARMOUR,Y79G54,N,0.7884
V49FA90Z,60 Y MAS,ACTIVO,273953.605,BITCOIN,VIKING ARMOUR,B92375,2,0.2514
4L4L4,60 Y MAS,ACTIVO,,#N/D,SPURS,Y79G54,#N/D,0.4588
L904VL0L,00 A 06,ACTIVO,150998.05,GOLD,SPURS,JSF89A,N,0.4076
L8VLOFAFA0L,07 A 11,ACTIVO,237282.65,#N/D,VIKING ARMOUR,B92375,N,0.7058
LZZLFALFA0,24 A 47,ACTIVO,440051.46,0,VIKING ARMOUR,Y79G54,4,0.4996
LZZ00FA4L,24 A 47,ACTIVO,189826.12,BITCOIN,SPURS,Y79G54,4,0.5797
LLL8ZL9V,48 A 60,ACTIVO,159626.51,BITCOIN,SOIL,Y79G54,2,0.8277
800ZV00,60 Y MAS,ACTIVO,392594.93,GOLD,VIKING ARMOUR,Y79G54,4,0.1475
L88ZFA988,07 A 11,ACTIVO,237282.65,#N/D,VIKING ARMOUR,B92375,N,0.5527
L8Z0900L,07 A 11,ACTIVO,150998.05,#N/D,SOIL,Y79G54,2,0.6714
LO00FA9FAVZ,60 Y MAS,ACTIVO,176883.43,GOLD,DRAGONS,B92375,2,0.1776
Z009L00Z,60 Y MAS,ACTIVO,153155.165,0,DRAGONS,90LD2,2,0.9787
LV4ZV0Z0,12 A 23,ACTIVO,323567.25,GOLD,VIKING ARMOUR,B92375,4,0.7751
LZ8ZLVZ9,24 A 47,ACTIVO,286896.295,0,SPURS,Y79G54,0,0.5717
LO000FAVLOFA,60 Y MAS,ACTIVO,314938.79,GOLD,VIKING ARMOUR,Y79G54,4,0.7453
LLOVFA0VZFA,12 A 23,ACTIVO,187669.005,0,DRAGONS,Y79G54,2,0.9638
L4LO4FA8FAZ,24 A 47,ACTIVO,250225.34,0,VIKING ARMOUR,B92375,3,0.208
LLO49V44LO,24 A 47,ACTIVO,159626.51,BITCOIN,SOIL,Y79G54,2,0.5114
L0FA00LV8,48 A 60,ACTIVO,314938.79,BITCOIN,VIKING ARMOUR,Y79G54,4,0.6179
L9LO040FAZ,00 A 06,ACTIVO,237282.65,#N/D,VIKING ARMOUR,B92375,N,0.9889
LO0L04Z8V,60 Y MAS,ACTIVO,232968.42,0,DRAGONS,Y79G54,1,0.7966
ZZL4VZM0,60 Y MAS,ACTIVO,286896.295,GOLD,VIKING ARMOUR,B92375,4,0.4277
Z0ZLO0FAZL,60 Y MAS,ACTIVO,153155.165,GOLD,DRAGONS,90LD2,2,0.7798
LFALO0VZ94,24 A 47,ACTIVO,189826.12,ETHER,SPURS,Y79G54,4,0.1614
LOVLO00,60 Y MAS,ACTIVO,241596.88,BITCOIN,SPURS,Y79G54,6,0.0391
L9LOFAVLO09,00 A 06,ACTIVO,157469.395,#N/D,SPURS,Y79G54,N,0.429
LFA900904,24 A 47,ACTIVO,159626.51,BITCOIN,SOIL,Y79G54,2,0.0275
FA00FA0LZ0,00 A 06,activo,,#N/D,SOIL,Y79G54,#N/D,0.6615
LVV0V08Z,12 A 23,ACTIVO,241596.88,ETHER,SPURS,Y79G54,4,0.657
L9V4L940,00 A 06,ACTIVO,345138.4,GOLD,SPURS,Y79G54,N,0.8142
LLOZZL90FA,24 A 47,ACTIVO,189826.12,ETHER,SPURS,Y79G54,2,0.1427
V0FA80ZFALO,60 Y MAS,ACTIVO,243753.995,0,VIKING ARMOUR,Y79G54,4,0.3178
L898ZVFA4,07 A 11,ACTIVO,380515.086,#N/D,VIKING ARMOUR,Y79G54,N,0.7229
LLOV0880V,12 A 23,ACTIVO,189826.12,ETHER,VIKING ARMOUR,Y79G54,1,0.7573
V0ZLZLZ4,60 Y MAS,ACTIVO,286896.295,0,VIKING ARMOUR,B92375,4,0.8668
80004FA0L,60 Y MAS,ACTIVO,457308.38,0,VIKING ARMOUR,B92375,6,0.7478
900ZZMLLO,60 Y MAS,ACTIVO,,#N/D,VIKING ARMOUR,90LD2,#N/D,0.6572
LVLFA8FAFA0,12 A 23,ACTIVO,250225.34,0,VIKING ARMOUR,B92375,2,0.2241
VFALO0049,60 Y MAS,ACTIVO,664391.42,BITCOIN,VIKING ARMOUR,Y79G54,6,0.6273
V08ZZL9Z,24 A 47,ACTIVO,250225.34,GOLD,VIKING ARMOUR,JSF89A,4,0.7677
V08L90L9,60 Y MAS,ACTIVO,156175.126,GOLD,VIKING ARMOUR,90LD2,2,0.8913
LO0LVV000,60 Y MAS,ACTIVO,512961.947,BITCOIN,VIKING ARMOUR,Y79G54,4,0.6899
L000FALO80,48 A 60,ACTIVO,237282.65,0,VIKING ARMOUR,B92375,2,0.0221
900V09VL,60 Y MAS,ACTIVO,,#N/D,VIKING ARMOUR,90LD2,#N/D,0.4255
LO0V0L40LO,60 Y MAS,ACTIVO,97070.175,0,DRAGONS,90LD2,2,0.6307
FA0ZFA8VVV,00 A 06,ACTIVO,,#N/D,VIKING ARMOUR,Y79G54,#N/D,0.281
L0FALOV0LFA,48 A 60,ACTIVO,198454.58,BITCOIN,SPURS,Y79G54,3,0.1107
V0LLO89LO0,12 A 23,ACTIVO,125112.67,0,DRAGONS,90LD2,2,0.8097
LZ4Z0ZZLO,24 A 47,ACTIVO,314938.79,0,VIKING ARMOUR,B92375,4,0.4875
8000LFA09,60 Y MAS,ACTIVO,276110.72,0,DRAGONS,Y79G54,2,0.1056
LFAFA8LFAV8,24 A 47,ACTIVO,295524.755,BITCOIN,NAVAL,B92375,4,0.4883
LL80ZMV9,24 A 47,activo,,#N/D,SPURS,Y79G54,#N/D,0.2855
L88VLOZ0L,07 A 11,ACTIVO,,#N/D,DRAGONS,B92375,#N/D,0.9146
FA000FA0LOL,00 A 06,ACTIVO,189826.12,#N/D,SPURS,Y79G54,N,0.9802
LO0LOV9LOL4,60 Y MAS,ACTIVO,254539.57,BITCOIN,SPURS,Y79G54,4,0.1291
LVFA98LO40,12 A 23,ACTIVO,94913.06,0,DRAGONS,JSF89A,1,0.721
L00FA9048,48 A 60,ACTIVO,460328.341,BITCOIN,VIKING ARMOUR,Y79G54,4,0.0224
9008LOVZZ,12 A 23,activo,,#N/D,VIKING ARMOUR,90LD2,#N/D,0.8373
L4LZ4988,24 A 47,ACTIVO,418480.31,GOLD,VIKING ARMOUR,Y79G54,4,0.2447
8VL98V4,60 Y MAS,ACTIVO,427108.77,ETHER,VIKING ARMOUR,Y79G54,4,0.1431
L0LZ0VVV,60 Y MAS,ACTIVO,278267.835,ETHER,VIKING ARMOUR,B92375,4,0.313
LZ48LO898,24 A 47,ACTIVO,159626.51,0,SOIL,Y79G54,1,0.3759
L9LZV090,07 A 11,ACTIVO,185511.89,GOLD,SPURS,JSF89A,N,0.2937
L0LL9LO,60 Y MAS,ACTIVO,195003.196,BITCOIN,DRAGONS,90LD2,2,0.9247
VL80Z80,60 Y MAS,ACTIVO,821429.392,BITCOIN,VIKING ARMOUR,Y79G54,6,0.8173
LZ0840Z0,24 A 47,ACTIVO,241596.88,0,VIKING ARMOUR,B92375,4,0.1633
Z000VFALOFA,60 Y MAS,ACTIVO,155312.28,0,SPURS,90LD2,3,0.0075
FA088LO8FA9,00 A 06,ACTIVO,,#N/D,VIKING ARMOUR,Y79G54,#N/D,0.6524
L400048LO,24 A 47,ACTIVO,189826.12,0,VIKING ARMOUR,B92375,3,0.6208
L4L4L40V,24 A 47,ACTIVO,551790.017,0,VIKING ARMOUR,Y79G54,4,0.129
L8448FA44,07 A 11,ACTIVO,194140.35,ETHER,SOIL,Y79G54,1,0.9989
L0VLL09FA,48 A 60,ACTIVO,314938.79,GOLD,VIKING ARMOUR,Y79G54,4,0.1226
LFALO4LO4V4,24 A 47,ACTIVO,347295.515,0,VIKING ARMOUR,B92375,4,0.2896
L4LO0LFA9V,24 A 47,ACTIVO,250225.34,0,VIKING ARMOUR,B92375,2,0.6068
LZFA9LOL08,24 A 47,ACTIVO,301996.1,0,NAVAL,B92375,3,0.185
LLOFA008FAL,12 A 23,ACTIVO,437462.922,0,VIKING ARMOUR,Y79G54,4,0.9748
LZMLOFAL8Z,12 A 23,ACTIVO,250225.34,BITCOIN,VIKING ARMOUR,B92375,2,0.7688
FA0080Z8V,00 A 06,ACTIVO,159626.51,#N/D,SOIL,Y79G54,N,0.1304
Z0LFA8Z80,60 Y MAS,ACTIVO,332195.71,0,NAVAL,B92375,3,0.1045
V08FAV8Z4,60 Y MAS,ACTIVO,161783.625,GOLD,VIKING ARMOUR,JSF89A,2,0.414
FA04LO94L9,00 A 06,activo,,#N/D,SOIL,Y79G54,#N/D,0.216
L9094LO0LO,07 A 11,ACTIVO,237282.65,0,VIKING ARMOUR,B92375,N,0.3984
FA00V4LZL,00 A 06,ACTIVO,232968.42,#N/D,SPURS,Y79G54,N,0.0997
9000FAVFAZ,24 A 47,ACTIVO,,#N/D,VIKING ARMOUR,90LD2,#N/D,0.3618
900LOL9V,60 Y MAS,ACTIVO,250225.34,GOLD,VIKING ARMOUR,B92375,2,0.8961
L8909094,07 A 11,ACTIVO,,0,VIKING ARMOUR,B92375,N,0.0491
Z00FA84VFA,60 Y MAS,ACTIVO,125112.67,GOLD,DRAGONS,90LD2,2,0.7854
LV0ZV9V9,12 A 23,ACTIVO,140212.475,BITCOIN,DRAGONS,B92375,1,0.6884
Z00LZVLZ,60 Y MAS,ACTIVO,495705.027,ETHER,VIKING ARMOUR,Y79G54,6,0.6864
L8FA8FA4VL,07 A 11,ACTIVO,250225.34,GOLD,VIKING ARMOUR,B92375,1,0.0045
9LOFALVFA4,60 Y MAS,ACTIVO,470251.07,BITCOIN,VIKING ARMOUR,Y79G54,4,0.6074
FA0FA8VL0,60 Y MAS,ACTIVO,220025.73,BITCOIN,DRAGONS,Y79G54,2,0.9151
LLO00LV9L,24 A 47,ACTIVO,181197.66,0,DRAGONS,Y79G54,2,0.9613
V08L8LLO9,60 Y MAS,ACTIVO,125112.67,BITCOIN,VIKING ARMOUR,JSF89A,2,0.6717
L90LO0FA98,07 A 11,ACTIVO,500450.68,#N/D,VIKING ARMOUR,Y79G54,N,0.512
LLFALOZ90L,24 A 47,ACTIVO,442208.575,BITCOIN,VIKING ARMOUR,Y79G54,4,0.7575
L0L0L4LV,48 A 60,ACTIVO,362395.32,GOLD,VIKING ARMOUR,Y79G54,4,0.2611
L04ZMFA00,48 A 60,ACTIVO,207083.04,ETHER,SPURS,Y79G54,2,0.7995
LZFAZ90LZ,24 A 47,ACTIVO,241596.88,USD,SPURS,Y79G54,3,0.1989
9VVLO4V9,60 Y MAS,ACTIVO,189826.12,ETHER,SPURS,Y79G54,2,0.9654
ZZZ8L080,60 Y MAS,ACTIVO,103541.52,ETHER,DRAGONS,B92375,2,0.2577
V00FA4FALO4,60 Y MAS,ACTIVO,204063.079,0,NAVAL,90LD2,2,0.9024
LFAZZ8VLL,24 A 47,ACTIVO,159626.51,0,SOIL,Y79G54,1,0.0925
L90LV0Z0,07 A 11,ACTIVO,207083.04,GOLD,VIKING ARMOUR,B92375,N,0.5732
LVLO0V4FALO,12 A 23,ACTIVO,196297.465,0,SOIL,Y79G54,1,0.0562
LV8V80VFA,12 A 23,ACTIVO,129426.9,GOLD,DRAGONS,JSF89A,2,0.154
ZZV08004,60 Y MAS,ACTIVO,390006.392,BITCOIN,VIKING ARMOUR,Y79G54,4,0.3423
4FA4LFA,60 Y MAS,ACTIVO,189826.12,0,SPURS,Y79G54,4,0.7115
L40FA9090,24 A 47,ACTIVO,228654.19,BITCOIN,NAVAL,B92375,2,0.9197
Z0FA0040V,60 Y MAS,ACTIVO,317095.905,0,VIKING ARMOUR,Y79G54,4,0.0037
LV8FA4400,12 A 23,ACTIVO,235125.535,0,SPURS,Y79G54,0,0.698
LFA0LO4LO8L,24 A 47,ACTIVO,261010.915,ETHER,VIKING ARMOUR,B92375,4,0.0246
8804404,60 Y MAS,ACTIVO,204063.079,GOLD,DRAGONS,90LD2,2,0.9658
LO00LOFAL04,60 Y MAS,ACTIVO,133741.13,GOLD,DRAGONS,90LD2,2,0.8166
L0LO0049Z,48 A 60,ACTIVO,396909.16,BITCOIN,VIKING ARMOUR,Y79G54,4,0.7529
VL0VL0V,60 Y MAS,ACTIVO,418480.31,BITCOIN,DRAGONS,90LD2,2,0.5138
LO00VL0FA0,60 Y MAS,ACTIVO,188963.274,0,DRAGONS,90LD2,4,0.746
L9ZMLO04FA,00 A 06,ACTIVO,237282.65,#N/D,VIKING ARMOUR,B92375,N,0.5823
LLZL00L4,48 A 60,ACTIVO,207083.04,BITCOIN,SPURS,Y79G54,2,0.5898
L8FAZ800V,12 A 23,ACTIVO,181197.66,#N/D,SPURS,Y79G54,2,0.6422
FA0V00090,00 A 06,activo,,#N/D,SOIL,Y79G54,#N/D,0.5074
ZZ4FA4ZLOFA,24 A 47,ACTIVO,128995.477,GOLD,DRAGONS,90LD2,2,0.0466
L0V908LOFA,48 A 60,ACTIVO,189826.12,ETHER,SPURS,Y79G54,4,0.801
LLOZZV8Z4,12 A 23,ACTIVO,286896.295,BITCOIN,VIKING ARMOUR,B92375,4,0.1925
LVFA900Z9,12 A 23,ACTIVO,207083.04,GOLD,DRAGONS,Y79G54,1,0.9575
V09FA0V94,60 Y MAS,ACTIVO,103541.52,BITCOIN,DRAGONS,B92375,2,0.3082
ZZVV0LFAV,60 Y MAS,ACTIVO,327450.057,USD,NAVAL,90LD2,4,0.086
FA0ZZFA0ZFA,00 A 06,ACTIVO,,#N/D,VIKING ARMOUR,B92375,#N/D,0.3723
L9V9ZM40,00 A 06,ACTIVO,292936.217,#N/D,VIKING ARMOUR,JSF89A,N,0.7301
L80LOV4L0,12 A 23,ACTIVO,172569.2,BITCOIN,SPURS,Y79G54,1,0.3418
L440LVFA0,24 A 47,ACTIVO,196297.465,0,SOIL,Y79G54,1,0.7258
ZZ4840FAV,60 Y MAS,ACTIVO,95344.483,GOLD,DRAGONS,90LD2,2,0.7446
Z00FALOLFAZ,60 Y MAS,ACTIVO,286896.295,GOLD,VIKING ARMOUR,B92375,4,0.6716
L8LOL9LOZ8,07 A 11,ACTIVO,194140.35,#N/D,VIKING ARMOUR,B92375,2,0.7955
LZL40L,24 A 47,ACTIVO,241596.88,GOLD,VIKING ARMOUR,B92375,4,0.0894
L88909LO0,07 A 11,ACTIVO,180766.237,TYP2,SPURS,JSF89A,N,0.7931
LO0LO0VZ08,60 Y MAS,ACTIVO,216574.346,BITCOIN,VIKING ARMOUR,90LD2,3,0.1058
V0VLO0904,60 Y MAS,ACTIVO,286896.295,BITCOIN,VIKING ARMOUR,B92375,4,0.4344
Z09400V0,60 Y MAS,ACTIVO,569478.36,ETHER,VIKING ARMOUR,Y79G54,6,0.8688
LL40Z00LO,48 A 60,ACTIVO,377495.125,0,VIKING ARMOUR,Y79G54,4,0.1309
LFA0Z4ZFAZ,24 A 47,ACTIVO,140212.475,0,DRAGONS,B92375,2,0.5004
80LZMFAFAFA,60 Y MAS,ACTIVO,430560.154,BITCOIN,SPURS,90LD2,6,0.1395
LZ08Z04L,24 A 47,ACTIVO,362395.32,BITCOIN,VIKING ARMOUR,Y79G54,6,0.8357
80LFALO000,24 A 47,ACTIVO,95344.483,GOLD,DRAGONS,90LD2,2,0.1696
LO0FAFAZ4LO9,60 Y MAS,ACTIVO,297681.87,GOLD,VIKING ARMOUR,Y79G54,4,0.9992
L8484804,07 A 11,ACTIVO,332195.71,#N/D,VIKING ARMOUR,Y79G54,2,0.6191
L9LFALOZ9FA,07 A 11,ACTIVO,224339.96,0,VIKING ARMOUR,JSF89A,N,0.7225
V90LFAZ0,60 Y MAS,ACTIVO,320115.866,0,NAVAL,90LD2,4,0.8644
FA084L4Z9,00 A 06,ACTIVO,,#N/D,VIKING ARMOUR,Y79G54,#N/D,0.8946
LO0LO4L49Z,60 Y MAS,ACTIVO,301996.1,BITCOIN,NAVAL,B92375,3,0.8228
800LZ0Z9,60 Y MAS,ACTIVO,208808.732,BITCOIN,SPURS,90LD2,4,0.4689
ZZFALO000V,60 Y MAS,ACTIVO,,#N/D,VIKING ARMOUR,Y79G54,#N/D,0.7484
V0009ZZLO,60 Y MAS,ACTIVO,94913.06,GOLD,DRAGONS,JSF89A,2,0.8262
LLZML084,24 A 47,ACTIVO,396909.16,BITCOIN,VIKING ARMOUR,Y79G54,4,0.5372
L89LO8FAFA4,07 A 11,ACTIVO,187669.005,GOLD,SPURS,JSF89A,N,0.9152
LZZL9V9FA,24 A 47,ACTIVO,189826.12,0,SOIL,Y79G54,3,0.4207
V49FA0,60 Y MAS,ACTIVO,371023.78,GOLD,VIKING ARMOUR,Y79G54,4,0.8615
V0Z9LLO8LO,60 Y MAS,ACTIVO,170412.085,GOLD,DRAGONS,B92375,2,0.5924
L9LOLLOL8FA,00 A 06,ACTIVO,209240.155,TYP2,SPURS,JSF89A,N,0.7912
L88L0LO0LO,07 A 11,ACTIVO,120798.44,#N/D,SPURS,Y79G54,N,0.3782
800090ZL,60 Y MAS,ACTIVO,135035.399,0,SOIL,90LD2,2,0.6997
LVVLOFAFALOL,12 A 23,ACTIVO,150998.05,0,SOIL,Y79G54,2,0.8586
L9VFA9LFA8,00 A 06,ACTIVO,187669.005,#N/D,SOIL,Y79G54,N,0.5697
FA0L08FAVL,00 A 06,activo,159626.51,0,SOIL,Y79G54,N,0.6623
L9FA0ZZM0,07 A 11,ACTIVO,250225.34,#N/D,VIKING ARMOUR,B92375,N,0.3422
LLOV48848,12 A 23,ACTIVO,226497.075,0,SPURS,Y79G54,1,0.0492
Z0FAL0L8V,60 Y MAS,ACTIVO,250225.34,BITCOIN,VIKING ARMOUR,B92375,2,0.7631
LO0LOZLZLOV,60 Y MAS,ACTIVO,169117.816,0,NAVAL,90LD2,2,0.8417
ZLOFA44VV0,60 Y MAS,ACTIVO,101815.828,GOLD,SOIL,90LD2,2,0.4968
L40FAZ0FAL,24 A 47,ACTIVO,265325.145,0,NAVAL,B92375,4,0.4177
LV8FAZZV0,12 A 23,ACTIVO,237282.65,0,VIKING ARMOUR,B92375,1,0.6145
L49Z9LO0V,24 A 47,ACTIVO,207083.04,GOLD,SPURS,Y79G54,4,0.4432
LO040ZZV0,24 A 47,ACTIVO,314938.79,BITCOIN,VIKING ARMOUR,Y79G54,4,0.7352
V90LO8VV,60 Y MAS,ACTIVO,491822.22,0,VIKING ARMOUR,Y79G54,4,0.884
FA00ZM0VZ,00 A 06,ACTIVO,159626.51,0,SOIL,Y79G54,N,0.3357
L980Z8LO4,00 A 06,ACTIVO,267482.26,GOLD,SPURS,Y79G54,N,0.7281
LFAL89Z94,24 A 47,ACTIVO,159626.51,TYP2,SOIL,Y79G54,2,0.3139
V090LOFA00,60 Y MAS,ACTIVO,323567.25,GOLD,VIKING ARMOUR,B92375,4,0.285
Z0089ZZ8,60 Y MAS,ACTIVO,250225.34,GOLD,VIKING ARMOUR,B92375,4,0.8479
LFALLO0LZLO,24 A 47,ACTIVO,155312.28,GOLD,SOIL,B92375,2,0.5438
L0ZFA00VFA,48 A 60,ACTIVO,159626.51,GOLD,SOIL,Y79G54,2,0.0021
LFA8980FA0,24 A 47,ACTIVO,241596.88,BITCOIN,SPURS,Y79G54,6,0.1686
LVZ0FA8VLO,12 A 23,ACTIVO,323567.25,0,VIKING ARMOUR,B92375,2,0.1226
LVFA4Z4FA8,12 A 23,activo,,#N/D,SOIL,Y79G54,#N/D,0.6427
L900FA0FAFA,07 A 11,ACTIVO,181197.66,#N/D,SPURS,Y79G54,N,0.4331
80LZFAZ8V,60 Y MAS,ACTIVO,471976.762,BITCOIN,VIKING ARMOUR,90LD2,6,0.5406
LV0LL040,12 A 23,ACTIVO,409851.85,BITCOIN,VIKING ARMOUR,Y79G54,4,0.6176
L9FAZLLLFA,00 A 06,ACTIVO,245479.687,BITCOIN,VIKING ARMOUR,JSF89A,N,0.351
L8LZ44Z8,12 A 23,ACTIVO,237282.65,#N/D,VIKING ARMOUR,B92375,2,0.2558
L9FA8Z8Z0,07 A 11,ACTIVO,237282.65,BITCOIN,VIKING ARMOUR,B92375,N,0.1175
90LFALOZV0,24 A 47,ACTIVO,,#N/D,VIKING ARMOUR,90LD2,#N/D,0.4535
L449ZV4V,24 A 47,ACTIVO,280424.95,ETHER,VIKING ARMOUR,B92375,4,0.5931
L4LZ9898,24 A 47,ACTIVO,176883.43,BITCOIN,DRAGONS,B92375,2,0.6729
LLO4L8FA89,12 A 23,ACTIVO,207083.04,GOLD,SPURS,Y79G54,2,0.1685
Z0404049,60 Y MAS,ACTIVO,183786.198,BITCOIN,DRAGONS,90LD2,2,0.0181
Z0ZL0LO0V,60 Y MAS,ACTIVO,293367.64,TYP2,VIKING ARMOUR,B92375,4,0.0867
LL4FAV9FAV,48 A 60,ACTIVO,159626.51,GOLD,SOIL,Y79G54,2,0.4652
V0LFAZLO8L,60 Y MAS,ACTIVO,396909.16,BITCOIN,VIKING ARMOUR,Y79G54,4,0.1747
LVFALVLZLO,12 A 23,ACTIVO,448679.92,ETHER,VIKING ARMOUR,Y79G54,4,0.4779
FA0FA8L8L8,00 A 06,activo,189826.12,0,SPURS,Y79G54,N,0.8343
V9VLO09FA,60 Y MAS,ACTIVO,86284.6,GOLD,SOIL,90LD2,2,0.5699
8FA909LO0,60 Y MAS,ACTIVO,195434.619,BITCOIN,SPURS,Y79G54,4,0.7606
FA0LZ4FA0V,00 A 06,ACTIVO,172569.2,0,SPURS,JSF89A,N,0.8963
L44L0404,24 A 47,ACTIVO,250225.34,BITCOIN,VIKING ARMOUR,B92375,2,0.853
80LFALO80V,60 Y MAS,ACTIVO,285170.603,0,NAVAL,90LD2,4,0.9045
8000FALO,48 A 60,ACTIVO,122524.132,BITCOIN,SOIL,90LD2,2,0.6146
8404FA4L,60 Y MAS,ACTIVO,358081.09,TYP2,VIKING ARMOUR,Y79G54,4,0.3988
LV80LLO90,12 A 23,ACTIVO,224339.96,GOLD,VIKING ARMOUR,JSF89A,2,0.9587
L9LVZMLZ,00 A 06,ACTIVO,334352.825,#N/D,VIKING ARMOUR,Y79G54,N,0.8636
L0LOFA84,48 A 60,ACTIVO,191983.235,0,SOIL,B92375,1,0.1867
Z0804049,60 Y MAS,ACTIVO,,#N/D,VIKING ARMOUR,90LD2,#N/D,0.8984
LZ00VLOLV,24 A 47,ACTIVO,418480.31,BITCOIN,VIKING ARMOUR,B92375,6,0.1566
LFAL00L00,24 A 47,ACTIVO,314938.79,BITCOIN,VIKING ARMOUR,Y79G54,4,0.251
L004FAFA9LO,48 A 60,ACTIVO,159626.51,ETHER,SOIL,Y79G54,2,0.3346
L88FALOFALFA,07 A 11,ACTIVO,196297.465,0,SOIL,Y79G54,N,0.0922
L9ZFAZ0L0,00 A 06,ACTIVO,340824.17,#N/D,VIKING ARMOUR,Y79G54,N,0.0443
LO0490LO0L,60 Y MAS,ACTIVO,141075.321,0,DRAGONS,90LD2,2,0.1856
FA0094LO40,00 A 06,ACTIVO,250225.34,#N/D,VIKING ARMOUR,B92375,N,0.0587
FA0LFA4V0L,00 A 06,activo,245479.687,0,VIKING ARMOUR,JSF89A,N,0.6076
L00LO8FA,60 Y MAS,ACTIVO,226497.075,0,SPURS,Y79G54,3,0.6521
LLO4LZL,00 A 06,ACTIVO,125112.67,#N/D,SPURS,Y79G54,N,0.5807
ZZV84L89,60 Y MAS,ACTIVO,332195.71,BITCOIN,NAVAL,B92375,4,0.4698
L8Z9VVZFA,07 A 11,ACTIVO,237282.65,GOLD,VIKING ARMOUR,B92375,1,0.8328
FA0FAV8LOFA4,00 A 06,ACTIVO,250225.34,0,VIKING ARMOUR,B92375,N,0.8769
L00LO0VFA9,60 Y MAS,ACTIVO,243753.995,0,SPURS,Y79G54,4,0.686
8004V080,60 Y MAS,ACTIVO,135035.399,BITCOIN,SOIL,Y79G54,2,0.1992
FA9LO8VFAFA,60 Y MAS,ACTIVO,286896.295,0,DRAGONS,B92375,2,0.1736
L9008LZV,07 A 11,ACTIVO,273953.605,#N/D,VIKING ARMOUR,B92375,N,0.7525
L4Z0LO0FALO,24 A 47,ACTIVO,381809.355,BITCOIN,VIKING ARMOUR,B92375,6,0.4795
L9Z0FALO,00 A 06,ACTIVO,237282.65,#N/D,VIKING ARMOUR,B92375,N,0.7951
L94Z9890,00 A 06,ACTIVO,250225.34,#N/D,VIKING ARMOUR,B92375,N,0.7529
ZZFA8ZM84,60 Y MAS,ACTIVO,137192.514,GOLD,DRAGONS,90LD2,2,0.8034
Z09L88LO9,60 Y MAS,ACTIVO,250225.34,GOLD,VIKING ARMOUR,B92375,4,0.2721
LLFAZ8L0Z,48 A 60,ACTIVO,276110.72,0,VIKING ARMOUR,Y79G54,4,0.0212
Z09Z0L8V,60 Y MAS,ACTIVO,,0,SOIL,B92375,2,0.307
L400ZFA00,24 A 47,ACTIVO,189826.12,GOLD,SPURS,Y79G54,4,0.7776
LO0ZVLFA4L,60 Y MAS,ACTIVO,174726.315,0,NAVAL,90LD2,2,0.1911
LZZ804LOL,24 A 47,ACTIVO,250225.34,BITCOIN,VIKING ARMOUR,B92375,4,0.3046
LLO0FA00ZLO,24 A 47,ACTIVO,323567.25,GOLD,VIKING ARMOUR,Y79G54,4,0.5134
ZVZLZ89V,60 Y MAS,ACTIVO,128995.477,GOLD,DRAGONS,90LD2,2,0.104
L9V8890Z,00 A 06,ACTIVO,194140.35,BITCOIN,SOIL,Y79G54,N,0.0217
Z0Z4L8Z9,60 Y MAS,ACTIVO,150998.05,GOLD,DRAGONS,Y79G54,2,0.2519
ZZ80940Z,60 Y MAS,ACTIVO,228222.767,ETHER,DRAGONS,90LD2,4,0.5251
LLO08VLOVL,12 A 23,ACTIVO,250225.34,0,VIKING ARMOUR,B92375,1,0.9344
LVFA000FAFA,12 A 23,ACTIVO,295524.755,0,VIKING ARMOUR,Y79G54,2,0.2419
LVFA0FAZ9FA,12 A 23,ACTIVO,254539.57,GOLD,SPURS,Y79G54,2,0.5454
ZZ4VLLO,60 Y MAS,ACTIVO,396909.16,GOLD,VIKING ARMOUR,Y79G54,4,0.588
890V0FAFA,60 Y MAS,ACTIVO,258853.8,BITCOIN,SPURS,Y79G54,4,0.308
L9V40LOLZ,00 A 06,ACTIVO,237282.65,BITCOIN,VIKING ARMOUR,Y79G54,N,0.2242
80FA4L80,60 Y MAS,ACTIVO,194140.35,BITCOIN,SOIL,Y79G54,2,0.1848
LO0LOLLOZZ0,60 Y MAS,activo,,#N/D,DRAGONS,90LD2,#N/D,0.2192
V00L0V80,60 Y MAS,ACTIVO,213554.385,BITCOIN,VIKING ARMOUR,JSF89A,4,0.5538
L48LO0LLO0,24 A 47,ACTIVO,241596.88,GOLD,VIKING ARMOUR,B92375,4,0.2573
ZZ0V0ZFA0,60 Y MAS,ACTIVO,97070.175,GOLD,DRAGONS,90LD2,2,0.3652
LV04VL40,12 A 23,ACTIVO,289053.41,ETHER,VIKING ARMOUR,Y79G54,2,0.3855
Z040Z80Z,60 Y MAS,ACTIVO,97070.175,BITCOIN,SOIL,90LD2,2,0.0112
LFA9LOVZVV,24 A 47,ACTIVO,319253.02,BITCOIN,VIKING ARMOUR,JSF89A,4,0.1736
L44498FAV,24 A 47,ACTIVO,159626.51,0,SOIL,Y79G54,2,0.1967
L4FA900LO8,24 A 47,ACTIVO,276110.72,#N/D,VIKING ARMOUR,Y79G54,3,0.2102
Z009VLO0FA,60 Y MAS,ACTIVO,101815.828,ETHER,SOIL,90LD2,2,0.4837
LFA089FAV0,24 A 47,ACTIVO,250225.34,0,VIKING ARMOUR,B92375,0,0.6808
L9LOZ8VZ0,00 A 06,ACTIVO,125112.67,BITCOIN,SPURS,JSF89A,N,0.0611
LV9V0LZ4,07 A 11,activo,,#N/D,VIKING ARMOUR,JSF89A,#N/D,0.3693
V0VZ0LVZ,60 Y MAS,ACTIVO,170412.085,GOLD,VIKING ARMOUR,B92375,2,0.7452
L9FAZ8V0LO,07 A 11,ACTIVO,,#N/D,SPURS,Y79G54,#N/D,0.1868
LLO48Z8V8,12 A 23,ACTIVO,250225.34,0,VIKING ARMOUR,B92375,0,0.8686
LFA940Z0V,24 A 47,ACTIVO,161783.625,0,SOIL,B92375,2,0.913
L090L00V,48 A 60,ACTIVO,312781.675,0,VIKING ARMOUR,Y79G54,4,0.7952
V849V00,60 Y MAS,ACTIVO,353766.86,BITCOIN,VIKING ARMOUR,Y79G54,4,0.5743
Z0Z8V488,60 Y MAS,ACTIVO,259716.646,0,NAVAL,90LD2,4,0.2484
FA00LO809L,00 A 06,ACTIVO,250225.34,0,VIKING ARMOUR,B92375,N,0.9066
900LO0080,60 Y MAS,ACTIVO,,#N/D,SPURS,90LD2,#N/D,0.6233
VL4ZL00,60 Y MAS,ACTIVO,421500.271,GOLD,VIKING ARMOUR,Y79G54,4,0.1685
L9LLLO00Z,00 A 06,ACTIVO,181197.66,GOLD,SPURS,Y79G54,N,0.4263
80LLVL9Z,60 Y MAS,ACTIVO,121229.863,0,DRAGONS,90LD2,2,0.8277
L9000Z0V,07 A 11,ACTIVO,,#N/D,SOIL,Y79G54,#N/D,0.9965
8L8V4,60 Y MAS,ACTIVO,513393.37,BITCOIN,VIKING ARMOUR,Y79G54,4,0.2532
LO08080VL,60 Y MAS,ACTIVO,206220.194,GOLD,DRAGONS,90LD2,4,0.9912
LLO9FA9LO80,12 A 23,ACTIVO,323567.25,0,VIKING ARMOUR,B92375,2,0.2568
L9LOVV48L,00 A 06,ACTIVO,181197.66,#N/D,SPURS,Y79G54,N,0.8728
LL44000LO,48 A 60,ACTIVO,466799.686,0,VIKING ARMOUR,Y79G54,4,0.5928
LO0ZLO40ZFA,24 A 47,ACTIVO,239871.188,0,VIKING ARMOUR,90LD2,4,0.0946
LZMLOZ00L,12 A 23,ACTIVO,271796.49,GOLD,VIKING ARMOUR,B92375,3,0.4254
FA0L0LO8L9,00 A 06,ACTIVO,125112.67,0,SPURS,Y79G54,N,0.1665
Z08FA8V00,60 Y MAS,ACTIVO,497862.142,GOLD,DRAGONS,Y79G54,4,0.0454
80048V00,60 Y MAS,ACTIVO,272227.913,BITCOIN,DRAGONS,90LD2,4,0.0397
L8LZFA00FA,07 A 11,ACTIVO,289053.41,GOLD,VIKING ARMOUR,Y79G54,2,0.0932
L4L0Z49V,24 A 47,ACTIVO,196297.465,GOLD,SOIL,Y79G54,2,0.7704
L0V0V4V0,48 A 60,ACTIVO,159626.51,GOLD,SOIL,Y79G54,2,0.6262
L9V4LL09,00 A 06,ACTIVO,224339.96,ETHER,SPURS,Y79G54,N,0.4192
L0VFA4900,48 A 60,ACTIVO,371023.78,0,VIKING ARMOUR,Y79G54,3,0.2717
ZZLO0LOL80,60 Y MAS,ACTIVO,120367.017,BITCOIN,DRAGONS,90LD2,2,0.2938
V0V0VLL9,60 Y MAS,ACTIVO,181629.083,GOLD,DRAGONS,90LD2,2,0.564
L490,60 Y MAS,ACTIVO,250225.34,BITCOIN,VIKING ARMOUR,B92375,4,0.8458
L8FAFA4000,07 A 11,ACTIVO,150998.05,#N/D,SOIL,Y79G54,1,0.4628
V00FAVZLO9,60 Y MAS,ACTIVO,92324.522,ETHER,DRAGONS,90LD2,2,0.3752
900V4LOVL,24 A 47,ACTIVO,,#N/D,SPURS,90LD2,#N/D,0.7412
L0L908V0,48 A 60,ACTIVO,456876.957,GOLD,VIKING ARMOUR,Y79G54,4,0.9322
LFA98090LO,24 A 47,ACTIVO,286896.295,0,VIKING ARMOUR,B92375,4,0.0803
V004VZFAV,60 Y MAS,ACTIVO,113895.672,0,DRAGONS,90LD2,2,0.8216
LVFALO4940,12 A 23,ACTIVO,224339.96,0,VIKING ARMOUR,JSF89A,2,0.6615
LFA4L0ZVFA,24 A 47,ACTIVO,239439.765,GOLD,NAVAL,B92375,4,0.5724
LZZ90LOZL,24 A 47,ACTIVO,125112.67,0,SPURS,Y79G54,2,0.1232
ZZ4LOLFA8L,60 Y MAS,ACTIVO,237282.65,GOLD,VIKING ARMOUR,B92375,2,0.4105
VVLOL000,60 Y MAS,ACTIVO,578106.82,BITCOIN,VIKING ARMOUR,Y79G54,4,0.7675
90LZ04V0,24 A 47,ACTIVO,,#N/D,VIKING ARMOUR,90LD2,#N/D,0.6607
V08400FAV,60 Y MAS,ACTIVO,125112.67,TYP2,VIKING ARMOUR,JSF89A,2,0.1116
LV049ZL9,12 A 23,ACTIVO,487507.99,0,VIKING ARMOUR,Y79G54,4,0.9541
L80LO0LLV,12 A 23,ACTIVO,409851.85,#N/D,VIKING ARMOUR,Y79G54,2,0.3964
9LLV8,60 Y MAS,ACTIVO,396909.16,ETHER,VIKING ARMOUR,Y79G54,4,0.064
LLLO984LOV,24 A 47,ACTIVO,226497.075,BITCOIN,SPURS,Y79G54,4,0.8325
V04400Z9,60 Y MAS,ACTIVO,140212.475,0,DRAGONS,B92375,1,0.6353
LLOL000LO4,12 A 23,ACTIVO,207083.04,GOLD,SPURS,Y79G54,2,0.8727
V0LV0LOFA9,24 A 47,ACTIVO,88441.715,0,DRAGONS,JSF89A,2,0.5329
L090FA000,48 A 60,ACTIVO,159626.51,BITCOIN,SOIL,Y79G54,2,0.4476
L89LO0FAFAL,00 A 06,ACTIVO,261010.915,GOLD,SPURS,Y79G54,N,0.0804
LL80L00LO,24 A 47,ACTIVO,299838.985,ETHER,VIKING ARMOUR,B92375,3,0.4601
9FA9LV00,60 Y MAS,ACTIVO,575949.705,ETHER,VIKING ARMOUR,Y79G54,4,0.602
L9V049LFA,00 A 06,ACTIVO,181197.66,BITCOIN,SPURS,Y79G54,N,0.6622
LVZ4LOZZL,12 A 23,ACTIVO,103541.52,0,DRAGONS,B92375,1,0.4249
LV00L09L,12 A 23,ACTIVO,243753.995,ETHER,SPURS,Y79G54,4,0.941
LFALOFA04ZL,24 A 47,ACTIVO,189826.12,0,SPURS,Y79G54,4,0.9799
L8LFA9V0V,07 A 11,ACTIVO,245479.687,0,VIKING ARMOUR,JSF89A,2,0.5431
LZL488,00 A 06,ACTIVO,250225.34,BITCOIN,VIKING ARMOUR,B92375,N,0.0219
L9VZ9Z80,00 A 06,ACTIVO,237282.65,#N/D,VIKING ARMOUR,B92375,N,0.2003
L080L0FAL,48 A 60,ACTIVO,176883.43,ETHER,DRAGONS,B92375,2,0.7476
V00LZZ89,60 Y MAS,ACTIVO,198454.58,BITCOIN,VIKING ARMOUR,JSF89A,2,0.2926
FA0LZ0989,00 A 06,ACTIVO,125112.67,0,SPURS,Y79G54,N,0.0248
L9ZZ8LO4FA,00 A 06,ACTIVO,273953.605,GOLD,VIKING ARMOUR,B92375,N,0.0209
88LO4VV9,60 Y MAS,ACTIVO,608306.43,BITCOIN,VIKING ARMOUR,Y79G54,4,0.0577
FA048ZZ0Z,00 A 06,activo,,#N/D,VIKING ARMOUR,Y79G54,#N/D,0.8594
L48V48LV,24 A 47,activo,314938.79,BITCOIN,SPURS,Y79G54,4,0.2311
890LV,60 Y MAS,ACTIVO,264893.722,BITCOIN,DRAGONS,90LD2,2,0.5365
9ZFA09ZFA,60 Y MAS,ACTIVO,207083.04,0,SPURS,Y79G54,3,0.1265
L889LLV9,07 A 11,ACTIVO,519433.292,BITCOIN,VIKING ARMOUR,Y79G54,N,0.361
L4008FA90,24 A 47,ACTIVO,159626.51,0,SOIL,Y79G54,2,0.4673
ZZ4ZLOVL4,60 Y MAS,ACTIVO,440051.46,BITCOIN,VIKING ARMOUR,Y79G54,4,0.1751
LFA8LO0L84,24 A 47,ACTIVO,125112.67,BITCOIN,SPURS,Y79G54,2,0.267
FA0LO4LOFAV,60 Y MAS,ACTIVO,351609.745,BITCOIN,DRAGONS,Y79G54,2,0.2068
L4FA04FA4V,24 A 47,ACTIVO,250225.34,BITCOIN,VIKING ARMOUR,B92375,4,0.6725
LVZFAFALL9,12 A 23,ACTIVO,159626.51,BITCOIN,SOIL,Y79G54,2,0.3596
L4088FA9LO,24 A 47,ACTIVO,258853.8,ETHER,SPURS,Y79G54,3,0.086
L0FA8LOV,00 A 06,ACTIVO,215711.5,#N/D,VIKING ARMOUR,B92375,N,0.8184
8LFA9,60 Y MAS,ACTIVO,273953.605,0,VIKING ARMOUR,Y79G54,2,0.5028
L8L9VLVZ,07 A 11,ACTIVO,267050.837,#N/D,VIKING ARMOUR,JSF89A,2,0.7011
LL0LZ9FA0,48 A 60,ACTIVO,243753.995,0,SPURS,Y79G54,3,0.5293
L9LLO890L,07 A 11,ACTIVO,237282.65,#N/D,VIKING ARMOUR,B92375,N,0.0036
FA0FAL0000,00 A 06,ACTIVO,,#N/D,VIKING ARMOUR,B92375,#N/D,0.2607
LV84VZ89,12 A 23,ACTIVO,237282.65,ETHER,VIKING ARMOUR,B92375,2,0.3565
L9V8L4VZ,00 A 06,ACTIVO,289053.41,#N/D,VIKING ARMOUR,Y79G54,N,0.262
V00FA00LOZ,60 Y MAS,ACTIVO,225202.806,GOLD,DRAGONS,90LD2,2,0.1659
L80LOV009,07 A 11,ACTIVO,377495.125,ETHER,VIKING ARMOUR,Y79G54,4,0.799
Z0LOL4LZ4,60 Y MAS,ACTIVO,386986.431,GOLD,VIKING ARMOUR,90LD2,6,0.2865
LFALOV084FA,24 A 47,ACTIVO,228654.19,GOLD,NAVAL,B92375,2,0.8303
FAZ08LOFAL,60 Y MAS,ACTIVO,,#N/D,DRAGONS,90LD2,#N/D,0.8301
V0949L00,60 Y MAS,ACTIVO,360238.205,0,VIKING ARMOUR,B92375,4,0.8397
ZZ4VLZVZ,60 Y MAS,ACTIVO,509079.14,GOLD,VIKING ARMOUR,Y79G54,4,0.1697
V00V008V,60 Y MAS,ACTIVO,422794.54,BITCOIN,VIKING ARMOUR,Y79G54,4,0.5688
Z04L8LOFA0,60 Y MAS,ACTIVO,258853.8,BITCOIN,NAVAL,B92375,4,0.7582
L08FALO8ZLO,48 A 60,ACTIVO,140212.475,GOLD,DRAGONS,B92375,2,0.2796
LVLFA4L0Z,12 A 23,ACTIVO,310624.56,GOLD,VIKING ARMOUR,Y79G54,4,0.5824
ZZFAL90LO0,60 Y MAS,ACTIVO,129426.9,BITCOIN,DRAGONS,JSF89A,2,0.0707
Z0Z9Z4VL,60 Y MAS,ACTIVO,590618.087,0,VIKING ARMOUR,Y79G54,3,0.1087
FA0Z40Z8V,00 A 06,ACTIVO,,#N/D,SOIL,Y79G54,#N/D,0.1279
Z0ZFAV0Z8,60 Y MAS,ACTIVO,470251.07,0,VIKING ARMOUR,Y79G54,4,0.9613
FA0FAZ8VZ9,00 A 06,ACTIVO,427108.77,0,VIKING ARMOUR,Y79G54,N,0.1341
L9ZZZZZ4,00 A 06,ACTIVO,273953.605,#N/D,VIKING ARMOUR,B92375,N,0.4974
L8V4V8VV,07 A 11,ACTIVO,237282.65,#N/D,VIKING ARMOUR,B92375,N,0.3097
84VLOV8Z,60 Y MAS,ACTIVO,,#N/D,VIKING ARMOUR,Y79G54,#N/D,0.6509
LO0ZVLZMFA,60 Y MAS,ACTIVO,135898.245,BITCOIN,DRAGONS,90LD2,2,0.169
Z009L8LOZ,60 Y MAS,ACTIVO,125112.67,GOLD,DRAGONS,90LD2,2,0.3314
LZMLZMLV,12 A 23,ACTIVO,125112.67,ETHER,SPURS,Y79G54,2,0.9663
L08LVZ0FA,60 Y MAS,ACTIVO,250225.34,GOLD,VIKING ARMOUR,B92375,4,0.4397
LZLOVLO9VFA,24 A 47,ACTIVO,353766.86,0,VIKING ARMOUR,Y79G54,3,0.5774
ZZZMFAFAFA0,60 Y MAS,ACTIVO,554809.978,0,VIKING ARMOUR,B92375,6,0.5395
LLOFA0L98LO,24 A 47,ACTIVO,243753.995,TYP2,SPURS,Y79G54,4,0.03
Z0LOL0LFA8,60 Y MAS,ACTIVO,101815.828,GOLD,SOIL,90LD2,2,0.4895
L0LOVVL00,48 A 60,ACTIVO,276110.72,BITCOIN,VIKING ARMOUR,Y79G54,4,0.5947
LO0LLV0LO0,60 Y MAS,ACTIVO,280424.95,0,VIKING ARMOUR,B92375,4,0.4145
L8FALOVLO09,12 A 23,ACTIVO,181197.66,#N/D,SPURS,Y79G54,1,0.1048
L8LO8LVVL,07 A 11,ACTIVO,325724.365,#N/D,VIKING ARMOUR,Y79G54,N,0.0316
LVLVZ840,12 A 23,ACTIVO,207083.04,0,SPURS,Y79G54,2,0.0514
LFALVV0FAFA,24 A 47,ACTIVO,,#N/D,VIKING ARMOUR,Y79G54,#N/D,0.2826
LLLLO8L04,24 A 47,ACTIVO,340824.17,0,VIKING ARMOUR,B92375,3,0.5904
LFALOV48FAL,24 A 47,ACTIVO,250225.34,ETHER,VIKING ARMOUR,B92375,2,0.6775
LZ84V8LOL,24 A 47,ACTIVO,390437.815,0,VIKING ARMOUR,B92375,3,0.7838
9LO0900Z,60 Y MAS,ACTIVO,237282.65,BITCOIN,VIKING ARMOUR,B92375,2,0.0196
9V8LO9,60 Y MAS,ACTIVO,241596.88,0,SPURS,Y79G54,4,0.2025
LFA000VFA8,24 A 47,ACTIVO,228654.19,BITCOIN,NAVAL,B92375,2,0.1575
V09VV9LZ,60 Y MAS,ACTIVO,308898.868,0,VIKING ARMOUR,90LD2,6,0.7922
L90V9Z9V,07 A 11,ACTIVO,273953.605,GOLD,VIKING ARMOUR,B92375,N,0.0422
L9LV0Z4Z,00 A 06,ACTIVO,159626.51,#N/D,SPURS,Y79G54,N,0.5767
900V89VFA,24 A 47,ACTIVO,,#N/D,VIKING ARMOUR,90LD2,#N/D,0.1448
VLO0FA8L0,60 Y MAS,ACTIVO,204063.079,0,DRAGONS,90LD2,2,0.7488
LV9FAVZV9,07 A 11,ACTIVO,176883.43,TYP2,VIKING ARMOUR,JSF89A,2,0.1768
LZFAV48LO9,24 A 47,ACTIVO,286896.295,GOLD,VIKING ARMOUR,B92375,4,0.9929
V0V4Z0FAV,48 A 60,ACTIVO,289053.41,GOLD,VIKING ARMOUR,B92375,4,0.337
Z0948L0Z,60 Y MAS,ACTIVO,189826.12,GOLD,SPURS,Y79G54,2,0.7442
LVFA84VL8,12 A 23,ACTIVO,286896.295,0,VIKING ARMOUR,B92375,1,0.7092
LLO8Z0L0LO,12 A 23,ACTIVO,207083.04,0,SPURS,Y79G54,2,0.3232
L00FA9LOFAL,60 Y MAS,ACTIVO,159626.51,ETHER,SOIL,Y79G54,2,0.0243
LO04LO0ZLFA,60 Y MAS,ACTIVO,97070.175,BITCOIN,DRAGONS,90LD2,2,0.6952
LLOV0L000,12 A 23,ACTIVO,371023.78,ETHER,VIKING ARMOUR,Y79G54,4,0.9182
L8804LO4L,07 A 11,ACTIVO,237282.65,#N/D,VIKING ARMOUR,B92375,N,0.4895
LZ0489ZM,24 A 47,ACTIVO,239439.765,GOLD,NAVAL,B92375,4,0.8048
LO0ZL88Z0,60 Y MAS,ACTIVO,172569.2,0,DRAGONS,90LD2,2,0.1953
LZVFA0LO0FA,24 A 47,ACTIVO,,#N/D,SPURS,Y79G54,#N/D,0.4977
LL0VLL,00 A 06,ACTIVO,250225.34,#N/D,VIKING ARMOUR,B92375,N,0.9334
Z000FA9LO0,60 Y MAS,ACTIVO,101815.828,GOLD,SOIL,90LD2,2,0.2153
VFA00ZV9,60 Y MAS,ACTIVO,396909.16,BITCOIN,VIKING ARMOUR,Y79G54,4,0.2783
LV9FALO4L0,12 A 23,ACTIVO,150998.05,0,SOIL,Y79G54,0,0.2315
LV4FAFAV,12 A 23,ACTIVO,276110.72,TYP2,VIKING ARMOUR,Y79G54,2,0.0271
LLOZ89Z08,12 A 23,ACTIVO,421500.271,BITCOIN,VIKING ARMOUR,Y79G54,4,0.046
LLVZLO0VZ,48 A 60,ACTIVO,314938.79,ETHER,VIKING ARMOUR,Y79G54,4,0.3759
V08Z98FALO,60 Y MAS,ACTIVO,127269.785,BITCOIN,VIKING ARMOUR,JSF89A,2,0.407
LV084FAZ9,12 A 23,ACTIVO,,#N/D,VIKING ARMOUR,Y79G54,#N/D,0.5458
LLOZL4VZV,24 A 47,ACTIVO,196297.465,0,SOIL,Y79G54,0,0.3251
LZVV0LO94,24 A 47,ACTIVO,286896.295,ETHER,VIKING ARMOUR,B92375,3,0.2495
L80LOVFA,00 A 06,ACTIVO,159626.51,0,SOIL,Y79G54,N,0.5406
LVVLFAL0LO,12 A 23,ACTIVO,407694.735,TYP2,VIKING ARMOUR,Y79G54,4,0.0349
LZLO04FA90,24 A 47,ACTIVO,189826.12,ETHER,SPURS,Y79G54,4,0.5067
LLOVVFA8,12 A 23,ACTIVO,278267.835,0,SPURS,Y79G54,3,0.051
FA00Z08LOFA,00 A 06,ACTIVO,250225.34,0,VIKING ARMOUR,B92375,N,0.7306
LLVVFAZM8,24 A 47,ACTIVO,159626.51,ETHER,SOIL,Y79G54,2,0.021
LLOV0V48Z,12 A 23,ACTIVO,198454.58,BITCOIN,VIKING ARMOUR,JSF89A,2,0.1536
LO0948FA84,60 Y MAS,ACTIVO,286896.295,GOLD,VIKING ARMOUR,B92375,4,0.7221
FA0VLOZL0Z,00 A 06,ACTIVO,,#N/D,VIKING ARMOUR,B92375,#N/D,0.6702
L4L0ZLL0,24 A 47,ACTIVO,103541.52,BITCOIN,DRAGONS,B92375,2,0.8353
ZZL98400,60 Y MAS,ACTIVO,323567.25,0,VIKING ARMOUR,B92375,4,0.6659
L98LOL9,00 A 06,ACTIVO,159626.51,ETHER,SOIL,Y79G54,N,0.2202
LLO0094ZLO,12 A 23,ACTIVO,125112.67,BITCOIN,VIKING ARMOUR,JSF89A,2,0.4604
L9ZLZZL0,00 A 06,ACTIVO,245479.687,BITCOIN,VIKING ARMOUR,JSF89A,N,0.5665
LFAFA98LOLLO,24 A 47,ACTIVO,239439.765,0,VIKING ARMOUR,B92375,4,0.8696
Z00ZM004,60 Y MAS,ACTIVO,247636.802,BITCOIN,SPURS,90LD2,4,0.8659
LV8ZV008,12 A 23,ACTIVO,313644.521,0,VIKING ARMOUR,Y79G54,2,0.6962
V0ZZZFA,48 A 60,ACTIVO,189826.12,BITCOIN,SPURS,Y79G54,4,0.8585
L90V00LOFA,00 A 06,ACTIVO,273953.605,#N/D,VIKING ARMOUR,B92375,N,0.3653
L8FA89Z48,07 A 11,ACTIVO,325724.365,#N/D,VIKING ARMOUR,Y79G54,3,0.4001
L9VLLO94V,00 A 06,ACTIVO,273953.605,#N/D,VIKING ARMOUR,B92375,N,0.0341
V0040LO44,12 A 23,ACTIVO,181197.66,0,NAVAL,90LD2,2,0.5058
L984L88L,00 A 06,ACTIVO,258853.8,#N/D,SPURS,Y79G54,N,0.0398
8000904LO,60 Y MAS,ACTIVO,289053.41,BITCOIN,VIKING ARMOUR,Y79G54,4,0.0622
V000LV90,60 Y MAS,ACTIVO,,#N/D,DRAGONS,90LD2,#N/D,0.5328
L08L0080,48 A 60,ACTIVO,243753.995,0,SPURS,Y79G54,4,0.9809
L88FA00LZ,07 A 11,ACTIVO,237282.65,GOLD,VIKING ARMOUR,B92375,N,0.3733
L90L9Z0Z,07 A 11,ACTIVO,616934.89,ETHER,VIKING ARMOUR,Y79G54,N,0.9997
L89LOV004,07 A 11,ACTIVO,237282.65,#N/D,VIKING ARMOUR,B92375,N,0.1938
LLFA0Z4LLO,48 A 60,ACTIVO,159626.51,0,SOIL,Y79G54,2,0.2553
V0LLO4098,60 Y MAS,ACTIVO,126838.362,0,DRAGONS,90LD2,2,0.8431
V00FA9LOVL,24 A 47,ACTIVO,182060.506,GOLD,SPURS,90LD2,4,0.6974
L9FA00FA4L,07 A 11,ACTIVO,273953.605,GOLD,VIKING ARMOUR,B92375,N,0.9341
LO0ZLOZ9L9,24 A 47,ACTIVO,95344.483,BITCOIN,DRAGONS,90LD2,2,0.3465
L80LZ0Z0,07 A 11,ACTIVO,407694.735,#N/D,VIKING ARMOUR,Y79G54,4,0.1765
L94L4FALO8,00 A 06,ACTIVO,168254.97,#N/D,VIKING ARMOUR,JSF89A,N,0.8596
LVVZ44LV,12 A 23,ACTIVO,198454.58,0,SPURS,Y79G54,1,0.2665
4FALO94Z0,60 Y MAS,ACTIVO,297681.87,BITCOIN,VIKING ARMOUR,Y79G54,4,0.1995
LZLOZLFA88,24 A 47,ACTIVO,250225.34,0,VIKING ARMOUR,B92375,0,0.8962
LFALO0089LO,24 A 47,ACTIVO,,#N/D,VIKING ARMOUR,Y79G54,#N/D,0.764
V08FALFA9LO,60 Y MAS,ACTIVO,613914.929,ETHER,VIKING ARMOUR,Y79G54,4,0.6119
V0LFA0LL9,60 Y MAS,ACTIVO,154880.857,0,DRAGONS,90LD2,2,0.4041
V08Z0088,60 Y MAS,ACTIVO,161783.625,0,VIKING ARMOUR,JSF89A,2,0.5931
LV8VL0LO8,12 A 23,ACTIVO,237282.65,GOLD,VIKING ARMOUR,B92375,2,0.1926
LVVFALO90Z,12 A 23,ACTIVO,135898.245,0,DRAGONS,JSF89A,2,0.217
V09LOV888,60 Y MAS,ACTIVO,230811.305,0,VIKING ARMOUR,B92375,2,0.0582
LZ9VFAFAFALO,24 A 47,ACTIVO,,#N/D,SPURS,Y79G54,#N/D,0.1639
8Z9LL90,60 Y MAS,ACTIVO,207083.04,GOLD,DRAGONS,B92375,2,0.0388
LVVLO04Z8,12 A 23,ACTIVO,232968.42,0,SPURS,Y79G54,4,0.6595
FA0040FA8FA,00 A 06,activo,,#N/D,VIKING ARMOUR,Y79G54,#N/D,0.2378
LFA0404Z0,24 A 47,ACTIVO,226497.075,0,SPURS,Y79G54,4,0.5367
L8440VLV,07 A 11,ACTIVO,150998.05,#N/D,SOIL,Y79G54,1,0.7721
LLOL0LO0L4,12 A 23,ACTIVO,358081.09,BITCOIN,VIKING ARMOUR,Y79G54,4,0.0292
L09FA804FA,48 A 60,ACTIVO,241596.88,BITCOIN,SPURS,Y79G54,6,0.5138
L9FAL0L04,00 A 06,ACTIVO,150998.05,ETHER,SOIL,Y79G54,N,0.4946
LV984L48,07 A 11,ACTIVO,258853.8,BITCOIN,VIKING ARMOUR,Y79G54,2,0.6814
94LO8VL4,60 Y MAS,ACTIVO,314938.79,GOLD,VIKING ARMOUR,Y79G54,4,0.0273
LV00L984,12 A 23,ACTIVO,295093.332,TYP2,VIKING ARMOUR,JSF89A,4,0.4001
FA0004V49,00 A 06,activo,,#N/D,SPURS,Y79G54,#N/D,0.487
L8Z0V4FAFA,07 A 11,ACTIVO,289053.41,BITCOIN,VIKING ARMOUR,Y79G54,2,0.5715
ZZL0LO8LO0,60 Y MAS,ACTIVO,362826.743,BITCOIN,NAVAL,90LD2,4,0.001
9L9L4,60 Y MAS,ACTIVO,198454.58,0,SPURS,Y79G54,3,0.2546
LZ0L404FA,24 A 47,ACTIVO,241596.88,GOLD,VIKING ARMOUR,B92375,4,0.8637
L9FAZM4ZL,00 A 06,ACTIVO,159626.51,#N/D,VIKING ARMOUR,B92375,N,0.0786
V894809,60 Y MAS,ACTIVO,237282.65,BITCOIN,VIKING ARMOUR,B92375,2,0.2492
L84L0440,07 A 11,ACTIVO,150998.05,#N/D,SOIL,Y79G54,2,0.1519
L8Z090,07 A 11,ACTIVO,237282.65,#N/D,VIKING ARMOUR,B92375,2,0.8471
LLOFA0L0LLO,12 A 23,ACTIVO,250225.34,0,VIKING ARMOUR,B92375,1,0.0584
FA0V0FAZ8V,00 A 06,ACTIVO,,#N/D,SOIL,Y79G54,#N/D,0.8404
LV909V4LO,12 A 23,ACTIVO,517276.177,BITCOIN,VIKING ARMOUR,Y79G54,2,0.0119
LFAZZLO4LLO,24 A 47,ACTIVO,241596.88,GOLD,SPURS,Y79G54,6,0.9061
8ZFA844V,60 Y MAS,ACTIVO,556535.67,ETHER,VIKING ARMOUR,Y79G54,4,0.4365
LV0ZFA9LOV,12 A 23,ACTIVO,327881.48,0,VIKING ARMOUR,Y79G54,3,0.2817
LO0Z088V0,60 Y MAS,ACTIVO,143663.859,0,NAVAL,90LD2,2,0.7531
LFALO040Z9,24 A 47,ACTIVO,286896.295,0,VIKING ARMOUR,B92375,4,0.468
LFAVV0FA40,24 A 47,ACTIVO,161783.625,GOLD,SOIL,Y79G54,2,0.9544
LLO440VVFA,12 A 23,ACTIVO,511236.255,ETHER,VIKING ARMOUR,Y79G54,4,0.8358
LVLO9FAV,12 A 23,ACTIVO,189826.12,0,SPURS,Y79G54,1,0.0197
LLO04LO08LO,24 A 47,ACTIVO,226497.075,#N/D,SPURS,Y79G54,1,0.7474
LV04LZML,12 A 23,ACTIVO,250225.34,GOLD,VIKING ARMOUR,B92375,2,0.9515
Z0Z944VZ,60 Y MAS,ACTIVO,314938.79,GOLD,VIKING ARMOUR,B92375,4,0.1706
FA00LOFA000,00 A 06,ACTIVO,159626.51,0,SOIL,Y79G54,N,0.7512
FA008VZ0FA,00 A 06,ACTIVO,159626.51,0,SOIL,Y79G54,N,0.4107
LFA44FA4LO0,24 A 47,ACTIVO,295524.755,ETHER,NAVAL,B92375,4,0.2243
Z0FALOV4ZFA,60 Y MAS,ACTIVO,265325.145,GOLD,NAVAL,B92375,4,0.4808
LZZ8FA480,24 A 47,ACTIVO,207083.04,0,SPURS,Y79G54,3,0.1544
800L4L8FA,60 Y MAS,ACTIVO,295093.332,0,VIKING ARMOUR,JSF89A,4,0.9045
FA0LOV00LLO,00 A 06,ACTIVO,,#N/D,SOIL,Y79G54,#N/D,0.2094
FA00LOFA9V0,00 A 06,ACTIVO,250225.34,#N/D,VIKING ARMOUR,B92375,N,0.6007
VVFA0FALOL,60 Y MAS,ACTIVO,560849.9,BITCOIN,VIKING ARMOUR,Y79G54,6,0.2004
L0009ZLL,60 Y MAS,ACTIVO,362395.32,0,VIKING ARMOUR,Y79G54,3,0.9978
L0L8ZZ84,48 A 60,ACTIVO,362395.32,GOLD,VIKING ARMOUR,Y79G54,4,0.8436
L8V0LOV9FA,07 A 11,ACTIVO,159626.51,0,SPURS,Y79G54,N,0.8563
Z00L9098,60 Y MAS,ACTIVO,286896.295,0,VIKING ARMOUR,B92375,4,0.1574
LO0LOVLOL98,12 A 23,ACTIVO,51770.76,0,DRAGONS,90LD2,2,0.6382
FA0VV849V,00 A 06,activo,,#N/D,SOIL,Y79G54,#N/D,0.1783
8LOL4409,60 Y MAS,ACTIVO,500019.257,ETHER,VIKING ARMOUR,Y79G54,6,0.954
LVFA8FAVZ9,12 A 23,ACTIVO,189826.12,GOLD,SPURS,Y79G54,2,0.4242
8000V80L,24 A 47,ACTIVO,226497.075,0,NAVAL,90LD2,4,0.4392
L08ZZ0FA9,48 A 60,ACTIVO,207083.04,BITCOIN,SPURS,Y79G54,4,0.7121
909FALOVLO,60 Y MAS,ACTIVO,320115.866,ETHER,VIKING ARMOUR,Y79G54,4,0.9328
L00008FAFA,60 Y MAS,ACTIVO,474565.3,BITCOIN,VIKING ARMOUR,Y79G54,6,0.1655
V0LOZFA000,60 Y MAS,ACTIVO,229948.459,BITCOIN,VIKING ARMOUR,90LD2,4,0.9125
L4VLO9090,24 A 47,ACTIVO,207083.04,USD,SOIL,Y79G54,4,0.9079
98FA0Z40,60 Y MAS,ACTIVO,250225.34,GOLD,VIKING ARMOUR,B92375,4,0.6986
LLO0LO8404,24 A 47,ACTIVO,159626.51,GOLD,SOIL,Y79G54,2,0.1266
L40ZMFA9V,24 A 47,ACTIVO,371023.78,BITCOIN,VIKING ARMOUR,Y79G54,4,0.6746
Z0L9ZLO8FA,60 Y MAS,ACTIVO,356355.398,BITCOIN,DRAGONS,90LD2,4,0.8933
LVFA0LZLOV,12 A 23,ACTIVO,243753.995,GOLD,SPURS,Y79G54,4,0.5611
V0LO08L09,60 Y MAS,ACTIVO,207514.463,BITCOIN,DRAGONS,90LD2,2,0.6709
LO0ZFAV080,60 Y MAS,ACTIVO,152292.319,0,DRAGONS,90LD2,2,0.8369
900LZ948,24 A 47,ACTIVO,,#N/D,VIKING ARMOUR,90LD2,#N/D,0.8264
V08Z0Z8Z,60 Y MAS,ACTIVO,198454.58,GOLD,VIKING ARMOUR,JSF89A,2,0.3483
FA0LZL9LO0,00 A 06,ACTIVO,207083.04,0,DRAGONS,Y79G54,N,0.6015
LLOZ4ZLOFA4,12 A 23,ACTIVO,392594.93,BITCOIN,VIKING ARMOUR,B92375,4,0.3237
9LOFAL9LLO,60 Y MAS,ACTIVO,228654.19,ETHER,NAVAL,B92375,2,0.1434
L8Z09ZZ8,07 A 11,ACTIVO,237282.65,BITCOIN,VIKING ARMOUR,B92375,2,0.8576
L8888LOZLO,07 A 11,ACTIVO,155312.28,#N/D,DRAGONS,Y79G54,N,0.6226
ZZ40V0LOL,60 Y MAS,ACTIVO,198454.58,BITCOIN,SPURS,Y79G54,4,0.4625
LO0Z4889FA,24 A 47,ACTIVO,171274.931,GOLD,DRAGONS,90LD2,2,0.185
LV44FALO9V,12 A 23,ACTIVO,189826.12,BITCOIN,SPURS,Y79G54,2,0.4794
LLOFALOFALLLO,12 A 23,ACTIVO,140212.475,0,DRAGONS,B92375,2,0.3984
V00L09FAL,60 Y MAS,ACTIVO,151860.896,0,NAVAL,JSF89A,2,0.9333
LL0V0VLO0,48 A 60,ACTIVO,273953.605,0,VIKING ARMOUR,B92375,4,0.6466
80L0ZZ04,60 Y MAS,ACTIVO,283013.488,BITCOIN,DRAGONS,90LD2,4,0.418
LZ89ZMVV,24 A 47,ACTIVO,103541.52,GOLD,DRAGONS,B92375,2,0.7784
LVV08VLO9,12 A 23,ACTIVO,267050.837,0,VIKING ARMOUR,JSF89A,2,0.453
L480Z9FA0,24 A 47,ACTIVO,250225.34,0,VIKING ARMOUR,B92375,2,0.8388
LFALO9LO80L,24 A 47,ACTIVO,310624.56,GOLD,VIKING ARMOUR,B92375,4,0.265
LLO4ZZ48L,12 A 23,activo,345138.4,GOLD,VIKING ARMOUR,B92375,4,0.7672
LVL8V9FALO,12 A 23,ACTIVO,187669.005,0,SPURS,JSF89A,3,0.2181
LV89LOZ88,12 A 23,ACTIVO,112169.98,GOLD,SPURS,Y79G54,2,0.8751
LZ4098L0,24 A 47,ACTIVO,444365.69,ETHER,VIKING ARMOUR,Y79G54,6,0.8356
FA0FAFA80LO8,00 A 06,activo,245479.687,0,VIKING ARMOUR,JSF89A,N,0.1554
LVLV9Z89,12 A 23,ACTIVO,250225.34,0,VIKING ARMOUR,B92375,2,0.9898
L8Z0ZFA8V,07 A 11,ACTIVO,207083.04,#N/D,VIKING ARMOUR,B92375,2,0.8736
L0VV8LO40,48 A 60,ACTIVO,159626.51,0,SOIL,Y79G54,1,0.0408
8Z4L8VLO,60 Y MAS,ACTIVO,237282.65,BITCOIN,VIKING ARMOUR,B92375,2,0.2771
L48LO9FA0Z,24 A 47,ACTIVO,254539.57,BITCOIN,SPURS,Y79G54,4,0.392
FA04Z4VLOFA,00 A 06,ACTIVO,,#N/D,VIKING ARMOUR,B92375,#N/D,0.2687
V00LO9LZZ,60 Y MAS,ACTIVO,298113.293,0,VIKING ARMOUR,90LD2,6,0.0066
LV80ZLL9,07 A 11,ACTIVO,198454.58,ETHER,SPURS,Y79G54,2,0.4168
LO04FAZV4LO,60 Y MAS,ACTIVO,132446.861,0,DRAGONS,90LD2,2,0.744
LV9Z90LOV,07 A 11,ACTIVO,237282.65,0,VIKING ARMOUR,B92375,2,0.3525
L4V0L0LOFA,24 A 47,ACTIVO,228654.19,0,NAVAL,B92375,2,0.1801
LLO940090,12 A 23,ACTIVO,286896.295,0,VIKING ARMOUR,B92375,4,0.0178
LO04FA8V0Z,60 Y MAS,ACTIVO,207945.886,0,NAVAL,90LD2,4,0.3383
ZZ448LO44,60 Y MAS,ACTIVO,448679.92,BITCOIN,VIKING ARMOUR,Y79G54,4,0.7617
FA0L8FALO8FA,00 A 06,ACTIVO,267482.26,0,SPURS,Y79G54,N,0.5498
LVZZMZMFA,12 A 23,ACTIVO,399066.275,0,VIKING ARMOUR,Y79G54,4,0.3346
90LLLLOFAL,12 A 23,ACTIVO,,#N/D,VIKING ARMOUR,90LD2,#N/D,0.4866
LVZM4LOVL,12 A 23,ACTIVO,207083.04,BITCOIN,SPURS,Y79G54,2,0.6886
LFALV0Z00,24 A 47,ACTIVO,103541.52,0,DRAGONS,B92375,2,0.912
Z0LO000LO0,60 Y MAS,ACTIVO,405537.62,0,VIKING ARMOUR,Y79G54,3,0.6898
FA080ZLL4,00 A 06,ACTIVO,,#N/D,SPURS,Y79G54,#N/D,0.9867
LLOL80V0V,24 A 47,ACTIVO,310624.56,0,VIKING ARMOUR,Y79G54,4,0.9125
LLOZ90Z9FA,12 A 23,ACTIVO,273953.605,0,VIKING ARMOUR,B92375,1,0.1135
L94FAV809,07 A 11,ACTIVO,345138.4,BITCOIN,SPURS,Y79G54,N,0.6492
LV0LO88LLO,12 A 23,ACTIVO,250225.34,0,VIKING ARMOUR,B92375,1,0.7507
LLVVLOLLOL,24 A 47,ACTIVO,258853.8,BITCOIN,NAVAL,B92375,4,0.6151
L80FA9008,07 A 11,ACTIVO,414166.08,BITCOIN,VIKING ARMOUR,Y79G54,2,0.4641
LZMVL0Z9,12 A 23,ACTIVO,314938.79,BITCOIN,VIKING ARMOUR,Y79G54,3,0.7979
Z0ZMZ0FAFA,60 Y MAS,ACTIVO,203631.656,BITCOIN,VIKING ARMOUR,B92375,4,0.708
LV4VL9LL,12 A 23,ACTIVO,371023.78,BITCOIN,VIKING ARMOUR,Y79G54,4,0.8239
LO0Z00LLO9,60 Y MAS,ACTIVO,102678.674,0,NAVAL,90LD2,2,0.9178
FA0FA0LOLFA4,00 A 06,ACTIVO,250225.34,0,VIKING ARMOUR,B92375,N,0.1164
9FALO00,60 Y MAS,ACTIVO,362395.32,USD,VIKING ARMOUR,Y79G54,4,0.5364
LV9ZVV4FA,12 A 23,ACTIVO,211397.27,BITCOIN,VIKING ARMOUR,B92375,2,0.3963
LZ9LOV00L,24 A 47,ACTIVO,250225.34,TYP2,VIKING ARMOUR,B92375,1,0.2886
90Z44Z0,60 Y MAS,ACTIVO,334784.248,BITCOIN,VIKING ARMOUR,Y79G54,4,0.1856
LFAV4V0LO4,24 A 47,ACTIVO,495273.604,USD,DRAGONS,Y79G54,2,0.8912
L8VV9L4Z,07 A 11,ACTIVO,,#N/D,VIKING ARMOUR,Y79G54,#N/D,0.7288
Z0V4V04Z,60 Y MAS,ACTIVO,360238.205,TYP2,VIKING ARMOUR,B92375,4,0.6048
L8VLOL0Z4,07 A 11,ACTIVO,237282.65,#N/D,VIKING ARMOUR,B92375,N,0.8727
L0LLO9FA90,48 A 60,ACTIVO,388280.7,BITCOIN,VIKING ARMOUR,Y79G54,6,0.4645
LLO08L4FAFA,24 A 47,ACTIVO,159626.51,USD,SOIL,Y79G54,2,0.3102
L908LO0L4,00 A 06,ACTIVO,194140.35,#N/D,VIKING ARMOUR,B92375,N,0.5365
LFA000094,24 A 47,ACTIVO,159626.51,0,SOIL,Y79G54,2,0.3731
LV9FA40FAV,12 A 23,ACTIVO,289053.41,BITCOIN,VIKING ARMOUR,Y79G54,2,0.1934
LVFA4LLO,07 A 11,ACTIVO,445228.536,0,VIKING ARMOUR,Y79G54,3,0.9069
Z0Z88Z,60 Y MAS,ACTIVO,568184.091,GOLD,VIKING ARMOUR,Y79G54,4,0.5645
L8ZVZ8ZLO,07 A 11,ACTIVO,150998.05,#N/D,SOIL,Y79G54,1,0.9384
ZLO4LO49ZL,60 Y MAS,ACTIVO,440051.46,ETHER,VIKING ARMOUR,Y79G54,4,0.3087
LV8800FAZ,07 A 11,ACTIVO,338667.055,ETHER,VIKING ARMOUR,Y79G54,4,0.7128
L988ZLO8LO,00 A 06,ACTIVO,159626.51,BITCOIN,SPURS,Y79G54,N,0.5433
ZZ00ZZ8L,60 Y MAS,ACTIVO,128995.477,GOLD,DRAGONS,90LD2,2,0.0483
ZZZL0LOVV,60 Y MAS,ACTIVO,346864.092,0,NAVAL,90LD2,4,0.2434
Z0L04809,60 Y MAS,ACTIVO,140212.475,GOLD,DRAGONS,B92375,2,0.1909
Z00LLLLOV,60 Y MAS,ACTIVO,103541.52,0,DRAGONS,B92375,2,0.1756
90FAV090,60 Y MAS,ACTIVO,207083.04,BITCOIN,SPURS,Y79G54,4,0.6975
L8FA0V8LOZ,07 A 11,activo,,#N/D,SPURS,Y79G54,#N/D,0.294
LZLO9LV0Z,24 A 47,ACTIVO,286896.295,0,VIKING ARMOUR,B92375,3,0.6082
ZVZMLO8LZ,24 A 47,ACTIVO,127269.785,0,DRAGONS,JSF89A,1,0.909
9004ZZMZ,60 Y MAS,ACTIVO,,#N/D,VIKING ARMOUR,Y79G54,#N/D,0.8506
800FAL8LO0,60 Y MAS,ACTIVO,141075.321,0,VIKING ARMOUR,B92375,2,0.1279
LLO0L0L40,24 A 47,ACTIVO,189826.12,ETHER,SPURS,Y79G54,2,0.7391
L40ZLOV8V,24 A 47,ACTIVO,159626.51,0,SOIL,Y79G54,1,0.7791
FA009Z498,00 A 06,activo,250225.34,#N/D,VIKING ARMOUR,B92375,N,0.5818
LZ490ZM0,24 A 47,ACTIVO,360238.205,ETHER,VIKING ARMOUR,B92375,4,0.0823
FA004L908,00 A 06,activo,,#N/D,VIKING ARMOUR,B92375,#N/D,0.3766
LLO408ZM9,24 A 47,ACTIVO,250225.34,GOLD,VIKING ARMOUR,B92375,2,0.4921
LZ49FAFA08,24 A 47,ACTIVO,161783.625,GOLD,VIKING ARMOUR,JSF89A,2,0.1351
L0LFA9Z49,60 Y MAS,ACTIVO,159626.51,BITCOIN,SOIL,Y79G54,2,0.9053
9LO89ZMFA,60 Y MAS,ACTIVO,243753.995,TYP2,SPURS,Y79G54,4,0.1359
L9Z0VLO08,07 A 11,ACTIVO,99227.29,0,DRAGONS,JSF89A,N,0.115
LL8FA0L09,24 A 47,ACTIVO,440051.46,BITCOIN,VIKING ARMOUR,Y79G54,4,0.3224
ZZ0LLO8L0,48 A 60,ACTIVO,128995.477,GOLD,DRAGONS,90LD2,2,0.355
LFAZZFAZZM,24 A 47,ACTIVO,159626.51,0,SOIL,Y79G54,1,0.1669
Z009FAL08,60 Y MAS,ACTIVO,603992.2,GOLD,VIKING ARMOUR,Y79G54,6,0.3372
LVLV0Z08,12 A 23,ACTIVO,159626.51,GOLD,SOIL,Y79G54,2,0.818
FA08VFA9ZM,00 A 06,ACTIVO,,#N/D,VIKING ARMOUR,JSF89A,#N/D,0.4167
LLO0FA8Z40,24 A 47,ACTIVO,276110.72,0,VIKING ARMOUR,Y79G54,1,0.2401
9000VV0,60 Y MAS,ACTIVO,578106.82,BITCOIN,VIKING ARMOUR,Y79G54,6,0.0063
LO04L88LO0,24 A 47,ACTIVO,95344.483,0,DRAGONS,90LD2,2,0.177
LZV84ZLOV,24 A 47,ACTIVO,297681.87,BITCOIN,SPURS,Y79G54,4,0.9698
LV0000FA9,12 A 23,ACTIVO,291210.525,0,SPURS,Y79G54,3,0.1138
LLOVLO0LLO0,12 A 23,ACTIVO,619092.005,ETHER,VIKING ARMOUR,Y79G54,4,0.7879
L0LOL4FAZV,48 A 60,ACTIVO,159626.51,GOLD,SOIL,Y79G54,2,0.1504
FA000LFA0V,00 A 06,ACTIVO,264893.722,0,VIKING ARMOUR,JSF89A,N,0.2716
L8LO9FA448,07 A 11,ACTIVO,159626.51,#N/D,SOIL,Y79G54,N,0.0121
Z009VFAL9,60 Y MAS,ACTIVO,250225.34,GOLD,VIKING ARMOUR,B92375,4,0.4021
V09FAFAL0FA,60 Y MAS,ACTIVO,140212.475,GOLD,DRAGONS,B92375,2,0.4989
LZ0VFA9FA4,24 A 47,ACTIVO,327881.48,0,VIKING ARMOUR,Y79G54,4,0.5909
FA0FAVZ08FA,00 A 06,ACTIVO,297681.87,0,VIKING ARMOUR,Y79G54,N,0.1676
Z0FAVL90Z,60 Y MAS,ACTIVO,422794.54,BITCOIN,VIKING ARMOUR,Y79G54,3,0.1658
V0FA9Z040,60 Y MAS,ACTIVO,103541.52,0,DRAGONS,B92375,2,0.832
LL08LZFALO,48 A 60,ACTIVO,250225.34,0,VIKING ARMOUR,B92375,1,0.3816
LV80FAL8V,12 A 23,ACTIVO,407694.735,GOLD,VIKING ARMOUR,Y79G54,4,0.2754
V090L0LOV,48 A 60,ACTIVO,250225.34,GOLD,VIKING ARMOUR,B92375,4,0.4866
L800L804,12 A 23,ACTIVO,230811.305,GOLD,VIKING ARMOUR,B92375,2,0.5845
LO0ZLZFAFA4,24 A 47,ACTIVO,135898.245,0,DRAGONS,JSF89A,2,0.8752
FA0V8ZM00,00 A 06,activo,,#N/D,VIKING ARMOUR,B92375,#N/D,0.5155
FA4FA80,60 Y MAS,ACTIVO,338667.055,BITCOIN,VIKING ARMOUR,B92375,4,0.4181
LO0L4949L,60 Y MAS,ACTIVO,103541.52,GOLD,DRAGONS,B92375,2,0.9904
L8LOLV9Z0,07 A 11,ACTIVO,258853.8,#N/D,SPURS,Y79G54,1,0.6535
VL8Z80L,60 Y MAS,ACTIVO,430128.731,ETHER,VIKING ARMOUR,Y79G54,4,0.548
8LL08FAFA,60 Y MAS,ACTIVO,573792.59,BITCOIN,VIKING ARMOUR,Y79G54,6,0.6363
VLOL0488,60 Y MAS,ACTIVO,320115.866,TYP2,DRAGONS,90LD2,4,0.8994
L8Z9VV88,07 A 11,ACTIVO,181197.66,ETHER,SPURS,Y79G54,2,0.517
L40Z4LO0L,24 A 47,ACTIVO,239439.765,0,NAVAL,B92375,3,0.2394
LZL80LO00,24 A 47,ACTIVO,241596.88,GOLD,VIKING ARMOUR,B92375,4,0.5035
L98LOVFAZ0,00 A 06,ACTIVO,362395.32,#N/D,VIKING ARMOUR,Y79G54,N,0.6704
LO0LLO8909,60 Y MAS,ACTIVO,195434.619,0,VIKING ARMOUR,Y79G54,4,0.5438
ZVZ9LO8VLO,48 A 60,ACTIVO,252813.878,GOLD,VIKING ARMOUR,90LD2,4,0.6942
LLOFAFALO,60 Y MAS,ACTIVO,135898.245,BITCOIN,DRAGONS,B92375,2,0.5745
LL04L840,48 A 60,ACTIVO,409851.85,0,VIKING ARMOUR,Y79G54,4,0.741
FA0L498LOL,00 A 06,ACTIVO,163940.74,0,DRAGONS,Y79G54,N,0.4489
LFAFAV890LO,24 A 47,ACTIVO,250225.34,ETHER,SOIL,Y79G54,4,0.9411
V0FA449FA,60 Y MAS,ACTIVO,497862.142,BITCOIN,VIKING ARMOUR,90LD2,6,0.2338
LZM0FAFA9FA,12 A 23,ACTIVO,,#N/D,VIKING ARMOUR,B92375,#N/D,0.0215
L80Z90LO8,07 A 11,ACTIVO,217868.615,ETHER,SPURS,Y79G54,2,0.3907
V009Z989,12 A 23,ACTIVO,195434.619,0,VIKING ARMOUR,90LD2,4,0.6431
LLLOLFAFALO0,24 A 47,ACTIVO,207083.04,BITCOIN,SPURS,Y79G54,4,0.4661
LLLOVZ0LO0,24 A 47,ACTIVO,470251.07,GOLD,VIKING ARMOUR,Y79G54,6,0.6554
L8LOFA44Z9,07 A 11,ACTIVO,150998.05,#N/D,SOIL,Y79G54,2,0.2887
904VFA44,60 Y MAS,ACTIVO,198454.58,BITCOIN,SPURS,Y79G54,4,0.7143
ZZLV8LZ0,60 Y MAS,ACTIVO,280424.95,ETHER,VIKING ARMOUR,Y79G54,2,0.045
8V8LL84,60 Y MAS,ACTIVO,286896.295,BITCOIN,VIKING ARMOUR,B92375,4,0.711
4ZMLO08LO,60 Y MAS,ACTIVO,347295.515,GOLD,VIKING ARMOUR,B92375,4,0.6894
LO00LO980Z,60 Y MAS,ACTIVO,133741.13,0,DRAGONS,90LD2,2,0.2863
8LOFA8LO88,60 Y MAS,ACTIVO,91461.676,0,DRAGONS,90LD2,2,0.9239
ZZFA44LO48,60 Y MAS,ACTIVO,517707.6,TYP2,VIKING ARMOUR,Y79G54,6,0.1002
LVFAFA090LO,12 A 23,ACTIVO,276110.72,GOLD,VIKING ARMOUR,Y79G54,2,0.1587
ZZ08LLO0V,60 Y MAS,ACTIVO,104835.789,GOLD,VIKING ARMOUR,JSF89A,4,0.8627
LFALO0FAZ44,24 A 47,ACTIVO,207083.04,BITCOIN,SPURS,Y79G54,4,0.1273
900FALO8LLO,60 Y MAS,ACTIVO,325292.942,0,SPURS,90LD2,2,0.915
LZLOVL44FA,24 A 47,ACTIVO,207083.04,0,SPURS,Y79G54,0,0.7628
L0LFAV8FAV,48 A 60,ACTIVO,241596.88,ETHER,SPURS,Y79G54,4,0.1509
L0L490LO0,60 Y MAS,ACTIVO,286896.295,ETHER,VIKING ARMOUR,B92375,4,0.9741
Z0ZM9ZFAFA,60 Y MAS,ACTIVO,198454.58,BITCOIN,SPURS,Y79G54,4,0.9535
LZ0LO9L9L,24 A 47,ACTIVO,241596.88,0,VIKING ARMOUR,B92375,4,0.2266
FA00Z9049,00 A 06,ACTIVO,250225.34,#N/D,VIKING ARMOUR,B92375,N,0.6041
900LOVZVL,60 Y MAS,ACTIVO,,#N/D,VIKING ARMOUR,90LD2,#N/D,0.9177
LLLFA00LL,48 A 60,ACTIVO,215711.5,GOLD,VIKING ARMOUR,B92375,2,0.5414
L9LVZFAZ4,00 A 06,ACTIVO,237282.65,0,VIKING ARMOUR,B92375,N,0.5384
L4LO0400Z,24 A 47,ACTIVO,140212.475,0,DRAGONS,B92375,1,0.288
LLO80LOL80,12 A 23,ACTIVO,226497.075,0,SPURS,Y79G54,1,0.3624
LLV49ZZ9,48 A 60,ACTIVO,317095.905,0,VIKING ARMOUR,B92375,4,0.5925
ZZFA8Z0VFA,60 Y MAS,ACTIVO,128995.477,GOLD,DRAGONS,90LD2,2,0.2012
FA048084Z,00 A 06,ACTIVO,,#N/D,SPURS,Y79G54,#N/D,0.1159
LV4840VZ,12 A 23,ACTIVO,362395.32,BITCOIN,VIKING ARMOUR,Y79G54,4,0.7665
LVV8LV4V,12 A 23,ACTIVO,304153.215,0,VIKING ARMOUR,JSF89A,4,0.9329
LVLFA80LO4,12 A 23,ACTIVO,276110.72,ETHER,VIKING ARMOUR,Y79G54,2,0.9421
L0L8FAL8V,60 Y MAS,ACTIVO,443934.267,0,VIKING ARMOUR,Y79G54,4,0.8565
L0094LFAZ,48 A 60,ACTIVO,207083.04,BITCOIN,SPURS,Y79G54,2,0.9587
LFAZ09L00,24 A 47,ACTIVO,159626.51,#N/D,SOIL,Y79G54,2,0.5029
L9498FA84,00 A 06,ACTIVO,159626.51,ETHER,VIKING ARMOUR,B92375,N,0.143
L4V90VVLO,24 A 47,ACTIVO,323567.25,0,VIKING ARMOUR,Y79G54,4,0.362
LFALOFALFAVLO,24 A 47,ACTIVO,335215.671,BITCOIN,VIKING ARMOUR,Y79G54,3,0.3222
FAFAV4LO,60 Y MAS,ACTIVO,558692.785,0,VIKING ARMOUR,Y79G54,6,0.3304
LFAFAZ0080,24 A 47,ACTIVO,196297.465,0,SOIL,Y79G54,1,0.1912
VFA90ZMFA,60 Y MAS,ACTIVO,229948.459,BITCOIN,DRAGONS,90LD2,2,0.8536
LO00LFA0LLO,60 Y MAS,ACTIVO,597089.432,BITCOIN,VIKING ARMOUR,Y79G54,4,0.1763
LVV0FALOV9,12 A 23,ACTIVO,189826.12,0,SPURS,Y79G54,2,0.7744
LLO98LFALOFA,12 A 23,ACTIVO,159626.51,BITCOIN,SOIL,Y79G54,2,0.7241
LL8FAVV8FA,24 A 47,ACTIVO,181197.66,BITCOIN,SPURS,Y79G54,4,0.917
LZVV4408,24 A 47,ACTIVO,250225.34,GOLD,VIKING ARMOUR,B92375,4,0.6916
LZ8LOV094,24 A 47,ACTIVO,278267.835,#N/D,SPURS,Y79G54,4,0.0089
Z0V09LOFA4,60 Y MAS,ACTIVO,295524.755,GOLD,NAVAL,B92375,4,0.633
L9FAFAZ9Z9,07 A 11,ACTIVO,204925.925,#N/D,VIKING ARMOUR,JSF89A,N,0.5804
L00Z00Z4,48 A 60,ACTIVO,250225.34,0,VIKING ARMOUR,B92375,4,0.1051
LFAVZ0V8FA,24 A 47,ACTIVO,466799.686,0,VIKING ARMOUR,Y79G54,3,0.287
LFALV9V9LO,24 A 47,ACTIVO,213554.385,BITCOIN,DRAGONS,B92375,2,0.4989
LZ8FAV0V4,24 A 47,ACTIVO,565164.13,0,VIKING ARMOUR,Y79G54,4,0.3288
L9LOV449Z,00 A 06,ACTIVO,237282.65,#N/D,VIKING ARMOUR,B92375,N,0.9133
L8Z404VV,07 A 11,ACTIVO,150998.05,ETHER,SOIL,Y79G54,2,0.5799
L4Z840LO8,24 A 47,ACTIVO,207083.04,ETHER,SPURS,Y79G54,3,0.4533
LFA890VZ0,24 A 47,ACTIVO,258853.8,0,SPURS,Y79G54,4,0.8992
8ZFA0Z80,60 Y MAS,ACTIVO,128995.477,USD,SOIL,90LD2,2,0.8293
LFAFAVVFA49,24 A 47,ACTIVO,159626.51,#N/D,SOIL,Y79G54,2,0.7929
9VLOLLO0Z,60 Y MAS,ACTIVO,189826.12,BITCOIN,SPURS,Y79G54,4,0.9245
LO0LOLV400,60 Y MAS,ACTIVO,95344.483,BITCOIN,DRAGONS,90LD2,2,0.161
FA0ZL444Z,00 A 06,ACTIVO,,#N/D,SPURS,Y79G54,#N/D,0.0186
FA0FALOV948,00 A 06,ACTIVO,232968.42,0,SPURS,Y79G54,N,0.1095
Z04FALO448,60 Y MAS,ACTIVO,101815.828,GOLD,SPURS,Y79G54,2,0.238
LL0FAZ9LL,48 A 60,ACTIVO,196297.465,0,SOIL,Y79G54,2,0.0887
LVZ9L808,12 A 23,ACTIVO,129426.9,0,DRAGONS,JSF89A,2,0.6414
LLOV9ZFAFAV,12 A 23,ACTIVO,159626.51,0,SOIL,Y79G54,2,0.4267
L9VV0V8V,00 A 06,ACTIVO,237282.65,#N/D,VIKING ARMOUR,B92375,N,0.0952
LV000V00,12 A 23,ACTIVO,103541.52,0,DRAGONS,B92375,1,0.0165
V00ZVZLO0,24 A 47,ACTIVO,122092.709,ETHER,SOIL,90LD2,2,0.5325
LZV8LOL00,24 A 47,ACTIVO,323567.25,BITCOIN,VIKING ARMOUR,B92375,3,0.7779
L8VZLFAV4,07 A 11,ACTIVO,150998.05,GOLD,SOIL,Y79G54,N,0.8395
Z00FAVLO89,60 Y MAS,ACTIVO,422794.54,BITCOIN,VIKING ARMOUR,Y79G54,6,0.7275
V00Z0484,12 A 23,ACTIVO,95344.483,0,VIKING ARMOUR,JSF89A,2,0.6551
LFAV0ZLLOV,24 A 47,ACTIVO,314938.79,0,VIKING ARMOUR,Y79G54,4,0.7801
L00ZZ0Z0,48 A 60,ACTIVO,228654.19,USD,NAVAL,B92375,2,0.4224
LVZFAVFAFALO,12 A 23,ACTIVO,688119.685,0,VIKING ARMOUR,Y79G54,3,0.051
L9L40840,07 A 11,ACTIVO,217868.615,#N/D,SPURS,Y79G54,N,0.8031
LO0ZLOV0VZ,60 Y MAS,ACTIVO,129426.9,BITCOIN,DRAGONS,JSF89A,2,0.2223
LZ08LL09,24 A 47,ACTIVO,707102.297,BITCOIN,VIKING ARMOUR,Y79G54,6,0.9373
LO044LO0LLO,60 Y MAS,ACTIVO,126838.362,0,DRAGONS,90LD2,2,0.7443
FA0080889,00 A 06,ACTIVO,250225.34,#N/D,VIKING ARMOUR,B92375,N,0.6657
L8LOFA9L9FA,07 A 11,ACTIVO,237282.65,#N/D,VIKING ARMOUR,B92375,2,0.3304
L90FA0809,00 A 06,ACTIVO,273953.605,TYP2,VIKING ARMOUR,B92375,N,0.3403
LZ4ZZ889,24 A 47,ACTIVO,250225.34,ETHER,VIKING ARMOUR,B92375,4,0.7792
V0Z8FAVFAL,60 Y MAS,ACTIVO,207514.463,BITCOIN,DRAGONS,90LD2,2,0.8751
8ZFAV400,60 Y MAS,ACTIVO,280424.95,BITCOIN,VIKING ARMOUR,Y79G54,2,0.0568
L8V4Z4LOV,07 A 11,ACTIVO,237282.65,#N/D,VIKING ARMOUR,B92375,N,0.0103
889LO004,60 Y MAS,ACTIVO,189826.12,GOLD,DRAGONS,Y79G54,2,0.4735
LV88488L,07 A 11,ACTIVO,209240.155,0,DRAGONS,Y79G54,1,0.9304
V0900LO4,60 Y MAS,ACTIVO,213554.385,TYP2,DRAGONS,B92375,2,0.3722
LLOZ40004,12 A 23,ACTIVO,140212.475,GOLD,DRAGONS,B92375,2,0.6096
FA0LFA08LLO,00 A 06,ACTIVO,297681.87,0,VIKING ARMOUR,Y79G54,N,0.2621
Z0LO80LOZ0,60 Y MAS,ACTIVO,189826.12,BITCOIN,DRAGONS,90LD2,2,0.8746
LVLOZLO800,12 A 23,ACTIVO,396909.16,BITCOIN,VIKING ARMOUR,Y79G54,2,0.3725
8LOLFA9LV,60 Y MAS,ACTIVO,358081.09,TYP2,NAVAL,90LD2,6,0.8144
V00LOZFAFAL,24 A 47,ACTIVO,120798.44,0,SPURS,Y79G54,2,0.4917
L449FAZZFA,24 A 47,ACTIVO,170412.085,TYP2,DRAGONS,B92375,2,0.339
L880FALV4,00 A 06,ACTIVO,150998.05,#N/D,SOIL,Y79G54,N,0.6588
L0L40LOLFA,48 A 60,ACTIVO,301996.1,0,SPURS,Y79G54,4,0.8569
V00L9Z4FA,60 Y MAS,ACTIVO,129426.9,0,DRAGONS,JSF89A,2,0.7741
FA000LVZ0,00 A 06,ACTIVO,215711.5,#N/D,SPURS,Y79G54,N,0.1811
L8LLOFA0,00 A 06,ACTIVO,250225.34,#N/D,VIKING ARMOUR,B92375,N,0.3097
LLO0LO9Z04,24 A 47,ACTIVO,286896.295,0,VIKING ARMOUR,B92375,1,0.4688
L9LO40L48,00 A 06,ACTIVO,,#N/D,SPURS,Y79G54,#N/D,0.0311
V080LO488,24 A 47,ACTIVO,119504.171,BITCOIN,VIKING ARMOUR,90LD2,2,0.7524
VV0LZM0,60 Y MAS,ACTIVO,303721.792,BITCOIN,NAVAL,90LD2,4,0.4336
FA00LZ00V,00 A 06,ACTIVO,215711.5,#N/D,VIKING ARMOUR,B92375,N,0.1867
LZ484ZVLO,24 A 47,ACTIVO,250225.34,ETHER,VIKING ARMOUR,B92375,4,0.6569
FA008009V,00 A 06,ACTIVO,250225.34,#N/D,VIKING ARMOUR,B92375,N,0.5395
FA009LZV0,00 A 06,ACTIVO,232968.42,GOLD,SPURS,Y79G54,N,0.2615
FA0Z0LL4Z,00 A 06,ACTIVO,,#N/D,VIKING ARMOUR,B92375,#N/D,0.3566
L4FA0L094,24 A 47,ACTIVO,286896.295,BITCOIN,VIKING ARMOUR,B92375,4,0.0825
LO0ZM0804,60 Y MAS,ACTIVO,165235.009,0,NAVAL,90LD2,2,0.3442
FA09LO0FAFAFA,00 A 06,activo,,#N/D,SPURS,Y79G54,#N/D,0.5224
8V9LO049,60 Y MAS,ACTIVO,353766.86,BITCOIN,VIKING ARMOUR,Y79G54,4,0.5493
L00400FA0,60 Y MAS,ACTIVO,314938.79,BITCOIN,VIKING ARMOUR,Y79G54,4,0.1881
LLO900LOV0,12 A 23,ACTIVO,596658.009,TYP2,NAVAL,JSF89A,4,0.4485
V0LZV8VL,60 Y MAS,ACTIVO,99227.29,0,DRAGONS,90LD2,2,0.2465
LV0FAVFAZFA,12 A 23,ACTIVO,250225.34,0,VIKING ARMOUR,B92375,1,0.4772
8LO44,60 Y MAS,ACTIVO,444365.69,GOLD,VIKING ARMOUR,Y79G54,4,0.1554
Z0LFA8800,60 Y MAS,ACTIVO,250225.34,0,VIKING ARMOUR,B92375,4,0.4412
LLOVV90LV,12 A 23,ACTIVO,286896.295,BITCOIN,VIKING ARMOUR,B92375,4,0.9323
FA0FA09LLO8,00 A 06,ACTIVO,159626.51,0,SOIL,Y79G54,N,0.0144
LFA88FAV9LO,24 A 47,ACTIVO,189826.12,GOLD,SPURS,Y79G54,4,0.1021
LVFAZ44,00 A 06,ACTIVO,,#N/D,SOIL,Y79G54,#N/D,0.4795
900VFA,60 Y MAS,ACTIVO,371023.78,0,VIKING ARMOUR,90LD2,3,0.0578
LLO8Z000Z,12 A 23,ACTIVO,358081.09,BITCOIN,VIKING ARMOUR,B92375,4,0.8525
LZLVLOL44,24 A 47,ACTIVO,241596.88,0,VIKING ARMOUR,B92375,3,0.2869
ZZ444004,60 Y MAS,ACTIVO,99227.29,GOLD,DRAGONS,JSF89A,2,0.3087
FA004V8,00 A 06,ACTIVO,353766.86,0,VIKING ARMOUR,Y79G54,N,0.5101
L40LZML8,24 A 47,ACTIVO,196297.465,GOLD,SPURS,Y79G54,2,0.6138
LZMLOV9L0,12 A 23,ACTIVO,250225.34,0,VIKING ARMOUR,B92375,1,0.7839
VLFA0VFA0,60 Y MAS,ACTIVO,612189.237,BITCOIN,NAVAL,90LD2,6,0.8939
L9Z90VFALO,00 A 06,ACTIVO,172569.2,BITCOIN,SPURS,Y79G54,N,0.7952
L8LZ9Z09,12 A 23,ACTIVO,150998.05,#N/D,SOIL,Y79G54,2,0.164
LLOZ0FALO0LO,12 A 23,ACTIVO,286896.295,TYP2,VIKING ARMOUR,B92375,4,0.1877
LO0Z90FA9LO,24 A 47,ACTIVO,135898.245,0,DRAGONS,90LD2,2,0.7337
LFAV908ZLO,24 A 47,ACTIVO,207083.04,0,DRAGONS,B92375,1,0.9369
L844FA8FALO,07 A 11,ACTIVO,159626.51,#N/D,SPURS,Y79G54,2,0.4747
LO04FA900L,24 A 47,ACTIVO,245479.687,0,VIKING ARMOUR,JSF89A,4,0.9984
V0008L80,24 A 47,ACTIVO,416323.195,GOLD,VIKING ARMOUR,Y79G54,6,0.8529
FALOV9LZL,60 Y MAS,ACTIVO,698905.26,TYP2,VIKING ARMOUR,Y79G54,6,0.0159
849LL0FA,60 Y MAS,ACTIVO,293367.64,BITCOIN,VIKING ARMOUR,B92375,4,0.0867
LV900800,07 A 11,ACTIVO,235125.535,0,VIKING ARMOUR,B92375,1,0.8647
LFAFALO4VFA9,24 A 47,ACTIVO,159626.51,0,SOIL,Y79G54,1,0.3801
ZZZ00FA0FA,60 Y MAS,ACTIVO,240734.034,ETHER,VIKING ARMOUR,JSF89A,4,0.879
L9LFA988Z,00 A 06,ACTIVO,150998.05,0,SOIL,Y79G54,N,0.703
90L48VFA8,12 A 23,ACTIVO,,#N/D,SPURS,90LD2,#N/D,0.9142
ZZ44V088,60 Y MAS,ACTIVO,101815.828,GOLD,SOIL,90LD2,2,0.2354
LL494FALLO,48 A 60,ACTIVO,159626.51,0,SOIL,Y79G54,1,0.3601
L8FA84ZLOFA,07 A 11,ACTIVO,613914.929,BITCOIN,VIKING ARMOUR,Y79G54,4,0.4828
LZ8LO08LV,24 A 47,ACTIVO,189826.12,0,SPURS,Y79G54,2,0.6762
FA0L9FA8L9,00 A 06,activo,99227.29,0,VIKING ARMOUR,JSF89A,N,0.7323
LL8FA00VV,24 A 47,ACTIVO,228654.19,GOLD,NAVAL,B92375,2,0.8036
LLV98FA8V,24 A 47,ACTIVO,276110.72,BITCOIN,VIKING ARMOUR,Y79G54,4,0.2171
LLO4VV9FA8,12 A 23,ACTIVO,491822.22,BITCOIN,VIKING ARMOUR,Y79G54,3,0.5411
FA0LLO0ZM9,00 A 06,activo,,#N/D,SOIL,Y79G54,#N/D,0.0841
L9FA0LLLO9,00 A 06,ACTIVO,224339.96,TYP2,SPURS,Y79G54,N,0.6307
V09ZZ9FAFA,60 Y MAS,ACTIVO,237282.65,TYP2,VIKING ARMOUR,B92375,2,0.1268
L900LO08L,00 A 06,ACTIVO,187669.005,TYP2,SOIL,Y79G54,N,0.9167
Z0L8FAZV8,60 Y MAS,ACTIVO,289053.41,GOLD,VIKING ARMOUR,Y79G54,4,0.2548
LZ04L988,24 A 47,ACTIVO,317095.905,ETHER,VIKING ARMOUR,B92375,4,0.0614
LL0090,48 A 60,ACTIVO,191983.235,0,SOIL,B92375,1,0.5702
L90LOLV0V,07 A 11,ACTIVO,217868.615,GOLD,SPURS,Y79G54,N,0.4539
L4008FA0V,24 A 47,ACTIVO,170412.085,TYP2,DRAGONS,B92375,2,0.6285
L94V40LO0,00 A 06,ACTIVO,418480.31,TYP2,VIKING ARMOUR,Y79G54,N,0.4341
LZLOFALOZ0FA,24 A 47,ACTIVO,250225.34,GOLD,VIKING ARMOUR,B92375,4,0.7175
ZZ000Z0V,60 Y MAS,ACTIVO,302858.946,GOLD,VIKING ARMOUR,Y79G54,4,0.1158
LZFA0ZVLL,24 A 47,ACTIVO,254539.57,#N/D,SPURS,Y79G54,4,0.68
LLO04LOL8FA,24 A 47,ACTIVO,172569.2,BITCOIN,SPURS,JSF89A,1,0.099
LFA4L0FA80,24 A 47,ACTIVO,,#N/D,SOIL,Y79G54,#N/D,0.9385
FA009ZFA4LO,00 A 06,ACTIVO,159626.51,GOLD,VIKING ARMOUR,B92375,N,0.4647
L009FALOV0,48 A 60,ACTIVO,228654.19,BITCOIN,NAVAL,B92375,2,0.9551
LLOZ0FA9ZV,12 A 23,ACTIVO,250225.34,0,VIKING ARMOUR,B92375,1,0.3184
LO0ZFA0LOVV,60 Y MAS,ACTIVO,,#N/D,DRAGONS,90LD2,#N/D,0.2628
LFA08FAZ4Z,24 A 47,ACTIVO,250225.34,BITCOIN,VIKING ARMOUR,B92375,4,0.436
FA000Z0V0,00 A 06,ACTIVO,159626.51,#N/D,SOIL,Y79G54,N,0.824
LLO08ZZZZ,24 A 47,ACTIVO,325724.365,0,VIKING ARMOUR,Y79G54,4,0.276
LZ80LOZZ8,24 A 47,ACTIVO,371023.78,ETHER,DRAGONS,Y79G54,2,0.5404
LZ9L49ZV,24 A 47,ACTIVO,159626.51,GOLD,SOIL,Y79G54,1,0.8422
L0FA0989V,48 A 60,ACTIVO,314938.79,BITCOIN,VIKING ARMOUR,Y79G54,4,0.7072
L809484Z,07 A 11,ACTIVO,237282.65,BITCOIN,VIKING ARMOUR,B92375,1,0.1614
FA0L00LL8,00 A 06,ACTIVO,189826.12,0,SPURS,Y79G54,N,0.3236
L8LOV800LO,07 A 11,ACTIVO,237282.65,#N/D,VIKING ARMOUR,B92375,N,0.5275
LO0LOLZFALOL,60 Y MAS,ACTIVO,51770.76,0,DRAGONS,90LD2,1,0.7917
LZ80LLO4FA,24 A 47,ACTIVO,189826.12,GOLD,SPURS,Y79G54,1,0.9248
LLOVFAFA08FA,12 A 23,ACTIVO,207083.04,GOLD,SPURS,Y79G54,2,0.6294
L98Z4LLO9,00 A 06,ACTIVO,159626.51,#N/D,SOIL,Y79G54,N,0.5139
LL48L0L4,48 A 60,ACTIVO,250225.34,0,VIKING ARMOUR,B92375,4,0.5262
L9FA90Z90,00 A 06,ACTIVO,224339.96,0,VIKING ARMOUR,JSF89A,N,0.8286
L0V0V0LV,48 A 60,ACTIVO,198454.58,BITCOIN,SPURS,Y79G54,4,0.1046
FA0004LO4FA,00 A 06,ACTIVO,129426.9,BITCOIN,DRAGONS,JSF89A,N,0.2711
L0FAZ80ZFA,60 Y MAS,ACTIVO,235125.535,0,SPURS,Y79G54,4,0.8803
L00LO09LV,48 A 60,ACTIVO,286896.295,0,VIKING ARMOUR,B92375,4,0.1755
88LOZVFA9,60 Y MAS,ACTIVO,122955.555,ETHER,SOIL,90LD2,2,0.4358
8V8LLOL4,60 Y MAS,ACTIVO,86284.6,USD,SOIL,90LD2,2,0.9425
V09LO9LZFA,60 Y MAS,ACTIVO,232105.574,BITCOIN,VIKING ARMOUR,90LD2,4,0.083
LO0ZMZ800,60 Y MAS,ACTIVO,92755.945,0,DRAGONS,90LD2,1,0.8661
L8848LOZZ,07 A 11,ACTIVO,237282.65,BITCOIN,VIKING ARMOUR,B92375,N,0.9769
FA0LO0ZVVLO,00 A 06,ACTIVO,,#N/D,SOIL,Y79G54,#N/D,0.7921
LZVVLOV00,24 A 47,ACTIVO,189826.12,0,SPURS,Y79G54,4,0.8551
VZFAVZMV,60 Y MAS,ACTIVO,390006.392,BITCOIN,VIKING ARMOUR,90LD2,6,0.0683
LFAFA4ZV49,24 A 47,ACTIVO,371023.78,TYP2,VIKING ARMOUR,Y79G54,4,0.4929
Z00448FA0,60 Y MAS,ACTIVO,97070.175,GOLD,DRAGONS,90LD2,2,0.8327
LZ9FAVFA,24 A 47,ACTIVO,310624.56,0,VIKING ARMOUR,Y79G54,4,0.4583
LVL8L8VFA,12 A 23,ACTIVO,379652.24,0,VIKING ARMOUR,B92375,4,0.1164
L9LVL90LO,07 A 11,ACTIVO,237282.65,BITCOIN,VIKING ARMOUR,Y79G54,N,0.4768
V0LOFAL8,60 Y MAS,ACTIVO,232968.42,GOLD,DRAGONS,Y79G54,2,0.5927
LO08VFA9,60 Y MAS,ACTIVO,198886.003,BITCOIN,DRAGONS,90LD2,2,0.6871
L09V489FA,48 A 60,ACTIVO,207083.04,0,SPURS,Y79G54,3,0.0229
LLV9LOLZM,24 A 47,ACTIVO,323567.25,ETHER,VIKING ARMOUR,B92375,4,0.8809
V0FALO00LZ,60 Y MAS,ACTIVO,244185.418,GOLD,DRAGONS,Y79G54,2,0.072
LZFA9FA9,00 A 06,ACTIVO,194140.35,#N/D,SOIL,Y79G54,N,0.1754
900FA0LV4,12 A 23,ACTIVO,196297.465,0,SPURS,90LD2,1,0.3987
Z04ZLL89,60 Y MAS,ACTIVO,241596.88,GOLD,VIKING ARMOUR,B92375,4,0.0866
L9LO80LO0LO,00 A 06,ACTIVO,217868.615,#N/D,SPURS,Y79G54,N,0.9832
LLZLO4909,24 A 47,ACTIVO,278267.835,0,SOIL,Y79G54,4,0.3314
L44V948FA,24 A 47,ACTIVO,250225.34,0,VIKING ARMOUR,B92375,3,0.703
L8LOFA0FA00,07 A 11,ACTIVO,856374.655,GOLD,VIKING ARMOUR,Y79G54,4,0.0478
L9ZZ44LOZ,00 A 06,ACTIVO,159626.51,BITCOIN,SPURS,Y79G54,N,0.956
L8ZLV0VL,07 A 11,ACTIVO,237282.65,GOLD,VIKING ARMOUR,B92375,2,0.8992
Z0LO44Z40,60 Y MAS,ACTIVO,286896.295,0,VIKING ARMOUR,B92375,3,0.9183
LVVLOZVLOZ,12 A 23,ACTIVO,340824.17,0,VIKING ARMOUR,Y79G54,1,0.8516
LO04LOZLO09,60 Y MAS,ACTIVO,245479.687,BITCOIN,VIKING ARMOUR,JSF89A,4,0.723
LLOFALVVVLO,12 A 23,ACTIVO,323567.25,0,VIKING ARMOUR,B92375,4,0.2048
Z080L0V4,60 Y MAS,ACTIVO,286896.295,BITCOIN,VIKING ARMOUR,B92375,4,0.1834
800FA9FA4V,60 Y MAS,ACTIVO,506922.025,BITCOIN,VIKING ARMOUR,90LD2,6,0.9966
800LO980V,60 Y MAS,ACTIVO,171706.354,0,SOIL,90LD2,2,0.5309
LL9LO4LOL4,24 A 47,ACTIVO,155312.28,TYP2,SOIL,B92375,2,0.3297
LV94FAZLV,12 A 23,ACTIVO,301996.1,BITCOIN,VIKING ARMOUR,Y79G54,2,0.7565
L0LO4Z900,48 A 60,ACTIVO,189826.12,GOLD,SPURS,Y79G54,4,0.9564
V0884080,60 Y MAS,ACTIVO,204925.925,0,DRAGONS,JSF89A,2,0.7472
LLZVL404,24 A 47,ACTIVO,103541.52,0,DRAGONS,B92375,2,0.0936
Z0V00Z0V,60 Y MAS,ACTIVO,295524.755,ETHER,NAVAL,B92375,4,0.7282
LLO09VVFALO,24 A 47,ACTIVO,401223.39,BITCOIN,VIKING ARMOUR,Y79G54,4,0.4934
FA0LVZ00Z,00 A 06,ACTIVO,155312.28,0,#N/D,#N/D,N,0.9006
948ZVLZ,60 Y MAS,ACTIVO,263168.03,GOLD,NAVAL,B92375,4,0.0588
Z00L440FA,60 Y MAS,ACTIVO,286896.295,GOLD,VIKING ARMOUR,B92375,4,0.8312
L8ZV00VFA,07 A 11,ACTIVO,150998.05,BITCOIN,SOIL,Y79G54,2,0.4524
8000Z80,60 Y MAS,ACTIVO,204063.079,GOLD,DRAGONS,90LD2,2,0.5231
LFA0FAVVLO8,24 A 47,ACTIVO,301996.1,BITCOIN,VIKING ARMOUR,B92375,4,0.9546
LFA0V8FA09,24 A 47,ACTIVO,207083.04,0,SPURS,Y79G54,4,0.4478
L9LOVZZ8FA,00 A 06,ACTIVO,187669.005,0,SOIL,Y79G54,N,0.5609
LZZ844V0,24 A 47,ACTIVO,314938.79,0,VIKING ARMOUR,Y79G54,4,0.1987
8FA4FAV0Z,60 Y MAS,ACTIVO,276110.72,0,SOIL,Y79G54,3,0.7013
L9404LO8FA,00 A 06,ACTIVO,237282.65,#N/D,VIKING ARMOUR,B92375,N,0.284
L4L4FAZ88,24 A 47,ACTIVO,237282.65,0,NAVAL,B92375,1,0.816
ZZ0Z00V0,60 Y MAS,ACTIVO,241596.88,0,VIKING ARMOUR,B92375,3,0.6284
L9ZZ0Z09,00 A 06,ACTIVO,237282.65,GOLD,VIKING ARMOUR,B92375,N,0.5478
LVFA80908,12 A 23,ACTIVO,237282.65,ETHER,VIKING ARMOUR,B92375,2,0.0222
LFAV8FA0ZLO,24 A 47,ACTIVO,364552.435,GOLD,VIKING ARMOUR,Y79G54,6,0.6393
LO0Z80L4Z,24 A 47,ACTIVO,154018.011,0,SOIL,90LD2,2,0.8514
8L0ZL00,60 Y MAS,ACTIVO,86284.6,USD,SOIL,90LD2,2,0.0606
FALVZ94LO,60 Y MAS,ACTIVO,301996.1,TYP2,NAVAL,B92375,4,0.0295
L80Z8LL0,12 A 23,ACTIVO,187669.005,GOLD,SOIL,Y79G54,1,0.0359
L00VZZMLO,48 A 60,ACTIVO,232968.42,BITCOIN,DRAGONS,Y79G54,2,0.3118
FA0VFA8FA4Z,00 A 06,activo,,#N/D,DRAGONS,B92375,#N/D,0.1332
LFAVZZ048,24 A 47,ACTIVO,207083.04,BITCOIN,SPURS,Y79G54,4,0.7851
LZ80VL8FA,24 A 47,ACTIVO,103541.52,ETHER,SPURS,JSF89A,1,0.0696
LVZVLOVLV,12 A 23,ACTIVO,390437.815,GOLD,VIKING ARMOUR,Y79G54,4,0.1124
L48Z0808,24 A 47,ACTIVO,286896.295,0,VIKING ARMOUR,B92375,4,0.4099
LO0Z9FAFAFA8,60 Y MAS,ACTIVO,123818.401,0,NAVAL,JSF89A,2,0.1736
L48FA9LOL8,24 A 47,ACTIVO,250225.34,ETHER,VIKING ARMOUR,B92375,4,0.5117
LLOZLOZ8ZFA,12 A 23,ACTIVO,189826.12,ETHER,SPURS,Y79G54,2,0.3101
L900FA4LOFA,07 A 11,ACTIVO,217868.615,#N/D,SPURS,Y79G54,N,0.7356
V098LOFA,60 Y MAS,ACTIVO,146683.82,GOLD,NAVAL,JSF89A,2,0.5777
9000FAZ8FA,24 A 47,activo,,#N/D,VIKING ARMOUR,90LD2,#N/D,0.7742
L8V0FALFAL,00 A 06,ACTIVO,135898.245,#N/D,VIKING ARMOUR,B92375,N,0.7036
V098L4ZZ,60 Y MAS,ACTIVO,113895.672,0,DRAGONS,90LD2,2,0.834
LFA940ZVFA,24 A 47,ACTIVO,198454.58,0,SPURS,Y79G54,3,0.9698
9404VV8,60 Y MAS,ACTIVO,317095.905,0,VIKING ARMOUR,B92375,4,0.4574
V008VL,60 Y MAS,ACTIVO,135898.245,BITCOIN,DRAGONS,90LD2,2,0.8859
LO0LO44ZLO0,60 Y MAS,ACTIVO,126838.362,0,DRAGONS,90LD2,2,0.8526
L9L090Z0,07 A 11,ACTIVO,120798.44,#N/D,SPURS,Y79G54,N,0.9295
Z008000Z,60 Y MAS,ACTIVO,189826.12,GOLD,DRAGONS,Y79G54,2,0.8833
V0LVLL80,60 Y MAS,ACTIVO,144526.705,0,DRAGONS,90LD2,2,0.1342
L0LO0ZZ,00 A 06,ACTIVO,267482.26,BITCOIN,SPURS,Y79G54,N,0.3856
LZMLO4098,12 A 23,ACTIVO,125112.67,0,VIKING ARMOUR,JSF89A,2,0.8373
FA0VFAZ0L0,00 A 06,activo,,#N/D,SPURS,Y79G54,#N/D,0.8183
94LO9090,60 Y MAS,ACTIVO,159626.51,TYP2,SOIL,Y79G54,2,0.863
LFA0FALFA80,24 A 47,ACTIVO,196297.465,USD,SOIL,Y79G54,1,0.7275
LVFA0Z89LO,12 A 23,ACTIVO,,0,DRAGONS,JSF89A,1,0.3094
V00LVZM,60 Y MAS,ACTIVO,461191.187,BITCOIN,VIKING ARMOUR,Y79G54,4,0.5444
LLOL04FAV0,24 A 47,ACTIVO,250225.34,0,VIKING ARMOUR,B92375,0,0.1388
LV400FAL4,12 A 23,ACTIVO,224339.96,BITCOIN,VIKING ARMOUR,JSF89A,2,0.3991
L9V00404,00 A 06,ACTIVO,150998.05,#N/D,SOIL,Y79G54,N,0.9553
LZ9V0LO8L,24 A 47,ACTIVO,241596.88,BITCOIN,SPURS,Y79G54,3,0.0377
L9ZV8V8LO,00 A 06,ACTIVO,150998.05,#N/D,SOIL,Y79G54,N,0.3064
LVLFAVFAVFA,12 A 23,ACTIVO,189826.12,BITCOIN,SPURS,Y79G54,2,0.5182
L90L48LL,07 A 11,ACTIVO,172569.2,BITCOIN,SPURS,JSF89A,N,0.1828
9V8FAVLFA,60 Y MAS,ACTIVO,338667.055,0,VIKING ARMOUR,B92375,3,0.03
V0LOFALVFAZ,60 Y MAS,ACTIVO,176883.43,GOLD,DRAGONS,B92375,2,0.5961
LZ0FAFA8ZZ,24 A 47,ACTIVO,254539.57,0,SPURS,Y79G54,4,0.3382
FA00V0LO04,00 A 06,ACTIVO,250225.34,#N/D,VIKING ARMOUR,B92375,N,0.5451
Z0FA0V8FA0,60 Y MAS,ACTIVO,176883.43,GOLD,DRAGONS,B92375,2,0.2339
L40ZVLO9Z,24 A 47,ACTIVO,207083.04,0,SPURS,Y79G54,3,0.7675
V448L00,60 Y MAS,ACTIVO,483193.76,BITCOIN,VIKING ARMOUR,Y79G54,6,0.6732
LLO8FALOFA0,60 Y MAS,ACTIVO,348589.784,TYP2,VIKING ARMOUR,Y79G54,6,0.6729
LFA9VL98LO,24 A 47,ACTIVO,408557.581,TYP2,VIKING ARMOUR,Y79G54,4,0.4774
L4009ZM0,24 A 47,ACTIVO,469819.647,0,VIKING ARMOUR,Y79G54,4,0.2394
LO0LOFA40FAFA,24 A 47,ACTIVO,102678.674,0,NAVAL,90LD2,1,0.0416
V0LVFAL44,60 Y MAS,ACTIVO,126838.362,0,DRAGONS,90LD2,2,0.8464
LL8L4L84,24 A 47,ACTIVO,358081.09,0,VIKING ARMOUR,Y79G54,3,0.7232
L9ZMZ8V0,00 A 06,ACTIVO,286896.295,0,VIKING ARMOUR,B92375,N,0.5506
VL9VFA00,60 Y MAS,ACTIVO,336078.517,BITCOIN,DRAGONS,Y79G54,2,0.7764
L8L09FA8V,12 A 23,ACTIVO,416323.195,TYP2,VIKING ARMOUR,Y79G54,4,0.8254
9009090Z,60 Y MAS,ACTIVO,,#N/D,VIKING ARMOUR,90LD2,#N/D,0.4541
L98FA4FA0FA,00 A 06,ACTIVO,159626.51,BITCOIN,SPURS,Y79G54,N,0.9551
L4LO80ZZV,24 A 47,ACTIVO,207083.04,TYP2,DRAGONS,B92375,2,0.8731
FA0LFA8VLO0,00 A 06,activo,,#N/D,SPURS,Y79G54,#N/D,0.786
904LO0L4,60 Y MAS,ACTIVO,297681.87,GOLD,VIKING ARMOUR,Y79G54,4,0.9794
Z040409LO,60 Y MAS,ACTIVO,317095.905,ETHER,VIKING ARMOUR,B92375,4,0.9281
800900LZ,60 Y MAS,ACTIVO,203200.233,TYP2,SPURS,90LD2,4,0.1775
LLLO8FALO0V,48 A 60,ACTIVO,250225.34,0,VIKING ARMOUR,B92375,4,0.0304
LVVVZ9LFA,12 A 23,ACTIVO,217868.615,0,SPURS,Y79G54,2,0.007
V0L09ZLO4,60 Y MAS,ACTIVO,129426.9,0,DRAGONS,JSF89A,2,0.6297
L000V0FAL,60 Y MAS,ACTIVO,159626.51,BITCOIN,SOIL,Y79G54,2,0.947
L0L8LO8LOL,60 Y MAS,ACTIVO,198454.58,0,SPURS,Y79G54,4,0.5409
LV4VZ808,12 A 23,ACTIVO,364552.435,TYP2,VIKING ARMOUR,Y79G54,4,0.5928
L4FALZ48L,24 A 47,ACTIVO,207083.04,0,SPURS,Y79G54,4,0.6931
900VZ890,60 Y MAS,activo,,#N/D,SPURS,Y79G54,#N/D,0.7624
L0800LZ9,48 A 60,ACTIVO,362395.32,GOLD,DRAGONS,Y79G54,2,0.7235
LVZM04Z9,12 A 23,ACTIVO,189826.12,0,SPURS,Y79G54,2,0.6041
L49FA08V0,24 A 47,ACTIVO,340824.17,BITCOIN,VIKING ARMOUR,Y79G54,4,0.7641
L9LOLZ49FA,00 A 06,ACTIVO,273953.605,GOLD,VIKING ARMOUR,B92375,N,0.4287
FA0LO0ZL4Z,00 A 06,ACTIVO,,#N/D,SPURS,Y79G54,#N/D,0.1155
V00ZV9LZ,60 Y MAS,ACTIVO,168254.97,0,DRAGONS,90LD2,2,0.5497
LZ844080,24 A 47,ACTIVO,207083.04,TYP2,VIKING ARMOUR,B92375,4,0.6746
LFA0L0FALOFA,24 A 47,ACTIVO,573792.59,BITCOIN,VIKING ARMOUR,Y79G54,4,0.4176
LZ08FAFA44,24 A 47,ACTIVO,241596.88,0,VIKING ARMOUR,B92375,3,0.5454
LLO9LOVLO9Z,12 A 23,ACTIVO,286896.295,BITCOIN,VIKING ARMOUR,B92375,3,0.5825
L08LOZ8FA9,48 A 60,ACTIVO,198454.58,0,SPURS,Y79G54,2,0.8281
LFAFALL90FA,24 A 47,ACTIVO,228654.19,0,NAVAL,B92375,2,0.2515
LLO4FAZ04Z,24 A 47,ACTIVO,541004.442,BITCOIN,VIKING ARMOUR,Y79G54,4,0.1722
FA0FAVL044,00 A 06,activo,159626.51,0,SOIL,Y79G54,N,0.5299
FA0LOL9LO9FA,00 A 06,ACTIVO,,#N/D,VIKING ARMOUR,B92375,#N/D,0.3982
L90LO4V40,07 A 11,ACTIVO,217868.615,#N/D,SPURS,Y79G54,N,0.8918
LLO8098,12 A 23,ACTIVO,159626.51,0,SOIL,Y79G54,2,0.9394
LLO89FAZLL,12 A 23,ACTIVO,243753.995,TYP2,SPURS,Y79G54,4,0.6111
Z0VFAFA848,60 Y MAS,ACTIVO,153155.165,GOLD,DRAGONS,90LD2,2,0.1348
LL49L40L,48 A 60,ACTIVO,,#N/D,SPURS,Y79G54,#N/D,0.803
900LZ4FA4,60 Y MAS,ACTIVO,,#N/D,VIKING ARMOUR,90LD2,#N/D,0.8178
L84L98FA4,07 A 11,ACTIVO,207083.04,#N/D,VIKING ARMOUR,B92375,2,0.5268
VV4VV80,60 Y MAS,ACTIVO,250225.34,BITCOIN,VIKING ARMOUR,B92375,4,0.6367
LLOFAZ4LZ9,12 A 23,ACTIVO,125112.67,0,VIKING ARMOUR,JSF89A,2,0.2096
Z0FAL88L0,60 Y MAS,ACTIVO,207083.04,0,VIKING ARMOUR,B92375,2,0.3278
LV00L0,00 A 06,ACTIVO,159626.51,#N/D,SOIL,Y79G54,N,0.675
Z0FA00Z0FA,60 Y MAS,ACTIVO,644977.385,ETHER,VIKING ARMOUR,Y79G54,4,0.2875
L9FA908ZZ,00 A 06,ACTIVO,245479.687,0,VIKING ARMOUR,JSF89A,N,0.3089
V989409,60 Y MAS,ACTIVO,86284.6,GOLD,SOIL,90LD2,2,0.6044
L0Z08LZZ,48 A 60,ACTIVO,250225.34,0,VIKING ARMOUR,B92375,3,0.0588
4400940,60 Y MAS,ACTIVO,133741.13,GOLD,DRAGONS,B92375,2,0.9453
L48FALO80Z,24 A 47,ACTIVO,103541.52,GOLD,DRAGONS,B92375,2,0.0801
LVV909FA0,07 A 11,ACTIVO,198454.58,0,VIKING ARMOUR,B92375,0,0.6146
LO0LOV0FAV8,60 Y MAS,ACTIVO,88441.715,BITCOIN,DRAGONS,90LD2,2,0.2117
L0ZZMLZV,48 A 60,ACTIVO,250225.34,BITCOIN,VIKING ARMOUR,B92375,2,0.8564
LLFALO4ZLV,48 A 60,ACTIVO,,#N/D,VIKING ARMOUR,Y79G54,#N/D,0.602
4V40ZVZ,60 Y MAS,ACTIVO,795975.435,#N/D,VIKING ARMOUR,Y79G54,6,0.1754
LV0080LL,12 A 23,ACTIVO,140212.475,BITCOIN,DRAGONS,B92375,2,0.3162
LV0Z0LO,12 A 23,ACTIVO,207083.04,0,SPURS,Y79G54,1,0.6423
L04009L0,48 A 60,ACTIVO,159626.51,0,SOIL,Y79G54,1,0.3778
L0ZFAV,60 Y MAS,ACTIVO,349452.63,GOLD,DRAGONS,Y79G54,2,0.7723
V0V9VLZM,24 A 47,ACTIVO,393457.776,TYP2,VIKING ARMOUR,Y79G54,4,0.2878
L00Z0LO44,60 Y MAS,ACTIVO,263168.03,0,NAVAL,B92375,4,0.4758
8008LOVVLO,60 Y MAS,ACTIVO,424520.232,ETHER,VIKING ARMOUR,Y79G54,4,0.0119
L0LO004LO0,60 Y MAS,ACTIVO,235125.535,0,SPURS,Y79G54,3,0.9878
L90LO4FALO9,07 A 11,ACTIVO,237282.65,#N/D,VIKING ARMOUR,B92375,N,0.7697
LZLLO0098,24 A 47,ACTIVO,241596.88,0,VIKING ARMOUR,B92375,4,0.2089
8008898FA,60 Y MAS,ACTIVO,181197.66,0,SPURS,Y79G54,1,0.2002
Z0L08Z88,60 Y MAS,ACTIVO,155312.28,GOLD,SOIL,B92375,2,0.9531
L9ZVL90V,00 A 06,ACTIVO,399929.121,#N/D,VIKING ARMOUR,Y79G54,N,0.7423
LZ0L0V,24 A 47,ACTIVO,414166.08,BITCOIN,DRAGONS,Y79G54,2,0.8498
LV0LO0VFALO,12 A 23,ACTIVO,189826.12,BITCOIN,SPURS,Y79G54,2,0.3191
LFA9LLO0ZL,24 A 47,ACTIVO,159626.51,0,VIKING ARMOUR,B92375,1,0.2808
L90L4ZLO9,07 A 11,ACTIVO,207083.04,#N/D,VIKING ARMOUR,B92375,N,0.2876
80ZLO040,60 Y MAS,ACTIVO,371023.78,GOLD,VIKING ARMOUR,90LD2,6,0.168
L88LOFAL90,07 A 11,ACTIVO,181197.66,BITCOIN,SPURS,Y79G54,N,0.5548
LZMVLO0Z0,12 A 23,ACTIVO,207083.04,BITCOIN,SPURS,Y79G54,2,0.1022
L9L844,07 A 11,ACTIVO,,#N/D,SPURS,Y79G54,#N/D,0.125
LO0L8LLOFAV,60 Y MAS,ACTIVO,358081.09,BITCOIN,#N/D,#N/D,4,0.7175
L4LO40L00,24 A 47,ACTIVO,189826.12,ETHER,SPURS,Y79G54,4,0.6018
LLO8ZZ9ZLO,12 A 23,ACTIVO,189826.12,GOLD,SPURS,Y79G54,2,0.5227
LO04LOV89V,60 Y MAS,ACTIVO,419343.156,BITCOIN,VIKING ARMOUR,90LD2,6,0.2703
FA0FAL4FAV0,00 A 06,ACTIVO,,#N/D,VIKING ARMOUR,B92375,#N/D,0.0395
LO0L409FAL,60 Y MAS,ACTIVO,353766.86,BITCOIN,VIKING ARMOUR,B92375,4,0.2685
800ZZLOFAFA,60 Y MAS,ACTIVO,368003.819,0,NAVAL,90LD2,4,0.1681
FA04FAL0VV,00 A 06,ACTIVO,,#N/D,SPURS,Y79G54,#N/D,0.1928
80048FA8,60 Y MAS,ACTIVO,316664.482,BITCOIN,NAVAL,90LD2,4,0.5343
ZZ0LL9FAV,60 Y MAS,ACTIVO,286896.295,BITCOIN,VIKING ARMOUR,B92375,4,0.2817
L0FALVZ4Z,48 A 60,ACTIVO,435305.807,BITCOIN,VIKING ARMOUR,Y79G54,4,0.4795
L880094L,07 A 11,ACTIVO,368866.665,#N/D,VIKING ARMOUR,Y79G54,N,0.7451
L4LO9LO9V4,24 A 47,ACTIVO,258853.8,BITCOIN,NAVAL,B92375,4,0.8293
L84ZVLO40,07 A 11,ACTIVO,405537.62,BITCOIN,VIKING ARMOUR,Y79G54,4,0.6726
Z0000Z0FA,60 Y MAS,ACTIVO,301133.254,#N/D,SPURS,90LD2,6,0.1406
LVFAFAZLZV,12 A 23,ACTIVO,312781.675,GOLD,VIKING ARMOUR,Y79G54,4,0.7256
LVL4V0VFA,12 A 23,activo,286896.295,0,VIKING ARMOUR,B92375,0,0.4646
LZV9L0VV,24 A 47,ACTIVO,223477.114,GOLD,VIKING ARMOUR,JSF89A,4,0.2528
VVFAL889,60 Y MAS,ACTIVO,286896.295,BITCOIN,VIKING ARMOUR,B92375,4,0.4258
L9V0VFA,00 A 06,ACTIVO,250225.34,BITCOIN,VIKING ARMOUR,B92375,N,0.1593
L8Z8098L,07 A 11,ACTIVO,237282.65,GOLD,VIKING ARMOUR,B92375,2,0.2192
LLO0FA888V,24 A 47,ACTIVO,159626.51,ETHER,SOIL,Y79G54,2,0.5486
ZVZMLO400,24 A 47,ACTIVO,119504.171,0,SPURS,JSF89A,2,0.0391
L84LOZ8L,60 Y MAS,ACTIVO,204063.079,0,DRAGONS,90LD2,2,0.8547
L9Z8FA48FA,00 A 06,ACTIVO,237282.65,GOLD,VIKING ARMOUR,B92375,N,0.8309
LLO8LV8VLO,12 A 23,ACTIVO,250225.34,0,VIKING ARMOUR,B92375,1,0.8115
V000Z008,60 Y MAS,ACTIVO,276973.566,0,VIKING ARMOUR,90LD2,4,0.5562
L0FAZ4008,48 A 60,ACTIVO,237282.65,0,VIKING ARMOUR,B92375,2,0.2042
LO084LO48V,60 Y MAS,ACTIVO,550495.748,BITCOIN,NAVAL,90LD2,6,0.9218
ZZFALO0900,60 Y MAS,ACTIVO,267050.837,GOLD,VIKING ARMOUR,JSF89A,4,0.1148
V0004044,60 Y MAS,ACTIVO,440051.46,GOLD,VIKING ARMOUR,Y79G54,4,0.3323
FA00Z0VLOV,00 A 06,ACTIVO,297681.87,#N/D,VIKING ARMOUR,Y79G54,N,0.931
FA00LO0Z0Z,00 A 06,ACTIVO,103541.52,#N/D,DRAGONS,B92375,N,0.152
L984LOVL0,00 A 06,ACTIVO,260148.069,0,VIKING ARMOUR,JSF89A,N,0.0919
L0LL00LO0,48 A 60,ACTIVO,338667.055,BITCOIN,VIKING ARMOUR,B92375,4,0.8728
9444Z08,60 Y MAS,ACTIVO,338667.055,0,VIKING ARMOUR,B92375,4,0.5416
L0VV4FAZ8,60 Y MAS,ACTIVO,241596.88,GOLD,SPURS,Y79G54,6,0.0474
LO0VZL8VV,60 Y MAS,ACTIVO,391300.661,0,NAVAL,90LD2,3,0.7473
LLO9FALFAV9,12 A 23,ACTIVO,250225.34,0,VIKING ARMOUR,B92375,1,0.7813
8FA9V9Z0,60 Y MAS,ACTIVO,437894.345,0,VIKING ARMOUR,Y79G54,6,0.277
L8L940LO9,07 A 11,ACTIVO,261010.915,GOLD,VIKING ARMOUR,JSF89A,4,0.8829
LVL90ZL0,12 A 23,ACTIVO,131584.015,0,DRAGONS,JSF89A,2,0.7225
V00V400FA,60 Y MAS,ACTIVO,224339.96,0,VIKING ARMOUR,JSF89A,4,0.7435
V08FA0L,60 Y MAS,ACTIVO,156175.126,BITCOIN,VIKING ARMOUR,90LD2,2,0.047
FA008LO044,00 A 06,ACTIVO,125112.67,#N/D,SPURS,Y79G54,N,0.1178
V0Z8LO94,60 Y MAS,ACTIVO,573792.59,BITCOIN,VIKING ARMOUR,Y79G54,6,0.1938
L9L0LZ98,00 A 06,ACTIVO,250225.34,USD,VIKING ARMOUR,B92375,N,0.7947
90L4FA4ZM,60 Y MAS,activo,,#N/D,VIKING ARMOUR,90LD2,#N/D,0.8733
V0FAV849Z,48 A 60,ACTIVO,586735.28,GOLD,VIKING ARMOUR,Y79G54,4,0.2978
L0FA0ZVLOV,60 Y MAS,ACTIVO,314938.79,0,SPURS,Y79G54,3,0.4594
LVFAVLO840,12 A 23,ACTIVO,129426.9,BITCOIN,DRAGONS,JSF89A,2,0.9396
L4VZ8L,24 A 47,ACTIVO,278267.835,0,VIKING ARMOUR,B92375,4,0.0294
V0FAVVZV4,60 Y MAS,ACTIVO,140212.475,GOLD,DRAGONS,B92375,2,0.2768
LLO48L449,12 A 23,ACTIVO,250225.34,0,VIKING ARMOUR,B92375,2,0.7404
Z0L0V984,60 Y MAS,ACTIVO,262736.607,GOLD,NAVAL,90LD2,4,0.3814
LZ00LOLZFA,24 A 47,ACTIVO,278267.835,0,VIKING ARMOUR,B92375,3,0.3843
V0FA800,60 Y MAS,ACTIVO,125112.67,BITCOIN,VIKING ARMOUR,JSF89A,2,0.2025
LFA8LOZL49,24 A 47,ACTIVO,159626.51,GOLD,SOIL,Y79G54,2,0.6325
L94FAVLOVFA,00 A 06,ACTIVO,172569.2,0,SPURS,JSF89A,N,0.0238
L0FAZV444,48 A 60,activo,159626.51,ETHER,SOIL,Y79G54,1,0.9344
FA08ZM40LO,00 A 06,ACTIVO,,#N/D,SOIL,Y79G54,#N/D,0.4155
8004LOFAFA4,60 Y MAS,ACTIVO,250225.34,0,VIKING ARMOUR,B92375,3,0.3799
V000808V,60 Y MAS,ACTIVO,168254.97,GOLD,DRAGONS,JSF89A,2,0.8393
900LZLOV4,24 A 47,ACTIVO,,#N/D,SPURS,90LD2,#N/D,0.2256
LO0Z8LO0LOL,60 Y MAS,ACTIVO,216574.346,0,VIKING ARMOUR,90LD2,4,0.8936
L0LO0FALOVL,48 A 60,ACTIVO,207083.04,GOLD,SPURS,Y79G54,4,0.3495
LFA0V8VL8,24 A 47,ACTIVO,159626.51,0,SOIL,Y79G54,1,0.6068
FA0LLLO04V,00 A 06,ACTIVO,189826.12,0,SPURS,Y79G54,N,0.1613
L8FA000V4,12 A 23,ACTIVO,258853.8,#N/D,VIKING ARMOUR,Y79G54,2,0.9591
LV4FAZVZ9,12 A 23,ACTIVO,280424.95,ETHER,VIKING ARMOUR,Y79G54,2,0.2575
FA0L8LOL4,60 Y MAS,ACTIVO,167392.124,GOLD,DRAGONS,90LD2,2,0.6207
LLO8V0090,12 A 23,ACTIVO,207083.04,BITCOIN,SPURS,Y79G54,1,0.6321
LZ89Z400,24 A 47,ACTIVO,189826.12,0,SPURS,Y79G54,1,0.7017
L898800V,00 A 06,activo,,#N/D,SPURS,Y79G54,#N/D,0.6123
LO0ZL4VZ8,60 Y MAS,ACTIVO,95344.483,ETHER,DRAGONS,90LD2,2,0.0439
L0ZV4V0,60 Y MAS,ACTIVO,207083.04,GOLD,DRAGONS,B92375,2,0.4582
ZZ0VFA00LO,60 Y MAS,ACTIVO,85853.177,GOLD,DRAGONS,90LD2,2,0.8308
LLO8FA9ZV4,12 A 23,ACTIVO,207083.04,BITCOIN,SPURS,Y79G54,2,0.0798
LVFA9LZ80,12 A 23,ACTIVO,446522.805,0,VIKING ARMOUR,Y79G54,4,0.3695
L9LFA0LO8V,07 A 11,ACTIVO,181197.66,#N/D,SPURS,Y79G54,N,0.0212
L94L40Z0,00 A 06,ACTIVO,273953.605,#N/D,VIKING ARMOUR,B92375,N,0.1242
LZ84ZVL4,24 A 47,ACTIVO,286896.295,#N/D,VIKING ARMOUR,B92375,4,0.8754
V08V00FA0,24 A 47,ACTIVO,161783.625,ETHER,VIKING ARMOUR,JSF89A,2,0.9798
L0LOFALOZFA0,48 A 60,ACTIVO,323567.25,0,VIKING ARMOUR,B92375,4,0.6912
Z00L9ZFA4,60 Y MAS,ACTIVO,101815.828,GOLD,SOIL,90LD2,2,0.2246
L80944,07 A 11,ACTIVO,237282.65,#N/D,VIKING ARMOUR,B92375,1,0.746
V04490L0,48 A 60,ACTIVO,273953.605,0,VIKING ARMOUR,B92375,2,0.9462
L8FA0FA49LO,12 A 23,activo,,#N/D,VIKING ARMOUR,B92375,#N/D,0.2878
L9FAL0V0V,00 A 06,ACTIVO,207083.04,#N/D,VIKING ARMOUR,B92375,N,0.9771
LZZ009ZLO,24 A 47,ACTIVO,150998.05,GOLD,DRAGONS,Y79G54,2,0.7771
LLOV4LV4Z,12 A 23,ACTIVO,207083.04,BITCOIN,SPURS,Y79G54,2,0.4538
Z0LOFAVVV9,60 Y MAS,ACTIVO,314938.79,ETHER,VIKING ARMOUR,B92375,4,0.1205
L90Z0VV8,00 A 06,ACTIVO,150998.05,BITCOIN,SOIL,Y79G54,N,0.6842
LZFA49LLO8,24 A 47,ACTIVO,510804.832,BITCOIN,VIKING ARMOUR,Y79G54,4,0.4202
L889V9Z9,07 A 11,ACTIVO,237282.65,#N/D,VIKING ARMOUR,B92375,N,0.4443
L9FAZL0ZL,00 A 06,ACTIVO,187669.005,#N/D,SOIL,Y79G54,N,0.5015
L4LOZFA040,24 A 47,ACTIVO,250225.34,BITCOIN,VIKING ARMOUR,B92375,3,0.3609
89LO9084,60 Y MAS,ACTIVO,,#N/D,VIKING ARMOUR,B92375,#N/D,0.763
L48L4090,24 A 47,ACTIVO,202768.81,ETHER,NAVAL,B92375,2,0.4956
FA00Z0089,00 A 06,ACTIVO,159626.51,#N/D,SOIL,Y79G54,N,0.0423
L4VLO8ZLL,24 A 47,ACTIVO,519864.715,GOLD,VIKING ARMOUR,Y79G54,6,0.2984
LO0FA400L4,60 Y MAS,ACTIVO,176883.43,0,DRAGONS,B92375,1,0.1473
LFA4LOL09L,24 A 47,ACTIVO,159626.51,GOLD,SOIL,Y79G54,2,0.6525
L9ZLOL00V,00 A 06,ACTIVO,273953.605,#N/D,VIKING ARMOUR,B92375,N,0.2269
LFA4044VL,24 A 47,ACTIVO,418480.31,BITCOIN,VIKING ARMOUR,B92375,6,0.4776
LZ9Z9V9L,24 A 47,ACTIVO,237282.65,0,DRAGONS,Y79G54,1,0.6908
LFA894L0L,24 A 47,ACTIVO,207083.04,0,SPURS,Y79G54,3,0.9038
LLO80FA9L9,12 A 23,ACTIVO,172569.2,GOLD,SPURS,JSF89A,2,0.6069
LZ8LOVZ4V,24 A 47,ACTIVO,250225.34,0,VIKING ARMOUR,B92375,2,0.5035
FA0LO48FAV9,00 A 06,activo,,#N/D,VIKING ARMOUR,B92375,#N/D,0.0959
FA080FAV8FA,00 A 06,ACTIVO,,#N/D,VIKING ARMOUR,B92375,#N/D,0.9046
L89ZZMZV,07 A 11,ACTIVO,181197.66,GOLD,SPURS,Y79G54,N,0.6105
L8LO980FAV,07 A 11,ACTIVO,237282.65,#N/D,VIKING ARMOUR,B92375,N,0.1065
FA0808LO98,00 A 06,ACTIVO,,#N/D,SPURS,Y79G54,#N/D,0.9622
L890ZM9V,07 A 11,activo,,#N/D,SPURS,JSF89A,#N/D,0.5542
LLO400VZ0,24 A 47,ACTIVO,250225.34,#N/D,VIKING ARMOUR,B92375,2,0.7422
LZZ88VLZ,24 A 47,ACTIVO,241596.88,BITCOIN,VIKING ARMOUR,B92375,4,0.8843
LO0Z84808,60 Y MAS,ACTIVO,319253.02,BITCOIN,DRAGONS,Y79G54,2,0.5393
LV0Z04V8,12 A 23,ACTIVO,172569.2,BITCOIN,SPURS,JSF89A,2,0.7999
L0LO0LO948,48 A 60,ACTIVO,103541.52,GOLD,DRAGONS,B92375,2,0.0325
FA0LFA0LO0Z,00 A 06,activo,,#N/D,SPURS,Y79G54,#N/D,0.5841
ZZ009Z4L,60 Y MAS,ACTIVO,401223.39,BITCOIN,VIKING ARMOUR,Y79G54,4,0.2945
V0Z4LOFALFA,60 Y MAS,ACTIVO,353766.86,GOLD,VIKING ARMOUR,B92375,4,0.4632
L094LOVZ9,48 A 60,ACTIVO,265325.145,ETHER,NAVAL,B92375,4,0.4004
L9ZL8404,00 A 06,ACTIVO,393457.776,#N/D,VIKING ARMOUR,Y79G54,N,0.2792
L4908Z44,24 A 47,ACTIVO,399066.275,ETHER,SPURS,Y79G54,4,0.5349
LL004ZVZ,48 A 60,ACTIVO,291210.525,BITCOIN,SPURS,Y79G54,4,0.8489
LO04VFAV4V,60 Y MAS,ACTIVO,194571.773,0,VIKING ARMOUR,90LD2,4,0.1471
Z0VZ09L0,60 Y MAS,ACTIVO,351609.745,GOLD,VIKING ARMOUR,Y79G54,6,0.724
LVL8ZFALO8,12 A 23,ACTIVO,440051.46,GOLD,VIKING ARMOUR,Y79G54,4,0.5686
L9LO80FAVZ,00 A 06,ACTIVO,273953.605,GOLD,VIKING ARMOUR,B92375,N,0.8691
8LZ498L,60 Y MAS,ACTIVO,198454.58,0,SPURS,Y79G54,4,0.0165
800FA9448,60 Y MAS,ACTIVO,414166.08,0,VIKING ARMOUR,Y79G54,3,0.1231
FA0V8Z498,00 A 06,ACTIVO,,#N/D,SPURS,Y79G54,#N/D,0.2073
L8VL00V0,00 A 06,ACTIVO,237282.65,BITCOIN,VIKING ARMOUR,B92375,N,0.6387
9809VLO4,60 Y MAS,ACTIVO,323567.25,BITCOIN,SOIL,Y79G54,4,0.1215
L89VLOZ48,07 A 11,ACTIVO,181197.66,#N/D,SPURS,Y79G54,N,0.4664
L0LVFAVL0,48 A 60,ACTIVO,250225.34,0,VIKING ARMOUR,B92375,4,0.7438
9ZMVL9LO,60 Y MAS,ACTIVO,198454.58,GOLD,SPURS,Y79G54,4,0.3687
FA0L0FALOZV,00 A 06,activo,176883.43,0,VIKING ARMOUR,JSF89A,N,0.9569
L80ZVZV0,12 A 23,ACTIVO,267050.837,0,VIKING ARMOUR,JSF89A,2,0.3678
9FA00VZ8,60 Y MAS,ACTIVO,235125.535,0,SPURS,Y79G54,4,0.9434
L08848,00 A 06,ACTIVO,250225.34,#N/D,VIKING ARMOUR,B92375,N,0.9292
L88LO04,07 A 11,ACTIVO,,#N/D,SPURS,Y79G54,#N/D,0.6017
800V08ZM,60 Y MAS,ACTIVO,239871.188,BITCOIN,DRAGONS,90LD2,4,0.6851
LO04LOFA8,60 Y MAS,ACTIVO,257990.954,0,NAVAL,90LD2,4,0.3147
LL4FALOZL9,24 A 47,ACTIVO,314938.79,BITCOIN,VIKING ARMOUR,Y79G54,4,0.3755
L0ZLO0LLV,48 A 60,ACTIVO,276110.72,GOLD,VIKING ARMOUR,Y79G54,4,0.7527
80LVV09LO,60 Y MAS,ACTIVO,122524.132,GOLD,SOIL,90LD2,2,0.7605
90L4800Z,24 A 47,ACTIVO,,#N/D,SPURS,90LD2,#N/D,0.3911
Z0ZMLOFA9L,60 Y MAS,ACTIVO,265325.145,BITCOIN,NAVAL,B92375,4,0.191
LV4ZLOV0LO,12 A 23,ACTIVO,241596.88,0,SPURS,Y79G54,3,0.2352
FA0LFA80LOL,00 A 06,ACTIVO,159626.51,0,SOIL,Y79G54,N,0.4916
L4L9Z0ZFA,24 A 47,ACTIVO,198454.58,0,SPURS,Y79G54,3,0.8228
LFAFAZM8V9,24 A 47,ACTIVO,159626.51,0,SOIL,Y79G54,1,0.8459
L9040LOFA9,00 A 06,ACTIVO,237282.65,BITCOIN,VIKING ARMOUR,B92375,N,0.8378
LFA8LLO8FA0,24 A 47,ACTIVO,485350.875,GOLD,VIKING ARMOUR,Y79G54,3,0.1471
Z0V89400,60 Y MAS,ACTIVO,323567.25,0,VIKING ARMOUR,B92375,4,0.1035
LV8LO98V8,12 A 23,ACTIVO,267482.26,BITCOIN,VIKING ARMOUR,Y79G54,2,0.559
8LOFA9VV0,60 Y MAS,ACTIVO,371023.78,GOLD,VIKING ARMOUR,Y79G54,4,0.8302
LO0LO48Z0L,60 Y MAS,ACTIVO,141075.321,0,DRAGONS,90LD2,2,0.9903
Z0904LO9Z,60 Y MAS,ACTIVO,338667.055,GOLD,VIKING ARMOUR,B92375,4,0.4407
LFAFA00L4LO,24 A 47,ACTIVO,235125.535,0,SOIL,Y79G54,0,0.8095
L900Z088,00 A 06,ACTIVO,224339.96,BITCOIN,VIKING ARMOUR,B92375,N,0.7401
V0V0LFAV8,48 A 60,ACTIVO,310624.56,GOLD,VIKING ARMOUR,Y79G54,4,0.4295
LFA0LO8VVL,24 A 47,ACTIVO,159626.51,GOLD,SOIL,Y79G54,2,0.9625
980FA9LO4,60 Y MAS,ACTIVO,159626.51,BITCOIN,SOIL,Y79G54,2,0.9184
LZ800448,24 A 47,ACTIVO,286896.295,0,VIKING ARMOUR,B92375,4,0.9656
V08LFA089,60 Y MAS,ACTIVO,250225.34,BITCOIN,VIKING ARMOUR,JSF89A,4,0.0141
L90L044V,07 A 11,ACTIVO,125112.67,#N/D,SPURS,Y79G54,N,0.3532
LLVL00,00 A 06,ACTIVO,125112.67,#N/D,SPURS,Y79G54,N,0.1136
8000LOZLOFA,60 Y MAS,ACTIVO,435737.23,0,VIKING ARMOUR,Y79G54,4,0.098
L849LZZ4,07 A 11,ACTIVO,150998.05,#N/D,SOIL,Y79G54,1,0.0631
LZV980Z0,24 A 47,ACTIVO,250225.34,GOLD,SPURS,Y79G54,4,0.2772
L84FAVZ08,07 A 11,ACTIVO,237282.65,BITCOIN,VIKING ARMOUR,B92375,2,0.1045
L80VLLO,07 A 11,ACTIVO,172569.2,ETHER,SPURS,Y79G54,2,0.7677
FA0FA400V0,00 A 06,activo,250225.34,0,VIKING ARMOUR,B92375,N,0.0202
LFAZFA8V89,24 A 47,ACTIVO,237282.65,ETHER,VIKING ARMOUR,B92375,2,0.4513
L808FA0FA0,07 A 11,ACTIVO,349021.207,ETHER,VIKING ARMOUR,Y79G54,2,0.0593
8LOZLO4,60 Y MAS,ACTIVO,198454.58,BITCOIN,SPURS,Y79G54,4,0.5839
VFA08ZM0,60 Y MAS,ACTIVO,207083.04,BITCOIN,DRAGONS,Y79G54,2,0.6113
L88ZMV04,07 A 11,ACTIVO,273953.605,GOLD,VIKING ARMOUR,B92375,N,0.0456
LL0089LV,48 A 60,ACTIVO,304153.215,GOLD,VIKING ARMOUR,B92375,4,0.8355
L9L00ZVLO,00 A 06,activo,,#N/D,SPURS,Y79G54,#N/D,0.2628
ZZ4V090FA,60 Y MAS,ACTIVO,254108.147,ETHER,NAVAL,90LD2,4,0.3899
LLO8LO9FALOL,12 A 23,ACTIVO,237282.65,ETHER,VIKING ARMOUR,B92375,2,0.7675
LO0ZMFA00Z,60 Y MAS,ACTIVO,241596.88,BITCOIN,VIKING ARMOUR,B92375,4,0.5812
LZZ0LFAV0,24 A 47,ACTIVO,323567.25,0,VIKING ARMOUR,B92375,4,0.3443
LO040VLO,60 Y MAS,ACTIVO,97070.175,0,DRAGONS,90LD2,1,0.3368
L800Z8LZ,12 A 23,ACTIVO,452562.727,BITCOIN,VIKING ARMOUR,Y79G54,4,0.6892
9FA4000LO,60 Y MAS,ACTIVO,250225.34,0,VIKING ARMOUR,B92375,3,0.8712
Z0L0FAV9FA,60 Y MAS,ACTIVO,278267.835,0,VIKING ARMOUR,B92375,4,0.142
Z0L0LO048,60 Y MAS,ACTIVO,517707.6,GOLD,VIKING ARMOUR,Y79G54,6,0.2979
ZVZM8Z0V,24 A 47,ACTIVO,127269.785,GOLD,DRAGONS,JSF89A,2,0.7386
L8V8ZLO88,07 A 11,ACTIVO,172569.2,0,SPURS,JSF89A,N,0.7928
FA00LZ4FA0,00 A 06,activo,,#N/D,VIKING ARMOUR,B92375,#N/D,0.5361
ZVLOZLO89L,24 A 47,ACTIVO,157900.818,BITCOIN,SPURS,90LD2,4,0.7588
V088ZVFAV,24 A 47,ACTIVO,189826.12,GOLD,SPURS,Y79G54,2,0.1062
V40FA0V8,60 Y MAS,ACTIVO,342981.285,ETHER,VIKING ARMOUR,Y79G54,4,0.4235
LZ9LO94VZ,24 A 47,ACTIVO,196297.465,ETHER,SOIL,Y79G54,2,0.8486
ZZVZM8VZ,60 Y MAS,ACTIVO,347295.515,0,VIKING ARMOUR,Y79G54,6,0.1789
84FA0008,60 Y MAS,ACTIVO,577675.397,BITCOIN,#N/D,#N/D,6,0.3823
L00ZL0FALO,60 Y MAS,ACTIVO,468093.955,0,VIKING ARMOUR,Y79G54,6,0.3519
FA0FAVL4FAZ,00 A 06,ACTIVO,232968.42,0,SPURS,Y79G54,N,0.2717
L0ZLLV94,60 Y MAS,ACTIVO,297681.87,0,VIKING ARMOUR,Y79G54,4,0.3242
FA0V48ZZ0,00 A 06,activo,,#N/D,SPURS,Y79G54,#N/D,0.6359
L9FA09ZL4,00 A 06,ACTIVO,237282.65,BITCOIN,VIKING ARMOUR,B92375,N,0.4613
VLFA00V9,60 Y MAS,ACTIVO,362395.32,BITCOIN,VIKING ARMOUR,Y79G54,4,0.7999
V040LO9,60 Y MAS,ACTIVO,170412.085,BITCOIN,VIKING ARMOUR,JSF89A,2,0.9317
ZLOFALOZZLZ,60 Y MAS,ACTIVO,278267.835,0,VIKING ARMOUR,B92375,4,0.5436
L4VZ0LO00,24 A 47,ACTIVO,254539.57,BITCOIN,SPURS,Y79G54,4,0.1239
L00FALFAFAZ,60 Y MAS,ACTIVO,237282.65,GOLD,VIKING ARMOUR,B92375,2,0.8067
FA000VLO08,00 A 06,ACTIVO,159626.51,#N/D,SOIL,Y79G54,N,0.3026
LVV4090V,12 A 23,ACTIVO,254539.57,BITCOIN,SPURS,Y79G54,2,0.3535
ZZ08LFA80,60 Y MAS,ACTIVO,153155.165,GOLD,VIKING ARMOUR,B92375,2,0.6392
V949094,60 Y MAS,ACTIVO,483193.76,BITCOIN,VIKING ARMOUR,Y79G54,4,0.5221
800ZZLO40,60 Y MAS,ACTIVO,250225.34,BITCOIN,VIKING ARMOUR,B92375,4,0.7778
V048V8ZM,60 Y MAS,ACTIVO,456876.957,0,VIKING ARMOUR,Y79G54,4,0.5024
LZ49LLOVL,24 A 47,ACTIVO,243753.995,GOLD,SPURS,Y79G54,4,0.67
8V49FAV0,60 Y MAS,ACTIVO,364552.435,BITCOIN,VIKING ARMOUR,Y79G54,4,0.1258
LVFA940FALO,12 A 23,ACTIVO,276110.72,BITCOIN,VIKING ARMOUR,Y79G54,2,0.136
LVZ00008,12 A 23,ACTIVO,129426.9,0,DRAGONS,JSF89A,2,0.5549
L8V8490FA,07 A 11,ACTIVO,260148.069,#N/D,VIKING ARMOUR,JSF89A,N,0.9631
98LO0440,60 Y MAS,ACTIVO,483193.76,ETHER,VIKING ARMOUR,Y79G54,4,0.0922
900ZM90V,24 A 47,ACTIVO,,#N/D,SPURS,90LD2,#N/D,0.5507
LLOLFA9LO04,12 A 23,ACTIVO,207083.04,GOLD,SPURS,Y79G54,2,0.2592
8L9V9FA0,60 Y MAS,ACTIVO,512961.947,ETHER,VIKING ARMOUR,Y79G54,6,0.4481
L80094,07 A 11,ACTIVO,194140.35,#N/D,VIKING ARMOUR,B92375,2,0.7249
LV9LVFA9L,07 A 11,ACTIVO,129426.9,0,DRAGONS,JSF89A,1,0.5649
LLFA4FA9ZM,48 A 60,ACTIVO,414166.08,GOLD,VIKING ARMOUR,Y79G54,4,0.9131
8000LO0V8,60 Y MAS,ACTIVO,297681.87,0,VIKING ARMOUR,Y79G54,4,0.1604
L98ZVFA8L,00 A 06,ACTIVO,181197.66,#N/D,SPURS,Y79G54,N,0.2358
80L0ZM9FA,60 Y MAS,ACTIVO,239871.188,0,VIKING ARMOUR,JSF89A,4,0.7824
8009LOFALO4,60 Y MAS,ACTIVO,172137.777,0,DRAGONS,90LD2,1,0.3541
LVV00FAFAZ,12 A 23,ACTIVO,250225.34,ETHER,VIKING ARMOUR,B92375,2,0.7287
L90L008FA,07 A 11,ACTIVO,181197.66,GOLD,SPURS,Y79G54,N,0.2614
Z00080ZFA,60 Y MAS,ACTIVO,241596.88,0,VIKING ARMOUR,B92375,4,0.2933
VLO0LO4,60 Y MAS,ACTIVO,327881.48,BITCOIN,VIKING ARMOUR,Y79G54,4,0.612
LL0LO88,00 A 06,ACTIVO,129426.9,0,DRAGONS,JSF89A,N,0.7952
LZ8889L0,24 A 47,ACTIVO,401223.39,USD,VIKING ARMOUR,Y79G54,4,0.0203
L8VV0ZVZ,07 A 11,ACTIVO,237282.65,GOLD,VIKING ARMOUR,B92375,N,0.7313
L4LFA8LO4FA,24 A 47,ACTIVO,515119.062,0,VIKING ARMOUR,Y79G54,4,0.1454
VL904ZLO,60 Y MAS,ACTIVO,599677.97,ETHER,VIKING ARMOUR,Y79G54,6,0.4034
L009V9LO0,60 Y MAS,ACTIVO,159626.51,BITCOIN,SOIL,Y79G54,2,0.4721
L8FAV9LZV,07 A 11,ACTIVO,150998.05,#N/D,SOIL,Y79G54,2,0.4277
LO0LO084,60 Y MAS,ACTIVO,95344.483,0,VIKING ARMOUR,JSF89A,2,0.3309
L800ZL9V,12 A 23,ACTIVO,267482.26,ETHER,VIKING ARMOUR,B92375,1,0.3413
LO08ZFA80FA,60 Y MAS,ACTIVO,,#N/D,VIKING ARMOUR,B92375,#N/D,0.964
L90400L0,00 A 06,ACTIVO,181197.66,#N/D,SPURS,Y79G54,N,0.0126
LFAFAVZ840,24 A 47,ACTIVO,228654.19,0,NAVAL,B92375,1,0.1366
V00Z800L,24 A 47,activo,,#N/D,NAVAL,90LD2,#N/D,0.1278
V090048FA,24 A 47,ACTIVO,215711.5,GOLD,VIKING ARMOUR,B92375,2,0.7048
V0FA080L0,60 Y MAS,ACTIVO,140212.475,GOLD,DRAGONS,B92375,2,0.5623
L840089V,07 A 11,ACTIVO,243753.995,#N/D,VIKING ARMOUR,B92375,1,0.0505
LLFAZ9L90,48 A 60,ACTIVO,196297.465,USD,SOIL,Y79G54,2,0.0045
800VLFA0,60 Y MAS,ACTIVO,245911.11,BITCOIN,SPURS,Y79G54,4,0.4315
LO0LO00090,60 Y MAS,ACTIVO,95344.483,0,DRAGONS,90LD2,2,0.764
FA0LO09ZLOL,00 A 06,activo,,#N/D,VIKING ARMOUR,Y79G54,#N/D,0.1448
FA0VV0ZLO9,00 A 06,ACTIVO,,#N/D,SPURS,Y79G54,#N/D,0.1098
VFAZMLO9Z,60 Y MAS,ACTIVO,444365.69,BITCOIN,VIKING ARMOUR,Y79G54,6,0.7253
8004LFA9,60 Y MAS,ACTIVO,401223.39,GOLD,VIKING ARMOUR,B92375,6,0.6657
908ZLOZLO,60 Y MAS,ACTIVO,286896.295,GOLD,VIKING ARMOUR,B92375,4,0.6457
LVLFAL000,12 A 23,ACTIVO,159626.51,0,SOIL,Y79G54,0,0.4859
LFAZ0ZZZFA,24 A 47,ACTIVO,312781.675,TYP2,VIKING ARMOUR,Y79G54,4,0.865
V000FA4,60 Y MAS,ACTIVO,146683.82,GOLD,NAVAL,JSF89A,2,0.1038
80LLO9,60 Y MAS,ACTIVO,485350.875,0,VIKING ARMOUR,Y79G54,4,0.5706
FA0FALV00FA,00 A 06,ACTIVO,189826.12,0,SPURS,Y79G54,N,0.5016
90V08FA8,60 Y MAS,ACTIVO,267482.26,ETHER,VIKING ARMOUR,B92375,2,0.3238
89LLO0ZLO,60 Y MAS,ACTIVO,191983.235,0,SPURS,90LD2,3,0.0736
L044VLO8FA,48 A 60,ACTIVO,267482.26,0,VIKING ARMOUR,B92375,4,0.7339
L8490V9L,07 A 11,ACTIVO,437894.345,BITCOIN,VIKING ARMOUR,Y79G54,4,0.4488
L0L0LOV9Z,60 Y MAS,ACTIVO,263168.03,BITCOIN,NAVAL,B92375,3,0.8674
LLO0ZMLOFAL,24 A 47,ACTIVO,323567.25,0,SOIL,Y79G54,4,0.8983
LZ909FA00,24 A 47,ACTIVO,250225.34,GOLD,VIKING ARMOUR,B92375,2,0.4312
80LLO4Z0L,48 A 60,ACTIVO,157900.818,0,DRAGONS,90LD2,2,0.4864
LL0ZFALL9,48 A 60,ACTIVO,159626.51,0,SOIL,Y79G54,2,0.1216
Z0890V98,60 Y MAS,ACTIVO,97070.175,BITCOIN,SOIL,90LD2,2,0.7883
L0ZFAFA90V,48 A 60,ACTIVO,235125.535,ETHER,SPURS,Y79G54,4,0.6648
LLZ49FAFAL,48 A 60,ACTIVO,196297.465,BITCOIN,SOIL,Y79G54,2,0.5545
8FA9ZLOZZ,60 Y MAS,ACTIVO,267482.26,BITCOIN,SPURS,Y79G54,4,0.1148
V004L9VL,24 A 47,ACTIVO,213554.385,GOLD,VIKING ARMOUR,JSF89A,4,0.7256
L8000ZML,07 A 11,ACTIVO,237282.65,BITCOIN,VIKING ARMOUR,B92375,1,0.2576
LLOZ90FA9FA,12 A 23,ACTIVO,,#N/D,SPURS,Y79G54,#N/D,0.5896
LZ9V4FA94,24 A 47,ACTIVO,485782.298,0,VIKING ARMOUR,Y79G54,0,0.5792
LL080FA98,48 A 60,ACTIVO,250225.34,TYP2,VIKING ARMOUR,B92375,4,0.9783
FA0ZLOVFA00,00 A 06,activo,,#N/D,SPURS,Y79G54,#N/D,0.9485
V0L04890,60 Y MAS,ACTIVO,126838.362,0,DRAGONS,90LD2,2,0.2626
FA00L8VL0,00 A 06,ACTIVO,245911.11,BITCOIN,SPURS,Y79G54,N,0.7805
FA00V00,00 A 06,ACTIVO,159626.51,0,SOIL,Y79G54,N,0.8787
FA04V0FAFAFA,00 A 06,activo,,#N/D,SPURS,Y79G54,#N/D,0.465
LO0LOZ8ZZ0,24 A 47,ACTIVO,88441.715,0,DRAGONS,90LD2,2,0.1658
V08VZM89,24 A 47,ACTIVO,192846.081,GOLD,VIKING ARMOUR,90LD2,4,0.5635
L09FA0Z,48 A 60,ACTIVO,250225.34,TYP2,SOIL,Y79G54,4,0.3931
L8L940LO9,12 A 23,IMPAGO,261010.915,GOLD,VIKING ARMOUR,JSF89A,4,0.3616
L4FALOZZ44,24 A 47,ACTIVO,159626.51,GOLD,SOIL,Y79G54,2,0.2291
LO0ZLL9,24 A 47,ACTIVO,88441.715,0,DRAGONS,90LD2,2,0.1367
Z0000Z89,60 Y MAS,ACTIVO,101815.828,ETHER,SOIL,90LD2,2,0.8317
80044,60 Y MAS,ACTIVO,250225.34,ETHER,VIKING ARMOUR,B92375,4,0.7889
L98LLFA40,00 A 06,ACTIVO,120798.44,#N/D,SPURS,Y79G54,N,0.2583
LVVL008L,12 A 23,activo,,#N/D,VIKING ARMOUR,Y79G54,#N/D,0.1287
VZFA00L0,60 Y MAS,ACTIVO,483193.76,GOLD,VIKING ARMOUR,Y79G54,4,0.397
9004FA4V0,60 Y MAS,ACTIVO,,#N/D,VIKING ARMOUR,90LD2,#N/D,0.2678
900LLO4ZM,60 Y MAS,ACTIVO,,#N/D,VIKING ARMOUR,Y79G54,#N/D,0.5298
L94LO0FAFAV,07 A 11,ACTIVO,150998.05,#N/D,SOIL,Y79G54,N,0.0692
L09VL0V0,48 A 60,ACTIVO,513393.37,GOLD,VIKING ARMOUR,Y79G54,6,0.6878
L090009LO,48 A 60,ACTIVO,396909.16,0,VIKING ARMOUR,Y79G54,3,0.2427
LFA0LO490V,24 A 47,ACTIVO,207083.04,GOLD,SPURS,Y79G54,4,0.9565
LLFA8ZVL4,24 A 47,ACTIVO,159626.51,GOLD,SOIL,Y79G54,2,0.1149
V008V9LOFA,60 Y MAS,ACTIVO,129426.9,0,DRAGONS,JSF89A,2,0.9692
LO0Z4Z4ZFA,24 A 47,ACTIVO,99227.29,0,DRAGONS,JSF89A,2,0.1446
LO0ZLOV888,60 Y MAS,ACTIVO,156606.549,0,DRAGONS,90LD2,2,0.4913
FA080LOFA0LO,00 A 06,ACTIVO,,#N/D,VIKING ARMOUR,Y79G54,#N/D,0.2279
LZFAL0FA0LO,24 A 47,ACTIVO,176883.43,GOLD,DRAGONS,B92375,2,0.0455
L094LL09,48 A 60,ACTIVO,267482.26,ETHER,VIKING ARMOUR,B92375,4,0.164
LLO90Z0FAFA,12 A 23,ACTIVO,189826.12,BITCOIN,SPURS,Y79G54,2,0.6408
L0V4FAVVL,60 Y MAS,ACTIVO,103541.52,0,DRAGONS,B92375,2,0.8829
LVFAZFAFALO8,12 A 23,ACTIVO,282150.642,0,VIKING ARMOUR,JSF89A,4,0.635
VLOFA440FA,60 Y MAS,ACTIVO,396909.16,GOLD,VIKING ARMOUR,Y79G54,4,0.6327
L4FAZL9,24 A 47,ACTIVO,159626.51,0,SOIL,Y79G54,1,0.2574
L94ZVLOV4,07 A 11,ACTIVO,150998.05,#N/D,VIKING ARMOUR,Y79G54,N,0.5864
LL4Z40FA0,24 A 47,ACTIVO,241596.88,0,VIKING ARMOUR,B92375,4,0.8418
V00Z4Z0LO,60 Y MAS,ACTIVO,,ETHER,DRAGONS,B92375,2,0.1033
LFAVV94Z8,24 A 47,ACTIVO,226497.075,0,SPURS,Y79G54,3,0.7984
LFA80VL0V,24 A 47,ACTIVO,189826.12,0,SPURS,Y79G54,4,0.395
LZFAZLO09V,24 A 47,ACTIVO,146683.82,0,SPURS,JSF89A,3,0.7642
8FA89FAL9,60 Y MAS,ACTIVO,122955.555,TYP2,SOIL,90LD2,2,0.3391
Z0FAV0L90,60 Y MAS,ACTIVO,140212.475,GOLD,DRAGONS,B92375,2,0.9775
LV44VZ08,12 A 23,ACTIVO,213554.385,0,SPURS,Y79G54,1,0.2121
LVVL0LLOZ,12 A 23,ACTIVO,250225.34,ETHER,VIKING ARMOUR,B92375,2,0.4112
L8000908,07 A 11,ACTIVO,418480.31,GOLD,VIKING ARMOUR,Y79G54,4,0.8461
L84FAZ89LO,07 A 11,ACTIVO,273953.605,#N/D,VIKING ARMOUR,B92375,2,0.8151
LLO9FAL8V8,12 A 23,ACTIVO,250225.34,0,VIKING ARMOUR,B92375,2,0.1123
LFAV0LV8LO,24 A 47,ACTIVO,286896.295,BITCOIN,VIKING ARMOUR,B92375,4,0.0565
L8494ZFA0,07 A 11,ACTIVO,120798.44,#N/D,SPURS,Y79G54,2,0.8267
L0000LZFA,60 Y MAS,ACTIVO,250225.34,GOLD,VIKING ARMOUR,B92375,4,0.6524
LLZ4LO48Z,48 A 60,ACTIVO,301996.1,0,VIKING ARMOUR,B92375,4,0.803
LFALO889LL,24 A 47,ACTIVO,365415.281,GOLD,VIKING ARMOUR,Y79G54,4,0.7079
LL40ZLFA0,48 A 60,ACTIVO,,#N/D,SPURS,Y79G54,#N/D,0.1393
LLO040044,24 A 47,ACTIVO,215711.5,0,VIKING ARMOUR,B92375,2,0.0939
4LFA04L0,60 Y MAS,ACTIVO,506059.179,BITCOIN,VIKING ARMOUR,90LD2,6,0.1864
L9888V0V,00 A 06,ACTIVO,289053.41,#N/D,VIKING ARMOUR,Y79G54,N,0.8148
FA00L049Z,00 A 06,ACTIVO,250225.34,#N/D,VIKING ARMOUR,B92375,N,0.5823
LVFA0LOZ88,12 A 23,ACTIVO,196297.465,0,SOIL,Y79G54,1,0.7182
L9LO0LV48,07 A 11,ACTIVO,159626.51,BITCOIN,VIKING ARMOUR,B92375,N,0.5244
LZFAZVVL9,24 A 47,ACTIVO,289053.41,TYP2,VIKING ARMOUR,Y79G54,4,0.4289
LO00LO4LO0LO,60 Y MAS,ACTIVO,280424.95,BITCOIN,DRAGONS,Y79G54,2,0.0738
L0LOVFA008,48 A 60,ACTIVO,603992.2,BITCOIN,VIKING ARMOUR,Y79G54,6,0.3834
LLOL0FAFA8L,24 A 47,ACTIVO,286896.295,BITCOIN,VIKING ARMOUR,B92375,2,0.8147
LLO0LOV448,24 A 47,ACTIVO,545750.095,0,VIKING ARMOUR,Y79G54,4,0.0173
L8L04488,07 A 11,ACTIVO,273953.605,GOLD,VIKING ARMOUR,B92375,2,0.8816
Z00L8LOFA8,60 Y MAS,ACTIVO,159626.51,GOLD,SOIL,Y79G54,2,0.7624
V08LO0FAZ0,60 Y MAS,ACTIVO,198454.58,GOLD,VIKING ARMOUR,JSF89A,2,0.1419
LV00LZMLO,12 A 23,ACTIVO,207083.04,0,SPURS,Y79G54,1,0.0381
LLOLV0LOV4,24 A 47,ACTIVO,207083.04,ETHER,SPURS,Y79G54,2,0.4481
LLOZ00LO0L,24 A 47,ACTIVO,,#N/D,SPURS,Y79G54,#N/D,0.6496
LL0LOFA84FA,48 A 60,ACTIVO,232968.42,BITCOIN,DRAGONS,Y79G54,2,0.8158
FA00LL0LLO,00 A 06,ACTIVO,189826.12,0,SPURS,Y79G54,N,0.6162
LVFAZ8VZM,12 A 23,ACTIVO,286896.295,TYP2,VIKING ARMOUR,B92375,2,0.5801
FA0L8Z800,00 A 06,ACTIVO,189826.12,0,SPURS,Y79G54,N,0.0283
900FALOL0LO,12 A 23,ACTIVO,,#N/D,SPURS,90LD2,#N/D,0.0639
ZZ48VZMFA,60 Y MAS,ACTIVO,99227.29,BITCOIN,DRAGONS,B92375,2,0.8431
8Z0LFA8Z,60 Y MAS,ACTIVO,323567.25,0,VIKING ARMOUR,Y79G54,4,0.3249
L048VLOVFA,60 Y MAS,ACTIVO,295524.755,0,NAVAL,B92375,4,0.0417
LVLOZ8FALOFA,12 A 23,ACTIVO,286896.295,0,VIKING ARMOUR,B92375,1,0.1002
FA09ZVLO0FA,00 A 06,activo,,#N/D,VIKING ARMOUR,Y79G54,#N/D,0.7494
LFAL0V04V,24 A 47,ACTIVO,,#N/D,SOIL,B92375,#N/D,0.6479
FA00484FAFA,00 A 06,ACTIVO,189826.12,0,VIKING ARMOUR,JSF89A,N,0.3022
V0Z4FAZLFA,60 Y MAS,ACTIVO,176883.43,GOLD,DRAGONS,B92375,2,0.9883
V009LO04Z,24 A 47,ACTIVO,126838.362,0,DRAGONS,90LD2,2,0.5344
ZZ400Z90,60 Y MAS,ACTIVO,236419.804,BITCOIN,DRAGONS,90LD2,2,0.2498
LVV44000,12 A 23,ACTIVO,258853.8,0,VIKING ARMOUR,Y79G54,1,0.4408
FA0LOV00VL,00 A 06,ACTIVO,,#N/D,SPURS,Y79G54,#N/D,0.3482
ZZLLFA049,60 Y MAS,ACTIVO,250225.34,GOLD,VIKING ARMOUR,B92375,4,0.9992
L80FAV0,07 A 11,ACTIVO,198454.58,#N/D,SPURS,Y79G54,2,0.2161
FA048VZ9Z,00 A 06,activo,,#N/D,SPURS,Y79G54,#N/D,0.1595
V00LZLVFA,60 Y MAS,ACTIVO,162215.048,0,DRAGONS,90LD2,2,0.1318
FA0444LZ4,00 A 06,activo,,#N/D,SPURS,Y79G54,#N/D,0.6202
LO0LOFA0ZV4,60 Y MAS,ACTIVO,216142.923,GOLD,DRAGONS,90LD2,4,0.2014
88VLZ4FA,60 Y MAS,ACTIVO,86284.6,0,SOIL,90LD2,1,0.9652
L94Z8LLO4,07 A 11,ACTIVO,172569.2,ETHER,SPURS,JSF89A,N,0.105
LLO04FAFA04,12 A 23,ACTIVO,250225.34,TYP2,VIKING ARMOUR,B92375,2,0.5582
L84FAFALO44,07 A 11,ACTIVO,150998.05,BITCOIN,SOIL,Y79G54,1,0.2694
LLOZ00FAVL,12 A 23,activo,353766.86,BITCOIN,SOIL,Y79G54,4,0.2877
Z04VFAZZ4,60 Y MAS,ACTIVO,286896.295,BITCOIN,VIKING ARMOUR,B92375,4,0.434
VFAL0LVFA,60 Y MAS,ACTIVO,482762.337,BITCOIN,VIKING ARMOUR,Y79G54,6,0.8691
LVZV40ZM,12 A 23,activo,250225.34,BITCOIN,VIKING ARMOUR,B92375,2,0.924
FA008Z9Z4,00 A 06,ACTIVO,159626.51,GOLD,SOIL,Y79G54,N,0.4808
L9889LV0,00 A 06,ACTIVO,237282.65,GOLD,VIKING ARMOUR,B92375,N,0.937
L4L00VFALO,24 A 47,ACTIVO,161783.625,TYP2,VIKING ARMOUR,JSF89A,2,0.0399
LZ0V4FA48,24 A 47,ACTIVO,159626.51,0,SOIL,Y79G54,1,0.5736
L04LO8408,48 A 60,ACTIVO,198454.58,BITCOIN,SPURS,Y79G54,4,0.33
LLO8Z0VFAFA,12 A 23,ACTIVO,250225.34,BITCOIN,VIKING ARMOUR,B92375,2,0.2762
900V0V9FA,24 A 47,ACTIVO,,#N/D,VIKING ARMOUR,90LD2,#N/D,0.4147
80L0009,60 Y MAS,ACTIVO,295524.755,ETHER,NAVAL,B92375,4,0.061
LLOZ4098FA,12 A 23,ACTIVO,176883.43,0,DRAGONS,B92375,2,0.8686
L890VVLZ,07 A 11,activo,,#N/D,VIKING ARMOUR,B92375,#N/D,0.171
FA0FAL8ZM0,00 A 06,ACTIVO,103541.52,0,DRAGONS,B92375,N,0.7878
L4FA09ZZV,24 A 47,ACTIVO,,#N/D,VIKING ARMOUR,Y79G54,#N/D,0.9359
L8L0940V,07 A 11,ACTIVO,209240.155,#N/D,VIKING ARMOUR,B92375,2,0.268
LL0800ZM,48 A 60,ACTIVO,308467.445,0,VIKING ARMOUR,B92375,4,0.6697
Z0LOVFA0FA8,60 Y MAS,ACTIVO,355923.975,0,VIKING ARMOUR,Y79G54,4,0.2254
FA009VZZ8,00 A 06,ACTIVO,215711.5,0,SPURS,Y79G54,N,0.7478
L988000FA,00 A 06,ACTIVO,215711.5,0,SPURS,Y79G54,N,0.3031
LFA0LLZFAV,24 A 47,ACTIVO,198454.58,GOLD,SPURS,Y79G54,4,0.4819
LZ04LO4VZ,24 A 47,ACTIVO,265325.145,0,NAVAL,B92375,4,0.9808
L4V0LOLFAL,24 A 47,ACTIVO,159626.51,ETHER,SOIL,Y79G54,2,0.323
LLO00FAV00,12 A 23,ACTIVO,159626.51,0,SOIL,Y79G54,1,0.964
L84FALO0FAZ,07 A 11,ACTIVO,181197.66,0,SPURS,Y79G54,2,0.3292
L80V8V00,07 A 11,ACTIVO,181197.66,GOLD,SPURS,Y79G54,2,0.0929
LLV4Z08V,48 A 60,ACTIVO,258853.8,BITCOIN,SPURS,Y79G54,4,0.3625
L4FAZFA9V0,24 A 47,ACTIVO,202768.81,TYP2,SOIL,Y79G54,4,0.6909
V0FA8LO9V0,60 Y MAS,ACTIVO,161783.625,ETHER,DRAGONS,90LD2,2,0.5759
8ZZ4Z0LO,60 Y MAS,ACTIVO,72910.487,0,SOIL,90LD2,2,0.5112
L908ZFA08,07 A 11,ACTIVO,273953.605,#N/D,VIKING ARMOUR,B92375,N,0.0381
9000LVFAL,24 A 47,ACTIVO,,#N/D,SPURS,90LD2,#N/D,0.7772
Z0FA0LOL0Z,60 Y MAS,ACTIVO,273953.605,BITCOIN,DRAGONS,90LD2,2,0.9762
V08V08V0,60 Y MAS,ACTIVO,198454.58,GOLD,VIKING ARMOUR,JSF89A,2,0.2052
L0VLOL090,48 A 60,ACTIVO,159626.51,BITCOIN,SOIL,Y79G54,2,0.8053
FA09FALO9LOV,00 A 06,ACTIVO,,#N/D,VIKING ARMOUR,B92375,#N/D,0.5094
V0909V9FA,60 Y MAS,ACTIVO,448679.92,BITCOIN,VIKING ARMOUR,Y79G54,4,0.8378
LFA8LZ090,24 A 47,ACTIVO,228654.19,0,NAVAL,B92375,2,0.0711
L8080V88,07 A 11,ACTIVO,198454.58,#N/D,SPURS,Y79G54,2,0.3796
LFAFAZLLZFA,24 A 47,ACTIVO,159626.51,BITCOIN,SOIL,Y79G54,2,0.2495
L84L0V94,07 A 11,ACTIVO,237282.65,#N/D,VIKING ARMOUR,B92375,1,0.7688
LLFALO00,00 A 06,ACTIVO,189826.12,#N/D,SPURS,Y79G54,N,0.5834
L94900ZM,00 A 06,ACTIVO,181197.66,#N/D,SPURS,Y79G54,N,0.7493
L4ZZZL0V,24 A 47,ACTIVO,362395.32,BITCOIN,VIKING ARMOUR,Y79G54,4,0.7069
LZ0804LOZ,24 A 47,ACTIVO,207083.04,GOLD,SPURS,Y79G54,3,0.2397
ZZ8L4LOFA9,60 Y MAS,ACTIVO,295093.332,GOLD,VIKING ARMOUR,JSF89A,4,0.3283
L000V9FAFA,60 Y MAS,ACTIVO,433580.115,0,VIKING ARMOUR,Y79G54,6,0.7593
LFA94LO904,24 A 47,ACTIVO,371023.78,BITCOIN,VIKING ARMOUR,Y79G54,4,0.1169
LZFA9LL80,24 A 47,ACTIVO,267482.26,BITCOIN,SPURS,Y79G54,4,0.5877
LVLO90840,12 A 23,ACTIVO,237282.65,0,VIKING ARMOUR,B92375,1,0.009
FA0000Z9V,00 A 06,ACTIVO,250225.34,#N/D,VIKING ARMOUR,B92375,N,0.7257
FA0Z84084,00 A 06,ACTIVO,,#N/D,VIKING ARMOUR,B92375,#N/D,0.9489
LFALO0LO0FA4,24 A 47,ACTIVO,347295.515,BITCOIN,VIKING ARMOUR,B92375,4,0.6578
L0LOL0048,48 A 60,ACTIVO,159626.51,GOLD,SOIL,Y79G54,2,0.3655
LZVVL08V,24 A 47,ACTIVO,286896.295,GOLD,VIKING ARMOUR,B92375,4,0.634
L90084V9,07 A 11,ACTIVO,181197.66,BITCOIN,SPURS,Y79G54,N,0.9574
LLOV40LO40,12 A 23,ACTIVO,207083.04,BITCOIN,SPURS,Y79G54,2,0.2812
8000Z4FAL,60 Y MAS,ACTIVO,250225.34,BITCOIN,VIKING ARMOUR,B92375,4,0.47
L9LO04V84,00 A 06,ACTIVO,150998.05,GOLD,SOIL,Y79G54,N,0.1727
V4ZLO4LO9,60 Y MAS,ACTIVO,386123.585,BITCOIN,DRAGONS,Y79G54,2,0.0358
L9ZVLVLOFA,07 A 11,ACTIVO,138055.36,GOLD,SPURS,JSF89A,N,0.4162
L0ZZ00LO8,48 A 60,ACTIVO,159626.51,ETHER,SOIL,Y79G54,2,0.7751
800FAL0FA4,60 Y MAS,ACTIVO,220025.73,ETHER,VIKING ARMOUR,Y79G54,2,0.8015
L9FAFA809V,07 A 11,ACTIVO,237282.65,BITCOIN,VIKING ARMOUR,B92375,N,0.3007
L9V0LZV8,00 A 06,ACTIVO,150998.05,#N/D,SOIL,Y79G54,N,0.3415
ZVLOL9L0FA,24 A 47,ACTIVO,223477.114,GOLD,VIKING ARMOUR,JSF89A,4,0.5688
494FA40,60 Y MAS,ACTIVO,229948.459,BITCOIN,DRAGONS,90LD2,2,0.3122
L9LOZL009,00 A 06,ACTIVO,150998.05,BITCOIN,SOIL,Y79G54,N,0.4986
LV4FALVFA0,12 A 23,ACTIVO,254539.57,BITCOIN,SPURS,Y79G54,1,0.4786
LLVVFAZ9Z,24 A 47,ACTIVO,207083.04,BITCOIN,SPURS,Y79G54,4,0.8627
LO0L9LOVZ4,60 Y MAS,ACTIVO,276110.72,BITCOIN,VIKING ARMOUR,Y79G54,4,0.2063
L808LZVFA,12 A 23,ACTIVO,245479.687,0,VIKING ARMOUR,JSF89A,2,0.8757
L8VFA8FALO4,07 A 11,ACTIVO,237282.65,0,VIKING ARMOUR,B92375,N,0.7894
8VZLO00L,60 Y MAS,ACTIVO,435737.23,BITCOIN,NAVAL,Y79G54,4,0.4723
L80LO4FAL4,12 A 23,ACTIVO,198454.58,#N/D,SPURS,Y79G54,2,0.4852
L8ZFAZ0LV,07 A 11,ACTIVO,181197.66,#N/D,SPURS,Y79G54,2,0.1977
LFALOLVFAVL,24 A 47,ACTIVO,310624.56,BITCOIN,VIKING ARMOUR,Y79G54,4,0.2251
LLOZVLO000,12 A 23,ACTIVO,273953.605,BITCOIN,VIKING ARMOUR,B92375,2,0.4732
LFAZVL9LO4,24 A 47,ACTIVO,189826.12,0,SPURS,Y79G54,4,0.2946
LVFA0480V,12 A 23,ACTIVO,150998.05,0,SPURS,JSF89A,2,0.2378
LVLOL0VLOFA,12 A 23,ACTIVO,250225.34,GOLD,VIKING ARMOUR,B92375,2,0.533
L9Z4LZ00,07 A 11,ACTIVO,181197.66,GOLD,SPURS,Y79G54,N,0.8752
LLOVZ4040,12 A 23,ACTIVO,360669.628,0,VIKING ARMOUR,Y79G54,3,0.0554
V0Z4Z0L4,60 Y MAS,ACTIVO,176883.43,0,DRAGONS,B92375,2,0.3787
LO080VLFA4,60 Y MAS,ACTIVO,169549.239,GOLD,DRAGONS,90LD2,2,0.1902
FA09LOVLZZ,00 A 06,activo,,#N/D,VIKING ARMOUR,Y79G54,#N/D,0.1774
8V044ZFA,60 Y MAS,ACTIVO,719613.564,ETHER,#N/D,#N/D,4,0.7035
80L00ZLO0,60 Y MAS,ACTIVO,156606.549,0,SOIL,90LD2,1,0.0726
L880LO840,07 A 11,ACTIVO,273953.605,#N/D,VIKING ARMOUR,B92375,N,0.5982
LLO489Z0Z,12 A 23,ACTIVO,375338.01,BITCOIN,SPURS,Y79G54,4,0.2136
L9FA089,07 A 11,ACTIVO,237282.65,GOLD,VIKING ARMOUR,B92375,N,0.5698
LO0400VVLO,60 Y MAS,ACTIVO,286896.295,0,VIKING ARMOUR,B92375,3,0.7935
Z08ZFALO,60 Y MAS,ACTIVO,101815.828,GOLD,SOIL,90LD2,2,0.5461
L400VVFA0,24 A 47,ACTIVO,,#N/D,NAVAL,B92375,#N/D,0.9024
L8V90ZFALO,07 A 11,ACTIVO,207083.04,TYP2,VIKING ARMOUR,B92375,N,0.8499
L8L0Z890,07 A 11,ACTIVO,237282.65,ETHER,VIKING ARMOUR,B92375,1,0.8025
L9FA888FA0,07 A 11,ACTIVO,237282.65,#N/D,VIKING ARMOUR,B92375,N,0.8498
L9L40FALZ,00 A 06,ACTIVO,237282.65,#N/D,VIKING ARMOUR,B92375,N,0.4362
LZ094008,24 A 47,ACTIVO,297681.87,BITCOIN,VIKING ARMOUR,Y79G54,4,0.7543
L4LL9Z08,24 A 47,ACTIVO,254539.57,GOLD,SPURS,Y79G54,4,0.8277
LV9V0LO88,12 A 23,ACTIVO,181197.66,ETHER,SPURS,Y79G54,1,0.4549
LFAZLL0FAFA,24 A 47,ACTIVO,239439.765,GOLD,NAVAL,B92375,4,0.4015
L0949009,48 A 60,ACTIVO,122524.132,BITCOIN,VIKING ARMOUR,B92375,2,0.9914
80LLOZ4L4,60 Y MAS,ACTIVO,396909.16,0,VIKING ARMOUR,Y79G54,4,0.0519
80LVZ084,48 A 60,ACTIVO,166529.278,0,DRAGONS,90LD2,2,0.5219
LZFA08989,24 A 47,ACTIVO,351609.745,0,VIKING ARMOUR,B92375,4,0.726
L0LOFA0Z8Z,48 A 60,ACTIVO,198454.58,0,SPURS,Y79G54,4,0.5889
8FAZL44Z,60 Y MAS,ACTIVO,349452.63,BITCOIN,SPURS,Y79G54,6,0.6164
L8LOZV40V,07 A 11,ACTIVO,325724.365,#N/D,VIKING ARMOUR,Y79G54,4,0.878
FA0L09FAZL,00 A 06,ACTIVO,125112.67,0,SPURS,Y79G54,N,0.9842
800VLOV8FA,60 Y MAS,ACTIVO,379652.24,BITCOIN,VIKING ARMOUR,B92375,4,0.1108
L04Z09L8,48 A 60,ACTIVO,228654.19,BITCOIN,SOIL,Y79G54,2,0.8519
V08FA8Z40,60 Y MAS,ACTIVO,125112.67,0,VIKING ARMOUR,JSF89A,2,0.5715
L08L8FA9V,60 Y MAS,ACTIVO,289053.41,BITCOIN,VIKING ARMOUR,Y79G54,4,0.5935
L9VFAFALO89,00 A 06,ACTIVO,150998.05,TYP2,SOIL,Y79G54,N,0.6555
V0ZM404L,60 Y MAS,ACTIVO,280424.95,ETHER,VIKING ARMOUR,Y79G54,2,0.8344
L90FA04LOV,07 A 11,ACTIVO,284739.18,BITCOIN,VIKING ARMOUR,Y79G54,N,0.5819
9ZV48L,60 Y MAS,ACTIVO,413303.234,0,NAVAL,90LD2,6,0.0254
4ZL88FAL,60 Y MAS,ACTIVO,396909.16,BITCOIN,VIKING ARMOUR,Y79G54,4,0.6829
L94LFAZML,00 A 06,ACTIVO,129426.9,0,DRAGONS,JSF89A,N,0.3201
LFA0LO90LO0,24 A 47,ACTIVO,297681.87,0,VIKING ARMOUR,B92375,4,0.5667
LL4Z80LO9,48 A 60,ACTIVO,,#N/D,VIKING ARMOUR,B92375,#N/D,0.7987
L4FA04VLOFA,24 A 47,ACTIVO,159626.51,0,SOIL,Y79G54,1,0.0541
ZVLOZ9L9V,24 A 47,ACTIVO,150998.05,GOLD,SPURS,JSF89A,2,0.0598
FA0FA0V4VV,00 A 06,ACTIVO,125112.67,0,SPURS,Y79G54,N,0.8184
VLV0ZLFA,60 Y MAS,ACTIVO,241596.88,USD,VIKING ARMOUR,B92375,4,0.9374
ZZFA9VZLOFA,60 Y MAS,ACTIVO,211397.27,GOLD,SPURS,Y79G54,4,0.587
L0FA80ZML,48 A 60,ACTIVO,323567.25,GOLD,VIKING ARMOUR,B92375,4,0.8597
FA00L044Z,00 A 06,ACTIVO,189826.12,#N/D,SPURS,Y79G54,N,0.2103
ZZV9FALLOFA,60 Y MAS,ACTIVO,159626.51,BITCOIN,SOIL,Y79G54,2,0.2206
L8ZV9FA08,07 A 11,ACTIVO,273953.605,0,VIKING ARMOUR,B92375,2,0.1589
L0V444LZ,48 A 60,ACTIVO,140212.475,0,DRAGONS,B92375,2,0.4379
LO04Z94LO9,48 A 60,ACTIVO,97070.175,0,DRAGONS,90LD2,2,0.9056
900LL4FA0,60 Y MAS,activo,,#N/D,SPURS,90LD2,#N/D,0.383
ZVLO04FA49,48 A 60,ACTIVO,-5608.499,BITCOIN,VIKING ARMOUR,JSF89A,4,0.9728
LZ0V0Z0V,24 A 47,ACTIVO,159626.51,ETHER,SOIL,Y79G54,2,0.046
L9LV0L49,07 A 11,ACTIVO,172569.2,GOLD,SPURS,JSF89A,N,0.3079
L08LO0FA09,48 A 60,ACTIVO,228654.19,GOLD,NAVAL,B92375,2,0.4289
FA048008V,00 A 06,ACTIVO,,#N/D,SPURS,Y79G54,#N/D,0.2715
FA0LO9LO,60 Y MAS,ACTIVO,621249.12,BITCOIN,VIKING ARMOUR,Y79G54,4,0.0099
8004ZZLV,60 Y MAS,ACTIVO,176883.43,0,DRAGONS,B92375,2,0.1341
Z009FAZ0L,60 Y MAS,ACTIVO,406400.466,0,VIKING ARMOUR,90LD2,3,0.506
LV0048Z0,12 A 23,ACTIVO,168254.97,ETHER,SPURS,JSF89A,2,0.4009
L9FA9FAFA,00 A 06,ACTIVO,150998.05,#N/D,SOIL,Y79G54,N,0.8003
L0LV0LFA9,48 A 60,ACTIVO,159626.51,TYP2,SOIL,Y79G54,1,0.7806
L9Z0Z080,00 A 06,ACTIVO,187669.005,ETHER,SOIL,Y79G54,N,0.2788
L0Z90FAVLO,60 Y MAS,ACTIVO,207083.04,ETHER,SPURS,Y79G54,4,0.9323
FA0FA00ZVFA,00 A 06,ACTIVO,250225.34,0,VIKING ARMOUR,B92375,N,0.211
LO0LOV0LO8L,24 A 47,ACTIVO,210103.001,0,VIKING ARMOUR,90LD2,4,0.7552
FA0LOV8FA90,00 A 06,activo,,#N/D,SPURS,Y79G54,#N/D,0.3768
LVZM9VFALO,12 A 23,ACTIVO,543592.98,ETHER,VIKING ARMOUR,Y79G54,2,0.3192
Z00LLO0Z4,60 Y MAS,ACTIVO,250225.34,0,VIKING ARMOUR,B92375,3,0.4056
L0Z08LVZ,60 Y MAS,ACTIVO,491822.22,0,VIKING ARMOUR,Y79G54,4,0.5899
FA0V0444FA,00 A 06,ACTIVO,,#N/D,VIKING ARMOUR,Y79G54,#N/D,0.2979
LLVLOFA0VFA,24 A 47,ACTIVO,155312.28,GOLD,SOIL,B92375,2,0.8527
L8LLO49FAV,07 A 11,ACTIVO,237282.65,GOLD,VIKING ARMOUR,B92375,1,0.9897
LLO9V0000,12 A 23,ACTIVO,267050.837,0,VIKING ARMOUR,JSF89A,4,0.1331
L8Z9Z4Z8,07 A 11,ACTIVO,187669.005,0,DRAGONS,JSF89A,1,0.9781
L0FA4LOZ00,60 Y MAS,ACTIVO,286896.295,TYP2,VIKING ARMOUR,B92375,4,0.5816
LVLOFAFA8LOZ,12 A 23,ACTIVO,327881.48,USD,VIKING ARMOUR,Y79G54,2,0.6146
800FALOFA8FA,60 Y MAS,ACTIVO,278267.835,0,DRAGONS,90LD2,4,0.7999
L49404FA0,24 A 47,ACTIVO,351609.745,GOLD,VIKING ARMOUR,Y79G54,6,0.5269
L048FAZ9FA,60 Y MAS,ACTIVO,159626.51,0,SOIL,Y79G54,1,0.4252
ZZFA9LO000,60 Y MAS,ACTIVO,405537.62,ETHER,VIKING ARMOUR,Y79G54,4,0.7497
Z08FALOFALL,60 Y MAS,ACTIVO,161783.625,GOLD,DRAGONS,90LD2,2,0.4028
L980VVLO0,00 A 06,ACTIVO,187669.005,#N/D,SOIL,Y79G54,N,0.4217
L0FALOZ4VV,60 Y MAS,ACTIVO,388280.7,BITCOIN,VIKING ARMOUR,Y79G54,6,0.5861
V0FA908LO9,60 Y MAS,ACTIVO,194140.35,BITCOIN,VIKING ARMOUR,B92375,2,0.1686
LZZ09404,24 A 47,ACTIVO,207083.04,ETHER,SPURS,Y79G54,4,0.6389
Z000Z940,60 Y MAS,ACTIVO,231674.151,BITCOIN,NAVAL,90LD2,4,0.146
L9FA00LO09,00 A 06,ACTIVO,129426.9,0,DRAGONS,JSF89A,N,0.9325
LZZLOZ8VZ,24 A 47,ACTIVO,163509.317,ETHER,DRAGONS,B92375,2,0.6087
ZZ80FAZ9FA,60 Y MAS,ACTIVO,103541.52,GOLD,DRAGONS,B92375,2,0.9347
8004VL,60 Y MAS,ACTIVO,271365.067,BITCOIN,DRAGONS,Y79G54,2,0.8972
L494ZLO0LO,24 A 47,ACTIVO,278267.835,TYP2,VIKING ARMOUR,B92375,4,0.6144
L909V9VZ,07 A 11,ACTIVO,237282.65,#N/D,VIKING ARMOUR,B92375,N,0.6965
9LO88ZLZ,60 Y MAS,ACTIVO,401223.39,GOLD,VIKING ARMOUR,Y79G54,4,0.4983
ZLOFALOV9FALO,60 Y MAS,ACTIVO,269639.375,ETHER,DRAGONS,Y79G54,4,0.9872
LFA0LO98FAZ,24 A 47,ACTIVO,159626.51,0,SOIL,Y79G54,1,0.4853
V0908VFALO,60 Y MAS,ACTIVO,317527.328,GOLD,VIKING ARMOUR,90LD2,6,0.4698
LO0LO04L09,60 Y MAS,ACTIVO,172569.2,0,DRAGONS,90LD2,2,0.425
L4L00V9Z,24 A 47,ACTIVO,202768.81,0,NAVAL,B92375,1,0.8416
L9FAL904Z,00 A 06,ACTIVO,181197.66,BITCOIN,SPURS,Y79G54,N,0.0928
90000L00,60 Y MAS,ACTIVO,,#N/D,SPURS,90LD2,#N/D,0.9058
V8ZVVLOZ,60 Y MAS,ACTIVO,195003.196,BITCOIN,DRAGONS,90LD2,2,0.815
LO0LOL90L0,60 Y MAS,ACTIVO,216574.346,BITCOIN,VIKING ARMOUR,90LD2,4,0.3643
V0000LO00,48 A 60,ACTIVO,135898.245,0,DRAGONS,90LD2,2,0.5506
V0ZMLV,60 Y MAS,ACTIVO,376200.856,0,NAVAL,90LD2,4,0.5763
FA0L00V4LO,00 A 06,activo,,#N/D,SOIL,Y79G54,#N/D,0.6355
ZZLLL8LOZ,60 Y MAS,ACTIVO,250225.34,0,VIKING ARMOUR,B92375,2,0.5495
FA0V4Z0VL,00 A 06,ACTIVO,,#N/D,SPURS,Y79G54,#N/D,0.7151
LZL8ZFA,00 A 06,ACTIVO,150998.05,USD,SPURS,JSF89A,N,0.2922
VLLLOVFAZ,60 Y MAS,ACTIVO,363258.166,BITCOIN,VIKING ARMOUR,90LD2,6,0.1611
L0L8090Z,48 A 60,ACTIVO,207083.04,BITCOIN,SPURS,Y79G54,4,0.9117
LFAZ08FA0Z,24 A 47,ACTIVO,159626.51,0,SOIL,Y79G54,1,0.8607
L4ZFAL0LV,24 A 47,ACTIVO,295524.755,BITCOIN,NAVAL,B92375,4,0.3987
Z0LZM9V4,60 Y MAS,ACTIVO,125112.67,0,DRAGONS,90LD2,2,0.5086
Z004ZFAZZ,60 Y MAS,ACTIVO,250225.34,TYP2,VIKING ARMOUR,B92375,2,0.3124
ZZ04FA40FA,60 Y MAS,ACTIVO,401223.39,BITCOIN,VIKING ARMOUR,Y79G54,4,0.5963
L800V8L8,12 A 23,ACTIVO,327881.48,BITCOIN,VIKING ARMOUR,Y79G54,2,0.1306
L9ZM94Z8,00 A 06,ACTIVO,237282.65,#N/D,VIKING ARMOUR,B92375,N,0.4452
LLO8Z8Z49,12 A 23,ACTIVO,140212.475,GOLD,DRAGONS,B92375,2,0.7932
LO0ZVFA408,60 Y MAS,ACTIVO,245479.687,BITCOIN,VIKING ARMOUR,JSF89A,4,0.2243
LOVZL40LO,60 Y MAS,ACTIVO,468093.955,BITCOIN,VIKING ARMOUR,Y79G54,6,0.2796
LV49LLO4FA,12 A 23,ACTIVO,319253.02,BITCOIN,VIKING ARMOUR,Y79G54,2,0.6726
V0ZZVVLL,60 Y MAS,ACTIVO,297681.87,BITCOIN,VIKING ARMOUR,Y79G54,4,0.3586
L04FA00,60 Y MAS,ACTIVO,500450.68,BITCOIN,SPURS,Y79G54,6,0.6958
L9FA9ZV4V,07 A 11,ACTIVO,194140.35,#N/D,SOIL,Y79G54,N,0.7853
L0VV8VLL,48 A 60,ACTIVO,276110.72,GOLD,VIKING ARMOUR,Y79G54,4,0.9107
LLLO0FA900,48 A 60,ACTIVO,396909.16,ETHER,SOIL,Y79G54,6,0.3488
FA0FALOFAZLV,00 A 06,ACTIVO,250225.34,0,VIKING ARMOUR,B92375,N,0.9441
LO0ZZLOZ0FA,24 A 47,ACTIVO,95344.483,0,VIKING ARMOUR,JSF89A,2,0.3147
LZLOFA4L,24 A 47,ACTIVO,243753.995,GOLD,SPURS,Y79G54,4,0.5241
ZZ0VLO989,60 Y MAS,ACTIVO,278267.835,GOLD,VIKING ARMOUR,B92375,4,0.5132
LZV0FA0,24 A 47,ACTIVO,189826.12,GOLD,SPURS,Y79G54,4,0.2894
L9FAL984L,00 A 06,ACTIVO,150998.05,0,SOIL,Y79G54,N,0.5396
9V08LFAFA,60 Y MAS,ACTIVO,235125.535,0,SPURS,Y79G54,3,0.5719
L000Z9FAFA,60 Y MAS,ACTIVO,207083.04,GOLD,SPURS,Y79G54,4,0.4291
LV8LO0V00,12 A 23,ACTIVO,146683.82,0,VIKING ARMOUR,Y79G54,1,0.4381
V089LFAVV,24 A 47,ACTIVO,189826.12,USD,VIKING ARMOUR,Y79G54,2,0.0362
LZM9FAVVZ,12 A 23,ACTIVO,250225.34,BITCOIN,VIKING ARMOUR,B92375,2,0.5186
9LOLZ4V4,60 Y MAS,ACTIVO,207083.04,GOLD,SPURS,Y79G54,4,0.6759
FA0VZZ9ZL,00 A 06,activo,,#N/D,SPURS,Y79G54,#N/D,0.1777
LLO8LO0LOLV,12 A 23,ACTIVO,250225.34,TYP2,VIKING ARMOUR,B92375,2,0.6657
ZZ4LVV9V,60 Y MAS,ACTIVO,290779.102,GOLD,NAVAL,90LD2,4,0.799
LZ0LFA0,00 A 06,ACTIVO,125112.67,#N/D,SPURS,Y79G54,N,0.1407
80V0Z8Z,60 Y MAS,ACTIVO,323135.827,0,VIKING ARMOUR,Y79G54,4,0.8313
FA0FA0LOV8L,00 A 06,ACTIVO,103541.52,0,VIKING ARMOUR,B92375,N,0.2869
FA00Z00Z0,00 A 06,ACTIVO,250225.34,0,VIKING ARMOUR,B92375,N,0.9304
LFA4L8Z04,24 A 47,ACTIVO,189826.12,0,SPURS,Y79G54,4,0.8208
L090L44LO,48 A 60,ACTIVO,278267.835,GOLD,SPURS,Y79G54,6,0.3149
V0L8L8FALO,12 A 23,ACTIVO,226497.075,0,NAVAL,90LD2,2,0.3404
L4VL408FA,24 A 47,ACTIVO,159626.51,0,VIKING ARMOUR,B92375,1,0.5183
L800LO0VL,07 A 11,ACTIVO,159626.51,BITCOIN,SPURS,Y79G54,2,0.1899
9L0ZLO88,60 Y MAS,ACTIVO,235125.535,0,SPURS,Y79G54,3,0.9251
Z0ZFA8V9LO,60 Y MAS,ACTIVO,286896.295,GOLD,VIKING ARMOUR,B92375,4,0.8678
FA09LOLLOVFA,00 A 06,activo,,#N/D,DRAGONS,Y79G54,#N/D,0.7379
80FA0FALO9L,48 A 60,ACTIVO,323135.827,0,VIKING ARMOUR,JSF89A,3,0.3422
LLOFAZLOL,00 A 06,ACTIVO,159626.51,#N/D,SOIL,Y79G54,N,0.8541
L8FALO00ZL,07 A 11,ACTIVO,120798.44,GOLD,SPURS,Y79G54,1,0.6186
Z0048FALO0,60 Y MAS,ACTIVO,325724.365,BITCOIN,DRAGONS,90LD2,4,0.6707
9000L909,12 A 23,activo,,#N/D,SPURS,90LD2,#N/D,0.2033
LL0FAV9LO9,48 A 60,ACTIVO,207083.04,0,SPURS,Y79G54,4,0.3943
L88FA844FA,07 A 11,ACTIVO,237282.65,#N/D,VIKING ARMOUR,B92375,N,0.6426
LO0ZLOL900,60 Y MAS,ACTIVO,135898.245,0,DRAGONS,90LD2,2,0.7776
L408ZLOL8,24 A 47,ACTIVO,368435.242,ETHER,NAVAL,B92375,4,0.1206
80LZM90Z,48 A 60,ACTIVO,143663.859,0,SPURS,90LD2,4,0.9464
LLFALO00,24 A 47,ACTIVO,159626.51,0,SOIL,Y79G54,2,0.0161
FA0ZFA4004,00 A 06,ACTIVO,,#N/D,SPURS,JSF89A,#N/D,0.8337
9LOFA9FA8L,60 Y MAS,ACTIVO,198454.58,USD,SPURS,Y79G54,4,0.4707
LO0V890VZ,60 Y MAS,ACTIVO,629877.58,GOLD,VIKING ARMOUR,Y79G54,6,0.0473
L94900FAFA,00 A 06,ACTIVO,217868.615,#N/D,VIKING ARMOUR,B92375,N,0.6997
LO0ZVL0Z0,60 Y MAS,ACTIVO,383966.47,GOLD,VIKING ARMOUR,B92375,4,0.0805
FA009FAFAV4,00 A 06,ACTIVO,250225.34,#N/D,VIKING ARMOUR,B92375,N,0.4662
ZZZ48LZZ,60 Y MAS,ACTIVO,401223.39,ETHER,VIKING ARMOUR,Y79G54,4,0.3929
VL9FA044,60 Y MAS,ACTIVO,400791.967,GOLD,DRAGONS,90LD2,4,0.5269
L4ZFA9Z04,24 A 47,ACTIVO,207083.04,USD,SPURS,Y79G54,4,0.8303
V0V808,24 A 47,ACTIVO,402086.236,GOLD,VIKING ARMOUR,Y79G54,4,0.374
LLOFAL0LO9FA,12 A 23,ACTIVO,358081.09,BITCOIN,SPURS,Y79G54,4,0.0012
L9L9LO4FA0,07 A 11,ACTIVO,150998.05,GOLD,SOIL,Y79G54,N,0.6207
L9V490L4,00 A 06,ACTIVO,237282.65,#N/D,VIKING ARMOUR,B92375,N,0.9184
LFA9LO4404,24 A 47,ACTIVO,207083.04,BITCOIN,SPURS,Y79G54,4,0.0924
V00FA98FAL,60 Y MAS,ACTIVO,207514.463,BITCOIN,DRAGONS,90LD2,2,0.9041
LZ48LOVFAV,24 A 47,ACTIVO,103541.52,GOLD,DRAGONS,B92375,2,0.9217
V040ZV09,60 Y MAS,ACTIVO,265325.145,BITCOIN,NAVAL,B92375,4,0.0165
L09004FAFA,48 A 60,ACTIVO,159626.51,GOLD,SOIL,Y79G54,2,0.2863
V0VZVLO08,60 Y MAS,ACTIVO,371023.78,GOLD,VIKING ARMOUR,Y79G54,4,0.9304
84LLZ9V,60 Y MAS,ACTIVO,531513.136,0,VIKING ARMOUR,90LD2,6,0.1605
L0FALZ4LLO,60 Y MAS,ACTIVO,241596.88,BITCOIN,VIKING ARMOUR,B92375,4,0.2618
L8LFA0408,07 A 11,ACTIVO,194140.35,ETHER,SOIL,Y79G54,2,0.4621
L9L08ZZ0,07 A 11,ACTIVO,207083.04,#N/D,VIKING ARMOUR,B92375,N,0.9095
LFALO04VLO8,24 A 47,ACTIVO,500450.68,GOLD,SPURS,Y79G54,6,0.0854
FA09Z9489,00 A 06,ACTIVO,,#N/D,VIKING ARMOUR,Y79G54,#N/D,0.0068
L90LO0L48,07 A 11,ACTIVO,120798.44,ETHER,SPURS,Y79G54,N,0.5776
LLO8VZL4FA,12 A 23,ACTIVO,312781.675,0,VIKING ARMOUR,Y79G54,4,0.6688
L9LL0408,07 A 11,ACTIVO,194140.35,BITCOIN,VIKING ARMOUR,B92375,N,0.9878
LLFA0449Z,24 A 47,ACTIVO,673019.88,BITCOIN,VIKING ARMOUR,Y79G54,6,0.0467
FA0LVZ8LO9,00 A 06,ACTIVO,159626.51,0,SPURS,Y79G54,N,0.6196
L000FA00Z,60 Y MAS,ACTIVO,196297.465,0,SOIL,Y79G54,2,0.527
L8FA4Z0,07 A 11,ACTIVO,241596.88,GOLD,DRAGONS,Y79G54,2,0.3697
9V4ZZM0,60 Y MAS,activo,286896.295,BITCOIN,SOIL,Y79G54,4,0.2773
ZZL8V89FA,60 Y MAS,ACTIVO,85853.177,GOLD,DRAGONS,90LD2,2,0.7852
ZZ0FAVVVFA,60 Y MAS,ACTIVO,179040.545,GOLD,SOIL,Y79G54,2,0.8414
80L8Z4FALO,24 A 47,ACTIVO,,#N/D,NAVAL,90LD2,#N/D,0.2405
FA000LOV84,00 A 06,activo,,#N/D,SPURS,Y79G54,#N/D,0.4442
LZ08LO988,24 A 47,ACTIVO,293367.64,ETHER,VIKING ARMOUR,B92375,4,0.9913
900LVLOL9,60 Y MAS,ACTIVO,,#N/D,VIKING ARMOUR,90LD2,#N/D,0.6322
L80LOLL0L,07 A 11,ACTIVO,172569.2,ETHER,SPURS,Y79G54,1,0.9807
L80V808V,12 A 23,ACTIVO,215711.5,BITCOIN,VIKING ARMOUR,Y79G54,2,0.1566
L8ZZL0Z0,07 A 11,ACTIVO,150998.05,#N/D,SOIL,Y79G54,1,0.451
L80Z9480,12 A 23,ACTIVO,303721.792,0,VIKING ARMOUR,JSF89A,4,0.6296
LZ8488FA9,24 A 47,ACTIVO,250225.34,0,VIKING ARMOUR,B92375,1,0.2262
FA0FA900ZL,00 A 06,activo,,#N/D,SPURS,Y79G54,#N/D,0.9958
LZZLO98LLO,24 A 47,ACTIVO,159626.51,BITCOIN,SOIL,Y79G54,2,0.2282
L94Z0LL9,00 A 06,ACTIVO,237282.65,#N/D,VIKING ARMOUR,B92375,N,0.9036
L9ZLLO0V9,00 A 06,ACTIVO,237282.65,#N/D,VIKING ARMOUR,B92375,N,0.918
90080FA84,12 A 23,ACTIVO,,#N/D,SPURS,90LD2,#N/D,0.9043
L0LVFA0FA4,60 Y MAS,ACTIVO,207083.04,BITCOIN,SPURS,Y79G54,4,0.1925
LLOL0VFA89,24 A 47,ACTIVO,286896.295,BITCOIN,VIKING ARMOUR,B92375,4,0.0485
LZFA88Z00,24 A 47,ACTIVO,207083.04,BITCOIN,SPURS,Y79G54,4,0.2341
LFA4Z908L,24 A 47,ACTIVO,228654.19,0,VIKING ARMOUR,B92375,2,0.8889
LFA4LOLFA90,24 A 47,ACTIVO,273953.605,0,VIKING ARMOUR,B92375,4,0.6733
L4FAFA04LZ,24 A 47,ACTIVO,440051.46,ETHER,VIKING ARMOUR,Y79G54,4,0.7282
LFAZ44988,24 A 47,ACTIVO,396909.16,0,VIKING ARMOUR,Y79G54,4,0.3517
FA00L04V8,00 A 06,ACTIVO,172569.2,0,SPURS,JSF89A,N,0.0553
LZZ89440,24 A 47,ACTIVO,207083.04,0,SPURS,Y79G54,1,0.0958
Z00V8LO09,60 Y MAS,ACTIVO,211397.27,ETHER,DRAGONS,Y79G54,2,0.8427
V08L0FAVFA,60 Y MAS,ACTIVO,161783.625,GOLD,VIKING ARMOUR,JSF89A,2,0.4611
LZZFAFAFA,24 A 47,ACTIVO,356786.821,BITCOIN,VIKING ARMOUR,Y79G54,4,0.5318
84Z9V9L,60 Y MAS,ACTIVO,198454.58,ETHER,SPURS,Y79G54,4,0.9334
L9LOZV4LO9,00 A 06,ACTIVO,181197.66,#N/D,SPURS,Y79G54,N,0.6119
LLLVZMFA8,48 A 60,ACTIVO,241596.88,BITCOIN,SOIL,Y79G54,4,0.4452
V000LLO0L,24 A 47,ACTIVO,250225.34,GOLD,VIKING ARMOUR,B92375,2,0.1309
8000V0FA0,60 Y MAS,ACTIVO,231242.728,BITCOIN,DRAGONS,90LD2,2,0.7486
LV0ZL890,12 A 23,ACTIVO,226497.075,0,SPURS,Y79G54,1,0.5004
ZZLZ0ZZM,60 Y MAS,ACTIVO,295093.332,GOLD,VIKING ARMOUR,JSF89A,4,0.6452
44098LOFA,60 Y MAS,ACTIVO,614777.775,ETHER,VIKING ARMOUR,Y79G54,6,0.6698
LFA09FAZ0L,24 A 47,ACTIVO,265325.145,0,NAVAL,B92375,4,0.5093
VL0LO8FAV,60 Y MAS,ACTIVO,332195.71,BITCOIN,VIKING ARMOUR,Y79G54,4,0.3955
ZVLOFAV00V,24 A 47,ACTIVO,120367.017,BITCOIN,DRAGONS,90LD2,2,0.1514
LO8LO04LL,60 Y MAS,ACTIVO,390006.392,BITCOIN,DRAGONS,90LD2,2,0.9213
FA0L0L04Z,00 A 06,ACTIVO,189826.12,0,SPURS,Y79G54,N,0.826
LO0Z0LFA8Z,60 Y MAS,ACTIVO,201905.964,0,VIKING ARMOUR,90LD2,4,0.2188
L9LZV08L,00 A 06,ACTIVO,99227.29,#N/D,DRAGONS,B92375,N,0.6785
4ZLV888,60 Y MAS,ACTIVO,526336.06,BITCOIN,VIKING ARMOUR,Y79G54,6,0.3695
L800V0LO0,12 A 23,ACTIVO,422794.54,ETHER,VIKING ARMOUR,Y79G54,1,0.9238
LV90V9VL,07 A 11,ACTIVO,364552.435,0,VIKING ARMOUR,Y79G54,3,0.8783
L0VZL494,48 A 60,ACTIVO,159626.51,TYP2,SOIL,Y79G54,2,0.1414
L0FAL0LO0Z,60 Y MAS,ACTIVO,289053.41,GOLD,VIKING ARMOUR,Y79G54,4,0.6615
LO0ZVFA8FALO,60 Y MAS,ACTIVO,129426.9,0,DRAGONS,90LD2,2,0.068
LVFALO0V8FA,12 A 23,ACTIVO,103541.52,0,DRAGONS,B92375,1,0.9877
9LOFA9490,60 Y MAS,ACTIVO,250225.34,0,VIKING ARMOUR,B92375,4,0.9384
L0FA98ZML,48 A 60,ACTIVO,103541.52,GOLD,DRAGONS,B92375,2,0.4986
LV98LLLV,12 A 23,ACTIVO,172569.2,0,VIKING ARMOUR,B92375,2,0.1409
LZ90L088,24 A 47,ACTIVO,250225.34,0,VIKING ARMOUR,B92375,2,0.4591
L0LZZVLLO,48 A 60,ACTIVO,,0,VIKING ARMOUR,B92375,1,0.3353
L8L004FA0,07 A 11,ACTIVO,237282.65,BITCOIN,VIKING ARMOUR,B92375,2,0.3876
FA0LZ0LOLZ,00 A 06,activo,,#N/D,VIKING ARMOUR,B92375,#N/D,0.8558
LO00ZZ0L9,60 Y MAS,ACTIVO,581989.627,BITCOIN,VIKING ARMOUR,90LD2,6,0.0522
L9FA44LOLLO,07 A 11,ACTIVO,282150.642,0,VIKING ARMOUR,JSF89A,N,0.4986
V0LLO49V0,60 Y MAS,ACTIVO,154880.857,0,DRAGONS,90LD2,2,0.7822
Z0FA49ZV4,60 Y MAS,ACTIVO,534964.52,BITCOIN,VIKING ARMOUR,Y79G54,4,0.3871
LZ0L98LFA,24 A 47,ACTIVO,228654.19,0,VIKING ARMOUR,B92375,2,0.9808
VZ0FA000,60 Y MAS,ACTIVO,448679.92,BITCOIN,VIKING ARMOUR,Y79G54,4,0.5362
L89Z0Z9LO,07 A 11,ACTIVO,181197.66,#N/D,SPURS,Y79G54,N,0.5308
9FAFAZ040,60 Y MAS,ACTIVO,198454.58,0,SPURS,Y79G54,4,0.134
V00VLO04LO,60 Y MAS,ACTIVO,114758.518,BITCOIN,DRAGONS,90LD2,2,0.6921
LZ800LOL0,24 A 47,ACTIVO,401223.39,0,VIKING ARMOUR,Y79G54,6,0.7879
L8Z04Z04,07 A 11,ACTIVO,150998.05,GOLD,SOIL,Y79G54,1,0.212
L08V49ZM,48 A 60,ACTIVO,198454.58,BITCOIN,SPURS,Y79G54,4,0.7273
Z0498L0Z,60 Y MAS,ACTIVO,338667.055,GOLD,VIKING ARMOUR,B92375,4,0.7256
L0094FAZZ,60 Y MAS,ACTIVO,250225.34,0,VIKING ARMOUR,B92375,4,0.6868
FA00ZVL,00 A 06,ACTIVO,223477.114,BITCOIN,VIKING ARMOUR,JSF89A,N,0.709
V0LZLO4L,60 Y MAS,ACTIVO,340824.17,USD,VIKING ARMOUR,Y79G54,4,0.6627
L8Z0L980,07 A 11,ACTIVO,194140.35,#N/D,SOIL,Y79G54,2,0.6619
L0L98Z,00 A 06,ACTIVO,245479.687,0,VIKING ARMOUR,JSF89A,N,0.6178
8LO44900,60 Y MAS,ACTIVO,286896.295,BITCOIN,VIKING ARMOUR,B92375,4,0.36
880LO04LO,60 Y MAS,ACTIVO,472408.185,BITCOIN,VIKING ARMOUR,Y79G54,4,0.4816
FA0FAVLOZFAL,00 A 06,ACTIVO,,#N/D,SOIL,Y79G54,#N/D,0.0825
V00Z9VV0,24 A 47,ACTIVO,154018.011,ETHER,SOIL,90LD2,2,0.2684
V0V9LOZVL,24 A 47,ACTIVO,250225.34,GOLD,VIKING ARMOUR,B92375,4,0.9469
890Z0Z8,60 Y MAS,ACTIVO,314938.79,BITCOIN,VIKING ARMOUR,Y79G54,4,0.4132
LLO8LOLZZZ,12 A 23,ACTIVO,187669.005,0,DRAGONS,Y79G54,2,0.6102
Z0V8LVFA8,60 Y MAS,ACTIVO,239439.765,GOLD,VIKING ARMOUR,Y79G54,4,0.0456
L9880LOL0,00 A 06,ACTIVO,237282.65,GOLD,VIKING ARMOUR,B92375,N,0.1107
FA0LLOLVFALO,00 A 06,ACTIVO,310624.56,0,VIKING ARMOUR,Y79G54,N,0.7304
L9LOFALO800,00 A 06,ACTIVO,237282.65,TYP2,VIKING ARMOUR,B92375,N,0.3962
8094V08,60 Y MAS,ACTIVO,286896.295,GOLD,VIKING ARMOUR,B92375,4,0.9935
V0L0LV49,60 Y MAS,ACTIVO,99227.29,0,DRAGONS,90LD2,2,0.1419
LFA9Z80Z9,24 A 47,ACTIVO,250225.34,0,VIKING ARMOUR,B92375,4,0.305
FA0VZ48FAFA,00 A 06,activo,,#N/D,VIKING ARMOUR,Y79G54,#N/D,0.4553
LFA80FA048,24 A 47,ACTIVO,196297.465,TYP2,SOIL,Y79G54,2,0.0763
L9FA0LLZ9,00 A 06,ACTIVO,181197.66,#N/D,SPURS,Y79G54,N,0.3415
L0Z80LO04,48 A 60,ACTIVO,103541.52,GOLD,DRAGONS,B92375,2,0.3227
LZZLOVZZFA,24 A 47,ACTIVO,103541.52,BITCOIN,DRAGONS,B92375,2,0.6336
L09LO0FA40,48 A 60,ACTIVO,265325.145,0,NAVAL,B92375,4,0.0291
LZ8FA0V9V,24 A 47,ACTIVO,243753.995,GOLD,SPURS,Y79G54,4,0.1637
FA04444Z0,00 A 06,ACTIVO,,#N/D,VIKING ARMOUR,B92375,#N/D,0.7754
L90FA040Z,07 A 11,ACTIVO,209240.155,GOLD,SPURS,JSF89A,N,0.0229
V00LO0LFA8,60 Y MAS,ACTIVO,129426.9,0,DRAGONS,JSF89A,2,0.6498
L80909Z9,12 A 23,ACTIVO,198454.58,#N/D,SPURS,Y79G54,2,0.9058
L890L0L9,07 A 11,ACTIVO,237282.65,GOLD,VIKING ARMOUR,B92375,N,0.7674
FA004LO8,00 A 06,activo,,#N/D,VIKING ARMOUR,Y79G54,#N/D,0.1308
L89FA0FA4Z,00 A 06,ACTIVO,150998.05,BITCOIN,SOIL,Y79G54,N,0.297
V09888LOV,60 Y MAS,ACTIVO,627720.465,GOLD,VIKING ARMOUR,Y79G54,4,0.6141
80LZ4LOFA0,60 Y MAS,ACTIVO,276542.143,0,NAVAL,90LD2,4,0.4196
L0LOLZFA49,48 A 60,ACTIVO,597089.432,BITCOIN,#N/D,#N/D,6,0.4286
80ZZL8FA,60 Y MAS,ACTIVO,265325.145,TYP2,DRAGONS,Y79G54,4,0.54
8FAFA00,60 Y MAS,ACTIVO,356786.821,GOLD,VIKING ARMOUR,Y79G54,4,0.7854
ZZ4FA98Z9,60 Y MAS,ACTIVO,223477.114,TYP2,VIKING ARMOUR,JSF89A,4,0.4336
90L0044Z,24 A 47,ACTIVO,,#N/D,SPURS,90LD2,#N/D,0.0369
L40V9LVZ,24 A 47,ACTIVO,276110.72,TYP2,VIKING ARMOUR,Y79G54,4,0.8287
LVFA48Z00,12 A 23,ACTIVO,586735.28,TYP2,SPURS,Y79G54,4,0.7307
VLOFA8VFALO,60 Y MAS,ACTIVO,371023.78,GOLD,VIKING ARMOUR,Y79G54,4,0.5212
LLOL49L,00 A 06,ACTIVO,211397.27,ETHER,SPURS,Y79G54,N,0.7113
VZ49FAFAV,60 Y MAS,ACTIVO,229948.459,BITCOIN,DRAGONS,90LD2,2,0.2245
V00LO0Z0LO,24 A 47,ACTIVO,276973.566,0,VIKING ARMOUR,90LD2,4,0.9887
V90LLOVV,60 Y MAS,ACTIVO,199317.426,BITCOIN,VIKING ARMOUR,Y79G54,2,0.8494
L9L9840V,00 A 06,ACTIVO,181197.66,GOLD,SPURS,Y79G54,N,0.7899
LVVLOL9FAZ,12 A 23,ACTIVO,150998.05,0,SPURS,JSF89A,2,0.1405
L90L8LO00,07 A 11,ACTIVO,237282.65,GOLD,VIKING ARMOUR,B92375,N,0.4302
LFA04LFA8L,24 A 47,ACTIVO,207083.04,ETHER,SPURS,Y79G54,4,0.3016
LVLFALOV,12 A 23,ACTIVO,407694.735,BITCOIN,VIKING ARMOUR,Y79G54,4,0.3238
LLOV00ZZV,12 A 23,ACTIVO,159626.51,ETHER,SOIL,Y79G54,2,0.9563
ZVZM4Z0L,24 A 47,ACTIVO,252813.878,0,VIKING ARMOUR,90LD2,4,0.1203
L94Z409Z,00 A 06,ACTIVO,273953.605,#N/D,VIKING ARMOUR,B92375,N,0.3584
L8LZM04Z,12 A 23,ACTIVO,150998.05,#N/D,SPURS,JSF89A,1,0.1392
FALLLO49L,60 Y MAS,ACTIVO,427108.77,TYP2,VIKING ARMOUR,Y79G54,4,0.1497
LZ00ZLO40,24 A 47,ACTIVO,414166.08,ETHER,VIKING ARMOUR,Y79G54,4,0.1584
L0L4LOL04,48 A 60,ACTIVO,254539.57,BITCOIN,SPURS,Y79G54,4,0.4649
LZ44L0FALO,24 A 47,ACTIVO,345138.4,0,VIKING ARMOUR,Y79G54,4,0.5076
FA00FA8Z08,00 A 06,ACTIVO,159626.51,#N/D,SOIL,Y79G54,N,0.1536
L89ZZ890,07 A 11,ACTIVO,181197.66,#N/D,SPURS,Y79G54,N,0.1524
L80LOZZZ8,07 A 11,ACTIVO,280424.95,#N/D,SOIL,Y79G54,1,0.376
L0ZZ00VLO,48 A 60,ACTIVO,351609.745,0,SOIL,Y79G54,3,0.4025
LVFA09LO88,12 A 23,ACTIVO,237282.65,#N/D,VIKING ARMOUR,B92375,2,0.8369
LLO000LO0L,24 A 47,ACTIVO,196297.465,0,SOIL,Y79G54,1,0.5875
L4LO9V0,00 A 06,ACTIVO,159626.51,#N/D,SOIL,Y79G54,N,0.9245
LLO8L0FAFA0,12 A 23,ACTIVO,159626.51,ETHER,SOIL,Y79G54,2,0.9405
L00004LFA,48 A 60,ACTIVO,345138.4,TYP2,VIKING ARMOUR,B92375,6,0.4277
V80FA0L9,60 Y MAS,ACTIVO,310624.56,BITCOIN,VIKING ARMOUR,B92375,4,0.3079
L8LOV9ZVLO,07 A 11,ACTIVO,245479.687,0,VIKING ARMOUR,JSF89A,N,0.5908
V000FA9ZLO,60 Y MAS,ACTIVO,140212.475,0,DRAGONS,B92375,1,0.5724
L8LOFAZM44,07 A 11,ACTIVO,194140.35,#N/D,VIKING ARMOUR,B92375,2,0.3472
8Z9LO0V9,60 Y MAS,ACTIVO,77656.14,0,SOIL,90LD2,2,0.0609
LO0LO0ZLOLLO,60 Y MAS,ACTIVO,99227.29,0,DRAGONS,JSF89A,2,0.6163
L94LOFA900,07 A 11,ACTIVO,232968.42,0,#N/D,#N/D,N,0.5787
LO0LO0V844,60 Y MAS,ACTIVO,239871.188,0,VIKING ARMOUR,90LD2,4,0.703
LZ098V44,24 A 47,ACTIVO,509079.14,BITCOIN,VIKING ARMOUR,Y79G54,6,0.9923
V0VFA40V0,48 A 60,ACTIVO,323567.25,BITCOIN,VIKING ARMOUR,B92375,4,0.23
LO0000Z0Z,60 Y MAS,ACTIVO,237282.65,BITCOIN,VIKING ARMOUR,B92375,2,0.2276
LZ89V009,24 A 47,ACTIVO,286896.295,0,VIKING ARMOUR,B92375,4,0.7031
L08LO0LVFA,48 A 60,ACTIVO,103541.52,0,DRAGONS,B92375,2,0.6164
FA0000LO89,00 A 06,ACTIVO,245911.11,#N/D,SPURS,Y79G54,N,0.2235
L9FA0449L,00 A 06,ACTIVO,237282.65,ETHER,VIKING ARMOUR,B92375,N,0.9588
L09048LO0,48 A 60,ACTIVO,198454.58,0,SPURS,Y79G54,3,0.2935
Z0LLO8ZFALO,60 Y MAS,ACTIVO,273953.605,GOLD,VIKING ARMOUR,B92375,2,0.9351
VVFA490Z,60 Y MAS,ACTIVO,536690.212,GOLD,VIKING ARMOUR,Y79G54,4,0.927
L09ZLO0V8,60 Y MAS,ACTIVO,198454.58,GOLD,SPURS,Y79G54,2,0.9845
L9Z0000L,00 A 06,ACTIVO,159626.51,BITCOIN,VIKING ARMOUR,B92375,N,0.9232
LLZ0FALO94,48 A 60,ACTIVO,314938.79,TYP2,VIKING ARMOUR,B92375,4,0.2379
LLOZV80FAZ,12 A 23,ACTIVO,250225.34,GOLD,VIKING ARMOUR,B92375,2,0.3909
L80ZFA9FAV,07 A 11,ACTIVO,647565.923,#N/D,VIKING ARMOUR,Y79G54,4,0.7381
LZ8V400LO,24 A 47,ACTIVO,314938.79,ETHER,VIKING ARMOUR,Y79G54,4,0.1369
V0FAL98Z,60 Y MAS,ACTIVO,194140.35,BITCOIN,VIKING ARMOUR,B92375,2,0.1324
LZFA0ZZFAV,24 A 47,activo,,#N/D,VIKING ARMOUR,B92375,#N/D,0.8071
LO0V90L8L,60 Y MAS,ACTIVO,362395.32,GOLD,VIKING ARMOUR,Y79G54,6,0.1938
LO0048LO4FA,60 Y MAS,ACTIVO,547475.787,BITCOIN,VIKING ARMOUR,Y79G54,6,0.0446
89ZL089,60 Y MAS,ACTIVO,647134.5,USD,VIKING ARMOUR,Y79G54,4,0.0812
LLOLFA0008,12 A 23,ACTIVO,226497.075,0,SPURS,Y79G54,0,0.5981
L09LO,00 A 06,ACTIVO,125112.67,#N/D,SPURS,Y79G54,N,0.4167
LL90098FA,24 A 47,ACTIVO,159626.51,GOLD,SOIL,Y79G54,2,0.5018
LZ00V4V8,24 A 47,ACTIVO,301996.1,0,NAVAL,B92375,0,0.1943
8V9FAL08,60 Y MAS,ACTIVO,86284.6,0,SOIL,90LD2,1,0.3712
FA049V9ZZ,00 A 06,ACTIVO,,#N/D,SPURS,Y79G54,#N/D,0.8631
LVVLLLOZV,12 A 23,ACTIVO,131584.015,GOLD,DRAGONS,JSF89A,2,0.8266
LFA8Z9ZVZ,24 A 47,ACTIVO,228654.19,0,NAVAL,B92375,2,0.1566
9004800Z,60 Y MAS,ACTIVO,,#N/D,SPURS,90LD2,#N/D,0.5081
LO048ZZ44,24 A 47,ACTIVO,267482.26,0,VIKING ARMOUR,JSF89A,4,0.3773
L0Z94L8LO,60 Y MAS,ACTIVO,103541.52,GOLD,DRAGONS,B92375,2,0.1225
L84VFAZZ9,07 A 11,ACTIVO,273953.605,BITCOIN,VIKING ARMOUR,B92375,2,0.3136
FA008V89V,00 A 06,ACTIVO,103541.52,#N/D,DRAGONS,Y79G54,N,0.2486
L4V04V49,24 A 47,activo,351609.745,GOLD,SPURS,Y79G54,6,0.9597
Z0FAL9FAV0,60 Y MAS,ACTIVO,189826.12,BITCOIN,DRAGONS,Y79G54,2,0.4626
LV0L000Z,12 A 23,ACTIVO,226497.075,GOLD,SPURS,Y79G54,2,0.0634
LZ9V0LO9LO,24 A 47,ACTIVO,159626.51,0,SOIL,Y79G54,2,0.6088
L84Z4ZML,07 A 11,ACTIVO,237282.65,0,VIKING ARMOUR,B92375,1,0.1156
LV4FA80VL,12 A 23,activo,,#N/D,SPURS,Y79G54,#N/D,0.4904
V09V0LLOV,60 Y MAS,ACTIVO,277836.412,BITCOIN,DRAGONS,90LD2,4,0.4342
LVV09FA88,12 A 23,ACTIVO,440051.46,ETHER,VIKING ARMOUR,Y79G54,2,0.2467
L0FA0FAVFA4,48 A 60,ACTIVO,289053.41,0,VIKING ARMOUR,Y79G54,4,0.7622
L8LO89490,07 A 11,ACTIVO,150998.05,GOLD,SOIL,Y79G54,N,0.5414
LLOFA009Z0,12 A 23,ACTIVO,243753.995,ETHER,SPURS,Y79G54,4,0.6131
L0L0L0VFA,48 A 60,ACTIVO,258853.8,BITCOIN,SPURS,Y79G54,4,0.0741
L9LO000FAZ,00 A 06,ACTIVO,187669.005,TYP2,VIKING ARMOUR,B92375,N,0.2956
LL0FA948V,48 A 60,ACTIVO,286896.295,0,VIKING ARMOUR,B92375,3,0.4944
LO08V084FA,60 Y MAS,ACTIVO,314938.79,GOLD,VIKING ARMOUR,Y79G54,4,0.6286
FA0V0884V,00 A 06,activo,,#N/D,SOIL,Y79G54,#N/D,0.175
988LO48V,60 Y MAS,ACTIVO,338667.055,GOLD,VIKING ARMOUR,B92375,4,0.5378
L9LO4ZZ44,00 A 06,ACTIVO,150998.05,#N/D,SOIL,Y79G54,N,0.0888
L80940FALO,12 A 23,ACTIVO,94913.06,GOLD,DRAGONS,JSF89A,2,0.4668
8894LO,60 Y MAS,ACTIVO,86284.6,0,SOIL,90LD2,2,0.1243
V04ZV9,60 Y MAS,ACTIVO,319253.02,0,VIKING ARMOUR,Y79G54,4,0.0789
FA0LOZLO08V,00 A 06,ACTIVO,,#N/D,VIKING ARMOUR,Y79G54,#N/D,0.0412
LV08ZLLO9,12 A 23,ACTIVO,250225.34,0,VIKING ARMOUR,B92375,1,0.6606
LZ9Z9VLZ,24 A 47,ACTIVO,103541.52,BITCOIN,DRAGONS,B92375,2,0.9155
LLOLZFALOZV,24 A 47,ACTIVO,619092.005,ETHER,VIKING ARMOUR,Y79G54,4,0.9026
L8FA84800,12 A 23,ACTIVO,289053.41,BITCOIN,VIKING ARMOUR,Y79G54,2,0.5123
L9LO0FAVZZ,07 A 11,ACTIVO,181197.66,BITCOIN,SPURS,Y79G54,N,0.2655
L40V088L,24 A 47,ACTIVO,327881.48,BITCOIN,VIKING ARMOUR,Y79G54,4,0.1302
LO0LOZ00LO9,24 A 47,ACTIVO,88441.715,0,DRAGONS,90LD2,2,0.5334
L90LO8LOZ8,07 A 11,ACTIVO,224339.96,BITCOIN,SPURS,Y79G54,N,0.8662
84FA4ZZ8,60 Y MAS,ACTIVO,332195.71,GOLD,VIKING ARMOUR,Y79G54,4,0.8435
LVLVFAVV4,12 A 23,ACTIVO,181197.66,BITCOIN,SPURS,Y79G54,2,0.5197
LVZ9LO0LOFA,12 A 23,ACTIVO,621249.12,BITCOIN,VIKING ARMOUR,Y79G54,4,0.6827
89Z0ZFAZ,60 Y MAS,ACTIVO,204063.079,GOLD,DRAGONS,90LD2,2,0.252
900FA09Z,60 Y MAS,ACTIVO,150998.05,BITCOIN,SOIL,Y79G54,2,0.6027
V0404498,48 A 60,ACTIVO,228654.19,BITCOIN,NAVAL,B92375,2,0.5924
LVV4V0FAL,12 A 23,ACTIVO,297681.87,BITCOIN,VIKING ARMOUR,Y79G54,2,0.8028
LZ0008ZL,24 A 47,ACTIVO,103541.52,0,DRAGONS,B92375,1,0.7952
90L40FAFAFA,12 A 23,ACTIVO,,#N/D,SPURS,90LD2,#N/D,0.5837
900VZZLFA,07 A 11,activo,,#N/D,SPURS,90LD2,#N/D,0.0878
L40Z9L00,24 A 47,ACTIVO,196297.465,0,SOIL,Y79G54,2,0.3931
LLOZL0LO0Z,24 A 47,ACTIVO,207083.04,0,SPURS,Y79G54,2,0.2548
FA0FALZ0,00 A 06,ACTIVO,250225.34,0,VIKING ARMOUR,B92375,N,0.928
ZZ0VFA94V,60 Y MAS,ACTIVO,273522.182,GOLD,SPURS,JSF89A,4,0.1461
LLO89LOZLO4,12 A 23,ACTIVO,207083.04,ETHER,SPURS,Y79G54,2,0.0825
VZFA0LOZ0,60 Y MAS,ACTIVO,316664.482,BITCOIN,VIKING ARMOUR,Y79G54,4,0.6187
L0VFA9LO9L,48 A 60,ACTIVO,351178.322,TYP2,DRAGONS,Y79G54,4,0.8958
L0L0V8L9,60 Y MAS,ACTIVO,198454.58,BITCOIN,SPURS,Y79G54,4,0.5331
V0889V0FA,24 A 47,ACTIVO,119504.171,BITCOIN,VIKING ARMOUR,90LD2,2,0.1827
L840Z909,07 A 11,ACTIVO,198454.58,GOLD,DRAGONS,Y79G54,2,0.2811
L00LO09ZZ,60 Y MAS,ACTIVO,241596.88,ETHER,SPURS,Y79G54,4,0.6565
LVLOZLOLLOL,12 A 23,ACTIVO,578106.82,ETHER,VIKING ARMOUR,Y79G54,4,0.8631
9490L0V,60 Y MAS,ACTIVO,427108.77,BITCOIN,VIKING ARMOUR,Y79G54,4,0.8899
8000VFAFAV,60 Y MAS,ACTIVO,231242.728,0,DRAGONS,90LD2,2,0.471
V0ZVVLO0Z,60 Y MAS,ACTIVO,588460.972,BITCOIN,VIKING ARMOUR,Y79G54,4,0.773
800400FA4,60 Y MAS,ACTIVO,369298.088,TYP2,NAVAL,90LD2,4,0.2539
L8FA49L0Z,07 A 11,ACTIVO,245911.11,BITCOIN,VIKING ARMOUR,Y79G54,2,0.4257
900FA0884,48 A 60,ACTIVO,,#N/D,SPURS,90LD2,#N/D,0.9348
L4LV04VLO,24 A 47,ACTIVO,226497.075,0,SPURS,Y79G54,3,0.2934
V9VZVFAV,60 Y MAS,ACTIVO,189826.12,BITCOIN,DRAGONS,Y79G54,2,0.4548
L8FAZ00FAFA,07 A 11,ACTIVO,157469.395,TYP2,SPURS,Y79G54,1,0.7945
L900FA0V0,07 A 11,ACTIVO,237282.65,BITCOIN,VIKING ARMOUR,B92375,N,0.5041
LFAFA4L080,24 A 47,ACTIVO,207083.04,BITCOIN,SPURS,Y79G54,4,0.8147
LO04ZZ40V,60 Y MAS,ACTIVO,203631.656,BITCOIN,NAVAL,90LD2,4,0.7593
VLOFALOFA0LO,60 Y MAS,ACTIVO,681648.34,BITCOIN,VIKING ARMOUR,Y79G54,6,0.4576
L9LO44890,07 A 11,ACTIVO,245479.687,GOLD,VIKING ARMOUR,JSF89A,N,0.456
Z0VVLL90,60 Y MAS,ACTIVO,125112.67,0,DRAGONS,90LD2,2,0.5715
L000LOVVFA,60 Y MAS,ACTIVO,198454.58,GOLD,SPURS,Y79G54,4,0.8261
LFAZV98Z9,24 A 47,ACTIVO,241596.88,BITCOIN,SPURS,Y79G54,4,0.8721
LFAV8LL98,24 A 47,ACTIVO,202768.81,GOLD,NAVAL,B92375,2,0.6092
LO0FA8FA0FA0,24 A 47,ACTIVO,310624.56,GOLD,VIKING ARMOUR,B92375,4,0.2981
FA0FAZVFA40,00 A 06,ACTIVO,250225.34,0,VIKING ARMOUR,B92375,N,0.6402
L9LOLFALOV4,00 A 06,ACTIVO,150998.05,GOLD,SOIL,Y79G54,N,0.261
L0Z0ZFA0FA,48 A 60,ACTIVO,427108.77,BITCOIN,VIKING ARMOUR,Y79G54,4,0.4763
L4Z48LO0FA,24 A 47,ACTIVO,258853.8,BITCOIN,NAVAL,B92375,3,0.7415
L90FA9VVV,07 A 11,ACTIVO,120798.44,#N/D,SPURS,Y79G54,N,0.444
L08L0LO4Z,48 A 60,ACTIVO,250225.34,0,VIKING ARMOUR,B92375,3,0.455
FA048808L,00 A 06,ACTIVO,,#N/D,SOIL,Y79G54,#N/D,0.8727
FA0LO0LOL8V,00 A 06,activo,,#N/D,SPURS,Y79G54,#N/D,0.8295
L80L0Z8FA,07 A 11,ACTIVO,209240.155,0,SPURS,JSF89A,1,0.7087
L08988LO0,48 A 60,ACTIVO,286896.295,0,VIKING ARMOUR,B92375,4,0.695
V09ZL090,24 A 47,ACTIVO,122092.709,TYP2,SOIL,90LD2,2,0.1183
L908FALOV8,07 A 11,ACTIVO,237282.65,#N/D,VIKING ARMOUR,B92375,N,0.7816
LLVLZFA0LO,24 A 47,ACTIVO,278267.835,BITCOIN,VIKING ARMOUR,B92375,4,0.3349
L008LLVLO,60 Y MAS,ACTIVO,207083.04,0,SPURS,Y79G54,3,0.6092
L4ZLOL0,24 A 47,ACTIVO,358081.09,BITCOIN,VIKING ARMOUR,Y79G54,4,0.6294
L098V48FA,48 A 60,ACTIVO,301996.1,BITCOIN,VIKING ARMOUR,B92375,4,0.4549
L9FAFA4040,00 A 06,ACTIVO,237282.65,BITCOIN,VIKING ARMOUR,B92375,N,0.8874
LVLO0ZZ9V,12 A 23,ACTIVO,207083.04,0,SPURS,Y79G54,1,0.4201
ZZZ4FAV0V,60 Y MAS,ACTIVO,304153.215,BITCOIN,VIKING ARMOUR,B92375,4,0.5186
Z0LV0L90,60 Y MAS,ACTIVO,358081.09,GOLD,VIKING ARMOUR,Y79G54,4,0.621
L880LFA08,07 A 11,ACTIVO,150998.05,TYP2,SOIL,Y79G54,N,0.9725
LL80LL9V,24 A 47,ACTIVO,159626.51,0,SOIL,Y79G54,1,0.0879
LL800LLFA,48 A 60,ACTIVO,295524.755,GOLD,VIKING ARMOUR,Y79G54,4,0.4914
L89Z8948,07 A 11,ACTIVO,230811.305,TYP2,SOIL,Y79G54,N,0.9558
L00VLOV4V,48 A 60,ACTIVO,286896.295,GOLD,VIKING ARMOUR,B92375,4,0.373
L8898VLO9,07 A 11,ACTIVO,150998.05,#N/D,SOIL,Y79G54,N,0.3743
Z0LOFAV0FAZ,60 Y MAS,ACTIVO,159626.51,BITCOIN,SOIL,Y79G54,2,0.6921
Z00ZFAL00,60 Y MAS,ACTIVO,228654.19,TYP2,NAVAL,B92375,2,0.2435
LZLVZLFA8,24 A 47,ACTIVO,265325.145,BITCOIN,NAVAL,B92375,4,0.5601
LFALO48VV0,24 A 47,ACTIVO,207083.04,0,SPURS,Y79G54,3,0.0872
L9FAVZ4FA4,07 A 11,ACTIVO,99227.29,#N/D,SPURS,Y79G54,N,0.2158
LVFA8LO0Z9,12 A 23,ACTIVO,176883.43,GOLD,DRAGONS,B92375,2,0.2579
Z00L0FALV,60 Y MAS,ACTIVO,618229.159,ETHER,VIKING ARMOUR,Y79G54,4,0.0029
L89049ZFA,00 A 06,ACTIVO,194140.35,#N/D,VIKING ARMOUR,B92375,N,0.3931
ZZ00FAV80,60 Y MAS,ACTIVO,270070.798,BITCOIN,NAVAL,90LD2,4,0.5173
LVFA00LOZV,12 A 23,ACTIVO,250225.34,ETHER,VIKING ARMOUR,B92375,1,0.1381
L0Z00Z90,48 A 60,ACTIVO,297681.87,0,VIKING ARMOUR,Y79G54,4,0.0318
VLO9Z9LV,60 Y MAS,ACTIVO,255402.416,BITCOIN,DRAGONS,90LD2,2,0.3993
LV8Z9V8L,07 A 11,ACTIVO,347295.515,TYP2,VIKING ARMOUR,Y79G54,4,0.7916
FA0ZM4090,00 A 06,ACTIVO,,#N/D,VIKING ARMOUR,Y79G54,#N/D,0.4673
888LO0L4,60 Y MAS,ACTIVO,155312.28,BITCOIN,SOIL,B92375,2,0.4325
L009V4LZ,60 Y MAS,ACTIVO,578106.82,0,VIKING ARMOUR,Y79G54,4,0.1937
8FA9VFA0LO,60 Y MAS,ACTIVO,91461.676,BITCOIN,DRAGONS,90LD2,2,0.4777
LLOV889Z8,12 A 23,ACTIVO,250225.34,0,SPURS,Y79G54,2,0.4417
FA0Z0V400,00 A 06,activo,,#N/D,SOIL,Y79G54,#N/D,0.8541
LFALO9VZM9,24 A 47,ACTIVO,189826.12,0,SPURS,Y79G54,4,0.1274
ZZ08LOVLV,60 Y MAS,ACTIVO,457308.38,ETHER,VIKING ARMOUR,Y79G54,4,0.4798
LLZLO0400,24 A 47,ACTIVO,250225.34,GOLD,VIKING ARMOUR,B92375,4,0.1206
L8ZVV0FALO,07 A 11,ACTIVO,181197.66,ETHER,SPURS,Y79G54,2,0.6481
L880L80L,07 A 11,ACTIVO,,#N/D,SOIL,Y79G54,#N/D,0.0601
LVFA0LFA0V,12 A 23,ACTIVO,243753.995,ETHER,SPURS,Y79G54,4,0.4885
L9048VLFA,07 A 11,ACTIVO,207083.04,#N/D,VIKING ARMOUR,B92375,N,0.0804
LLO09L490,12 A 23,ACTIVO,250225.34,0,VIKING ARMOUR,B92375,1,0.3936
900FAFA0L0,60 Y MAS,ACTIVO,,#N/D,VIKING ARMOUR,90LD2,#N/D,0.4813
L88LO4LFA8,07 A 11,ACTIVO,237282.65,BITCOIN,VIKING ARMOUR,B92375,N,0.8245
FA00ZLOLZ4,00 A 06,ACTIVO,232968.42,BITCOIN,SPURS,Y79G54,N,0.5003
L90L088L,00 A 06,ACTIVO,150998.05,#N/D,SOIL,Y79G54,N,0.4006
LO04L4FALOFA,48 A 60,ACTIVO,95344.483,0,DRAGONS,90LD2,2,0.7108
Z0480LO,60 Y MAS,ACTIVO,267913.683,BITCOIN,DRAGONS,90LD2,2,0.8057
8FAZ94FALO,60 Y MAS,ACTIVO,95344.483,GOLD,SOIL,90LD2,2,0.7426
FA00LO9009,00 A 06,activo,,#N/D,DRAGONS,B92375,#N/D,0.5435
8098FAZZ,60 Y MAS,ACTIVO,396909.16,BITCOIN,VIKING ARMOUR,Y79G54,4,0.0421
Z0LO4LOZ4Z,60 Y MAS,ACTIVO,207083.04,BITCOIN,SPURS,Y79G54,4,0.0613
FA090409L,00 A 06,ACTIVO,,#N/D,SOIL,Y79G54,#N/D,0.688
LLFAFA4400,24 A 47,ACTIVO,278267.835,TYP2,VIKING ARMOUR,B92375,4,0.2162
9000LO980,24 A 47,ACTIVO,,#N/D,SPURS,90LD2,#N/D,0.3228
L8LO890,00 A 06,ACTIVO,157469.395,GOLD,SPURS,Y79G54,N,0.4073
L8FA04FA40,07 A 11,ACTIVO,237282.65,#N/D,VIKING ARMOUR,B92375,2,0.9674
L9FAFA0Z0L,07 A 11,ACTIVO,237282.65,#N/D,VIKING ARMOUR,B92375,N,0.6141
L40L89LO9,24 A 47,ACTIVO,545318.672,BITCOIN,VIKING ARMOUR,Y79G54,4,0.0507
9V00Z04,60 Y MAS,ACTIVO,155312.28,BITCOIN,SPURS,90LD2,2,0.2376
L484FALO8LO,24 A 47,ACTIVO,340824.17,BITCOIN,VIKING ARMOUR,Y79G54,4,0.93
L00Z080V,60 Y MAS,ACTIVO,388280.7,GOLD,VIKING ARMOUR,Y79G54,6,0.0927
FA0ZFAV498,00 A 06,activo,,#N/D,VIKING ARMOUR,Y79G54,#N/D,0.2504
LVLO444,00 A 06,ACTIVO,159626.51,#N/D,VIKING ARMOUR,B92375,N,0.1187
L0FAVZZ0L,60 Y MAS,ACTIVO,228654.19,0,NAVAL,B92375,1,0.6947
LFA8408FA4,24 A 47,ACTIVO,319253.02,BITCOIN,VIKING ARMOUR,Y79G54,4,0.3698
LO00088FA0,60 Y MAS,ACTIVO,196297.465,GOLD,VIKING ARMOUR,B92375,4,0.0688
FA04LO80LO4,00 A 06,ACTIVO,,#N/D,VIKING ARMOUR,B92375,#N/D,0.607
LZM4409Z,12 A 23,ACTIVO,237282.65,BITCOIN,VIKING ARMOUR,B92375,2,0.0596
V0V94,60 Y MAS,ACTIVO,366278.127,BITCOIN,VIKING ARMOUR,Y79G54,4,0.9006
LFALO8V09FA,24 A 47,ACTIVO,189826.12,0,SPURS,Y79G54,2,0.1827
L0VLFA8LL,48 A 60,ACTIVO,338667.055,0,VIKING ARMOUR,B92375,3,0.4753
Z08FA04VLO,60 Y MAS,ACTIVO,228654.19,GOLD,NAVAL,B92375,2,0.8404
L0VFA04LO9,48 A 60,ACTIVO,140212.475,0,DRAGONS,B92375,2,0.3174
ZZLO9LO8V0,60 Y MAS,ACTIVO,276110.72,ETHER,VIKING ARMOUR,Y79G54,4,0.9198
9Z8L04FA,60 Y MAS,ACTIVO,289053.41,0,SOIL,Y79G54,4,0.9667
L8LLO4L90,12 A 23,ACTIVO,172569.2,ETHER,SPURS,Y79G54,2,0.0262
V800ZL4,60 Y MAS,ACTIVO,412008.965,TYP2,VIKING ARMOUR,B92375,4,0.7049
LO0FAZLZ,60 Y MAS,ACTIVO,241596.88,TYP2,SPURS,Y79G54,6,0.0111
LV0LZ088,12 A 23,ACTIVO,220025.73,0,NAVAL,JSF89A,2,0.4755
L0FA0089LO,48 A 60,ACTIVO,422794.54,0,VIKING ARMOUR,Y79G54,4,0.5797
L4ZV9090,24 A 47,ACTIVO,196297.465,0,SOIL,Y79G54,1,0.9987
L4ZFAVL48,24 A 47,ACTIVO,196297.465,0,SOIL,Y79G54,1,0.8672
L809L8FA0,07 A 11,ACTIVO,150998.05,ETHER,SOIL,Y79G54,1,0.1044
LO0VL0004,60 Y MAS,ACTIVO,176883.43,BITCOIN,DRAGONS,B92375,2,0.1509
LO0ZZ4V88,60 Y MAS,ACTIVO,347295.515,GOLD,VIKING ARMOUR,Y79G54,4,0.2442
FA000Z8ZV,00 A 06,activo,,#N/D,VIKING ARMOUR,JSF89A,#N/D,0.0319
L9LO0VZM9,00 A 06,ACTIVO,237282.65,#N/D,VIKING ARMOUR,B92375,N,0.2929
L9LO8ZZL0,00 A 06,ACTIVO,150998.05,BITCOIN,SOIL,Y79G54,N,0.7417
LV90Z084,12 A 23,ACTIVO,273953.605,TYP2,VIKING ARMOUR,B92375,2,0.3851
FA0VZ4LO0LO,00 A 06,activo,,#N/D,SPURS,Y79G54,#N/D,0.6163
L800FA0LOV,12 A 23,ACTIVO,254539.57,0,NAVAL,JSF89A,2,0.434
8LFALO084,60 Y MAS,ACTIVO,86284.6,GOLD,SOIL,90LD2,2,0.615
900V00,24 A 47,ACTIVO,,#N/D,SPURS,90LD2,#N/D,0.3582
800V9V44,60 Y MAS,ACTIVO,404674.774,0,NAVAL,90LD2,4,0.2681
L00LLO0VL,60 Y MAS,ACTIVO,159626.51,BITCOIN,SOIL,Y79G54,2,0.3853
ZZ8LFA4V0,60 Y MAS,ACTIVO,125112.67,GOLD,DRAGONS,90LD2,2,0.9235
V40FAZ,60 Y MAS,ACTIVO,394752.045,USD,VIKING ARMOUR,Y79G54,6,0.4906
L9LOFAFAFA04,07 A 11,ACTIVO,258853.8,0,SPURS,Y79G54,N,0.0986
L84L0VL0,07 A 11,ACTIVO,273953.605,#N/D,VIKING ARMOUR,B92375,2,0.2276
8849Z0Z,60 Y MAS,ACTIVO,412008.965,TYP2,VIKING ARMOUR,Y79G54,6,0.3037
LO0900Z0Z,60 Y MAS,ACTIVO,314938.79,0,VIKING ARMOUR,Y79G54,3,0.1412
V0LV9LO4FA,60 Y MAS,ACTIVO,129426.9,0,DRAGONS,JSF89A,2,0.226
LLOFAFA0V,12 A 23,ACTIVO,250225.34,0,VIKING ARMOUR,B92375,0,0.3709
Z0L0LO4LO8,60 Y MAS,ACTIVO,487507.99,BITCOIN,VIKING ARMOUR,Y79G54,6,0.6027
L89V4ZLOZ,00 A 06,ACTIVO,181197.66,ETHER,SPURS,Y79G54,N,0.9809
800LOLLZZ,60 Y MAS,ACTIVO,159626.51,BITCOIN,SOIL,Y79G54,2,0.3827
L040LO9LO8,48 A 60,ACTIVO,250225.34,TYP2,VIKING ARMOUR,B92375,2,0.5812
L8FA800FA0,12 A 23,ACTIVO,237282.65,#N/D,VIKING ARMOUR,B92375,2,0.5439
V00Z4VLOL,48 A 60,ACTIVO,129426.9,BITCOIN,DRAGONS,JSF89A,2,0.7398
VL4L,60 Y MAS,ACTIVO,204494.502,GOLD,DRAGONS,90LD2,2,0.4772
Z000849Z,60 Y MAS,ACTIVO,239008.342,GOLD,DRAGONS,90LD2,4,0.0641
L9LV9LO40,00 A 06,ACTIVO,237282.65,GOLD,VIKING ARMOUR,B92375,N,0.6933
L0Z80ZLV,48 A 60,ACTIVO,364552.435,ETHER,VIKING ARMOUR,Y79G54,6,0.9126
LFAZFA8LO9V,24 A 47,ACTIVO,239439.765,0,VIKING ARMOUR,B92375,3,0.2425
L0000V80,60 Y MAS,ACTIVO,545750.095,BITCOIN,VIKING ARMOUR,Y79G54,6,0.6756
8FAL004FA,60 Y MAS,ACTIVO,422794.54,BITCOIN,VIKING ARMOUR,Y79G54,4,0.159
LO09V8VFA9,60 Y MAS,ACTIVO,159626.51,GOLD,SOIL,Y79G54,2,0.2815
V0090808,60 Y MAS,ACTIVO,182491.929,0,DRAGONS,90LD2,2,0.131
LFA80440Z,24 A 47,ACTIVO,125112.67,0,SOIL,B92375,1,0.1048
L809FAL0LO,07 A 11,ACTIVO,150998.05,GOLD,SOIL,Y79G54,1,0.3153
L8FA09V04,07 A 11,ACTIVO,295524.755,#N/D,VIKING ARMOUR,Y79G54,2,0.1221
Z0FAZV9FA4,60 Y MAS,ACTIVO,189826.12,BITCOIN,DRAGONS,Y79G54,2,0.5552
L0804LO,48 A 60,ACTIVO,241596.88,GOLD,SPURS,Y79G54,6,0.236
LZLO04LO,24 A 47,ACTIVO,286896.295,TYP2,VIKING ARMOUR,B92375,4,0.5476
V08LO0LOVLO,60 Y MAS,ACTIVO,244185.418,BITCOIN,DRAGONS,90LD2,2,0.9814
V00L88LL,60 Y MAS,activo,188531.851,0,NAVAL,JSF89A,2,0.2572
LZV9V0L9,24 A 47,ACTIVO,254539.57,BITCOIN,SPURS,Y79G54,4,0.2769
LLOFA480Z9,12 A 23,ACTIVO,213554.385,GOLD,VIKING ARMOUR,JSF89A,2,0.1437
L80LO0ZM4,07 A 11,ACTIVO,187669.005,#N/D,SOIL,Y79G54,2,0.019
LLOFA0Z00LO,12 A 23,ACTIVO,250225.34,USD,VIKING ARMOUR,B92375,2,0.9508
9LVZ4LOV,60 Y MAS,ACTIVO,388280.7,BITCOIN,SPURS,Y79G54,4,0.7224
L800V80Z,07 A 11,ACTIVO,172569.2,#N/D,SPURS,Y79G54,1,0.851
V0804448,60 Y MAS,ACTIVO,156175.126,BITCOIN,VIKING ARMOUR,90LD2,2,0.5411
LO8V889V,60 Y MAS,ACTIVO,625563.35,BITCOIN,#N/D,#N/D,4,0.3397
L9FALLOFALO0,00 A 06,ACTIVO,157469.395,#N/D,SPURS,Y79G54,N,0.9051
LLOZLFALLO0,12 A 23,ACTIVO,159626.51,TYP2,SOIL,Y79G54,2,0.1843
LO0L0FAL,60 Y MAS,ACTIVO,189826.12,GOLD,DRAGONS,Y79G54,2,0.5896
LZL48ZZL,24 A 47,ACTIVO,161783.625,GOLD,VIKING ARMOUR,JSF89A,2,0.4931
L0L0FA0,00 A 06,ACTIVO,194140.35,GOLD,SOIL,Y79G54,N,0.713
80L4FA,60 Y MAS,ACTIVO,159626.51,ETHER,SOIL,Y79G54,2,0.9381
LZL0LO940,24 A 47,ACTIVO,228654.19,0,NAVAL,B92375,1,0.4059
LLO08840V,12 A 23,ACTIVO,189826.12,0,SPURS,Y79G54,2,0.8596
L8ZFALOV49,07 A 11,ACTIVO,181197.66,BITCOIN,SPURS,Y79G54,1,0.261
LZ8LOVFA08,24 A 47,ACTIVO,250225.34,BITCOIN,VIKING ARMOUR,B92375,2,0.8542
V008ZFALOFA,60 Y MAS,ACTIVO,314938.79,0,VIKING ARMOUR,Y79G54,4,0.5762
FA00ZV098,00 A 06,ACTIVO,159626.51,GOLD,SOIL,Y79G54,N,0.3802
LFA90FA488,24 A 47,ACTIVO,224339.96,USD,SPURS,Y79G54,2,0.4062
LFAV000L0,24 A 47,ACTIVO,295524.755,BITCOIN,NAVAL,B92375,4,0.0396
L40FAVZL0,24 A 47,ACTIVO,207083.04,BITCOIN,SPURS,Y79G54,4,0.4669
48FAZ0L8,60 Y MAS,ACTIVO,448679.92,BITCOIN,VIKING ARMOUR,Y79G54,4,0.2339
L00FA0FA44,60 Y MAS,ACTIVO,241596.88,GOLD,VIKING ARMOUR,B92375,4,0.4654
LZ9VZM8L,24 A 47,ACTIVO,289053.41,ETHER,VIKING ARMOUR,Y79G54,2,0.8346
L80LOZ04Z,07 A 11,ACTIVO,150998.05,GOLD,SOIL,Y79G54,2,0.4673
Z00V4Z48,60 Y MAS,ACTIVO,101815.828,GOLD,SPURS,Y79G54,2,0.2463
9000L4LZ,24 A 47,ACTIVO,,#N/D,VIKING ARMOUR,90LD2,#N/D,0.3577
L4FAZLL00,24 A 47,ACTIVO,189826.12,ETHER,SPURS,Y79G54,4,0.9601
L0084V00,48 A 60,ACTIVO,345138.4,BITCOIN,VIKING ARMOUR,Y79G54,4,0.1012
98094LOL,60 Y MAS,ACTIVO,286896.295,0,VIKING ARMOUR,B92375,4,0.6978
L809V00Z,12 A 23,ACTIVO,237282.65,#N/D,VIKING ARMOUR,B92375,2,0.1721
LFAL890FAFA,24 A 47,ACTIVO,237282.65,0,VIKING ARMOUR,B92375,2,0.456
L90LOLLO8V,00 A 06,ACTIVO,150998.05,BITCOIN,SPURS,JSF89A,N,0.6812
LZ49LO0LOV,24 A 47,ACTIVO,250225.34,GOLD,VIKING ARMOUR,B92375,4,0.3288
LLO8LO988V,12 A 23,ACTIVO,286896.295,TYP2,VIKING ARMOUR,B92375,2,0.8716
80L0FA0LO0,60 Y MAS,ACTIVO,290779.102,BITCOIN,VIKING ARMOUR,90LD2,6,0.2508
L9VLOLV8FA,00 A 06,ACTIVO,194140.35,#N/D,VIKING ARMOUR,Y79G54,N,0.2577
ZZ0V0FAFALO,60 Y MAS,ACTIVO,251519.609,GOLD,VIKING ARMOUR,JSF89A,4,0.5686
FA0ZLL800,00 A 06,ACTIVO,,#N/D,SOIL,Y79G54,#N/D,0.2187
LFA8LO89FA8,24 A 47,ACTIVO,228654.19,0,NAVAL,B92375,2,0.5558
LLO8FAZFAVFA,12 A 23,ACTIVO,383966.47,ETHER,VIKING ARMOUR,Y79G54,4,0.1429
LZ4FA0ZZ0,24 A 47,ACTIVO,308467.445,BITCOIN,DRAGONS,Y79G54,4,0.9138
LO0FAFAZ00V,60 Y MAS,ACTIVO,250225.34,ETHER,VIKING ARMOUR,B92375,2,0.91
LVZ040FA9,12 A 23,ACTIVO,250225.34,ETHER,VIKING ARMOUR,B92375,2,0.5502
L9LZ8LLOV,00 A 06,ACTIVO,280424.95,BITCOIN,VIKING ARMOUR,Y79G54,N,0.4759
L8FALO09,07 A 11,ACTIVO,217868.615,GOLD,SPURS,Y79G54,2,0.9504
L0080ZVZ,60 Y MAS,ACTIVO,405106.197,GOLD,VIKING ARMOUR,Y79G54,4,0.2824
ZZL0L8,60 Y MAS,ACTIVO,157469.395,BITCOIN,DRAGONS,JSF89A,2,0.9234
LLZMVFA08,24 A 47,ACTIVO,196297.465,0,SOIL,Y79G54,2,0.3008
L04Z0890,48 A 60,ACTIVO,243753.995,ETHER,SPURS,Y79G54,3,0.1458
L8LO090FA4,07 A 11,ACTIVO,289053.41,BITCOIN,VIKING ARMOUR,Y79G54,2,0.6494
LV0LO4FAVFA,12 A 23,ACTIVO,103110.097,BITCOIN,SPURS,Y79G54,1,0.8707
LLO0FALO8V9,12 A 23,ACTIVO,103541.52,BITCOIN,DRAGONS,B92375,1,0.0644
940FA988,60 Y MAS,ACTIVO,207083.04,BITCOIN,SPURS,Y79G54,4,0.7348
L49LFA08LO,24 A 47,ACTIVO,189826.12,0,SPURS,Y79G54,3,0.168
L8VZLZLOFA,07 A 11,ACTIVO,181197.66,BITCOIN,SPURS,Y79G54,N,0.5915
FA0Z0LO9LL,00 A 06,activo,,#N/D,SPURS,Y79G54,#N/D,0.1194
LZFA8804L,24 A 47,ACTIVO,159626.51,0,SOIL,Y79G54,1,0.3516
LZ8V4LOLLO,24 A 47,ACTIVO,286896.295,0,VIKING ARMOUR,B92375,1,0.668
LO0ZLO0Z9FA,60 Y MAS,ACTIVO,117778.479,0,DRAGONS,90LD2,2,0.9127
Z0ZZZ484,60 Y MAS,ACTIVO,170412.085,BITCOIN,DRAGONS,B92375,2,0.8727
LL9V0ZFA8,24 A 47,ACTIVO,207083.04,ETHER,SPURS,Y79G54,4,0.8708
LV8VFAL00,12 A 23,ACTIVO,297681.87,0,VIKING ARMOUR,Y79G54,2,0.5322
LZ09Z4ZFA,24 A 47,activo,,#N/D,VIKING ARMOUR,B92375,#N/D,0.2669
L9ZLO8LO8V,07 A 11,ACTIVO,176883.43,#N/D,DRAGONS,B92375,N,0.8174
Z00ZLOZLOV,60 Y MAS,ACTIVO,526336.06,BITCOIN,VIKING ARMOUR,Y79G54,4,0.6437
LVLO988LL,12 A 23,ACTIVO,349452.63,GOLD,SPURS,Y79G54,4,0.5716
L9ZFA0Z4V,00 A 06,ACTIVO,224339.96,0,VIKING ARMOUR,JSF89A,N,0.8283
L80LOLL4LO,12 A 23,ACTIVO,209240.155,ETHER,VIKING ARMOUR,B92375,2,0.242
FA009V0L9,00 A 06,ACTIVO,250225.34,0,VIKING ARMOUR,B92375,N,0.2995
LO09LO00VLO,60 Y MAS,ACTIVO,401223.39,GOLD,VIKING ARMOUR,Y79G54,4,0.7771
VVV4L,60 Y MAS,ACTIVO,653174.422,GOLD,VIKING ARMOUR,Y79G54,6,0.0661
L40FAZZ9L,24 A 47,ACTIVO,150998.05,ETHER,SOIL,Y79G54,2,0.3111
L988VVL9,00 A 06,ACTIVO,194140.35,#N/D,SOIL,Y79G54,N,0.0984
L400FAZZZ,24 A 47,ACTIVO,386123.585,BITCOIN,VIKING ARMOUR,B92375,4,0.4179
L4VV9LO90,24 A 47,ACTIVO,159626.51,0,SOIL,Y79G54,2,0.5981
84V0LLLO,60 Y MAS,ACTIVO,86284.6,0,SOIL,90LD2,1,0.731
LLO0Z8400,24 A 47,ACTIVO,250225.34,0,VIKING ARMOUR,B92375,1,0.5201
L800LOFA0FA,12 A 23,ACTIVO,198454.58,BITCOIN,SPURS,Y79G54,2,0.6988
L9LO8ZLO80,00 A 06,ACTIVO,172569.2,GOLD,SPURS,JSF89A,N,0.0047
Z0LOL0LL0,60 Y MAS,ACTIVO,435737.23,0,VIKING ARMOUR,Y79G54,6,0.4964
L9FA0ZL8FA,07 A 11,ACTIVO,399066.275,#N/D,VIKING ARMOUR,Y79G54,N,0.4917
FA004LO0LOZ,00 A 06,ACTIVO,159626.51,#N/D,SOIL,Y79G54,N,0.1905
LO0Z08V4FA,60 Y MAS,ACTIVO,102678.674,0,NAVAL,90LD2,2,0.0159
L9LOLFAL8V,00 A 06,ACTIVO,258853.8,BITCOIN,SPURS,Y79G54,N,0.2779
FA00V8Z0L,00 A 06,ACTIVO,250225.34,0,VIKING ARMOUR,B92375,N,0.0038
L004L9,00 A 06,ACTIVO,172569.2,BITCOIN,SPURS,JSF89A,N,0.1885
ZZZ9LO0LO0,60 Y MAS,ACTIVO,295093.332,BITCOIN,VIKING ARMOUR,JSF89A,4,0.2618
V0FA84LO8Z,60 Y MAS,ACTIVO,301996.1,GOLD,VIKING ARMOUR,B92375,4,0.6125
80044LO08,60 Y MAS,ACTIVO,392594.93,0,VIKING ARMOUR,B92375,4,0.9254
L80L0LOLFA,12 A 23,ACTIVO,245479.687,0,VIKING ARMOUR,JSF89A,2,0.4855
L4L900LOFA,24 A 47,ACTIVO,295524.755,TYP2,NAVAL,B92375,4,0.3647
ZLO9ZLV,60 Y MAS,ACTIVO,278267.835,BITCOIN,VIKING ARMOUR,B92375,4,0.9892
900LOZ88,60 Y MAS,ACTIVO,405537.62,0,VIKING ARMOUR,Y79G54,4,0.0918
9LO0V8Z0,60 Y MAS,ACTIVO,301996.1,GOLD,VIKING ARMOUR,B92375,4,0.068
L4LOFAZ4Z4,24 A 47,ACTIVO,196297.465,ETHER,SOIL,Y79G54,2,0.7922
L8880400,07 A 11,ACTIVO,273953.605,TYP2,VIKING ARMOUR,B92375,N,0.0758
LZ08VFALO0,24 A 47,ACTIVO,353766.86,BITCOIN,VIKING ARMOUR,Y79G54,4,0.5013
ZZFA8ZLO4LO,60 Y MAS,activo,,#N/D,SOIL,90LD2,#N/D,0.2476
L80L848Z,12 A 23,ACTIVO,371023.78,#N/D,VIKING ARMOUR,Y79G54,2,0.7135
LZ9000VV,24 A 47,ACTIVO,323567.25,0,VIKING ARMOUR,B92375,3,0.2274
L9ZLFAL8LO,00 A 06,ACTIVO,245479.687,GOLD,VIKING ARMOUR,JSF89A,N,0.3179
9094LOL8,60 Y MAS,ACTIVO,316664.482,TYP2,NAVAL,90LD2,4,0.8669
89FALO0FAL,60 Y MAS,ACTIVO,500019.257,BITCOIN,VIKING ARMOUR,Y79G54,6,0.6971
LLO9844ZM,12 A 23,ACTIVO,189826.12,GOLD,SPURS,Y79G54,2,0.1309
LVVZZZZ0,12 A 23,ACTIVO,198454.58,ETHER,SPURS,Y79G54,2,0.6432
L8FA00494,12 A 23,ACTIVO,181197.66,GOLD,VIKING ARMOUR,Y79G54,2,0.5857
L8LOZZ04Z,07 A 11,ACTIVO,295524.755,#N/D,SPURS,Y79G54,2,0.0969
L9V4L0VV,00 A 06,ACTIVO,159626.51,#N/D,SOIL,Y79G54,N,0.0726
L48900L9,24 A 47,ACTIVO,626426.196,BITCOIN,VIKING ARMOUR,Y79G54,4,0.9317
L494VLV0,24 A 47,ACTIVO,340824.17,GOLD,VIKING ARMOUR,Y79G54,4,0.3842
V409FA00,60 Y MAS,ACTIVO,578106.82,BITCOIN,VIKING ARMOUR,Y79G54,4,0.5509
LZ4ZZ9V8,24 A 47,ACTIVO,189826.12,ETHER,SPURS,Y79G54,4,0.2037
LZ40V484,24 A 47,ACTIVO,319253.02,0,VIKING ARMOUR,Y79G54,4,0.6311
V08Z0088,60 Y MAS,ACTIVO,198454.58,GOLD,VIKING ARMOUR,JSF89A,2,0.4276
FA0Z0FA0LO8,00 A 06,ACTIVO,,#N/D,DRAGONS,JSF89A,#N/D,0.4937
FA00Z49LL,00 A 06,ACTIVO,250225.34,#N/D,VIKING ARMOUR,B92375,N,0.6483
L8VLO8FAZ4,00 A 06,ACTIVO,237282.65,#N/D,VIKING ARMOUR,B92375,N,0.7721
V000044LO,24 A 47,ACTIVO,195434.619,0,VIKING ARMOUR,90LD2,4,0.7383
FA000V49V,00 A 06,ACTIVO,125112.67,0,SPURS,Y79G54,N,0.6916
L044Z9,00 A 06,ACTIVO,172569.2,#N/D,SPURS,JSF89A,N,0.9192
L894LOV9Z,07 A 11,ACTIVO,120798.44,#N/D,SPURS,Y79G54,N,0.4082
L8LO000,07 A 11,ACTIVO,237282.65,GOLD,VIKING ARMOUR,B92375,N,0.8179
V08L04LL,60 Y MAS,ACTIVO,198454.58,ETHER,VIKING ARMOUR,JSF89A,2,0.3264
L800LO9Z0,12 A 23,ACTIVO,237282.65,#N/D,VIKING ARMOUR,B92375,2,0.4206
L840FA0LO9,07 A 11,ACTIVO,239008.342,BITCOIN,VIKING ARMOUR,JSF89A,4,0.221
L89008V0,07 A 11,ACTIVO,319253.02,BITCOIN,VIKING ARMOUR,Y79G54,N,0.9724
LLO09FA80V,12 A 23,ACTIVO,286896.295,0,VIKING ARMOUR,B92375,1,0.5968
80809LLO,60 Y MAS,ACTIVO,323567.25,0,VIKING ARMOUR,B92375,4,0.7963
LVLOFA9000,12 A 23,ACTIVO,286896.295,GOLD,VIKING ARMOUR,B92375,2,0.1289
V0LLOVLV0,60 Y MAS,ACTIVO,99227.29,0,DRAGONS,JSF89A,2,0.3837
9V0L0ZV,60 Y MAS,ACTIVO,241596.88,GOLD,VIKING ARMOUR,B92375,4,0.1727
FA0Z488L0,00 A 06,ACTIVO,,#N/D,VIKING ARMOUR,B92375,#N/D,0.2107
LO0Z80LO,60 Y MAS,ACTIVO,196297.465,BITCOIN,VIKING ARMOUR,B92375,4,0.7693
80040LZ0,48 A 60,ACTIVO,183354.775,0,DRAGONS,JSF89A,2,0.1985
LV840FA0Z,07 A 11,ACTIVO,295524.755,ETHER,SOIL,Y79G54,2,0.6364
V0VL9LO,24 A 47,ACTIVO,131584.015,GOLD,DRAGONS,JSF89A,2,0.0711
FA0V0VVLO9,00 A 06,ACTIVO,,#N/D,SPURS,JSF89A,#N/D,0.0797
LZ894FAFAZ,24 A 47,ACTIVO,250225.34,GOLD,VIKING ARMOUR,B92375,2,0.5522
900Z0Z44,60 Y MAS,ACTIVO,,#N/D,VIKING ARMOUR,90LD2,#N/D,0.9426
Z0LOVZZV0,60 Y MAS,ACTIVO,159626.51,BITCOIN,SOIL,Y79G54,2,0.8708
LVLO09409,12 A 23,ACTIVO,537121.635,GOLD,VIKING ARMOUR,Y79G54,4,0.4221
LVV089LFA,12 A 23,ACTIVO,159626.51,0,SOIL,Y79G54,2,0.544
L9LLO00V0,00 A 06,ACTIVO,181197.66,0,SPURS,Y79G54,N,0.896
Z004V8ZLO,60 Y MAS,ACTIVO,314938.79,GOLD,VIKING ARMOUR,Y79G54,4,0.6135
FA00FAFA800,00 A 06,activo,,#N/D,VIKING ARMOUR,Y79G54,#N/D,0.5089
ZZZML989,60 Y MAS,ACTIVO,550064.325,BITCOIN,VIKING ARMOUR,Y79G54,4,0.3802
Z09FAZL09,60 Y MAS,ACTIVO,286896.295,GOLD,VIKING ARMOUR,B92375,4,0.4639
LZ8LZ9Z0,24 A 47,ACTIVO,267482.26,BITCOIN,SPURS,Y79G54,4,0.9634
L9LO0LFAL8,00 A 06,ACTIVO,289053.41,#N/D,VIKING ARMOUR,Y79G54,N,0.6513
L4L0LOL90,24 A 47,ACTIVO,198454.58,0,VIKING ARMOUR,JSF89A,1,0.4912
Z0FALOLV80,60 Y MAS,ACTIVO,176020.584,GOLD,SPURS,90LD2,4,0.3197
V0004ZLOV,60 Y MAS,ACTIVO,135898.245,0,DRAGONS,90LD2,2,0.157
L8LOL0V9L,07 A 11,ACTIVO,211397.27,0,NAVAL,JSF89A,1,0.0979
L4VFAZ48L,24 A 47,ACTIVO,159626.51,BITCOIN,SOIL,Y79G54,2,0.4462
L0V0V000,60 Y MAS,ACTIVO,502176.372,GOLD,VIKING ARMOUR,Y79G54,4,0.7426
L0ZFA0VFA0,48 A 60,ACTIVO,189826.12,ETHER,SPURS,Y79G54,4,0.539
L9LO04498,00 A 06,ACTIVO,202768.81,USD,SPURS,Y79G54,N,0.0063
FA0FA4900FA,00 A 06,ACTIVO,189826.12,0,SPURS,Y79G54,N,0.5139
L9ZLV084,00 A 06,ACTIVO,224339.96,0,VIKING ARMOUR,JSF89A,N,0.3238
L8ZLOFAFAVLO,07 A 11,ACTIVO,150998.05,#N/D,SOIL,Y79G54,2,0.5929
L9Z8L904,00 A 06,ACTIVO,289053.41,#N/D,VIKING ARMOUR,Y79G54,N,0.1873
LLO940VV0,12 A 23,ACTIVO,,#N/D,VIKING ARMOUR,B92375,#N/D,0.0668
FA04400Z8,00 A 06,ACTIVO,,#N/D,VIKING ARMOUR,JSF89A,#N/D,0.7613
L0Z88L9LO,48 A 60,ACTIVO,358081.09,ETHER,VIKING ARMOUR,Y79G54,4,0.2595
FA00LOV08FA,00 A 06,ACTIVO,250225.34,#N/D,VIKING ARMOUR,B92375,N,0.9923
LO0LOZ009Z,24 A 47,ACTIVO,88441.715,0,DRAGONS,90LD2,2,0.0413
LZ84944Z,24 A 47,ACTIVO,,#N/D,VIKING ARMOUR,B92375,#N/D,0.6653
8FA840VV,60 Y MAS,ACTIVO,254539.57,BITCOIN,SPURS,Y79G54,4,0.1416
FA0094ZZ0,00 A 06,ACTIVO,189826.12,0,SPURS,Y79G54,N,0.8361
Z0LOFAVVFA8,60 Y MAS,ACTIVO,491822.22,BITCOIN,VIKING ARMOUR,Y79G54,4,0.6748
L4LO80LZ4,24 A 47,ACTIVO,267482.26,0,SOIL,Y79G54,4,0.0572
9000FALZ0,60 Y MAS,ACTIVO,,#N/D,VIKING ARMOUR,90LD2,#N/D,0.1673
V000FA0VV,60 Y MAS,ACTIVO,135898.245,0,DRAGONS,90LD2,2,0.4697
LFAZ4FALL8,24 A 47,ACTIVO,612620.66,BITCOIN,VIKING ARMOUR,Y79G54,6,0.6318
L9L90LFAL,07 A 11,ACTIVO,155312.28,BITCOIN,DRAGONS,Y79G54,N,0.1534
LZ98V0LO9,24 A 47,ACTIVO,250225.34,BITCOIN,VIKING ARMOUR,B92375,2,0.7112
V049ZVFA8,60 Y MAS,ACTIVO,232968.42,0,DRAGONS,Y79G54,2,0.7866
V00VL980,24 A 47,ACTIVO,237282.65,0,VIKING ARMOUR,B92375,2,0.144
L409FAZ4LO,24 A 47,ACTIVO,176883.43,GOLD,DRAGONS,B92375,2,0.2293
LVFA8L04FA,12 A 23,ACTIVO,159626.51,0,SOIL,Y79G54,1,0.4927
Z88988,60 Y MAS,ACTIVO,379652.24,BITCOIN,VIKING ARMOUR,Y79G54,4,0.4288
L440004L,24 A 47,ACTIVO,301996.1,GOLD,VIKING ARMOUR,B92375,4,0.7338
LV8L809LO,12 A 23,ACTIVO,187669.005,TYP2,SOIL,Y79G54,2,0.3965
L8ZZ8L,00 A 06,ACTIVO,379652.24,#N/D,VIKING ARMOUR,B92375,N,0.7188
LZ0ZZ094,24 A 47,ACTIVO,433148.692,BITCOIN,VIKING ARMOUR,Y79G54,4,0.826
LVL490FA8,12 A 23,ACTIVO,224339.96,0,SPURS,Y79G54,1,0.2968
LLVFA0LOL0,48 A 60,ACTIVO,207083.04,0,SPURS,Y79G54,3,0.7046
9FA008FAFA,60 Y MAS,ACTIVO,250225.34,BITCOIN,VIKING ARMOUR,B92375,2,0.2447
LFAZZV8,24 A 47,ACTIVO,237282.65,BITCOIN,NAVAL,B92375,2,0.2535
LLOFA8Z8L4,12 A 23,ACTIVO,286896.295,ETHER,VIKING ARMOUR,B92375,1,0.5876
LZM4FAVFA9,12 A 23,ACTIVO,250225.34,BITCOIN,VIKING ARMOUR,B92375,1,0.0488
84VFA8,60 Y MAS,ACTIVO,,0,SPURS,Y79G54,2,0.2239
ZZLLLOL8LO,60 Y MAS,ACTIVO,129426.9,GOLD,DRAGONS,JSF89A,2,0.6268
L9LO094L0,00 A 06,ACTIVO,150998.05,0,SOIL,Y79G54,N,0.9664
800LOZ80Z,60 Y MAS,ACTIVO,416323.195,ETHER,NAVAL,90LD2,4,0.0991
VVVFA0FAZ,60 Y MAS,ACTIVO,178609.122,BITCOIN,DRAGONS,90LD2,2,0.3324
V040LO0LO8,60 Y MAS,ACTIVO,250225.34,0,VIKING ARMOUR,B92375,3,0.185
LO0Z80Z9FA,12 A 23,ACTIVO,95344.483,0,DRAGONS,90LD2,2,0.986
LZ00ZM0Z,24 A 47,ACTIVO,241596.88,0,VIKING ARMOUR,B92375,4,0.0346
L9LVZFALOZ,00 A 06,ACTIVO,258853.8,#N/D,SPURS,Y79G54,N,0.4877
VLFA9VLOFA,60 Y MAS,ACTIVO,388280.7,BITCOIN,VIKING ARMOUR,Y79G54,6,0.522
90LFA0L8LO,12 A 23,activo,,#N/D,SPURS,90LD2,#N/D,0.6462
LO0Z04FA0LO,60 Y MAS,ACTIVO,323567.25,GOLD,VIKING ARMOUR,Y79G54,4,0.8309
ZZFAZL888,60 Y MAS,ACTIVO,534964.52,BITCOIN,VIKING ARMOUR,Y79G54,4,0.2018
LFA0L00Z0,24 A 47,ACTIVO,243753.995,ETHER,SPURS,Y79G54,4,0.9384
L0FALOVFAZ0,60 Y MAS,ACTIVO,522021.83,0,VIKING ARMOUR,Y79G54,4,0.4793
L8ZM09LOL,07 A 11,ACTIVO,237282.65,#N/D,VIKING ARMOUR,B92375,N,0.2825
L040LO08V,60 Y MAS,ACTIVO,323567.25,0,VIKING ARMOUR,B92375,4,0.0271
LFAFA094LO8,24 A 47,ACTIVO,325724.365,GOLD,VIKING ARMOUR,Y79G54,4,0.0723
L0488,60 Y MAS,ACTIVO,189826.12,BITCOIN,SPURS,Y79G54,4,0.2147
LZ988FALOFA,24 A 47,ACTIVO,140212.475,GOLD,DRAGONS,B92375,2,0.9735
900V8ZML,24 A 47,activo,,#N/D,SPURS,90LD2,#N/D,0.9394
FA00LV94L,00 A 06,ACTIVO,159626.51,#N/D,SOIL,Y79G54,N,0.9967
Z004LOZZ0,60 Y MAS,ACTIVO,360238.205,TYP2,VIKING ARMOUR,B92375,4,0.8835
LV80004Z,12 A 23,ACTIVO,215711.5,TYP2,VIKING ARMOUR,B92375,2,0.0774
LVLOV8900,12 A 23,ACTIVO,250225.34,GOLD,VIKING ARMOUR,B92375,2,0.9259
LFA9FALOVZ4,24 A 47,ACTIVO,504333.487,ETHER,VIKING ARMOUR,Y79G54,6,0.9635
LO0LOZ4Z00,60 Y MAS,ACTIVO,143663.859,0,NAVAL,90LD2,2,0.7385
L9ZM90LO0,00 A 06,ACTIVO,181197.66,BITCOIN,SPURS,Y79G54,N,0.7226
V04LOFA04L,60 Y MAS,ACTIVO,207083.04,GOLD,DRAGONS,B92375,2,0.3708
LL0FAZLOV0,48 A 60,ACTIVO,207083.04,ETHER,SPURS,Y79G54,4,0.8118
LZ8FA090LO,24 A 47,ACTIVO,207083.04,0,SPURS,Y79G54,4,0.434
L8VZ0LZFA,07 A 11,ACTIVO,187669.005,TYP2,SOIL,Y79G54,N,0.0289
LLO008ZZL,24 A 47,ACTIVO,250225.34,0,VIKING ARMOUR,B92375,1,0.9948
LLOFAZFA40Z,24 A 47,ACTIVO,273953.605,GOLD,VIKING ARMOUR,B92375,2,0.1965
80LFA4LOLLO,60 Y MAS,ACTIVO,401223.39,0,VIKING ARMOUR,Y79G54,6,0.4721
L0848Z40,48 A 60,ACTIVO,241596.88,GOLD,SPURS,Y79G54,6,0.1093
LZ48V88V,24 A 47,ACTIVO,286896.295,BITCOIN,#N/D,#N/D,4,0.487
LVLOFA8LO09,12 A 23,ACTIVO,269639.375,0,SPURS,Y79G54,2,0.9655
V8LO0LOL9,60 Y MAS,ACTIVO,314938.79,BITCOIN,VIKING ARMOUR,Y79G54,4,0.647
LLO9LOVLO0L,12 A 23,ACTIVO,286896.295,0,VIKING ARMOUR,B92375,3,0.1278
Z004FA9LZ,60 Y MAS,ACTIVO,159626.51,GOLD,SOIL,Y79G54,2,0.1514
LFA04Z0L8,24 A 47,ACTIVO,207083.04,BITCOIN,SPURS,Y79G54,4,0.7486
FA0V9V008,00 A 06,ACTIVO,,#N/D,VIKING ARMOUR,B92375,#N/D,0.0893
V0FA8VVV8,60 Y MAS,ACTIVO,170412.085,BITCOIN,DRAGONS,B92375,2,0.3738
L09VLOL8L,48 A 60,ACTIVO,445228.536,0,VIKING ARMOUR,Y79G54,4,0.3766
L8LO908LO0,07 A 11,ACTIVO,465936.84,ETHER,VIKING ARMOUR,Y79G54,N,0.9289
FA00Z00FALO,00 A 06,activo,,#N/D,SOIL,Y79G54,#N/D,0.9797
L9LO90ZLO4,00 A 06,activo,,#N/D,SOIL,Y79G54,#N/D,0.2248
L40LO40Z0,24 A 47,ACTIVO,196297.465,0,SOIL,Y79G54,1,0.2684
V0409LOZ,60 Y MAS,ACTIVO,240734.034,0,DRAGONS,90LD2,2,0.011
LLFA9LOZLV,48 A 60,ACTIVO,267482.26,BITCOIN,SPURS,Y79G54,4,0.9791
Z00800Z0,60 Y MAS,ACTIVO,338667.055,GOLD,VIKING ARMOUR,B92375,4,0.4502
L9LO08V0Z,00 A 06,ACTIVO,237282.65,ETHER,SPURS,Y79G54,N,0.2863
L900V40V,00 A 06,ACTIVO,515550.485,USD,VIKING ARMOUR,Y79G54,N,0.6707
90Z8404,60 Y MAS,ACTIVO,167392.124,GOLD,DRAGONS,90LD2,2,0.1837
Z0LO8Z980,60 Y MAS,ACTIVO,295524.755,GOLD,NAVAL,B92375,4,0.4599
LLL08LO04,48 A 60,ACTIVO,286896.295,0,VIKING ARMOUR,Y79G54,4,0.8643
L844LO4Z0,07 A 11,ACTIVO,181197.66,BITCOIN,SPURS,Y79G54,1,0.4312
LL88VLO04,24 A 47,ACTIVO,159626.51,BITCOIN,SOIL,Y79G54,1,0.7335
V00L8084,60 Y MAS,ACTIVO,131584.015,BITCOIN,DRAGONS,JSF89A,2,0.0965
Z0V89ZV8,60 Y MAS,ACTIVO,385260.739,0,NAVAL,90LD2,4,0.1949
L8L0L488,07 A 11,ACTIVO,155312.28,BITCOIN,VIKING ARMOUR,Y79G54,2,0.3159
LLO90080Z,12 A 23,ACTIVO,256696.685,BITCOIN,NAVAL,JSF89A,2,0.1348
LLOVLL008,12 A 23,ACTIVO,440051.46,GOLD,VIKING ARMOUR,Y79G54,4,0.9147
FA000ZFA90,00 A 06,activo,,#N/D,VIKING ARMOUR,Y79G54,#N/D,0.8496
LVZ8LOL8V,12 A 23,ACTIVO,623406.235,GOLD,VIKING ARMOUR,Y79G54,4,0.1265
L949V4V9,00 A 06,ACTIVO,237282.65,BITCOIN,VIKING ARMOUR,B92375,N,0.9211
LZVZ0948,24 A 47,ACTIVO,273953.605,USD,DRAGONS,Y79G54,4,0.9745
8LVFAFA0L,60 Y MAS,ACTIVO,241596.88,BITCOIN,SPURS,Y79G54,6,0.403
8Z90909,60 Y MAS,ACTIVO,167392.124,GOLD,DRAGONS,90LD2,2,0.1487
L40LLZ9Z,24 A 47,ACTIVO,159626.51,GOLD,SOIL,Y79G54,2,0.0405
Z080ZZFA8,60 Y MAS,ACTIVO,170412.085,GOLD,DRAGONS,B92375,2,0.7864
L800Z0FAV,07 A 11,ACTIVO,237282.65,BITCOIN,VIKING ARMOUR,B92375,1,0.2281
L0LO8FAL9LO,48 A 60,ACTIVO,286896.295,GOLD,VIKING ARMOUR,Y79G54,4,0.4686
LO008ZZ04,60 Y MAS,ACTIVO,530650.29,GOLD,VIKING ARMOUR,Y79G54,6,0.8528
FA0V00LOL0,00 A 06,ACTIVO,,#N/D,SOIL,Y79G54,#N/D,0.55
L90FA044FA,00 A 06,ACTIVO,237282.65,GOLD,VIKING ARMOUR,B92375,N,0.2836
9004L089,48 A 60,activo,,#N/D,VIKING ARMOUR,90LD2,#N/D,0.4065
LLO89LL00,12 A 23,ACTIVO,207083.04,BITCOIN,SPURS,Y79G54,2,0.5455
L0L9L9VL,48 A 60,ACTIVO,241596.88,BITCOIN,SPURS,Y79G54,6,0.0229
L9LLO0LLO4,00 A 06,ACTIVO,267050.837,0,VIKING ARMOUR,JSF89A,N,0.7812
L9LLOZ88V,00 A 06,ACTIVO,273953.605,#N/D,VIKING ARMOUR,B92375,N,0.1404
L49Z0FALZ,24 A 47,ACTIVO,228654.19,GOLD,SPURS,Y79G54,2,0.9141
L4L8LO9LOFA,24 A 47,ACTIVO,278267.835,0,VIKING ARMOUR,B92375,3,0.3149
LLO0Z0FA4LO,12 A 23,ACTIVO,414166.08,BITCOIN,DRAGONS,Y79G54,2,0.8665
V0L008LL,48 A 60,ACTIVO,135898.245,0,DRAGONS,90LD2,2,0.2452
LZ4VLL4L,24 A 47,ACTIVO,207083.04,0,SPURS,Y79G54,1,0.6273
L9ZFA0FA4Z,00 A 06,ACTIVO,237282.65,BITCOIN,VIKING ARMOUR,B92375,N,0.7134
FA000Z8,00 A 06,ACTIVO,159626.51,ETHER,SOIL,Y79G54,N,0.9553
FA00004,00 A 06,ACTIVO,250225.34,#N/D,VIKING ARMOUR,B92375,N,0.8878
FA0Z4V004,00 A 06,ACTIVO,,#N/D,VIKING ARMOUR,B92375,#N/D,0.1956
LLO0ZL0Z9,24 A 47,ACTIVO,207083.04,BITCOIN,SPURS,Y79G54,2,0.089
L9VLLO009,00 A 06,ACTIVO,181197.66,BITCOIN,SPURS,Y79G54,N,0.2289
V9FA49FAFA,60 Y MAS,ACTIVO,310624.56,0,VIKING ARMOUR,B92375,4,0.8825
Z0Z4LLLV,60 Y MAS,ACTIVO,254108.147,GOLD,VIKING ARMOUR,B92375,4,0.675
L090ZFAZ4,60 Y MAS,ACTIVO,325724.365,0,VIKING ARMOUR,Y79G54,4,0.5957
L84LO9VZ4,07 A 11,ACTIVO,237282.65,TYP2,VIKING ARMOUR,B92375,2,0.5953
L9FAFA4040,07 A 11,ACTIVO,237282.65,BITCOIN,VIKING ARMOUR,B92375,N,0.7063
LV8048FA8,12 A 23,ACTIVO,172569.2,BITCOIN,VIKING ARMOUR,B92375,2,0.7329
L0LOV8VFA4,48 A 60,ACTIVO,189826.12,0,VIKING ARMOUR,B92375,3,0.6335
90L4L89V,24 A 47,ACTIVO,,#N/D,SPURS,90LD2,#N/D,0.8258
90L08ZZ,60 Y MAS,ACTIVO,291210.525,ETHER,SPURS,Y79G54,4,0.5947
LO0ZFA8ZFAFA,12 A 23,ACTIVO,88441.715,0,DRAGONS,90LD2,2,0.7932
L8484908,07 A 11,ACTIVO,258853.8,#N/D,SPURS,Y79G54,2,0.7387
V0FA9FA0,60 Y MAS,ACTIVO,278267.835,BITCOIN,DRAGONS,90LD2,4,0.6668
L4L0488L,24 A 47,ACTIVO,159626.51,0,SOIL,Y79G54,2,0.8086
LZ0L0LZ8,24 A 47,ACTIVO,265325.145,ETHER,NAVAL,B92375,4,0.0801
LO0Z4LOV8LO,60 Y MAS,ACTIVO,97070.175,BITCOIN,DRAGONS,90LD2,2,0.0664
L9ZFAV448,00 A 06,ACTIVO,325724.365,GOLD,VIKING ARMOUR,Y79G54,N,0.2552
90094880,12 A 23,ACTIVO,263599.453,0,VIKING ARMOUR,Y79G54,1,0.2622
LFA09LFA9FA,24 A 47,ACTIVO,440051.46,BITCOIN,VIKING ARMOUR,Y79G54,6,0.3902
LFA08FALLZ,24 A 47,ACTIVO,202768.81,BITCOIN,NAVAL,B92375,2,0.3517
L0LOVLVFAL,48 A 60,ACTIVO,263168.03,BITCOIN,DRAGONS,Y79G54,2,0.425
LV8LO0ZZM,07 A 11,ACTIVO,198454.58,0,DRAGONS,Y79G54,2,0.5185
LFAL0V0L9,24 A 47,ACTIVO,440051.46,BITCOIN,VIKING ARMOUR,Y79G54,6,0.939
900V80V4,24 A 47,ACTIVO,,#N/D,VIKING ARMOUR,90LD2,#N/D,0.5787
L98Z084LO,00 A 06,ACTIVO,207083.04,#N/D,VIKING ARMOUR,B92375,N,0.9956
L44LOFA8LO9,24 A 47,ACTIVO,517276.177,0,VIKING ARMOUR,Y79G54,4,0.8837
L0LOV9FA4FA,48 A 60,ACTIVO,207083.04,GOLD,SPURS,Y79G54,4,0.1406
8LLO8448,60 Y MAS,ACTIVO,228654.19,0,NAVAL,B92375,1,0.1216
LV9ZVLOZL,12 A 23,ACTIVO,332195.71,ETHER,VIKING ARMOUR,B92375,2,0.0429
FA0FA9LOVLFA,00 A 06,ACTIVO,,#N/D,SOIL,Y79G54,#N/D,0.8529
V000LOVLL,60 Y MAS,ACTIVO,243753.995,GOLD,SPURS,Y79G54,4,0.8751
L8949LO09,07 A 11,ACTIVO,181197.66,BITCOIN,SPURS,Y79G54,N,0.1259
Z008FAVVL,60 Y MAS,ACTIVO,286896.295,0,VIKING ARMOUR,B92375,3,0.262
V0090LO0L,60 Y MAS,ACTIVO,129426.9,0,DRAGONS,JSF89A,2,0.9143
LO040ZMFA0,60 Y MAS,ACTIVO,103541.52,GOLD,DRAGONS,B92375,2,0.8332
LLO4VLO9FALO,12 A 23,ACTIVO,,#N/D,SPURS,Y79G54,#N/D,0.4063
L0FALZM00,48 A 60,ACTIVO,726947.755,ETHER,VIKING ARMOUR,Y79G54,6,0.1598
L48LO0FA94,24 A 47,ACTIVO,267482.26,TYP2,SPURS,Y79G54,4,0.2029
L9LOFA8ZM0,00 A 06,ACTIVO,187669.005,0,SOIL,Y79G54,N,0.0646
LLOV808V8,12 A 23,ACTIVO,286896.295,GOLD,VIKING ARMOUR,B92375,4,0.3443
800LZ8L0,60 Y MAS,ACTIVO,487507.99,TYP2,VIKING ARMOUR,Y79G54,4,0.4758
Z040LOFA9LO,60 Y MAS,ACTIVO,340824.17,BITCOIN,VIKING ARMOUR,Y79G54,4,0.6737
L8ZM4008,07 A 11,ACTIVO,224339.96,GOLD,VIKING ARMOUR,JSF89A,N,0.3926
ZMZ8FAFA,60 Y MAS,ACTIVO,886574.265,0,VIKING ARMOUR,Y79G54,6,0.5409
LFAFA4LOV0FA,24 A 47,ACTIVO,353766.86,BITCOIN,VIKING ARMOUR,B92375,4,0.1424
L8LL00LO8,12 A 23,ACTIVO,,#N/D,VIKING ARMOUR,Y79G54,#N/D,0.3127
Z00000VFA,60 Y MAS,ACTIVO,345138.4,BITCOIN,SPURS,Y79G54,4,0.3389
LVFA8FAFA0FA,12 A 23,ACTIVO,176883.43,0,VIKING ARMOUR,JSF89A,1,0.7253
LFA888FA0FA,24 A 47,ACTIVO,301996.1,BITCOIN,NAVAL,B92375,4,0.3982
L9LLOFAZFA0,07 A 11,ACTIVO,150998.05,BITCOIN,SOIL,Y79G54,N,0.1349
ZZLOV0FA0Z,60 Y MAS,ACTIVO,250225.34,BITCOIN,VIKING ARMOUR,B92375,2,0.9806
V0V490L9,60 Y MAS,ACTIVO,353766.86,GOLD,VIKING ARMOUR,Y79G54,4,0.4512
800040L0,60 Y MAS,ACTIVO,267050.837,TYP2,VIKING ARMOUR,JSF89A,4,0.0076
V9LVFA0Z,60 Y MAS,ACTIVO,273953.605,BITCOIN,VIKING ARMOUR,B92375,2,0.9667
L0LV9L00,48 A 60,ACTIVO,159626.51,0,SOIL,Y79G54,1,0.5701
Z089LOFA8V,60 Y MAS,ACTIVO,336509.94,ETHER,VIKING ARMOUR,Y79G54,4,0.5259
800Z0LO00,60 Y MAS,ACTIVO,251951.032,0,NAVAL,90LD2,3,0.979
LVZVLO8LFA,12 A 23,ACTIVO,396909.16,0,VIKING ARMOUR,Y79G54,4,0.811
L9L8L88LO,07 A 11,ACTIVO,157469.395,#N/D,SPURS,Y79G54,N,0.1019
L09LO9LOFAV,48 A 60,ACTIVO,323567.25,TYP2,VIKING ARMOUR,B92375,4,0.3859
LLO0LOVLO8Z,12 A 23,ACTIVO,250225.34,ETHER,VIKING ARMOUR,B92375,2,0.8738
L84LO4L9V,07 A 11,ACTIVO,303721.792,GOLD,VIKING ARMOUR,JSF89A,4,0.967
Z0Z9490L,60 Y MAS,ACTIVO,291210.525,GOLD,VIKING ARMOUR,B92375,4,0.4691
LVZFAL484,12 A 23,ACTIVO,312781.675,0,VIKING ARMOUR,Y79G54,4,0.8228
LL90ZV,00 A 06,ACTIVO,159626.51,GOLD,SOIL,Y79G54,N,0.499
L8LZ98FAL,07 A 11,ACTIVO,237282.65,ETHER,VIKING ARMOUR,B92375,2,0.3809
L8L88VFAZ,07 A 11,ACTIVO,172569.2,#N/D,SPURS,Y79G54,1,0.4224
LZ4VVLO94,24 A 47,ACTIVO,250225.34,TYP2,VIKING ARMOUR,B92375,4,0.2779
Z04ZZ4LO8,60 Y MAS,ACTIVO,273953.605,BITCOIN,DRAGONS,90LD2,2,0.4797
ZZ8L0ZV9,60 Y MAS,ACTIVO,185511.89,0,DRAGONS,JSF89A,2,0.2041
LVL04ZZV,12 A 23,ACTIVO,293367.64,BITCOIN,DRAGONS,Y79G54,2,0.1014
80VFA40FA,60 Y MAS,ACTIVO,502176.372,GOLD,VIKING ARMOUR,Y79G54,6,0.5391
900V48Z8,48 A 60,ACTIVO,,#N/D,SPURS,90LD2,#N/D,0.6551
L8LOFA00LO9,07 A 11,ACTIVO,194140.35,GOLD,SOIL,Y79G54,1,0.318
80004VLFA,60 Y MAS,ACTIVO,250225.34,0,VIKING ARMOUR,B92375,4,0.0123
FA0Z80LLV,00 A 06,ACTIVO,,#N/D,SOIL,Y79G54,#N/D,0.835
L0FA0ZL4LO,60 Y MAS,ACTIVO,299838.985,0,DRAGONS,Y79G54,2,0.2226
FA0ZFAFA48Z,00 A 06,ACTIVO,,#N/D,SPURS,Y79G54,#N/D,0.011
LLO0Z0FALO0,24 A 47,ACTIVO,455151.265,0,VIKING ARMOUR,Y79G54,4,0.6536
90LL0FA00,60 Y MAS,activo,,#N/D,VIKING ARMOUR,90LD2,#N/D,0.2152
Z0L948FA9,60 Y MAS,ACTIVO,159626.51,USD,SOIL,Y79G54,2,0.5287
FA004LO8LOZ,00 A 06,ACTIVO,250225.34,#N/D,VIKING ARMOUR,B92375,N,0.4495
LO00089L8,60 Y MAS,ACTIVO,314938.79,GOLD,VIKING ARMOUR,Y79G54,4,0.2291
80L888FA,60 Y MAS,ACTIVO,86284.6,USD,SOIL,90LD2,2,0.2506
V84Z0FAV,60 Y MAS,ACTIVO,189826.12,0,SPURS,Y79G54,4,0.6767
LZ9000VLO,24 A 47,ACTIVO,254539.57,BITCOIN,SPURS,Y79G54,3,0.4648
L9V08049,00 A 06,ACTIVO,150998.05,#N/D,SOIL,Y79G54,N,0.4333
LV8LO4808,12 A 23,ACTIVO,428834.462,0,VIKING ARMOUR,Y79G54,3,0.1115
V4V84FAZ,60 Y MAS,ACTIVO,250225.34,GOLD,VIKING ARMOUR,B92375,4,0.7875
L809FAZ4FA,12 A 23,ACTIVO,135898.245,#N/D,DRAGONS,B92375,2,0.1882
FA0VVZM84,00 A 06,ACTIVO,,#N/D,VIKING ARMOUR,B92375,#N/D,0.0505
9V00FALOFA,60 Y MAS,ACTIVO,159626.51,USD,SOIL,Y79G54,2,0.2056
LZ44089LO,24 A 47,activo,250225.34,0,SPURS,Y79G54,3,0.395
LLLO0Z0VFA,48 A 60,ACTIVO,263168.03,USD,SOIL,Y79G54,4,0.8379
FA0040LO00,00 A 06,ACTIVO,159626.51,#N/D,SOIL,Y79G54,N,0.1789
L0FAV4ZLOZ,48 A 60,ACTIVO,286896.295,GOLD,VIKING ARMOUR,B92375,4,0.6136
800LO8FAL,60 Y MAS,ACTIVO,250225.34,BITCOIN,VIKING ARMOUR,B92375,4,0.0616
LZVVL989,24 A 47,ACTIVO,207083.04,BITCOIN,SPURS,Y79G54,4,0.9025
L89FA0LFA0,07 A 11,ACTIVO,194140.35,#N/D,SOIL,Y79G54,N,0.7699
888LO000,60 Y MAS,ACTIVO,122955.555,0,SOIL,90LD2,1,0.6575
ZZVFA4LO9LO,60 Y MAS,ACTIVO,219162.884,BITCOIN,DRAGONS,90LD2,2,0.8119
L98V0LOL8,00 A 06,ACTIVO,159626.51,BITCOIN,SOIL,Y79G54,N,0.8917
LLO8LO08V9,12 A 23,ACTIVO,189826.12,0,SPURS,Y79G54,1,0.3688
V00FA0Z0Z,60 Y MAS,ACTIVO,129426.9,0,DRAGONS,JSF89A,2,0.2995
VL440VV,60 Y MAS,ACTIVO,560849.9,0,VIKING ARMOUR,Y79G54,6,0.702
LZ84V0,24 A 47,ACTIVO,286896.295,BITCOIN,VIKING ARMOUR,Y79G54,4,0.9979
V0L40VLOZ,60 Y MAS,ACTIVO,99227.29,0,DRAGONS,90LD2,2,0.6989
LZ048LO9V,24 A 47,ACTIVO,224339.96,GOLD,DRAGONS,Y79G54,2,0.7713
LFA40FA400,24 A 47,ACTIVO,237282.65,BITCOIN,VIKING ARMOUR,B92375,2,0.1543
8ZFALOVLFA,60 Y MAS,ACTIVO,353766.86,BITCOIN,VIKING ARMOUR,Y79G54,4,0.8351
94008VFA,60 Y MAS,ACTIVO,534964.52,GOLD,VIKING ARMOUR,Y79G54,4,0.0817
LZLOLLOFALOFA,24 A 47,ACTIVO,286896.295,0,VIKING ARMOUR,B92375,3,0.7641
L8ZFA440LO,07 A 11,ACTIVO,150998.05,ETHER,SOIL,Y79G54,2,0.2856
L000Z90Z,60 Y MAS,ACTIVO,338667.055,0,VIKING ARMOUR,B92375,4,0.1561
V09FAV4LOZ,60 Y MAS,ACTIVO,228654.19,0,NAVAL,B92375,2,0.3722
VLO498V0,60 Y MAS,ACTIVO,232968.42,0,DRAGONS,Y79G54,2,0.2546
V0008408,60 Y MAS,ACTIVO,135898.245,0,DRAGONS,90LD2,2,0.9803
V00ZLO9FA4,60 Y MAS,ACTIVO,319253.02,GOLD,DRAGONS,Y79G54,2,0.7246
LLZLFAL09,24 A 47,ACTIVO,301996.1,GOLD,NAVAL,B92375,4,0.9299
L90LOLV0Z,07 A 11,ACTIVO,189826.12,#N/D,SPURS,Y79G54,N,0.1007
909LOZ08,60 Y MAS,ACTIVO,414166.08,ETHER,VIKING ARMOUR,Y79G54,4,0.4388
Z0LFAL0FALO,60 Y MAS,ACTIVO,332195.71,BITCOIN,VIKING ARMOUR,Y79G54,3,0.4838
VZ9LOL08,60 Y MAS,ACTIVO,198454.58,BITCOIN,SPURS,Y79G54,4,0.8907
LZ4FAZFAZM,24 A 47,ACTIVO,450837.035,USD,VIKING ARMOUR,Y79G54,6,0.707
L80V8880,12 A 23,ACTIVO,150998.05,BITCOIN,SOIL,Y79G54,1,0.868
LL00Z08V,48 A 60,ACTIVO,310624.56,0,VIKING ARMOUR,B92375,4,0.72
L4FA048FA0,24 A 47,ACTIVO,228654.19,0,NAVAL,B92375,1,0.7554
V0LO090L,60 Y MAS,ACTIVO,360238.205,BITCOIN,VIKING ARMOUR,B92375,4,0.6583
LV4L8FA0V,12 A 23,ACTIVO,207083.04,BITCOIN,SPURS,Y79G54,2,0.1212
V00LO0VFA,60 Y MAS,ACTIVO,379652.24,BITCOIN,VIKING ARMOUR,Y79G54,4,0.3233
V094LV88,60 Y MAS,ACTIVO,189826.12,0,SPURS,Y79G54,3,0.8581
900009Z0,24 A 47,ACTIVO,,#N/D,VIKING ARMOUR,90LD2,#N/D,0.7943
FA0449VZL,00 A 06,ACTIVO,,#N/D,VIKING ARMOUR,B92375,#N/D,0.2181
LO0FALO4LV0,60 Y MAS,ACTIVO,407263.312,0,NAVAL,90LD2,6,0.6744
L448090FA,24 A 47,ACTIVO,323567.25,ETHER,VIKING ARMOUR,Y79G54,4,0.2158
LFAZM09VV,24 A 47,ACTIVO,159626.51,0,SOIL,Y79G54,2,0.1407
L008Z004,48 A 60,ACTIVO,159626.51,0,SOIL,Y79G54,2,0.6213
LL09ZLO80,48 A 60,ACTIVO,103541.52,0,DRAGONS,B92375,1,0.9204
Z0L4098V,60 Y MAS,ACTIVO,138486.783,0,SOIL,90LD2,2,0.2471
900V8LO08,24 A 47,ACTIVO,,#N/D,SPURS,90LD2,#N/D,0.035
ZZLOFA90LLO,60 Y MAS,ACTIVO,241596.88,0,VIKING ARMOUR,B92375,4,0.0715
LFALOLFAFA40,24 A 47,ACTIVO,198454.58,0,SPURS,Y79G54,4,0.6076
LLOFAV9Z4Z,12 A 23,ACTIVO,286896.295,ETHER,VIKING ARMOUR,B92375,2,0.9184
FA0LL0LLO4,00 A 06,ACTIVO,159626.51,0,SOIL,Y79G54,N,0.8852
LV44VFALO0,12 A 23,ACTIVO,129426.9,0,DRAGONS,JSF89A,2,0.0123
FA0ZMZLFA0,00 A 06,ACTIVO,,#N/D,VIKING ARMOUR,B92375,#N/D,0.8429
V009L94Z,60 Y MAS,ACTIVO,126838.362,0,DRAGONS,90LD2,2,0.6457
L94ZLOZVV,00 A 06,ACTIVO,120798.44,#N/D,SPURS,Y79G54,N,0.515
LLO88L408,12 A 23,ACTIVO,465936.84,GOLD,VIKING ARMOUR,Y79G54,4,0.5774
90L0LO0VV,12 A 23,ACTIVO,,#N/D,SPURS,90LD2,#N/D,0.8553
L08ZL009,48 A 60,ACTIVO,241596.88,BITCOIN,SPURS,Y79G54,6,0.3254
Z00LO9090,60 Y MAS,ACTIVO,286896.295,BITCOIN,VIKING ARMOUR,B92375,4,0.0734
Z0ZVV90FA,60 Y MAS,ACTIVO,241596.88,0,VIKING ARMOUR,B92375,4,0.4807
LO0490ZFA9,60 Y MAS,ACTIVO,226928.498,USD,NAVAL,90LD2,4,0.8857
LFAZL09Z8,24 A 47,ACTIVO,239439.765,0,NAVAL,B92375,3,0.9292
L090FAL8FA,48 A 60,ACTIVO,422794.54,GOLD,VIKING ARMOUR,Y79G54,4,0.0908
V0LZ000LO,60 Y MAS,ACTIVO,129426.9,0,DRAGONS,JSF89A,2,0.1403
LLLO940L0,48 A 60,ACTIVO,207083.04,BITCOIN,SPURS,Y79G54,4,0.2072
Z0ZM8V9LO,60 Y MAS,ACTIVO,103541.52,0,DRAGONS,B92375,2,0.7829
FALOFALOLFALO,60 Y MAS,ACTIVO,314938.79,ETHER,VIKING ARMOUR,Y79G54,4,0.6025
90V00VZ,60 Y MAS,ACTIVO,243753.995,GOLD,SPURS,Y79G54,3,0.1896
L40Z0L98,24 A 47,ACTIVO,237282.65,0,NAVAL,B92375,2,0.9311
FA08LO0LOZ4,00 A 06,ACTIVO,,#N/D,VIKING ARMOUR,B92375,#N/D,0.1079
L0880LOL0,48 A 60,ACTIVO,103541.52,0,DRAGONS,B92375,2,0.6449
L0VFA98V,60 Y MAS,ACTIVO,290347.679,TYP2,NAVAL,90LD2,4,0.0472
FA0LOZZ0L8,00 A 06,activo,,#N/D,VIKING ARMOUR,Y79G54,#N/D,0.6204
L900VLOL4,07 A 11,ACTIVO,245479.687,0,VIKING ARMOUR,JSF89A,N,0.3783
LO0ZLO08Z0,60 Y MAS,ACTIVO,129426.9,BITCOIN,DRAGONS,JSF89A,2,0.0971
FA0VZLO90V,00 A 06,ACTIVO,,#N/D,SOIL,Y79G54,#N/D,0.7831
80088V44,60 Y MAS,ACTIVO,321841.558,0,NAVAL,90LD2,4,0.5616
LV9LOZ00LO,12 A 23,ACTIVO,198454.58,0,SPURS,Y79G54,2,0.318
FA0ZML00V,00 A 06,ACTIVO,,#N/D,SPURS,Y79G54,#N/D,0.2916
V409808,60 Y MAS,ACTIVO,440051.46,BITCOIN,VIKING ARMOUR,Y79G54,4,0.115
LZ09LOZZL,24 A 47,ACTIVO,159626.51,0,SOIL,Y79G54,1,0.7386
80000FA0FA,60 Y MAS,ACTIVO,892614.187,0,VIKING ARMOUR,Y79G54,6,0.5629
Z0ZZV89V,60 Y MAS,ACTIVO,159626.51,0,SOIL,Y79G54,2,0.537
Z008LO0LL,60 Y MAS,ACTIVO,273953.605,TYP2,VIKING ARMOUR,B92375,2,0.701
LVLFA8LOZL,12 A 23,ACTIVO,159626.51,BITCOIN,SOIL,Y79G54,2,0.9688
V00FAFALOZ,60 Y MAS,ACTIVO,319253.02,BITCOIN,DRAGONS,90LD2,2,0.8647
L00L80LFA,60 Y MAS,ACTIVO,448679.92,BITCOIN,VIKING ARMOUR,Y79G54,4,0.4417
900L0FALL,48 A 60,ACTIVO,,#N/D,SPURS,90LD2,#N/D,0.0453
8FA9V090,60 Y MAS,ACTIVO,122955.555,ETHER,SOIL,90LD2,2,0.0317
LLL0LOV,48 A 60,ACTIVO,159626.51,0,SOIL,Y79G54,1,0.0333
LO0ZZLO0,60 Y MAS,ACTIVO,99227.29,BITCOIN,DRAGONS,JSF89A,2,0.9709
LL09Z088,48 A 60,ACTIVO,159626.51,ETHER,SOIL,Y79G54,2,0.2112
8FA9LOLV0,60 Y MAS,ACTIVO,86284.6,BITCOIN,SOIL,90LD2,2,0.2411
LLOZL0L49,12 A 23,ACTIVO,189826.12,0,SPURS,Y79G54,1,0.626
FA0808898,00 A 06,activo,,#N/D,SPURS,Y79G54,#N/D,0.166
ZZV90V84,60 Y MAS,ACTIVO,278267.835,GOLD,VIKING ARMOUR,B92375,4,0.2596
LLOZLO0ZFA8,12 A 23,ACTIVO,189826.12,0,SPURS,Y79G54,2,0.7291
LFA0904VLO,24 A 47,ACTIVO,267482.26,0,SOIL,Y79G54,4,0.5929
L4Z90FA09,24 A 47,ACTIVO,289053.41,0,VIKING ARMOUR,Y79G54,4,0.2893
V0LOZFA8Z,60 Y MAS,ACTIVO,474565.3,BITCOIN,VIKING ARMOUR,Y79G54,6,0.0467
L0FAZM0ZM,48 A 60,ACTIVO,155312.28,GOLD,SOIL,B92375,2,0.8492
LV8FA0ZFALO,07 A 11,ACTIVO,371023.78,0,VIKING ARMOUR,Y79G54,2,0.9583
L80FAV88V,07 A 11,ACTIVO,209240.155,#N/D,SPURS,Y79G54,2,0.8845
LZLLO008L,24 A 47,ACTIVO,241596.88,BITCOIN,VIKING ARMOUR,B92375,4,0.9075
LZ80FA8FA0,24 A 47,ACTIVO,323567.25,0,VIKING ARMOUR,B92375,3,0.5179
LO808LO,60 Y MAS,ACTIVO,487507.99,0,VIKING ARMOUR,Y79G54,4,0.1511
L94LO088L,07 A 11,ACTIVO,230811.305,#N/D,SOIL,Y79G54,N,0.8759
LZ090ZL0,24 A 47,ACTIVO,217868.615,0,SPURS,Y79G54,4,0.8073
800VLOL08,60 Y MAS,ACTIVO,168686.393,0,SOIL,90LD2,4,0.3507
800ZFAZVV,60 Y MAS,ACTIVO,286896.295,0,VIKING ARMOUR,B92375,4,0.6126
L8440084,07 A 11,ACTIVO,194140.35,GOLD,VIKING ARMOUR,B92375,2,0.8467
LVZ0L0V0,12 A 23,activo,,#N/D,SPURS,Y79G54,#N/D,0.548
FA09VVLOFALO,00 A 06,ACTIVO,,#N/D,VIKING ARMOUR,Y79G54,#N/D,0.7739
LZ009FA00,24 A 47,ACTIVO,422363.117,BITCOIN,VIKING ARMOUR,Y79G54,4,0.7479
FAFA8LO08Z,60 Y MAS,ACTIVO,385260.739,0,DRAGONS,90LD2,2,0.2853
LZ89FA4VFA,24 A 47,ACTIVO,286896.295,GOLD,VIKING ARMOUR,B92375,2,0.7404
L900L090,07 A 11,ACTIVO,187669.005,#N/D,SOIL,Y79G54,N,0.0009
L08L84LOFA,48 A 60,ACTIVO,103541.52,0,DRAGONS,B92375,2,0.7535
L9L0FA80FA,07 A 11,ACTIVO,202768.81,BITCOIN,SPURS,Y79G54,N,0.318
9098FA40,60 Y MAS,ACTIVO,474565.3,TYP2,#N/D,#N/D,6,0.4567
8FA008V8,60 Y MAS,ACTIVO,86284.6,BITCOIN,SOIL,90LD2,2,0.9833
LZLL4008,24 A 47,ACTIVO,276110.72,BITCOIN,VIKING ARMOUR,JSF89A,4,0.2183
LLZVFAZZM,24 A 47,ACTIVO,424951.655,TYP2,VIKING ARMOUR,Y79G54,6,0.3608
L4V8V49V,24 A 47,ACTIVO,265325.145,0,NAVAL,B92375,3,0.2835
80088LFA,60 Y MAS,ACTIVO,310624.56,BITCOIN,VIKING ARMOUR,Y79G54,4,0.1096
900ZLO090,60 Y MAS,activo,,#N/D,SPURS,90LD2,#N/D,0.3783
LFAZLL440,24 A 47,ACTIVO,474133.877,0,VIKING ARMOUR,Y79G54,4,0.3045
LVL8ZV80,12 A 23,ACTIVO,347295.515,ETHER,VIKING ARMOUR,Y79G54,4,0.8468
L0FALOZ0Z9,48 A 60,ACTIVO,312781.675,0,VIKING ARMOUR,Y79G54,4,0.6998
L0LOFAFAZZZ,48 A 60,ACTIVO,159626.51,USD,SOIL,Y79G54,2,0.1129
FA00ZLO00L,00 A 06,ACTIVO,250225.34,#N/D,VIKING ARMOUR,B92375,N,0.0536
LO0L4FAZ,60 Y MAS,ACTIVO,396909.16,BITCOIN,VIKING ARMOUR,Y79G54,4,0.9456
V00LO0LZLO,60 Y MAS,ACTIVO,182491.929,BITCOIN,DRAGONS,90LD2,2,0.9643
800Z4L0LO,60 Y MAS,ACTIVO,286896.295,0,VIKING ARMOUR,B92375,4,0.6767
LVZ0008L,12 A 23,ACTIVO,196297.465,ETHER,SOIL,Y79G54,2,0.6542
L08FAV84V,48 A 60,ACTIVO,207083.04,0,SPURS,Y79G54,4,0.4434
L004FAZZL,60 Y MAS,ACTIVO,196297.465,0,SOIL,Y79G54,1,0.2518
L4VFAZMFALO,24 A 47,ACTIVO,396909.16,BITCOIN,VIKING ARMOUR,B92375,4,0.569
L90VLOFA8LO,07 A 11,ACTIVO,273953.605,GOLD,VIKING ARMOUR,B92375,N,0.4516
LFAV98Z44,24 A 47,ACTIVO,295524.755,ETHER,NAVAL,B92375,4,0.5799
ZZLV9LO08,60 Y MAS,ACTIVO,396046.314,ETHER,VIKING ARMOUR,JSF89A,6,0.355
Z0FA94L48,60 Y MAS,ACTIVO,278267.835,GOLD,VIKING ARMOUR,B92375,4,0.6428
V90L0FAZ,60 Y MAS,ACTIVO,431423,USD,VIKING ARMOUR,Y79G54,6,0.2576
8040FA0V,60 Y MAS,ACTIVO,170412.085,TYP2,DRAGONS,B92375,2,0.2973
ZZ44V8L4,60 Y MAS,ACTIVO,,#N/D,#N/D,#N/D,#N/D,0.1613
LZ0VLOFA09,24 A 47,ACTIVO,237282.65,TYP2,VIKING ARMOUR,B92375,2,0.3963
LO000VVVFA,48 A 60,ACTIVO,97070.175,GOLD,DRAGONS,90LD2,2,0.5059
LO0LOFA84VZ,24 A 47,ACTIVO,224339.96,0,DRAGONS,JSF89A,4,0.3729
V0400Z,60 Y MAS,ACTIVO,323567.25,BITCOIN,VIKING ARMOUR,B92375,4,0.8961
LLFA0Z8Z0,48 A 60,ACTIVO,198454.58,0,SPURS,Y79G54,3,0.1525
L88LFAV,07 A 11,ACTIVO,157469.395,GOLD,SPURS,Y79G54,N,0.8278
ZVLO84Z80,24 A 47,ACTIVO,272659.336,BITCOIN,NAVAL,90LD2,4,0.2414
L49FALO88FA,24 A 47,ACTIVO,,#N/D,VIKING ARMOUR,B92375,#N/D,0.9068
VZ89008,60 Y MAS,ACTIVO,314075.944,0,DRAGONS,90LD2,4,0.3828
V09ZLO9Z0,48 A 60,ACTIVO,347295.515,0,VIKING ARMOUR,B92375,4,0.7027
L8LOL4ZLO0,07 A 11,ACTIVO,237282.65,GOLD,VIKING ARMOUR,B92375,2,0.3485
LO0ZZLOFAFAZ,60 Y MAS,ACTIVO,232968.42,GOLD,VIKING ARMOUR,B92375,4,0.9129
800040LL,60 Y MAS,ACTIVO,554378.555,0,VIKING ARMOUR,90LD2,6,0.1754
L8Z0FAFAFA4,07 A 11,ACTIVO,237282.65,BITCOIN,VIKING ARMOUR,B92375,1,0.8825
L9LO0V90FA,00 A 06,ACTIVO,159626.51,GOLD,VIKING ARMOUR,B92375,N,0.6713
L0V4VVFA0,48 A 60,ACTIVO,383966.47,TYP2,VIKING ARMOUR,Y79G54,4,0.127
LO00FA8V80,60 Y MAS,ACTIVO,295524.755,TYP2,NAVAL,B92375,4,0.28
8LZ94LV,60 Y MAS,ACTIVO,375338.01,BITCOIN,VIKING ARMOUR,Y79G54,4,0.3061
L0LO0FAZZ0,48 A 60,ACTIVO,250225.34,GOLD,VIKING ARMOUR,B92375,4,0.1085
FA0Z900LO4,00 A 06,ACTIVO,,#N/D,SPURS,Y79G54,#N/D,0.4255
V089LO0FALO,24 A 47,ACTIVO,119072.748,GOLD,SOIL,90LD2,2,0.4016
ZZZ4Z0ZV,60 Y MAS,ACTIVO,353766.86,GOLD,VIKING ARMOUR,Y79G54,4,0.5763
Z0909VZ4,60 Y MAS,ACTIVO,286896.295,GOLD,VIKING ARMOUR,B92375,4,0.024
FA0FA8Z409,00 A 06,ACTIVO,,#N/D,VIKING ARMOUR,B92375,#N/D,0.7024
LO049V9VV,24 A 47,ACTIVO,102678.674,0,NAVAL,90LD2,2,0.3315
LLV0FA84L,24 A 47,ACTIVO,340824.17,0,VIKING ARMOUR,Y79G54,4,0.0019
L0V898,00 A 06,ACTIVO,189826.12,ETHER,SPURS,Y79G54,N,0.745
FA00FA8940,00 A 06,ACTIVO,189826.12,#N/D,SPURS,Y79G54,N,0.367
80089LO,60 Y MAS,ACTIVO,286896.295,0,VIKING ARMOUR,B92375,3,0.5675
LVZ8V9LZ,12 A 23,ACTIVO,163940.74,BITCOIN,DRAGONS,Y79G54,2,0.4075
LO04Z4000,60 Y MAS,ACTIVO,177746.276,0,DRAGONS,90LD2,2,0.8337
LFA90V4V8,24 A 47,ACTIVO,159626.51,0,SOIL,Y79G54,1,0.1625
V0LV4FA94,24 A 47,ACTIVO,88441.715,0,DRAGONS,90LD2,2,0.9505
LV9LOFAZLOV,07 A 11,ACTIVO,217868.615,0,SPURS,Y79G54,1,0.0618
V04V09ZFA,60 Y MAS,ACTIVO,280424.95,ETHER,VIKING ARMOUR,Y79G54,2,0.3074
V00V8890,24 A 47,ACTIVO,240302.611,0,VIKING ARMOUR,90LD2,4,0.4954
ZZ000LLLO,60 Y MAS,ACTIVO,286896.295,GOLD,VIKING ARMOUR,B92375,4,0.1539
L8040008,07 A 11,ACTIVO,150998.05,#N/D,SOIL,Y79G54,2,0.9208
LVLLOLL9Z,12 A 23,ACTIVO,207083.04,0,SPURS,Y79G54,2,0.4364
L8LLOZ80FA,07 A 11,ACTIVO,452994.15,#N/D,VIKING ARMOUR,Y79G54,2,0.1511
80LL0FAVV,48 A 60,ACTIVO,,#N/D,SOIL,90LD2,#N/D,0.0629
FA0FA44VLL,00 A 06,ACTIVO,125112.67,0,SPURS,Y79G54,N,0.7566
LFAVLO8V4Z,24 A 47,ACTIVO,349452.63,0,VIKING ARMOUR,Y79G54,4,0.5635
FA0LVZZLOFA,00 A 06,ACTIVO,250225.34,0,VIKING ARMOUR,B92375,N,0.8764
84LOV4Z0,60 Y MAS,ACTIVO,286896.295,0,VIKING ARMOUR,Y79G54,4,0.781
L90490L9,00 A 06,ACTIVO,150998.05,#N/D,SOIL,Y79G54,N,0.705
L8989FAV8,07 A 11,ACTIVO,273953.605,#N/D,VIKING ARMOUR,B92375,N,0.1709
FA00VZV8L,00 A 06,ACTIVO,159626.51,0,SOIL,Y79G54,N,0.3384
LLLO4LO9LV,48 A 60,ACTIVO,250225.34,0,VIKING ARMOUR,B92375,3,0.0706
L094Z4LOV,48 A 60,ACTIVO,250225.34,0,VIKING ARMOUR,B92375,3,0.0544
L0000LL8,48 A 60,ACTIVO,286896.295,GOLD,VIKING ARMOUR,B92375,4,0.877
L908080LO,00 A 06,ACTIVO,181197.66,TYP2,SPURS,Y79G54,N,0.9812
V0LZLZ90,60 Y MAS,ACTIVO,126838.362,0,DRAGONS,90LD2,2,0.1658
LFAZM089FA,24 A 47,ACTIVO,457308.38,BITCOIN,DRAGONS,Y79G54,2,0.4318
FA0ZVL4LV,00 A 06,ACTIVO,,#N/D,SOIL,Y79G54,#N/D,0.508
L00FAZ0Z9,48 A 60,ACTIVO,207083.04,BITCOIN,SPURS,Y79G54,4,0.4673
LL0LOL04Z,48 A 60,ACTIVO,286896.295,0,VIKING ARMOUR,B92375,4,0.4496
LO04LOFA890,60 Y MAS,ACTIVO,216574.346,0,VIKING ARMOUR,90LD2,4,0.2512
L0VZ9L0L,48 A 60,ACTIVO,396909.16,GOLD,VIKING ARMOUR,Y79G54,4,0.6985
9V04V,60 Y MAS,ACTIVO,310624.56,0,VIKING ARMOUR,Y79G54,4,0.3147
Z0Z9L9FA4,60 Y MAS,ACTIVO,159626.51,0,SOIL,Y79G54,1,0.1642
V04LLOZ48,60 Y MAS,ACTIVO,306310.33,BITCOIN,NAVAL,B92375,4,0.4262
80L9L8LOZ,60 Y MAS,ACTIVO,157469.395,0,DRAGONS,JSF89A,2,0.7973
L94ZZFALO0,00 A 06,ACTIVO,150998.05,GOLD,SOIL,Y79G54,N,0.5685
9009LO4,60 Y MAS,activo,,#N/D,SPURS,90LD2,#N/D,0.1974
L0LO8Z904,48 A 60,ACTIVO,383966.47,BITCOIN,VIKING ARMOUR,Y79G54,4,0.0963
FA009FA9VLO,00 A 06,ACTIVO,159626.51,0,SOIL,Y79G54,N,0.1054
V0FA8LVV0,60 Y MAS,ACTIVO,202768.81,TYP2,NAVAL,B92375,2,0.7979
Z04V9LO04,60 Y MAS,ACTIVO,228654.19,BITCOIN,NAVAL,B92375,2,0.4043
LVZZLO9VZ,12 A 23,ACTIVO,509079.14,ETHER,VIKING ARMOUR,Y79G54,4,0.1285
L9LOFALZM9,00 A 06,ACTIVO,150998.05,#N/D,SOIL,Y79G54,N,0.4836
LLO04VZL8,24 A 47,ACTIVO,273953.605,GOLD,VIKING ARMOUR,B92375,2,0.2237
ZZFAFA8ZM8,60 Y MAS,ACTIVO,314938.79,GOLD,VIKING ARMOUR,B92375,4,0.2095
L4LOFALO8L0,24 A 47,ACTIVO,289053.41,BITCOIN,VIKING ARMOUR,Y79G54,4,0.345
L9L04Z40,00 A 06,ACTIVO,99227.29,0,DRAGONS,JSF89A,N,0.7952
LV9LO09FA0,12 A 23,ACTIVO,332195.71,ETHER,VIKING ARMOUR,Y79G54,2,0.5019
LFAZZ8ZFALO,24 A 47,ACTIVO,258853.8,ETHER,NAVAL,B92375,4,0.2605
LFA08880LO,24 A 47,ACTIVO,159626.51,0,SOIL,Y79G54,2,0.7299
L9FA408LV,07 A 11,ACTIVO,187669.005,#N/D,SOIL,Y79G54,N,0.0579
80LLZ4VZ,60 Y MAS,ACTIVO,421500.271,USD,VIKING ARMOUR,90LD2,6,0.9305
LO0LOZLOV4FA,60 Y MAS,ACTIVO,126838.362,0,DRAGONS,90LD2,2,0.5934
L0LV9V9L,48 A 60,ACTIVO,207083.04,BITCOIN,SPURS,Y79G54,4,0.7157
FA0VV49LO0,00 A 06,activo,,#N/D,VIKING ARMOUR,B92375,#N/D,0.1083
FA00VZFA84,00 A 06,ACTIVO,250225.34,GOLD,VIKING ARMOUR,B92375,N,0.8556
FA0Z4ZZFAL,00 A 06,ACTIVO,,#N/D,SPURS,Y79G54,#N/D,0.3851
LO0ZFALOVLOL,48 A 60,ACTIVO,115189.941,0,DRAGONS,90LD2,2,0.2445
LZZ00VZLO,24 A 47,ACTIVO,159626.51,TYP2,SOIL,Y79G54,2,0.7655
ZVLO480V9,24 A 47,ACTIVO,233399.843,0,VIKING ARMOUR,90LD2,4,0.0697
L4V94LOV4,24 A 47,ACTIVO,314938.79,0,VIKING ARMOUR,B92375,4,0.5865
L4LFAFA0Z4,24 A 47,ACTIVO,250225.34,0,VIKING ARMOUR,B92375,4,0.7047
FA09Z4FAVL,00 A 06,ACTIVO,,#N/D,SPURS,JSF89A,#N/D,0.8695
Z0L0FA090,60 Y MAS,ACTIVO,135898.245,GOLD,DRAGONS,B92375,2,0.6529
8FAL9ZL8,60 Y MAS,ACTIVO,207083.04,0,SPURS,Y79G54,3,0.989
FA0080ZV0,00 A 06,ACTIVO,125112.67,0,SPURS,Y79G54,N,0.3221
L00V98VV,60 Y MAS,ACTIVO,150998.05,GOLD,DRAGONS,Y79G54,2,0.6745
L89V0VLLO,00 A 06,ACTIVO,237282.65,#N/D,VIKING ARMOUR,B92375,N,0.5692
ZZV94Z48,60 Y MAS,ACTIVO,228654.19,USD,NAVAL,B92375,2,0.1334
LFA0FA9LOFA4,24 A 47,ACTIVO,189826.12,BITCOIN,DRAGONS,Y79G54,2,0.2794
ZZ0L0L80,60 Y MAS,ACTIVO,278267.835,0,VIKING ARMOUR,B92375,3,0.5842
V0040LO08,60 Y MAS,ACTIVO,113895.672,BITCOIN,DRAGONS,90LD2,2,0.5988
V0V0LZFA4,60 Y MAS,ACTIVO,278267.835,GOLD,VIKING ARMOUR,B92375,4,0.4756
LFAV4Z488,24 A 47,ACTIVO,273953.605,#N/D,VIKING ARMOUR,B92375,2,0.3727
800ZLOLZFA,60 Y MAS,ACTIVO,440051.46,0,VIKING ARMOUR,Y79G54,4,0.4399
L98LOFA844,00 A 06,ACTIVO,159626.51,#N/D,SOIL,Y79G54,N,0.0955
L408LO0ZV,24 A 47,ACTIVO,258853.8,0,SPURS,Y79G54,4,0.0551
ZVZFALO0LOL,48 A 60,ACTIVO,172569.2,BITCOIN,SPURS,JSF89A,4,0.5138
LL48Z804,24 A 47,ACTIVO,159626.51,0,SOIL,Y79G54,1,0.2433
ZZZ0V809,60 Y MAS,ACTIVO,189826.12,BITCOIN,SPURS,Y79G54,4,0.2985
V00FA090L,60 Y MAS,ACTIVO,211397.27,BITCOIN,NAVAL,JSF89A,2,0.0491
V000FALL9,60 Y MAS,ACTIVO,258422.377,0,NAVAL,90LD2,4,0.2218
L80LZLVZ,07 A 11,ACTIVO,273953.605,TYP2,VIKING ARMOUR,B92375,2,0.8612
L8LO4L0VL,07 A 11,ACTIVO,422794.54,#N/D,VIKING ARMOUR,B92375,4,0.1958
L9489489,00 A 06,ACTIVO,295524.755,#N/D,SPURS,Y79G54,N,0.7757
LFAZL8040,24 A 47,ACTIVO,189826.12,0,SPURS,Y79G54,4,0.5427
L0080LZ4,48 A 60,ACTIVO,103541.52,BITCOIN,DRAGONS,B92375,2,0.0762
Z08LO894Z,60 Y MAS,ACTIVO,353335.437,GOLD,VIKING ARMOUR,B92375,4,0.7236
LV0FA0FALO9,12 A 23,ACTIVO,226497.075,0,SPURS,Y79G54,1,0.4685
LV9FA4L8LO,12 A 23,ACTIVO,273953.605,0,VIKING ARMOUR,B92375,2,0.9016
4Z0Z8L,60 Y MAS,ACTIVO,36670.955,TYP2,VIKING ARMOUR,B92375,2,0.1392
L88LO4Z4FA,07 A 11,ACTIVO,237282.65,BITCOIN,VIKING ARMOUR,B92375,N,0.4753
LVZZM0L0,12 A 23,ACTIVO,273522.182,GOLD,VIKING ARMOUR,JSF89A,4,0.1621
LLV4LV4V,48 A 60,ACTIVO,,#N/D,SOIL,Y79G54,#N/D,0.2255
LFAZ9Z84Z,24 A 47,ACTIVO,295524.755,0,NAVAL,B92375,4,0.0343
Z0FA0ZM48,60 Y MAS,ACTIVO,250225.34,BITCOIN,VIKING ARMOUR,B92375,4,0.9466
LFA0V9LOLZ,24 A 47,ACTIVO,181197.66,BITCOIN,SPURS,Y79G54,2,0.665
L900LOL0LO,07 A 11,ACTIVO,187669.005,GOLD,SOIL,Y79G54,N,0.2284
FA04L44ZFA,00 A 06,ACTIVO,,#N/D,SPURS,Y79G54,#N/D,0.1941
V0Z8L44V,60 Y MAS,ACTIVO,297681.87,TYP2,VIKING ARMOUR,Y79G54,4,0.2054
LLOVZFAV,12 A 23,ACTIVO,314938.79,BITCOIN,VIKING ARMOUR,Y79G54,4,0.4047
8LL09FA4,60 Y MAS,ACTIVO,362395.32,BITCOIN,VIKING ARMOUR,Y79G54,6,0.4047
Z04ZV84V,60 Y MAS,ACTIVO,265325.145,BITCOIN,NAVAL,B92375,4,0.8819
FA09VV9ZFA,00 A 06,activo,,#N/D,SOIL,Y79G54,#N/D,0.0975
LLO9ZV94FA,12 A 23,ACTIVO,172569.2,ETHER,SPURS,JSF89A,2,0.0304
89V88FAFA,60 Y MAS,ACTIVO,72910.487,0,SOIL,90LD2,2,0.4443
Z00ZM00FA,60 Y MAS,ACTIVO,1226104.166,GOLD,VIKING ARMOUR,90LD2,6,0.9214
L0LOFA4FA0LO,48 A 60,ACTIVO,189826.12,GOLD,DRAGONS,Y79G54,2,0.53
LVLLL008,12 A 23,ACTIVO,103541.52,0,DRAGONS,B92375,2,0.8366
L8ZM8,60 Y MAS,ACTIVO,229948.459,BITCOIN,DRAGONS,Y79G54,2,0.754
84LZZFA8,60 Y MAS,ACTIVO,512961.947,ETHER,VIKING ARMOUR,90LD2,6,0.5149
L0880LFA8,48 A 60,ACTIVO,228654.19,GOLD,NAVAL,B92375,2,0.3079
V4084VZ,60 Y MAS,ACTIVO,284739.18,BITCOIN,VIKING ARMOUR,Y79G54,4,0.3872
L48FA9088,24 A 47,ACTIVO,140212.475,GOLD,DRAGONS,B92375,2,0.1691
ZZFA40009,60 Y MAS,ACTIVO,97070.175,GOLD,DRAGONS,90LD2,2,0.127
LFAFALOFA8LV,24 A 47,ACTIVO,409851.85,0,VIKING ARMOUR,B92375,4,0.7437
LO04LOFA80V,60 Y MAS,ACTIVO,95344.483,0,DRAGONS,90LD2,2,0.7831
LO00FAVZ09,60 Y MAS,ACTIVO,286896.295,BITCOIN,VIKING ARMOUR,B92375,4,0.551
L0LOL04ZV,48 A 60,ACTIVO,103541.52,GOLD,DRAGONS,B92375,2,0.0136
FA0V449Z4,00 A 06,ACTIVO,,#N/D,SPURS,Y79G54,#N/D,0.6839
LO0Z9V9ZL,60 Y MAS,ACTIVO,135898.245,BITCOIN,DRAGONS,90LD2,2,0.2876
ZZZ048LV,60 Y MAS,ACTIVO,254539.57,TYP2,SPURS,Y79G54,4,0.7613
LO004L94FA,48 A 60,ACTIVO,202768.81,0,NAVAL,B92375,2,0.1077
LLFA9ZM00,48 A 60,ACTIVO,228654.19,0,NAVAL,B92375,1,0.5804
9880040,60 Y MAS,ACTIVO,237282.65,TYP2,VIKING ARMOUR,B92375,2,0.005
LZ40LO909,24 A 47,ACTIVO,289053.41,GOLD,VIKING ARMOUR,Y79G54,4,0.8798
888ZVL0,60 Y MAS,ACTIVO,316664.482,BITCOIN,NAVAL,90LD2,4,0.0505
FA008ZL4LO,00 A 06,ACTIVO,202768.81,0,SOIL,Y79G54,N,0.6292
LZVLOVFA84,24 A 47,ACTIVO,323567.25,GOLD,VIKING ARMOUR,B92375,4,0.4379
LZV4FAV09,24 A 47,ACTIVO,286896.295,0,VIKING ARMOUR,B92375,3,0.947
L8V0ZVV4,07 A 11,ACTIVO,237282.65,#N/D,VIKING ARMOUR,B92375,N,0.5071
L9ZLOVZ88,07 A 11,ACTIVO,289053.41,#N/D,VIKING ARMOUR,Y79G54,N,0.3954
L80VLLOFA0,12 A 23,ACTIVO,273953.605,ETHER,VIKING ARMOUR,B92375,2,0.1411
LZ0ZV8V0,24 A 47,ACTIVO,280424.95,0,VIKING ARMOUR,Y79G54,2,0.7029
FA0LZ08ZFA,00 A 06,ACTIVO,159626.51,0,SOIL,Y79G54,N,0.5135
V8LLOLLO9,60 Y MAS,ACTIVO,401223.39,BITCOIN,VIKING ARMOUR,Y79G54,4,0.2068
ZZLO849LO0,60 Y MAS,ACTIVO,153155.165,GOLD,DRAGONS,90LD2,2,0.3459
L88FA84Z9,07 A 11,ACTIVO,157469.395,#N/D,SPURS,Y79G54,N,0.3768
VFA09040,60 Y MAS,ACTIVO,103541.52,0,DRAGONS,B92375,2,0.6717
L9LOV489LO,00 A 06,ACTIVO,150998.05,GOLD,SOIL,Y79G54,N,0.1535
8LOVL4,60 Y MAS,ACTIVO,204063.079,GOLD,DRAGONS,90LD2,2,0.5727
LO09L448LO,60 Y MAS,ACTIVO,273953.605,0,VIKING ARMOUR,B92375,2,0.8812
L9LOV404LO,00 A 06,ACTIVO,223477.114,GOLD,VIKING ARMOUR,JSF89A,N,0.3896
LVL0FAZZFA,12 A 23,ACTIVO,500019.257,GOLD,VIKING ARMOUR,Y79G54,3,0.9983
L9LO0LLO08,07 A 11,ACTIVO,120798.44,#N/D,SPURS,Y79G54,N,0.4971
FA0V0089LO,00 A 06,ACTIVO,,#N/D,SPURS,Y79G54,#N/D,0.2709
ZZ0LO88FA0,24 A 47,ACTIVO,199317.426,GOLD,DRAGONS,90LD2,2,0.574
800L900V,60 Y MAS,ACTIVO,435737.23,BITCOIN,VIKING ARMOUR,Y79G54,6,0.9104
V044FA9VL,60 Y MAS,ACTIVO,569478.36,GOLD,VIKING ARMOUR,Y79G54,6,0.626
90ZZ89FA,60 Y MAS,ACTIVO,286896.295,ETHER,VIKING ARMOUR,B92375,4,0.1044
L894L00Z,07 A 11,ACTIVO,150998.05,BITCOIN,SOIL,Y79G54,N,0.942
LO0Z980ZM,60 Y MAS,ACTIVO,358081.09,GOLD,VIKING ARMOUR,Y79G54,4,0.1349
V04FALO0FAV,60 Y MAS,ACTIVO,473271.031,GOLD,VIKING ARMOUR,Y79G54,6,0.1364
FA0LO9Z944,00 A 06,ACTIVO,,#N/D,SPURS,Y79G54,#N/D,0.6985
ZZZM8L8V,60 Y MAS,ACTIVO,138486.783,ETHER,SOIL,90LD2,2,0.0042
LVZLO9VLO0,12 A 23,ACTIVO,489665.105,BITCOIN,VIKING ARMOUR,Y79G54,4,0.3682
L0LO8Z4Z8,60 Y MAS,ACTIVO,250225.34,0,VIKING ARMOUR,B92375,4,0.2284
L9LOVFA80Z,00 A 06,ACTIVO,99227.29,GOLD,DRAGONS,B92375,N,0.7708
L40044LO9,24 A 47,ACTIVO,202768.81,0,NAVAL,B92375,2,0.7996
L89094ZV,07 A 11,ACTIVO,181197.66,#N/D,SPURS,Y79G54,N,0.9226
V4ZM0LFA,60 Y MAS,ACTIVO,250225.34,GOLD,VIKING ARMOUR,B92375,4,0.5336
V904V8Z,60 Y MAS,ACTIVO,338667.055,BITCOIN,NAVAL,90LD2,4,0.2985
L8008L0Z,07 A 11,ACTIVO,237282.65,#N/D,VIKING ARMOUR,B92375,2,0.7743
L400FAVZL,24 A 47,ACTIVO,265325.145,0,NAVAL,B92375,4,0.504
LLOFALO08LOV,12 A 23,ACTIVO,243753.995,ETHER,SPURS,Y79G54,4,0.5202
44FA048FA,60 Y MAS,ACTIVO,230811.305,GOLD,VIKING ARMOUR,B92375,2,0.8396
FA0L9LO40Z,00 A 06,activo,159626.51,0,SOIL,Y79G54,N,0.8461
L9Z8900Z,07 A 11,ACTIVO,150998.05,ETHER,SOIL,Y79G54,N,0.9782
L90Z0FA08,07 A 11,ACTIVO,332195.71,#N/D,VIKING ARMOUR,Y79G54,N,0.7179
L8L80LO40,07 A 11,ACTIVO,,0,SOIL,90LD2,2,0.902
V0ZZLO0LZ,60 Y MAS,ACTIVO,401223.39,GOLD,VIKING ARMOUR,Y79G54,4,0.077
8VL0V,60 Y MAS,ACTIVO,159626.51,BITCOIN,SOIL,Y79G54,2,0.7724
L98FA4LL9,00 A 06,ACTIVO,237282.65,ETHER,VIKING ARMOUR,B92375,N,0.2162
FA440V,60 Y MAS,ACTIVO,495273.604,BITCOIN,VIKING ARMOUR,90LD2,6,0.2985
L98VFA94FA,00 A 06,ACTIVO,250225.34,#N/D,VIKING ARMOUR,B92375,N,0.8
LLZ0VV8,60 Y MAS,ACTIVO,483193.76,BITCOIN,VIKING ARMOUR,Y79G54,4,0.2616
LV40ZMLO0,12 A 23,ACTIVO,245479.687,BITCOIN,VIKING ARMOUR,JSF89A,4,0.6705
FA0ZLO0LOL9,00 A 06,ACTIVO,,#N/D,VIKING ARMOUR,B92375,#N/D,0.4684
8LZ44,60 Y MAS,ACTIVO,493979.335,BITCOIN,VIKING ARMOUR,B92375,6,0.487
FA00FA0FAFA4,00 A 06,ACTIVO,125112.67,#N/D,SPURS,Y79G54,N,0.265
L0444800,60 Y MAS,ACTIVO,286896.295,0,VIKING ARMOUR,B92375,4,0.1299
FA0LOL90V9,00 A 06,activo,,#N/D,SPURS,Y79G54,#N/D,0.9921
80L4V840,60 Y MAS,ACTIVO,483193.76,0,VIKING ARMOUR,Y79G54,6,0.831
LFA88V88LO,24 A 47,ACTIVO,267482.26,0,VIKING ARMOUR,B92375,4,0.3963
LLOLZFA9LOL,24 A 47,ACTIVO,353766.86,0,VIKING ARMOUR,Y79G54,4,0.7345
L9Z94FA04,07 A 11,ACTIVO,237282.65,#N/D,VIKING ARMOUR,B92375,N,0.8023
L8V900LV,07 A 11,ACTIVO,120798.44,#N/D,SPURS,Y79G54,N,0.8932
LFA4800VV,24 A 47,ACTIVO,224339.96,ETHER,SPURS,Y79G54,2,0.3804
ZZ09VVFA9,60 Y MAS,ACTIVO,125112.67,GOLD,DRAGONS,90LD2,2,0.8273
L9VL80,00 A 06,ACTIVO,237282.65,ETHER,VIKING ARMOUR,B92375,N,0.7443
L89FALO9FA0,07 A 11,ACTIVO,194140.35,ETHER,VIKING ARMOUR,B92375,N,0.203
LV9L0FA98,12 A 23,ACTIVO,284739.18,ETHER,VIKING ARMOUR,Y79G54,2,0.8365
V004049LO,60 Y MAS,ACTIVO,170412.085,GOLD,DRAGONS,B92375,2,0.5343
L40ZMV9V,24 A 47,ACTIVO,318821.597,0,NAVAL,B92375,3,0.0571
FA09809FA,60 Y MAS,activo,353766.86,BITCOIN,DRAGONS,Y79G54,4,0.2026
L9L0FA4Z8,00 A 06,ACTIVO,120798.44,0,SPURS,Y79G54,N,0.0009
LFALFALZ4,60 Y MAS,ACTIVO,314938.79,GOLD,VIKING ARMOUR,Y79G54,4,0.0884
LV9Z0Z,07 A 11,ACTIVO,237282.65,0,VIKING ARMOUR,B92375,1,0.344
FA0LO9V044,00 A 06,ACTIVO,,#N/D,SOIL,Y79G54,#N/D,0.6221
90988L0,60 Y MAS,ACTIVO,189826.12,TYP2,SPURS,Y79G54,4,0.5335
ZZLL9884,60 Y MAS,ACTIVO,786052.706,BITCOIN,VIKING ARMOUR,90LD2,6,0.7426
Z094LFA00,60 Y MAS,ACTIVO,269639.375,0,DRAGONS,Y79G54,2,0.3167
Z000FA0FA4,60 Y MAS,ACTIVO,409420.427,GOLD,DRAGONS,90LD2,4,0.1099
L9040LO00,07 A 11,ACTIVO,159626.51,#N/D,SPURS,Y79G54,N,0.0876
L9LO8L4VL,00 A 06,ACTIVO,237282.65,#N/D,VIKING ARMOUR,B92375,N,0.5095
80ZFA0LOL,60 Y MAS,ACTIVO,379652.24,USD,NAVAL,Y79G54,4,0.0609
LLOLZL0Z9,12 A 23,ACTIVO,280424.95,BITCOIN,VIKING ARMOUR,B92375,4,0.9018
Z0VLOZ40Z,60 Y MAS,ACTIVO,340824.17,0,VIKING ARMOUR,Y79G54,4,0.4853
V89LLO08,60 Y MAS,ACTIVO,207083.04,#N/D,#N/D,#N/D,4,0.1916
LLO4FAZL0FA,12 A 23,ACTIVO,273953.605,0,VIKING ARMOUR,B92375,0,0.1423
8000FA440,60 Y MAS,ACTIVO,259285.223,0,DRAGONS,90LD2,4,0.4626
LFAL9080L,24 A 47,ACTIVO,360238.205,GOLD,VIKING ARMOUR,B92375,4,0.6381
L90L8FA0Z,00 A 06,ACTIVO,150998.05,#N/D,SOIL,Y79G54,N,0.2266
L0Z0ZLL4,48 A 60,ACTIVO,250225.34,BITCOIN,VIKING ARMOUR,B92375,3,0.3047
L0ZFAV9V8,48 A 60,ACTIVO,237282.65,BITCOIN,VIKING ARMOUR,B92375,2,0.5773
L494Z4VLO,24 A 47,ACTIVO,228654.19,0,NAVAL,B92375,2,0.961
FA9FA0LOZ8,60 Y MAS,ACTIVO,160057.933,BITCOIN,DRAGONS,90LD2,2,0.7503
LLO4Z98,12 A 23,ACTIVO,146683.82,GOLD,NAVAL,JSF89A,2,0.3305
LFAZFAZLLV,24 A 47,ACTIVO,159626.51,ETHER,SOIL,Y79G54,2,0.998
VLOVLO898,60 Y MAS,ACTIVO,629446.157,BITCOIN,VIKING ARMOUR,Y79G54,6,0.401
L4LO0LLV9,24 A 47,ACTIVO,254539.57,GOLD,SPURS,Y79G54,4,0.8825
FA0L049V4,00 A 06,activo,,#N/D,DRAGONS,Y79G54,#N/D,0.0854
ZZ0LO9V8Z,60 Y MAS,ACTIVO,207083.04,BITCOIN,SPURS,Y79G54,4,0.5127
L8L48FA4Z,12 A 23,activo,245911.11,ETHER,SOIL,Y79G54,1,0.6996
L0ZLFA0VZ,48 A 60,ACTIVO,345138.4,GOLD,VIKING ARMOUR,Y79G54,4,0.3315
L0440LO00,48 A 60,ACTIVO,396909.16,BITCOIN,VIKING ARMOUR,Y79G54,6,0.1402
LO8LO89Z0,60 Y MAS,ACTIVO,440051.46,0,VIKING ARMOUR,Y79G54,4,0.5789
Z08V9048,60 Y MAS,ACTIVO,153155.165,GOLD,DRAGONS,90LD2,2,0.6373
LO0ZV944Z,60 Y MAS,ACTIVO,166097.855,0,DRAGONS,90LD2,2,0.4496
V0Z0440Z,60 Y MAS,ACTIVO,387849.277,BITCOIN,VIKING ARMOUR,Y79G54,4,0.133
8L0LOFA00,60 Y MAS,ACTIVO,250225.34,GOLD,VIKING ARMOUR,B92375,4,0.0509
L88ZLO90LO,07 A 11,ACTIVO,181197.66,GOLD,VIKING ARMOUR,Y79G54,N,0.5675
L904VZVLO,00 A 06,ACTIVO,282150.642,0,VIKING ARMOUR,JSF89A,N,0.594
L4480409,24 A 47,ACTIVO,189826.12,0,SPURS,Y79G54,3,0.9553
VVLLO4LO,60 Y MAS,ACTIVO,334352.825,GOLD,VIKING ARMOUR,90LD2,6,0.8539
LLO0Z98LO0,12 A 23,ACTIVO,161783.625,GOLD,VIKING ARMOUR,JSF89A,2,0.315
LFALO00Z0Z,24 A 47,ACTIVO,396909.16,0,VIKING ARMOUR,Y79G54,4,0.2185
ZZLO90LO0LO,60 Y MAS,ACTIVO,125112.67,GOLD,DRAGONS,90LD2,2,0.9464
FA09044L0,00 A 06,ACTIVO,,#N/D,SPURS,Y79G54,#N/D,0.8124
900LO00,60 Y MAS,ACTIVO,298113.293,0,VIKING ARMOUR,90LD2,2,0.9226
LZLOVLV,00 A 06,ACTIVO,159626.51,ETHER,SOIL,Y79G54,N,0.3155
L940LOFAVV,00 A 06,ACTIVO,237282.65,GOLD,VIKING ARMOUR,B92375,N,0.6438
L9Z009FA0,07 A 11,ACTIVO,209240.155,0,SPURS,JSF89A,N,0.1637
LLOV8LV00,12 A 23,ACTIVO,207083.04,ETHER,SPURS,Y79G54,2,0.9111
LFA9LO0Z0Z,24 A 47,ACTIVO,228654.19,0,NAVAL,B92375,2,0.0694
L9LLOFA8LO9,00 A 06,ACTIVO,159626.51,GOLD,SPURS,Y79G54,N,0.8802
L84FA894V,07 A 11,ACTIVO,297681.87,GOLD,VIKING ARMOUR,Y79G54,2,0.5187
LZV9L8LO9,24 A 47,ACTIVO,226497.075,0,SPURS,Y79G54,4,0.6215
V0849VLO,60 Y MAS,ACTIVO,621249.12,BITCOIN,VIKING ARMOUR,Y79G54,4,0.4719
ZLO4LOZLO89,60 Y MAS,ACTIVO,207083.04,0,VIKING ARMOUR,B92375,2,0.6004
L9009L0FA,07 A 11,ACTIVO,159626.51,BITCOIN,SPURS,Y79G54,N,0.4334
L9V08ZV4,00 A 06,ACTIVO,181197.66,0,SPURS,Y79G54,N,0.0297
LV00V80LO,12 A 23,ACTIVO,347295.515,ETHER,VIKING ARMOUR,B92375,4,0.4565
L88VLO848,07 A 11,ACTIVO,150998.05,#N/D,SOIL,Y79G54,N,0.2838
L8ZVZ4FA9,07 A 11,ACTIVO,187669.005,0,DRAGONS,JSF89A,1,0.2275
800FAZ088,60 Y MAS,ACTIVO,135035.399,0,SOIL,90LD2,2,0.9318
LVFA4494LO,12 A 23,ACTIVO,250225.34,0,VIKING ARMOUR,B92375,2,0.25
L8V8VFALOFA,00 A 06,ACTIVO,273953.605,#N/D,VIKING ARMOUR,B92375,N,0.0716
LOZLO40,60 Y MAS,ACTIVO,308036.022,GOLD,DRAGONS,90LD2,2,0.1832
LZ098VVZ,24 A 47,ACTIVO,254539.57,#N/D,SPURS,Y79G54,4,0.4668
ZZFAZVZ0L,60 Y MAS,ACTIVO,,#N/D,VIKING ARMOUR,B92375,#N/D,0.4663
L8480LO4L,07 A 11,ACTIVO,168254.97,ETHER,SPURS,Y79G54,2,0.6907
900LLZ0V,60 Y MAS,ACTIVO,,#N/D,VIKING ARMOUR,Y79G54,#N/D,0.2151
LFA90VL0LO,24 A 47,ACTIVO,207083.04,BITCOIN,SPURS,Y79G54,4,0.35
L00FAFA0LOZ,60 Y MAS,ACTIVO,198454.58,BITCOIN,SPURS,Y79G54,4,0.9479
L9LOFAZZLOFA,00 A 06,ACTIVO,237282.65,BITCOIN,VIKING ARMOUR,B92375,N,0.26
L9LOZ0LZ8,00 A 06,ACTIVO,442208.575,ETHER,VIKING ARMOUR,Y79G54,N,0.1865
L80400FA0,07 A 11,ACTIVO,181197.66,#N/D,SPURS,Y79G54,2,0.0477
VVFAFAZLL,60 Y MAS,ACTIVO,379652.24,0,VIKING ARMOUR,Y79G54,4,0.5838
L0LOLLZML,48 A 60,ACTIVO,491822.22,GOLD,VIKING ARMOUR,Y79G54,4,0.1264
ZZZ8FA0LO9,60 Y MAS,ACTIVO,97070.175,0,DRAGONS,90LD2,1,0.6328
LVZLO4009,12 A 23,ACTIVO,258853.8,0,SPURS,Y79G54,2,0.6614
80008LO00,60 Y MAS,ACTIVO,250225.34,ETHER,SPURS,Y79G54,4,0.8402
LLO0LOZV0L,24 A 47,ACTIVO,232968.42,0,SPURS,Y79G54,1,0.2445
LZ94V984,24 A 47,ACTIVO,289053.41,0,VIKING ARMOUR,Y79G54,2,0.9014
L94L0080,00 A 06,ACTIVO,120798.44,GOLD,SPURS,Y79G54,N,0.1333
L808V8Z9,12 A 23,ACTIVO,327881.48,#N/D,VIKING ARMOUR,Y79G54,2,0.885
L44LO90FA0,24 A 47,ACTIVO,207083.04,0,SPURS,Y79G54,4,0.5389
ZZFA8ZLO,60 Y MAS,ACTIVO,470251.07,TYP2,VIKING ARMOUR,Y79G54,4,0.657
ZZZLVZ9FA,60 Y MAS,ACTIVO,396909.16,ETHER,VIKING ARMOUR,Y79G54,4,0.4998
FA0440L8L,00 A 06,ACTIVO,,#N/D,VIKING ARMOUR,B92375,#N/D,0.3217
FA004LOZ40,00 A 06,ACTIVO,159626.51,#N/D,SOIL,Y79G54,N,0.1982
LFALO4Z0V0,24 A 47,ACTIVO,159626.51,BITCOIN,SOIL,Y79G54,1,0.7803
L9FA890VV,00 A 06,ACTIVO,176883.43,ETHER,VIKING ARMOUR,JSF89A,N,0.7997
LLOFAVZ90FA,12 A 23,ACTIVO,207083.04,ETHER,SPURS,Y79G54,2,0.4232
LLOVFALO49LO,12 A 23,ACTIVO,207083.04,BITCOIN,SPURS,Y79G54,2,0.5722
8000FAVZFA,48 A 60,ACTIVO,250225.34,0,VIKING ARMOUR,B92375,4,0.1163
FA0LO84VLOL,00 A 06,activo,,#N/D,SOIL,Y79G54,#N/D,0.9456
L8L4Z09FA,12 A 23,ACTIVO,237282.65,BITCOIN,VIKING ARMOUR,B92375,2,0.3234
9LZ0FA8L,60 Y MAS,ACTIVO,314938.79,BITCOIN,VIKING ARMOUR,Y79G54,4,0.365
L4ZM440L,24 A 47,ACTIVO,170412.085,BITCOIN,DRAGONS,B92375,2,0.6411
900FALOFA49,60 Y MAS,ACTIVO,,#N/D,VIKING ARMOUR,90LD2,#N/D,0.288
LVV00Z98,12 A 23,ACTIVO,159626.51,0,SOIL,Y79G54,1,0.2625
L0400ZFAV,60 Y MAS,ACTIVO,243753.995,0,SPURS,Y79G54,3,0.0324
L4FA0ZFA9LO,24 A 47,ACTIVO,189826.12,GOLD,SPURS,Y79G54,4,0.2158
L4LO08V,24 A 47,ACTIVO,332195.71,USD,NAVAL,B92375,4,0.1614
8FAFALOZ,60 Y MAS,ACTIVO,122955.555,USD,SOIL,90LD2,2,0.228
L8048400,12 A 23,ACTIVO,327881.48,#N/D,VIKING ARMOUR,Y79G54,2,0.4378
LZ0LO00V0,24 A 47,ACTIVO,314938.79,0,VIKING ARMOUR,B92375,3,0.7316
89V40,60 Y MAS,ACTIVO,224339.96,BITCOIN,SPURS,Y79G54,2,0.8578
LLOVZ0LOFA4,12 A 23,ACTIVO,217868.615,0,SPURS,Y79G54,2,0.5228
8L80LO09,60 Y MAS,ACTIVO,545750.095,BITCOIN,VIKING ARMOUR,Y79G54,6,0.9646
VZL009V,60 Y MAS,ACTIVO,515550.485,BITCOIN,VIKING ARMOUR,Y79G54,6,0.8631
LO00Z88,60 Y MAS,ACTIVO,133741.13,BITCOIN,DRAGONS,90LD2,2,0.6418
8VLZ90FA,60 Y MAS,ACTIVO,338667.055,BITCOIN,VIKING ARMOUR,B92375,4,0.4745
FA0VZ00V8,00 A 06,activo,,#N/D,SOIL,Y79G54,#N/D,0.7012
LZMLFALV8,12 A 23,ACTIVO,125112.67,BITCOIN,VIKING ARMOUR,JSF89A,2,0.5988
LLO884FA88,12 A 23,ACTIVO,159626.51,0,SOIL,Y79G54,1,0.6778
L8FAV0L9LO,07 A 11,ACTIVO,187669.005,#N/D,SOIL,Y79G54,2,0.183
L9L044V8,00 A 06,ACTIVO,181197.66,ETHER,SPURS,Y79G54,N,0.729
V9FA88LO8,60 Y MAS,ACTIVO,474565.3,ETHER,VIKING ARMOUR,B92375,6,0.5009
L80084LO8,07 A 11,ACTIVO,150998.05,ETHER,SOIL,Y79G54,2,0.5828
FA000FALO0V,00 A 06,ACTIVO,,#N/D,SPURS,Y79G54,#N/D,0.8392
LFAL0FA9LO4,24 A 47,ACTIVO,103541.52,0,DRAGONS,B92375,1,0.2377
LFA90LZ4L,24 A 47,ACTIVO,207083.04,GOLD,SPURS,Y79G54,4,0.2073
900940FALO,60 Y MAS,activo,,#N/D,VIKING ARMOUR,90LD2,#N/D,0.7095
L9ZZ8FAZL,00 A 06,ACTIVO,323567.25,#N/D,VIKING ARMOUR,Y79G54,N,0.5323
Z0FA408ZZ,60 Y MAS,ACTIVO,161783.625,0,DRAGONS,90LD2,1,0.3893
V0ZLOZ894,60 Y MAS,ACTIVO,103541.52,GOLD,DRAGONS,B92375,2,0.3047
98V8FAZ0,60 Y MAS,ACTIVO,159626.51,0,SOIL,Y79G54,2,0.5104
Z0Z98LO0LO,60 Y MAS,ACTIVO,280424.95,0,DRAGONS,Y79G54,2,0.9839
L84VVL98,07 A 11,ACTIVO,437894.345,#N/D,VIKING ARMOUR,Y79G54,4,0.1032
V04VLO9ZV,60 Y MAS,ACTIVO,150998.05,0,DRAGONS,Y79G54,1,0.6426
L8V4008L,07 A 11,ACTIVO,120798.44,#N/D,SPURS,Y79G54,N,0.0722
8FAV09FAFA,60 Y MAS,ACTIVO,134603.976,0,DRAGONS,90LD2,2,0.7624
FA0VLOVZ04,00 A 06,ACTIVO,,#N/D,SPURS,Y79G54,#N/D,0.6277
900Z04LOZ,24 A 47,ACTIVO,,#N/D,SPURS,90LD2,#N/D,0.0874
L9FA00LVZ,00 A 06,ACTIVO,393457.776,#N/D,VIKING ARMOUR,Y79G54,N,0.0776
90L4V8,60 Y MAS,activo,,#N/D,VIKING ARMOUR,90LD2,#N/D,0.1157
LZ84LO404,24 A 47,ACTIVO,241596.88,BITCOIN,SPURS,Y79G54,6,0.3316
ZZLZV8LOZ,60 Y MAS,ACTIVO,219162.884,BITCOIN,DRAGONS,90LD2,2,0.4495
V09VL4FA0,60 Y MAS,ACTIVO,167823.547,0,DRAGONS,90LD2,2,0.6269
V09LOZZFA,60 Y MAS,ACTIVO,265325.145,BITCOIN,NAVAL,B92375,4,0.5267
L0ZMZ9FA9,60 Y MAS,ACTIVO,353766.86,0,VIKING ARMOUR,Y79G54,4,0.1404
V4LOFAZ0FA,60 Y MAS,ACTIVO,90598.83,BITCOIN,SOIL,B92375,2,0.8781
ZFAFA,60 Y MAS,ACTIVO,301564.677,BITCOIN,DRAGONS,90LD2,2,0.9065
L4L9LVZ4,24 A 47,ACTIVO,191983.235,0,SOIL,B92375,2,0.3779
FA0FA4LV90,00 A 06,ACTIVO,125112.67,0,SPURS,Y79G54,N,0.2629
LLLO48LFA0,24 A 47,ACTIVO,196297.465,0,SOIL,Y79G54,2,0.1398
FA009ZM40,00 A 06,activo,,#N/D,SOIL,Y79G54,#N/D,0.7419
90L009FA8,12 A 23,activo,,#N/D,SPURS,90LD2,#N/D,0.9343
8L00LO04,60 Y MAS,ACTIVO,455151.265,TYP2,VIKING ARMOUR,Y79G54,6,0.1524
Z008Z008,60 Y MAS,ACTIVO,161783.625,GOLD,DRAGONS,90LD2,2,0.8152
LO040000FA,60 Y MAS,ACTIVO,273953.605,GOLD,VIKING ARMOUR,B92375,4,0.7251
LV0LO840LO,12 A 23,ACTIVO,276110.72,0,VIKING ARMOUR,Y79G54,2,0.2079
ZZ08FA0LO4,60 Y MAS,ACTIVO,120798.44,BITCOIN,SPURS,Y79G54,2,0.1661
V09LFA0LOFA,60 Y MAS,ACTIVO,483193.76,BITCOIN,VIKING ARMOUR,Y79G54,4,0.4465
V008L0,24 A 47,ACTIVO,149703.781,0,SPURS,90LD2,4,0.0023
LZZZLO0,24 A 47,ACTIVO,710553.681,ETHER,VIKING ARMOUR,Y79G54,4,0.8654
LL00Z94Z,48 A 60,ACTIVO,267050.837,ETHER,DRAGONS,Y79G54,2,0.8561
LZ8VV800,24 A 47,ACTIVO,,#N/D,VIKING ARMOUR,B92375,#N/D,0.2179
LV08V0FA4,12 A 23,ACTIVO,267482.26,0,SPURS,JSF89A,4,0.5849
LO0LO008Z4,60 Y MAS,ACTIVO,216574.346,0,VIKING ARMOUR,90LD2,4,0.3562
FA09V8V8LO,00 A 06,ACTIVO,,#N/D,#N/D,#N/D,#N/D,0.5211
FA0ZV89LO4,00 A 06,ACTIVO,,#N/D,SPURS,Y79G54,#N/D,0.7445
L0FAFA0V49,48 A 60,ACTIVO,103541.52,0,DRAGONS,B92375,1,0.299
LV40L000,12 A 23,ACTIVO,159626.51,0,SOIL,Y79G54,1,0.1045
L90L04LOZ,07 A 11,ACTIVO,217868.615,GOLD,VIKING ARMOUR,B92375,N,0.4924
LV084VLV,12 A 23,ACTIVO,258853.8,BITCOIN,SPURS,Y79G54,2,0.6262
LFA8FA04V4,24 A 47,ACTIVO,207083.04,BITCOIN,SPURS,Y79G54,4,0.3271
FA0L4VFA8LO,00 A 06,ACTIVO,250225.34,0,VIKING ARMOUR,B92375,N,0.2529
L940LOV9LO,00 A 06,ACTIVO,237282.65,GOLD,VIKING ARMOUR,B92375,N,0.8102
800LFA0,60 Y MAS,ACTIVO,181197.66,ETHER,SPURS,Y79G54,2,0.8639
L94LZ9L0,00 A 06,ACTIVO,202768.81,ETHER,VIKING ARMOUR,Y79G54,N,0.1138
800V0LLOFA,60 Y MAS,ACTIVO,83264.639,0,SOIL,Y79G54,2,0.1094
FA0L9Z844,00 A 06,activo,211397.27,0,SPURS,Y79G54,N,0.2667
FA08LLO09FA,00 A 06,ACTIVO,,#N/D,SPURS,Y79G54,#N/D,0.163
LZLO0Z80L,24 A 47,ACTIVO,159626.51,GOLD,SOIL,Y79G54,2,0.2984
LZLO40FALO9,24 A 47,ACTIVO,207083.04,BITCOIN,SPURS,Y79G54,4,0.9226
L4940V0L,24 A 47,ACTIVO,297681.87,0,VIKING ARMOUR,Y79G54,4,0.179
LFAFA0L098,24 A 47,ACTIVO,278267.835,ETHER,VIKING ARMOUR,B92375,4,0.4733
FALOV80L8,60 Y MAS,ACTIVO,103541.52,BITCOIN,DRAGONS,B92375,2,0.3616
80L8FAZMFA,60 Y MAS,ACTIVO,223908.537,0,DRAGONS,90LD2,2,0.8966
L900LOZZL,07 A 11,ACTIVO,237282.65,BITCOIN,SPURS,Y79G54,N,0.4153
LO0LOZ90FA4,60 Y MAS,ACTIVO,139349.629,0,NAVAL,90LD2,2,0.8009
FA0FA944,00 A 06,ACTIVO,,#N/D,VIKING ARMOUR,B92375,#N/D,0.1855
ZVZFA8FAL0,48 A 60,ACTIVO,172569.2,BITCOIN,SPURS,JSF89A,4,0.9914
LO04FAL0,24 A 47,ACTIVO,172569.2,0,DRAGONS,90LD2,2,0.4517
L9LZLO490,07 A 11,ACTIVO,435737.23,#N/D,VIKING ARMOUR,Y79G54,N,0.7751
L04FALL84,48 A 60,ACTIVO,241596.88,0,SPURS,Y79G54,3,0.2797
LZM80LOVZ,12 A 23,ACTIVO,254539.57,0,SPURS,Y79G54,0,0.8467
ZZ40ZVV9,60 Y MAS,activo,138486.783,0,SOIL,90LD2,1,0.962
LV0Z94,12 A 23,ACTIVO,312781.675,GOLD,VIKING ARMOUR,Y79G54,4,0.5929
90L09FA49,24 A 47,ACTIVO,204925.925,0,SPURS,90LD2,2,0.2912
LOZ88FA,60 Y MAS,ACTIVO,228654.19,BITCOIN,SOIL,Y79G54,2,0.7275
LLOZ4L8FA0,24 A 47,ACTIVO,213554.385,GOLD,DRAGONS,B92375,2,0.245
L9FA0ZM0FA,00 A 06,ACTIVO,181197.66,#N/D,SPURS,Y79G54,N,0.7243
LVL0000V,12 A 23,ACTIVO,207083.04,0,DRAGONS,Y79G54,2,0.6518
Z0884Z04,60 Y MAS,ACTIVO,286896.295,GOLD,VIKING ARMOUR,B92375,4,0.2226
L40ZM808,24 A 47,ACTIVO,267482.26,BITCOIN,SPURS,Y79G54,4,0.1734
L00LO9VFAZ,60 Y MAS,ACTIVO,388280.7,0,VIKING ARMOUR,Y79G54,6,0.6919
V0Z90FA0LO,60 Y MAS,ACTIVO,280424.95,BITCOIN,DRAGONS,Y79G54,2,0.4438
FA044088L,00 A 06,ACTIVO,,#N/D,SPURS,JSF89A,#N/D,0.3059
V0LFA9Z00,48 A 60,ACTIVO,155743.703,GOLD,SOIL,90LD2,2,0.3678
Z00FAFA4LO9,60 Y MAS,ACTIVO,159626.51,GOLD,SOIL,Y79G54,2,0.6004
LZZFA4VZ8,24 A 47,ACTIVO,530650.29,TYP2,VIKING ARMOUR,Y79G54,6,0.0903
LFA08LO8,24 A 47,ACTIVO,170412.085,ETHER,DRAGONS,B92375,2,0.4448
L0Z9Z004,60 Y MAS,ACTIVO,250225.34,0,DRAGONS,B92375,2,0.7485
L8LL9L0FA,07 A 11,ACTIVO,258853.8,ETHER,VIKING ARMOUR,Y79G54,2,0.1684
Z0ZMZZL0,60 Y MAS,ACTIVO,301996.1,0,VIKING ARMOUR,B92375,4,0.5495
LLL0VZFAZ,48 A 60,ACTIVO,237282.65,BITCOIN,SOIL,Y79G54,2,0.6351
LO04LO0LOLFA,48 A 60,ACTIVO,95344.483,0,DRAGONS,90LD2,2,0.2228
ZVLO48800,24 A 47,ACTIVO,157900.818,GOLD,SPURS,90LD2,4,0.1658
L0080ZVFA,60 Y MAS,ACTIVO,465505.417,0,VIKING ARMOUR,Y79G54,6,0.0804
LLOV0FA889,12 A 23,ACTIVO,250225.34,0,VIKING ARMOUR,B92375,1,0.9791
Z0V49404,60 Y MAS,ACTIVO,187237.582,BITCOIN,DRAGONS,90LD2,2,0.4738
80LFA0VVL,60 Y MAS,ACTIVO,223908.537,0,DRAGONS,90LD2,1,0.6177
Z84Z,60 Y MAS,ACTIVO,207083.04,USD,SPURS,Y79G54,3,0.3706
FA00LO0V0Z,00 A 06,ACTIVO,189826.12,0,SPURS,Y79G54,N,0.6378
FA0ZV8FALO9,00 A 06,activo,,#N/D,VIKING ARMOUR,B92375,#N/D,0.3782
LVFA48889,12 A 23,ACTIVO,323567.25,0,VIKING ARMOUR,B92375,4,0.4369
LV00FA8LL,12 A 23,ACTIVO,440051.46,BITCOIN,VIKING ARMOUR,Y79G54,4,0.0584
L90L40V0,07 A 11,ACTIVO,181197.66,ETHER,SPURS,Y79G54,N,0.3801
FA00LOV4LOV,00 A 06,activo,,#N/D,SPURS,Y79G54,#N/D,0.203
ZZ08LOL04,60 Y MAS,ACTIVO,157469.395,0,DRAGONS,JSF89A,2,0.4533
Z0FA8LOFA08,60 Y MAS,ACTIVO,140212.475,BITCOIN,DRAGONS,B92375,2,0.4064
LO0LZ00ZM,60 Y MAS,ACTIVO,97070.175,0,DRAGONS,90LD2,2,0.932
L8940848,00 A 06,ACTIVO,237282.65,BITCOIN,VIKING ARMOUR,B92375,N,0.4793
L404LOVFALO,24 A 47,ACTIVO,325724.365,GOLD,VIKING ARMOUR,Y79G54,4,0.1572
9LO09440,60 Y MAS,ACTIVO,724359.217,GOLD,VIKING ARMOUR,Y79G54,4,0.0571
L0LZ4940,60 Y MAS,ACTIVO,189826.12,TYP2,SPURS,Y79G54,4,0.5254
ZZ00LOFA9Z,60 Y MAS,ACTIVO,,#N/D,DRAGONS,90LD2,#N/D,0.9538
VL4V00FA,60 Y MAS,ACTIVO,229948.459,BITCOIN,DRAGONS,90LD2,2,0.0273
L0FA0Z0LO8,60 Y MAS,ACTIVO,159626.51,0,SOIL,Y79G54,2,0.9353
FA04L4LOZV,00 A 06,ACTIVO,,#N/D,DRAGONS,JSF89A,#N/D,0.9719
Z00LO0,60 Y MAS,ACTIVO,474565.3,0,VIKING ARMOUR,Y79G54,4,0.1077
894LOLL9,60 Y MAS,ACTIVO,86284.6,0,SOIL,90LD2,2,0.9019
L0L9FAFA8V,60 Y MAS,ACTIVO,276110.72,GOLD,VIKING ARMOUR,Y79G54,4,0.3865
LLO980LOFAZ,12 A 23,ACTIVO,250225.34,0,VIKING ARMOUR,B92375,1,0.4354
LZV08LV8,24 A 47,ACTIVO,515550.485,BITCOIN,VIKING ARMOUR,Y79G54,3,0.2827
FA089080LO,00 A 06,ACTIVO,,#N/D,DRAGONS,B92375,#N/D,0.6758
LLOVVL9Z9,12 A 23,ACTIVO,232968.42,GOLD,SPURS,Y79G54,2,0.1927
L4V9L04L,24 A 47,ACTIVO,278267.835,TYP2,VIKING ARMOUR,B92375,4,0.7553
V08890,60 Y MAS,ACTIVO,220025.73,GOLD,NAVAL,JSF89A,2,0.9559
L800494FA,07 A 11,ACTIVO,172569.2,ETHER,SPURS,Y79G54,1,0.605
LVL000LOZ,12 A 23,ACTIVO,250225.34,0,VIKING ARMOUR,B92375,2,0.6944
V0L08L8L,60 Y MAS,ACTIVO,107855.75,0,DRAGONS,90LD2,2,0.2671
Z0Z40LOZ4,60 Y MAS,ACTIVO,278267.835,GOLD,VIKING ARMOUR,B92375,4,0.6727
LFAV00V4L,24 A 47,ACTIVO,196297.465,ETHER,SOIL,Y79G54,2,0.7456
L89VVFAFA4,07 A 11,ACTIVO,,#N/D,SPURS,Y79G54,#N/D,0.1526
L8ZZ098V,07 A 11,ACTIVO,237282.65,#N/D,VIKING ARMOUR,B92375,2,0.6005
L8LOFALFA00,07 A 11,ACTIVO,181197.66,BITCOIN,SPURS,Y79G54,1,0.2034
LZZLOFA0ZZ,24 A 47,ACTIVO,207083.04,0,SPURS,Y79G54,4,0.7067
L88FALL9,60 Y MAS,ACTIVO,295524.755,BITCOIN,DRAGONS,90LD2,2,0.8647
V04V9FALO,60 Y MAS,ACTIVO,244185.418,BITCOIN,VIKING ARMOUR,Y79G54,4,0.0255
V0LL00ZFA,60 Y MAS,ACTIVO,340824.17,0,VIKING ARMOUR,Y79G54,4,0.2043
LFAL9Z04L,24 A 47,ACTIVO,159626.51,ETHER,SOIL,Y79G54,2,0.8975
LLLO0ZV40,24 A 47,ACTIVO,103541.52,GOLD,DRAGONS,B92375,2,0.7107
V090LO4FA9,24 A 47,ACTIVO,192846.081,BITCOIN,VIKING ARMOUR,90LD2,4,0.8781
L8FA909Z0,07 A 11,ACTIVO,401223.39,ETHER,VIKING ARMOUR,Y79G54,2,0.5409
LZZ90ZZL,24 A 47,ACTIVO,155312.28,TYP2,DRAGONS,Y79G54,2,0.6124
90L09LL,60 Y MAS,ACTIVO,332195.71,ETHER,VIKING ARMOUR,Y79G54,4,0.6478
L9FA8LO008,00 A 06,ACTIVO,181197.66,BITCOIN,SPURS,Y79G54,N,0.2479
LZ948080,24 A 47,ACTIVO,286896.295,0,VIKING ARMOUR,B92375,1,0.5504
FA09ZZ0Z4,00 A 06,ACTIVO,,#N/D,VIKING ARMOUR,B92375,#N/D,0.9688
9840V8FA,60 Y MAS,ACTIVO,159626.51,0,SOIL,Y79G54,1,0.1411
L908L9VL,07 A 11,ACTIVO,129426.9,0,DRAGONS,JSF89A,N,0.1248
Z08LZ8LOV,60 Y MAS,ACTIVO,280424.95,GOLD,DRAGONS,Y79G54,2,0.3868
LZVVFA9FA8,24 A 47,ACTIVO,286896.295,0,VIKING ARMOUR,B92375,3,0.5413
900048FA0,24 A 47,activo,,#N/D,SPURS,90LD2,#N/D,0.7339
FA00844ZV,00 A 06,ACTIVO,189826.12,GOLD,SPURS,Y79G54,N,0.7034
Z0LL8008,60 Y MAS,ACTIVO,336078.517,BITCOIN,DRAGONS,Y79G54,2,0.7054
LV9LOVZLLO,12 A 23,ACTIVO,245911.11,TYP2,SPURS,Y79G54,2,0.4268
L94904L8,00 A 06,ACTIVO,228654.19,BITCOIN,SOIL,Y79G54,N,0.9962
Z00L988FA,60 Y MAS,ACTIVO,159626.51,0,SOIL,Y79G54,2,0.7834
FA0004LZL,00 A 06,activo,,#N/D,SOIL,Y79G54,#N/D,0.1987
L4LO009FAFA,24 A 47,ACTIVO,103541.52,BITCOIN,DRAGONS,B92375,2,0.5943
L404ZM4Z,24 A 47,ACTIVO,159626.51,0,SOIL,Y79G54,2,0.9569
LO04LV9Z0,60 Y MAS,ACTIVO,163509.317,0,DRAGONS,90LD2,2,0.9944
FA0LL0LLO0,00 A 06,activo,,#N/D,SOIL,Y79G54,#N/D,0.3154
L9LOV8V8LO,00 A 06,ACTIVO,325724.365,ETHER,VIKING ARMOUR,Y79G54,N,0.4201
LFALZ8L0V,24 A 47,ACTIVO,401223.39,GOLD,VIKING ARMOUR,Y79G54,6,0.3222
L9L09FA0FA,00 A 06,ACTIVO,120798.44,#N/D,SPURS,Y79G54,N,0.9552
L9V009V0,00 A 06,ACTIVO,99227.29,GOLD,SPURS,Y79G54,N,0.9296
LL904LOZ8,24 A 47,ACTIVO,196297.465,0,SOIL,Y79G54,2,0.7414
LVL048LL,12 A 23,ACTIVO,276110.72,GOLD,VIKING ARMOUR,Y79G54,2,0.329
LLO448L9Z,12 A 23,ACTIVO,250225.34,0,VIKING ARMOUR,B92375,1,0.3265
LLZ04L8V,24 A 47,ACTIVO,159626.51,USD,SOIL,Y79G54,2,0.5207
9ZZ0LV0,60 Y MAS,ACTIVO,301996.1,0,VIKING ARMOUR,B92375,4,0.6472
L8FA0LO0FA4,07 A 11,ACTIVO,99227.29,#N/D,DRAGONS,B92375,2,0.2612
980L9LZ,60 Y MAS,ACTIVO,176883.43,0,VIKING ARMOUR,Y79G54,2,0.813
Z0V9ZL0L,60 Y MAS,ACTIVO,181197.66,GOLD,DRAGONS,90LD2,2,0.5832
LFALO04FALOV,24 A 47,ACTIVO,443934.267,0,VIKING ARMOUR,Y79G54,4,0.9777
LV4LOV49Z,12 A 23,ACTIVO,,#N/D,SPURS,Y79G54,#N/D,0.5111
90L0FA090,12 A 23,ACTIVO,196728.888,BITCOIN,SPURS,90LD2,2,0.4045
LLOVLO00V0,12 A 23,ACTIVO,237282.65,0,VIKING ARMOUR,B92375,2,0.2894
V09049V8,24 A 47,ACTIVO,119072.748,ETHER,SOIL,90LD2,2,0.4574
ZZLOFAFAV0LO,60 Y MAS,ACTIVO,202768.81,ETHER,NAVAL,B92375,2,0.2288
L9VV9LO08,00 A 06,ACTIVO,237282.65,GOLD,VIKING ARMOUR,B92375,N,0.2374
L8LO4V8LFA,07 A 11,ACTIVO,237282.65,GOLD,VIKING ARMOUR,B92375,2,0.5053
L8VFA0LL8,07 A 11,ACTIVO,237282.65,#N/D,VIKING ARMOUR,B92375,N,0.2879
FA0Z00090,00 A 06,activo,,#N/D,VIKING ARMOUR,B92375,#N/D,0.1698
ZZLOVVFAVZ,60 Y MAS,ACTIVO,202768.81,0,SOIL,Y79G54,4,0.4279
FA0Z4VL,00 A 06,activo,,#N/D,SPURS,Y79G54,#N/D,0.2263
L9898Z,00 A 06,ACTIVO,159626.51,#N/D,SPURS,Y79G54,N,0.4664
ZZFAV080L,60 Y MAS,ACTIVO,375338.01,0,VIKING ARMOUR,Y79G54,4,0.8101
L9FA9ZLO84,07 A 11,ACTIVO,168254.97,#N/D,VIKING ARMOUR,JSF89A,N,0.4625
L4FALVV,00 A 06,ACTIVO,250225.34,#N/D,VIKING ARMOUR,B92375,N,0.7874
FA0L8LOFAFA0,00 A 06,ACTIVO,250225.34,0,VIKING ARMOUR,B92375,N,0.5941
94FAFAFAFA0,60 Y MAS,ACTIVO,323567.25,0,VIKING ARMOUR,B92375,4,0.4318
L4VV00V4,24 A 47,ACTIVO,265325.145,0,NAVAL,B92375,4,0.7109
V009VLO8Z,60 Y MAS,ACTIVO,135898.245,0,DRAGONS,90LD2,2,0.9852
LL08V900,48 A 60,ACTIVO,159626.51,BITCOIN,SOIL,Y79G54,1,0.4781
LO0L090LFA,60 Y MAS,ACTIVO,97070.175,0,DRAGONS,90LD2,1,0.971
L0LO9L9LOZ,48 A 60,ACTIVO,375338.01,BITCOIN,VIKING ARMOUR,B92375,4,0.9898
LO0LO090LO0,12 A 23,ACTIVO,154018.011,0,SOIL,90LD2,2,0.3449
L8Z08000,07 A 11,ACTIVO,217868.615,GOLD,SPURS,Y79G54,2,0.4165
LZL49000,24 A 47,ACTIVO,159626.51,0,SOIL,Y79G54,2,0.3408
V0LO0L0,60 Y MAS,ACTIVO,308036.022,GOLD,VIKING ARMOUR,JSF89A,4,0.4631
L048FAZ9FA,48 A 60,ACTIVO,159626.51,0,SOIL,Y79G54,1,0.1647
L894LOV9Z,00 A 06,ACTIVO,120798.44,#N/D,SPURS,Y79G54,N,0.7044
900Z0Z44,48 A 60,activo,,#N/D,VIKING ARMOUR,90LD2,#N/D,0.1949
L88FA84Z9,00 A 06,ACTIVO,157469.395,#N/D,SPURS,Y79G54,N,0.0604
L9L0FA80FA,00 A 06,ACTIVO,202768.81,BITCOIN,SPURS,Y79G54,N,0.8452
FA0L49840,00 A 06,activo,159626.51,0,SOIL,Y79G54,N,0.2506
800LO009LO,60 Y MAS,ACTIVO,497862.142,USD,DRAGONS,Y79G54,6,0.1682
LVZ8ZLO,12 A 23,IMPAGO,381809.355,ETHER,VIKING ARMOUR,B92375,4,0.2372
L48VLOV,00 A 06,ACTIVO,172569.2,#N/D,VIKING ARMOUR,B92375,N,0.474
LLO04Z0L0,24 A 47,ACTIVO,194140.35,GOLD,DRAGONS,Y79G54,2,0.6993
LLO0LO0Z89,24 A 47,BAJA,347295.515,0,VIKING ARMOUR,Y79G54,4,0.7329
L9FAFAFA909,07 A 11,ACTIVO,237282.65,#N/D,VIKING ARMOUR,B92375,N,0.325
L90L04ZV,07 A 11,ACTIVO,237282.65,#N/D,VIKING ARMOUR,B92375,N,0.5908
LL4LO4VFAL,24 A 47,ACTIVO,399066.275,0,VIKING ARMOUR,Y79G54,3,0.8481
FA0VFALO4V0,00 A 06,ACTIVO,,#N/D,SPURS,Y79G54,#N/D,0.1785
L9VFA9LFA8,00 A 06,IMPAGO,187669.005,#N/D,SOIL,Y79G54,N,0.7265
L9LVZMLZ,07 A 11,ACTIVO,334352.825,#N/D,VIKING ARMOUR,Y79G54,N,0.6197
L9008LZV,00 A 06,ACTIVO,273953.605,#N/D,VIKING ARMOUR,B92375,N,0.7362
L98LLOZL0,00 A 06,IMPAGO,135898.245,0,DRAGONS,JSF89A,N,0.0226
LO0Z849LOFA,60 Y MAS,ACTIVO,135898.245,0,DRAGONS,90LD2,2,0.9367
L8V8ZLO88,00 A 06,ACTIVO,172569.2,0,SPURS,JSF89A,N,0.0531
L9LOFALO800,07 A 11,ACTIVO,237282.65,TYP2,VIKING ARMOUR,B92375,N,0.7828
L90LO8LOZ8,00 A 06,ACTIVO,224339.96,BITCOIN,SPURS,Y79G54,N,0.0249
L800LO9Z0,07 A 11,ACTIVO,237282.65,#N/D,VIKING ARMOUR,B92375,2,0.3893
L904VZVLO,07 A 11,ACTIVO,282150.642,0,VIKING ARMOUR,JSF89A,N,0.0292
LVLFAL094,12 A 23,activo,,#N/D,VIKING ARMOUR,B92375,#N/D,0.9829
90Z8FA90,60 Y MAS,ACTIVO,701062.375,TYP2,VIKING ARMOUR,Y79G54,6,0.1499
989FAV9,60 Y MAS,ACTIVO,167392.124,TYP2,DRAGONS,90LD2,2,0.6723
LLOZ0FA00LO,12 A 23,ACTIVO,140212.475,GOLD,DRAGONS,B92375,2,0.4191
L484ZMZL,24 A 47,ACTIVO,125112.67,BITCOIN,SOIL,B92375,2,0.4519
LZVZL48L,24 A 47,ACTIVO,207083.04,BITCOIN,SPURS,Y79G54,4,0.3592
L0Z9L8,60 Y MAS,ACTIVO,159626.51,0,SOIL,Y79G54,1,0.2596
L8000LOZV,07 A 11,activo,,#N/D,DRAGONS,JSF89A,#N/D,0.5399
L90LO9FAVFA,07 A 11,ACTIVO,181197.66,#N/D,SPURS,Y79G54,N,0.396
LO0LO4L49Z,60 Y MAS,BAJA,301996.1,BITCOIN,NAVAL,B92375,3,0.5413
LL4L9VFA0,48 A 60,ACTIVO,,#N/D,VIKING ARMOUR,B92375,#N/D,0.68
FA0Z0909LO,00 A 06,activo,,#N/D,VIKING ARMOUR,B92375,#N/D,0.1312
L9ZMFA0Z0,00 A 06,ACTIVO,204925.925,#N/D,VIKING ARMOUR,JSF89A,N,0.8127
LV9VZ4FA9,07 A 11,ACTIVO,133741.13,GOLD,VIKING ARMOUR,JSF89A,2,0.6477
L800FALLOV,07 A 11,IMPAGO,,#N/D,DRAGONS,B92375,#N/D,0.8692
LVV4LO9LLO,12 A 23,ACTIVO,390437.815,0,VIKING ARMOUR,Y79G54,4,0.2702
V089V48LO,24 A 47,BAJA,207083.04,GOLD,VIKING ARMOUR,B92375,2,0.8949
L80LOVVZFA,07 A 11,ACTIVO,267050.837,0,VIKING ARMOUR,JSF89A,3,0.0427
L4V040Z4,24 A 47,ACTIVO,,BITCOIN,SPURS,Y79G54,2,0.3003
LFA9FA09V8,24 A 47,activo,241596.88,GOLD,VIKING ARMOUR,B92375,4,0.9229
LLZLO0L0V,48 A 60,ACTIVO,314938.79,BITCOIN,VIKING ARMOUR,Y79G54,4,0.4936
VLFA0ZL0,60 Y MAS,ACTIVO,677334.11,BITCOIN,VIKING ARMOUR,Y79G54,6,0.8391
LO08Z00ZFA,60 Y MAS,ACTIVO,239439.765,BITCOIN,NAVAL,B92375,4,0.9936
V9FA009L,60 Y MAS,ACTIVO,388280.7,BITCOIN,VIKING ARMOUR,Y79G54,6,0.6905
L9LO40LZLO,00 A 06,ACTIVO,267482.26,0,VIKING ARMOUR,JSF89A,N,0.6979
LZ0Z400FA,24 A 47,ACTIVO,265325.145,0,NAVAL,B92375,3,0.0936
FA0FALOFAZLV,00 A 06,IMPAGO,250225.34,0,VIKING ARMOUR,B92375,N,0.472
L800LOFA0FA,07 A 11,ACTIVO,198454.58,BITCOIN,SPURS,Y79G54,2,0.2912
LLO09L490,24 A 47,ACTIVO,250225.34,0,VIKING ARMOUR,B92375,1,0.1115
L9LOFAFAFA04,00 A 06,ACTIVO,258853.8,0,SPURS,Y79G54,N,0.5355
L0LOL04ZV,60 Y MAS,ACTIVO,103541.52,GOLD,DRAGONS,B92375,2,0.5232
L904V4V4,07 A 11,IMPAGO,172569.2,0,SPURS,JSF89A,N,0.1178
LO04VLO4L0,60 Y MAS,ACTIVO,141075.321,0,#N/D,#N/D,2,0.3239
LLLVLO0VFA,24 A 47,ACTIVO,103541.52,GOLD,DRAGONS,B92375,2,0.2723
8L00LO09,60 Y MAS,ACTIVO,203631.656,ETHER,DRAGONS,90LD2,2,0.7638
LLOZL4VZV,12 A 23,ACTIVO,196297.465,0,SOIL,Y79G54,0,0.7719
L89LOV004,00 A 06,ACTIVO,237282.65,#N/D,VIKING ARMOUR,B92375,N,0.4831
V0LLOZLOFA4,60 Y MAS,ACTIVO,88441.715,0,DRAGONS,90LD2,2,0.7613
L908L8LO8,00 A 06,ACTIVO,157469.395,#N/D,SPURS,Y79G54,N,0.2183
L800VLOL0,07 A 11,ACTIVO,237282.65,TYP2,VIKING ARMOUR,B92375,2,0.1977
V0VV0L08,24 A 47,ACTIVO,140212.475,GOLD,DRAGONS,B92375,2,0.9572
L8880VLL,07 A 11,ACTIVO,,#N/D,VIKING ARMOUR,B92375,#N/D,0.0571
VFA8FA8VZ,60 Y MAS,ACTIVO,690276.8,TYP2,VIKING ARMOUR,Y79G54,6,0.2795
L90L008FA,00 A 06,ACTIVO,181197.66,GOLD,SPURS,Y79G54,N,0.1116
LLOLFA0008,24 A 47,ACTIVO,226497.075,0,SPURS,Y79G54,0,0.3865
L80ZFA9FAV,12 A 23,IMPAGO,647565.923,#N/D,VIKING ARMOUR,Y79G54,4,0.3807
L9FA408LV,00 A 06,ACTIVO,187669.005,#N/D,SOIL,Y79G54,N,0.7342
L949Z4,07 A 11,ACTIVO,120798.44,#N/D,SPURS,Y79G54,N,0.8265
L880L8Z0,00 A 06,ACTIVO,237282.65,#N/D,VIKING ARMOUR,B92375,N,0.8346
LL409ZM4,24 A 47,ACTIVO,267482.26,0,VIKING ARMOUR,B92375,4,0.5459
L8FA89Z48,12 A 23,ACTIVO,325724.365,#N/D,VIKING ARMOUR,Y79G54,3,0.6351
90LFA4ZZ4,24 A 47,activo,,#N/D,VIKING ARMOUR,90LD2,#N/D,0.5069
L9LO0880LO,00 A 06,ACTIVO,150998.05,#N/D,SOIL,Y79G54,N,0.8243
L98L0FA49,00 A 06,ACTIVO,250225.34,#N/D,VIKING ARMOUR,B92375,N,0.3344
V0ZZ4L,60 Y MAS,ACTIVO,150998.05,GOLD,DRAGONS,Y79G54,2,0.2846
LLVZ4LO00,48 A 60,ACTIVO,424951.655,BITCOIN,VIKING ARMOUR,B92375,4,0.3906
L840LO90L,12 A 23,ACTIVO,273953.605,#N/D,VIKING ARMOUR,B92375,2,0.6364
LLOL0L4L8,12 A 23,activo,,#N/D,VIKING ARMOUR,Y79G54,#N/D,0.9315
LFA4Z9L,24 A 47,ACTIVO,319253.02,ETHER,VIKING ARMOUR,Y79G54,4,0.1267
L88ZLO8LOV,07 A 11,ACTIVO,150998.05,#N/D,SOIL,Y79G54,N,0.8184
L0FA9848FA,48 A 60,ACTIVO,241596.88,BITCOIN,SPURS,Y79G54,6,0.47
L94FA80LOFA,00 A 06,ACTIVO,181197.66,#N/D,SPURS,Y79G54,N,0.5937
LLO9L4Z9L,12 A 23,ACTIVO,286896.295,0,VIKING ARMOUR,B92375,0,0.9822
8ZL00FA0,60 Y MAS,ACTIVO,569478.36,BITCOIN,VIKING ARMOUR,Y79G54,6,0.2821
L8L9V89FA,12 A 23,ACTIVO,237282.65,#N/D,VIKING ARMOUR,B92375,2,0.2637
L9FALFA9FAZ,00 A 06,ACTIVO,237282.65,GOLD,VIKING ARMOUR,B92375,N,0.9986
L80VFALZ0,07 A 11,ACTIVO,172569.2,GOLD,SPURS,Y79G54,1,0.2047
L988LOFA0Z,00 A 06,ACTIVO,303721.792,0,VIKING ARMOUR,JSF89A,N,0.5418
LL94VZM8,24 A 47,activo,,#N/D,SOIL,Y79G54,#N/D,0.9034
Z0LOL4V49,60 Y MAS,ACTIVO,280424.95,GOLD,VIKING ARMOUR,Y79G54,2,0.2295
LFA00VL0Z,24 A 47,ACTIVO,,#N/D,VIKING ARMOUR,Y79G54,#N/D,0.7453
L4FA009FA0,24 A 47,ACTIVO,237282.65,BITCOIN,VIKING ARMOUR,B92375,1,0.7807
L9LLOFAZFA0,00 A 06,ACTIVO,150998.05,BITCOIN,SOIL,Y79G54,N,0.394
L0ZFA0VFA0,60 Y MAS,ACTIVO,189826.12,ETHER,SPURS,Y79G54,4,0.3866
L949V4V9,07 A 11,ACTIVO,237282.65,BITCOIN,VIKING ARMOUR,B92375,N,0.7533
LV8LO0ZZM,12 A 23,ACTIVO,198454.58,0,DRAGONS,Y79G54,2,0.9607
LLO0LOVLO8Z,24 A 47,ACTIVO,250225.34,ETHER,VIKING ARMOUR,B92375,2,0.4457
LZFA9LFAFAV,24 A 47,ACTIVO,299838.985,BITCOIN,VIKING ARMOUR,JSF89A,4,0.1843
L98FA90L8,00 A 06,ACTIVO,250225.34,#N/D,VIKING ARMOUR,B92375,N,0.3666
8Z409V0,60 Y MAS,ACTIVO,95344.483,TYP2,SOIL,90LD2,2,0.5623
LFA9LO0L9Z,24 A 47,activo,241596.88,GOLD,SPURS,Y79G54,6,0.3472
LZ8Z09V0,24 A 47,BAJA,286896.295,GOLD,DRAGONS,B92375,2,0.1687
L94VFA8ZL,00 A 06,activo,,#N/D,DRAGONS,Y79G54,#N/D,0.8616
LZMLO4LOLFA,12 A 23,ACTIVO,207083.04,0,SPURS,Y79G54,1,0.1885
L4Z48Z00,24 A 47,ACTIVO,265325.145,TYP2,NAVAL,B92375,4,0.8437
FA0FA9LO9LO0,00 A 06,ACTIVO,,#N/D,SPURS,Y79G54,#N/D,0.8758
L8880L,07 A 11,ACTIVO,,#N/D,VIKING ARMOUR,Y79G54,#N/D,0.845
V98Z094,60 Y MAS,BAJA,301996.1,0,VIKING ARMOUR,B92375,3,0.6452
LVLO0LOVFAL,12 A 23,ACTIVO,286896.295,0,VIKING ARMOUR,B92375,1,0.639
LVL4088LO,12 A 23,ACTIVO,,#N/D,VIKING ARMOUR,Y79G54,#N/D,0.3113
LV4ZMLO00,12 A 23,ACTIVO,,#N/D,SPURS,Y79G54,#N/D,0.472
L94V4FA0L,00 A 06,ACTIVO,187669.005,#N/D,SOIL,Y79G54,N,0.8322
L8FAFAFAFA98,12 A 23,ACTIVO,295524.755,#N/D,SPURS,Y79G54,2,0.9229
L90V8V00,07 A 11,ACTIVO,150998.05,TYP2,SOIL,Y79G54,N,0.9627
L89LOVLO9LO,00 A 06,ACTIVO,405537.62,BITCOIN,VIKING ARMOUR,Y79G54,N,0.5316
ZZFAZLOZLO9,60 Y MAS,ACTIVO,304153.215,BITCOIN,VIKING ARMOUR,B92375,4,0.208
8V4480L,60 Y MAS,ACTIVO,401223.39,BITCOIN,VIKING ARMOUR,Y79G54,4,0.9705
LLO408ZM9,12 A 23,ACTIVO,250225.34,GOLD,VIKING ARMOUR,B92375,2,0.8367
L90084V9,00 A 06,ACTIVO,181197.66,BITCOIN,SPURS,Y79G54,N,0.022
L0Z800VL,48 A 60,ACTIVO,250225.34,ETHER,VIKING ARMOUR,B92375,4,0.8415
L49049,00 A 06,ACTIVO,125112.67,#N/D,SPURS,Y79G54,N,0.6272
LZ040VVL,24 A 47,ACTIVO,131584.015,0,DRAGONS,JSF89A,2,0.1892
890FAZ08,60 Y MAS,ACTIVO,427108.77,BITCOIN,VIKING ARMOUR,Y79G54,4,0.2662
L8V94LO0FA,00 A 06,ACTIVO,157469.395,GOLD,SPURS,Y79G54,N,0.4482
FA0V4FA408,00 A 06,activo,,#N/D,VIKING ARMOUR,JSF89A,#N/D,0.6163
L900VLOL4,00 A 06,ACTIVO,245479.687,0,VIKING ARMOUR,JSF89A,N,0.9401
L9LOFA04V8,00 A 06,ACTIVO,181197.66,TYP2,SPURS,Y79G54,N,0.6164
L809484Z,12 A 23,ACTIVO,237282.65,BITCOIN,VIKING ARMOUR,B92375,1,0.3035
L9FA089,00 A 06,ACTIVO,237282.65,GOLD,VIKING ARMOUR,B92375,N,0.1296
L8LO80VZ9,07 A 11,ACTIVO,237282.65,0,VIKING ARMOUR,B92375,N,0.5355
80LVLO9Z0,60 Y MAS,IMPAGO,156606.549,0,SOIL,90LD2,2,0.8321
L9009L0FA,00 A 06,ACTIVO,159626.51,BITCOIN,SPURS,Y79G54,N,0.6933
L88VLO848,00 A 06,ACTIVO,150998.05,#N/D,SOIL,Y79G54,N,0.2635
VFALOVFALO9,60 Y MAS,ACTIVO,448679.92,TYP2,VIKING ARMOUR,Y79G54,4,0.2146
LV88488L,12 A 23,ACTIVO,209240.155,0,DRAGONS,Y79G54,1,0.4069
LLOVLFALO80,12 A 23,ACTIVO,159626.51,ETHER,SOIL,Y79G54,2,0.7926
LV9LO0FA4LO,07 A 11,ACTIVO,135898.245,GOLD,VIKING ARMOUR,B92375,2,0.3293
LLOLLFAZ88,12 A 23,ACTIVO,207083.04,0,SPURS,Y79G54,2,0.0203
L9FA0LOV94,07 A 11,ACTIVO,129426.9,0,DRAGONS,JSF89A,N,0.9284
LLOLV0LOV4,12 A 23,ACTIVO,207083.04,ETHER,SPURS,Y79G54,2,0.2319
L9LV9LO40,07 A 11,ACTIVO,237282.65,GOLD,VIKING ARMOUR,B92375,N,0.3837
L8LL9L0FA,12 A 23,ACTIVO,258853.8,ETHER,VIKING ARMOUR,Y79G54,2,0.4174
L9ZVFA00L,00 A 06,ACTIVO,,#N/D,VIKING ARMOUR,B92375,#N/D,0.7635
Z008Z80L,60 Y MAS,ACTIVO,103541.52,BITCOIN,DRAGONS,B92375,2,0.7974
L8L889L0,07 A 11,ACTIVO,194140.35,BITCOIN,VIKING ARMOUR,B92375,2,0.7416
L9ZV00Z9,07 A 11,ACTIVO,237282.65,#N/D,VIKING ARMOUR,B92375,N,0.951
V0LFAFA4V,60 Y MAS,ACTIVO,576381.128,GOLD,VIKING ARMOUR,Y79G54,6,0.5782
FA000VLOV0,00 A 06,ACTIVO,125112.67,#N/D,SPURS,Y79G54,N,0.598
L9FA908ZZ,07 A 11,ACTIVO,245479.687,0,VIKING ARMOUR,JSF89A,N,0.9771
L8L04488,12 A 23,ACTIVO,273953.605,GOLD,VIKING ARMOUR,B92375,2,0.6564
LLLO0Z0VFA,24 A 47,ACTIVO,263168.03,USD,SOIL,Y79G54,4,0.4437
L8FALZ4,07 A 11,ACTIVO,146683.82,BITCOIN,SPURS,JSF89A,1,0.1739
L888LOVLLO,07 A 11,ACTIVO,228654.19,BITCOIN,SOIL,Y79G54,N,0.3512
LLO08LOZ89,24 A 47,ACTIVO,250225.34,BITCOIN,VIKING ARMOUR,B92375,2,0.0035
L00L08LOFA,60 Y MAS,ACTIVO,243753.995,0,SPURS,Y79G54,3,0.1507
L9FAZV0LOV,00 A 06,ACTIVO,237282.65,GOLD,VIKING ARMOUR,B92375,N,0.9179
LFALOZ0Z8FA,24 A 47,ACTIVO,196297.465,0,SOIL,Y79G54,1,0.1016
L9FALFA044,07 A 11,IMPAGO,150998.05,#N/D,SOIL,Y79G54,N,0.6122
LLLOV880LO,24 A 47,ACTIVO,304153.215,0,VIKING ARMOUR,B92375,3,0.7514
L840LO90V,12 A 23,ACTIVO,150998.05,BITCOIN,SOIL,Y79G54,2,0.822
L90L4ZLO9,00 A 06,ACTIVO,207083.04,#N/D,VIKING ARMOUR,B92375,N,0.2117
LLOZLFALLO0,24 A 47,ACTIVO,159626.51,TYP2,SOIL,Y79G54,2,0.8557
L80ZZ8,12 A 23,ACTIVO,235125.535,TYP2,SPURS,Y79G54,2,0.4772
900V084FA,60 Y MAS,ACTIVO,,0,VIKING ARMOUR,90LD2,2,0.7983
900VLZ0LO,24 A 47,activo,,#N/D,SPURS,90LD2,#N/D,0.9691
L09LO4004,48 A 60,ACTIVO,368003.819,0,VIKING ARMOUR,Y79G54,4,0.21
FA04FAFA0V9,00 A 06,activo,,#N/D,VIKING ARMOUR,B92375,#N/D,0.0615
LLLO90Z8V,24 A 47,ACTIVO,243753.995,0,SPURS,Y79G54,3,0.7357
ZZ00LOFA9Z,60 Y MAS,IMPAGO,,#N/D,DRAGONS,90LD2,#N/D,0.9121
V0ZMLZ40,60 Y MAS,ACTIVO,229948.459,GOLD,VIKING ARMOUR,90LD2,4,0.4543
V04L4FA00,60 Y MAS,ACTIVO,170412.085,GOLD,DRAGONS,B92375,2,0.7905
98LOZ88Z,60 Y MAS,IMPAGO,,#N/D,VIKING ARMOUR,Y79G54,#N/D,0.6452
L000490V,48 A 60,ACTIVO,254539.57,0,SPURS,Y79G54,4,0.584
L84FA9LV4,07 A 11,activo,,#N/D,SPURS,Y79G54,#N/D,0.2146
LVLFAZML0,12 A 23,IMPAGO,,#N/D,VIKING ARMOUR,Y79G54,#N/D,0.7346
LV0LO89VZ,12 A 23,ACTIVO,207083.04,0,SPURS,Y79G54,1,0.3926
LZZ0V44Z,24 A 47,activo,,#N/D,SPURS,Y79G54,#N/D,0.3759
LLOZ40LO,12 A 23,ACTIVO,291210.525,0,SPURS,Y79G54,3,0.1265
LLOV9L00FA,12 A 23,ACTIVO,323567.25,0,VIKING ARMOUR,B92375,3,0.9659
L800ZLO,07 A 11,ACTIVO,135898.245,#N/D,DRAGONS,B92375,2,0.2199
L0FAZ80LLO,48 A 60,activo,,#N/D,NAVAL,B92375,#N/D,0.2005
LLOZ4FA9FA9,12 A 23,activo,243753.995,0,SPURS,Y79G54,4,0.7425
L9LO8VZ00,00 A 06,activo,237282.65,0,VIKING ARMOUR,B92375,N,0.0682
80LFA00LOZ,60 Y MAS,ACTIVO,317095.905,0,VIKING ARMOUR,Y79G54,4,0.2302
V0ZFALFALL,60 Y MAS,ACTIVO,140212.475,GOLD,DRAGONS,B92375,2,0.3858
L8VLO8ZLOFA,00 A 06,IMPAGO,,#N/D,SOIL,Y79G54,#N/D,0.8974
L9LLO098L,07 A 11,ACTIVO,237282.65,0,VIKING ARMOUR,B92375,N,0.5347
L80LOVFA0Z,12 A 23,ACTIVO,194140.35,BITCOIN,VIKING ARMOUR,B92375,2,0.3397
LZM09V4L,12 A 23,IMPAGO,207083.04,ETHER,SPURS,Y79G54,2,0.2957
LLOL0FA4LL,12 A 23,ACTIVO,250225.34,ETHER,VIKING ARMOUR,B92375,1,0.9952
LFA9FAL0,00 A 06,ACTIVO,310624.56,GOLD,VIKING ARMOUR,Y79G54,N,0.294
LFA009FAL9,24 A 47,ACTIVO,323567.25,GOLD,VIKING ARMOUR,B92375,4,0.5371
LV9Z9FA84,12 A 23,ACTIVO,,#N/D,DRAGONS,B92375,#N/D,0.4464
LLO9LO0FAFAFA,12 A 23,ACTIVO,237282.65,BITCOIN,VIKING ARMOUR,B92375,2,0.799
L90Z980L,00 A 06,ACTIVO,237282.65,GOLD,VIKING ARMOUR,B92375,N,0.3884
LLFA404,24 A 47,ACTIVO,,#N/D,VIKING ARMOUR,Y79G54,#N/D,0.9594
LLO008LO98,12 A 23,ACTIVO,286896.295,USD,VIKING ARMOUR,B92375,4,0.3032
L80FA00FAV,07 A 11,ACTIVO,194140.35,BITCOIN,VIKING ARMOUR,B92375,2,0.6411
LVZZ09VFA,12 A 23,ACTIVO,103541.52,GOLD,DRAGONS,B92375,2,0.2614
FA0000FA0Z,00 A 06,IMPAGO,250225.34,#N/D,VIKING ARMOUR,B92375,N,0.1094
LV4Z9FALOFA,12 A 23,ACTIVO,250225.34,ETHER,VIKING ARMOUR,B92375,2,0.8493
L8909080,00 A 06,ACTIVO,150998.05,BITCOIN,SOIL,Y79G54,N,0.9631
LFALFAL4,24 A 47,ACTIVO,228654.19,USD,NAVAL,B92375,2,0.966
LO0LL0LOZ9,60 Y MAS,activo,226497.075,GOLD,DRAGONS,Y79G54,2,0.1421
L80LOV4L0,07 A 11,ACTIVO,172569.2,BITCOIN,SPURS,Y79G54,1,0.8953
L908FA0LOV,07 A 11,ACTIVO,181197.66,#N/D,SPURS,Y79G54,N,0.0642
LV8VL0LO8,07 A 11,ACTIVO,237282.65,GOLD,VIKING ARMOUR,B92375,2,0.9008
V0Z0ZLFA,60 Y MAS,ACTIVO,685099.724,BITCOIN,VIKING ARMOUR,Y79G54,6,0.0131
L890FAV08,00 A 06,ACTIVO,237282.65,#N/D,VIKING ARMOUR,B92375,N,0.3481
LVZ04ZLO4,12 A 23,activo,,#N/D,DRAGONS,JSF89A,#N/D,0.822
LLOZLO00ZL,12 A 23,ACTIVO,286896.295,0,VIKING ARMOUR,B92375,2,0.6392
LV8Z9V8L,12 A 23,ACTIVO,347295.515,TYP2,VIKING ARMOUR,Y79G54,4,0.6766
L0840ZZV,48 A 60,ACTIVO,267482.26,BITCOIN,NAVAL,B92375,4,0.0627
L8V00LO9FA,07 A 11,activo,181197.66,GOLD,SPURS,Y79G54,N,0.6319
L88Z4ZZLO,00 A 06,activo,,#N/D,SOIL,Y79G54,#N/D,0.4246
L80048FAV,07 A 11,activo,556967.093,TYP2,VIKING ARMOUR,Y79G54,1,0.738
LLLO44LO09,48 A 60,ACTIVO,243753.995,GOLD,SPURS,Y79G54,4,0.3561
80FALO040,60 Y MAS,ACTIVO,207083.04,ETHER,SPURS,Y79G54,2,0.3132
LZZ944FA0,24 A 47,activo,,#N/D,VIKING ARMOUR,Y79G54,#N/D,0.6005
L9004V8V,00 A 06,activo,,#N/D,SPURS,Y79G54,#N/D,0.9801
9FA0LVFALO,60 Y MAS,ACTIVO,250225.34,0,VIKING ARMOUR,B92375,2,0.2808
LZVFA00ZLO,24 A 47,ACTIVO,278267.835,0,SPURS,Y79G54,3,0.8132
L8ZVLOFAZZ,07 A 11,ACTIVO,181197.66,GOLD,SPURS,Y79G54,2,0.0768
LLOFA00LO9LO,12 A 23,ACTIVO,232968.42,TYP2,SPURS,Y79G54,2,0.9562
LLO0V94FAFA,24 A 47,ACTIVO,314938.79,BITCOIN,VIKING ARMOUR,Y79G54,4,0.4265
L00VLO0,48 A 60,activo,,#N/D,SPURS,Y79G54,#N/D,0.9828
800FALOL08,60 Y MAS,IMPAGO,,#N/D,VIKING ARMOUR,B92375,#N/D,0.2349
V000004Z,60 Y MAS,ACTIVO,172569.2,0,NAVAL,JSF89A,2,0.7033
V080Z8LO8,60 Y MAS,ACTIVO,119504.171,BITCOIN,VIKING ARMOUR,90LD2,2,0.7852
L8894VLO9,00 A 06,ACTIVO,211397.27,#N/D,SPURS,Y79G54,N,0.9509
L0Z94L8LO,48 A 60,ACTIVO,103541.52,GOLD,DRAGONS,B92375,2,0.5203
LLOFA480Z9,24 A 47,ACTIVO,213554.385,GOLD,VIKING ARMOUR,JSF89A,2,0.7032
L80V808V,07 A 11,ACTIVO,215711.5,BITCOIN,VIKING ARMOUR,Y79G54,2,0.502
L0480Z0L,48 A 60,ACTIVO,103541.52,GOLD,DRAGONS,B92375,2,0.0796
LO04FAL0,48 A 60,ACTIVO,172569.2,0,DRAGONS,90LD2,2,0.4719
LLZZ09V9,48 A 60,ACTIVO,140212.475,0,DRAGONS,B92375,2,0.5224
FA00VLO88FA,00 A 06,ACTIVO,237282.65,#N/D,SOIL,Y79G54,N,0.1373
LV9094FALO,12 A 23,ACTIVO,,#N/D,VIKING ARMOUR,B92375,#N/D,0.5303
L90ZMLO90,00 A 06,ACTIVO,120798.44,GOLD,SPURS,Y79G54,N,0.5545
80LVFA8LL,60 Y MAS,ACTIVO,364552.435,0,VIKING ARMOUR,Y79G54,3,0.0684
LO000L89LO,60 Y MAS,ACTIVO,140212.475,GOLD,DRAGONS,B92375,2,0.0577
L009FA949,60 Y MAS,ACTIVO,198454.58,USD,SPURS,Y79G54,4,0.2605
LV8VZ0Z9,12 A 23,activo,,#N/D,DRAGONS,JSF89A,#N/D,0.5242
LO0Z4Z800,24 A 47,activo,,#N/D,DRAGONS,90LD2,#N/D,0.71
LLO004VLOFA,24 A 47,ACTIVO,263168.03,BITCOIN,DRAGONS,Y79G54,2,0.2715
L0400ZFAV,48 A 60,ACTIVO,243753.995,0,SPURS,Y79G54,3,0.4506
LVFA4Z9VZ,12 A 23,ACTIVO,,#N/D,SPURS,Y79G54,#N/D,0.9443
LLOFA8Z80FA,12 A 23,ACTIVO,304153.215,GOLD,VIKING ARMOUR,B92375,4,0.1343
LLLOZLLL4,24 A 47,ACTIVO,159626.51,ETHER,#N/D,#N/D,2,0.1157
L0FAFA09FA0,48 A 60,ACTIVO,295524.755,BITCOIN,NAVAL,B92375,4,0.3578
L904ZZL9,00 A 06,ACTIVO,273953.605,0,VIKING ARMOUR,B92375,N,0.7721
LLO8008LLO,12 A 23,ACTIVO,176883.43,GOLD,VIKING ARMOUR,JSF89A,2,0.6538
L4Z4FALO90,24 A 47,ACTIVO,351609.745,0,VIKING ARMOUR,Y79G54,6,0.1161
LV0L0LO00,12 A 23,ACTIVO,323567.25,ETHER,VIKING ARMOUR,B92375,4,0.7348
LLV0FALV4,24 A 47,activo,,#N/D,DRAGONS,B92375,#N/D,0.6926
L8FA0LOL80,07 A 11,activo,,#N/D,DRAGONS,B92375,#N/D,0.4315
L8FA4LOV9L,07 A 11,ACTIVO,325724.365,#N/D,VIKING ARMOUR,Y79G54,4,0.4053
LO0ZVZ00Z,24 A 47,ACTIVO,223908.537,0,VIKING ARMOUR,90LD2,4,0.1634
L90LOZ040,07 A 11,activo,,#N/D,VIKING ARMOUR,B92375,#N/D,0.7689
L900V40V,07 A 11,ACTIVO,515550.485,USD,VIKING ARMOUR,Y79G54,N,0.122
LZMZ000FA,12 A 23,ACTIVO,,#N/D,SPURS,Y79G54,#N/D,0.3132
LLOVLO80FA9,12 A 23,ACTIVO,226497.075,0,SPURS,Y79G54,0,0.0138
L84ZV8L9,07 A 11,activo,,#N/D,SOIL,Y79G54,#N/D,0.9202
L40ZM4LZ,24 A 47,ACTIVO,196297.465,0,SOIL,Y79G54,2,0.9756
8LZ0ZFA0,60 Y MAS,ACTIVO,841274.85,TYP2,VIKING ARMOUR,90LD2,6,0.0965
L80LZVVV,07 A 11,activo,,#N/D,VIKING ARMOUR,Y79G54,#N/D,0.1272
LLOVLOL4LLO,12 A 23,ACTIVO,207083.04,0,SPURS,Y79G54,0,0.9015
L0Z9044Z,60 Y MAS,ACTIVO,301996.1,0,NAVAL,B92375,3,0.8793
L9ZL44LO8,00 A 06,activo,,#N/D,VIKING ARMOUR,Y79G54,#N/D,0.8363
FA0049LOFA8,00 A 06,activo,189826.12,#N/D,SPURS,Y79G54,N,0.4584
Z00Z9Z0LO,60 Y MAS,ACTIVO,250225.34,GOLD,VIKING ARMOUR,B92375,4,0.7265
FA00FA9490,00 A 06,ACTIVO,103541.52,0,DRAGONS,B92375,N,0.3154
848L0FAZ,60 Y MAS,ACTIVO,86284.6,BITCOIN,SOIL,90LD2,2,0.52
FA0FAZ8L0Z,00 A 06,ACTIVO,99227.29,0,DRAGONS,JSF89A,N,0.3341
LZ0LLO490,24 A 47,ACTIVO,,#N/D,SOIL,B92375,#N/D,0.2642
LZLLZMFA8,24 A 47,ACTIVO,390437.815,0,VIKING ARMOUR,Y79G54,6,0.9688
LFAZZ9LZM,24 A 47,ACTIVO,228654.19,0,NAVAL,B92375,2,0.8453
L80V0LOFA8,12 A 23,ACTIVO,278267.835,#N/D,DRAGONS,Y79G54,2,0.5139
L9094LO0LO,00 A 06,ACTIVO,237282.65,0,VIKING ARMOUR,B92375,N,0.3365
L9FA94FA04,07 A 11,ACTIVO,127269.785,GOLD,VIKING ARMOUR,JSF89A,N,0.7106
L90844,00 A 06,activo,,#N/D,SPURS,Y79G54,#N/D,0.8734
404Z00FA,60 Y MAS,ACTIVO,232968.42,BITCOIN,DRAGONS,Y79G54,2,0.9379
L808800Z,12 A 23,ACTIVO,407694.735,GOLD,VIKING ARMOUR,Y79G54,4,0.5766
ZLO4LO49ZL,48 A 60,ACTIVO,440051.46,ETHER,VIKING ARMOUR,Y79G54,4,0.8484
LV400FAL4,12 A 23,IMPAGO,224339.96,BITCOIN,VIKING ARMOUR,JSF89A,2,0.6653
L8FA00494,07 A 11,ACTIVO,181197.66,GOLD,VIKING ARMOUR,Y79G54,2,0.0462
L09ZLO0V8,48 A 60,ACTIVO,198454.58,GOLD,SPURS,Y79G54,2,0.8192
LLVFA0LOL0,24 A 47,ACTIVO,207083.04,0,SPURS,Y79G54,3,0.5588
L0FA98ZML,48 A 60,IMPAGO,103541.52,GOLD,DRAGONS,B92375,2,0.2261
LOFAFALO94LO,60 Y MAS,ACTIVO,1030238.124,GOLD,NAVAL,90LD2,6,0.6293
LLOV0ZLOZ9,12 A 23,ACTIVO,,#N/D,DRAGONS,JSF89A,#N/D,0.0414
LZ9FA90FA4,24 A 47,ACTIVO,207083.04,#N/D,SPURS,Y79G54,2,0.0189
LVFAL900LO,12 A 23,ACTIVO,297681.87,BITCOIN,VIKING ARMOUR,Y79G54,2,0.5018
L0LO8Z4Z8,48 A 60,ACTIVO,250225.34,0,VIKING ARMOUR,B92375,4,0.8389
LV9Z90LOV,12 A 23,ACTIVO,237282.65,0,VIKING ARMOUR,B92375,2,0.5543
L8LZM04Z,07 A 11,ACTIVO,150998.05,#N/D,SPURS,JSF89A,1,0.2035
LLO0FALO8V9,24 A 47,ACTIVO,103541.52,BITCOIN,DRAGONS,B92375,1,0.8523
FA0Z09LO08,00 A 06,ACTIVO,,#N/D,VIKING ARMOUR,B92375,#N/D,0.5046
8ZV4084,60 Y MAS,ACTIVO,530218.867,BITCOIN,VIKING ARMOUR,Y79G54,4,0.7071
LV80800L,07 A 11,ACTIVO,198454.58,BITCOIN,SPURS,Y79G54,1,0.1342
9000ZFAV9,60 Y MAS,activo,,#N/D,VIKING ARMOUR,90LD2,#N/D,0.5405
8009LLOZLO,60 Y MAS,activo,237282.65,0,VIKING ARMOUR,B92375,2,0.817
V4ZZZFA8,60 Y MAS,ACTIVO,495705.027,ETHER,VIKING ARMOUR,Y79G54,4,0.5157
90FAV090,60 Y MAS,IMPAGO,207083.04,BITCOIN,SPURS,Y79G54,4,0.9386
L90FA040Z,00 A 06,ACTIVO,209240.155,GOLD,SPURS,JSF89A,N,0.8563
90L009FA8,24 A 47,BAJA,,#N/D,SPURS,90LD2,#N/D,0.7409
LL0FA08,48 A 60,IMPAGO,325724.365,GOLD,VIKING ARMOUR,Y79G54,4,0.1985
LV9FA0009,07 A 11,ACTIVO,237282.65,0,VIKING ARMOUR,B92375,2,0.1555
LO00VLVFAFA,60 Y MAS,ACTIVO,371023.78,BITCOIN,DRAGONS,Y79G54,2,0.8912
L9ZFA9LOZZ,00 A 06,ACTIVO,157469.395,GOLD,SPURS,Y79G54,N,0.097
LLOFA9FA49FA,12 A 23,ACTIVO,345138.4,GOLD,SPURS,Y79G54,4,0.1923
LZ0V08FAZ,24 A 47,ACTIVO,450405.612,TYP2,VIKING ARMOUR,Y79G54,6,0.6781
LLLOL94FA0,24 A 47,ACTIVO,498293.565,BITCOIN,NAVAL,Y79G54,4,0.9488
FA00FA0V0FA,00 A 06,ACTIVO,172569.2,#N/D,SPURS,JSF89A,N,0.8934
L90FA088L,00 A 06,ACTIVO,273953.605,BITCOIN,VIKING ARMOUR,B92375,N,0.681
LFA4Z9090,24 A 47,activo,314938.79,TYP2,VIKING ARMOUR,Y79G54,4,0.1808
L8884980,00 A 06,ACTIVO,181197.66,TYP2,SPURS,Y79G54,N,0.1186
L9FALLO94L,07 A 11,ACTIVO,120798.44,#N/D,SPURS,Y79G54,N,0.957
FA00400ZFA,00 A 06,ACTIVO,159626.51,#N/D,SOIL,Y79G54,N,0.6793
FA00L409V,00 A 06,IMPAGO,304153.215,0,VIKING ARMOUR,JSF89A,N,0.3942
LVFALO8FAVFA,12 A 23,ACTIVO,250225.34,0,VIKING ARMOUR,B92375,1,0.9505
L9V940ZM,00 A 06,activo,237282.65,#N/D,VIKING ARMOUR,B92375,N,0.7501
L00LV00L,48 A 60,ACTIVO,,#N/D,VIKING ARMOUR,Y79G54,#N/D,0.5877
L94000,00 A 06,activo,273953.605,#N/D,VIKING ARMOUR,B92375,N,0.1317
ZZFAVV89LO,60 Y MAS,ACTIVO,377495.125,BITCOIN,VIKING ARMOUR,B92375,4,0.0499
L800ZLO,12 A 23,IMPAGO,135898.245,#N/D,DRAGONS,B92375,2,0.2894
ZZ48V8VLO,60 Y MAS,ACTIVO,170412.085,GOLD,DRAGONS,B92375,2,0.499
LFAZM49VZ,24 A 47,ACTIVO,189826.12,0,DRAGONS,Y79G54,2,0.7645
L8FA4Z90Z,07 A 11,ACTIVO,150998.05,#N/D,SOIL,Y79G54,2,0.5166
L04Z0ZVLO,48 A 60,ACTIVO,170412.085,0,DRAGONS,B92375,1,0.8631
L0090Z,48 A 60,ACTIVO,159626.51,0,SOIL,Y79G54,2,0.6888
89VLO9FAZ,60 Y MAS,ACTIVO,396909.16,BITCOIN,VIKING ARMOUR,Y79G54,4,0.3764
L90ZML8L,07 A 11,ACTIVO,237282.65,#N/D,VIKING ARMOUR,B92375,N,0.6771
LV94LL90,12 A 23,ACTIVO,,#N/D,SOIL,Y79G54,#N/D,0.545
LFAVFAFAFALOL,24 A 47,ACTIVO,310624.56,0,VIKING ARMOUR,B92375,4,0.14
LLOLFALOZ40,24 A 47,ACTIVO,,#N/D,SPURS,Y79G54,#N/D,0.138
FA0L0ZLLO8,00 A 06,activo,125112.67,0,SPURS,Y79G54,N,0.1507
L90FAVL4L,07 A 11,ACTIVO,99227.29,#N/D,DRAGONS,B92375,N,0.7846
LZ404FALO9,24 A 47,ACTIVO,278267.835,0,VIKING ARMOUR,B92375,3,0.2065
L904ZZL9,07 A 11,activo,273953.605,0,VIKING ARMOUR,B92375,N,0.6975
V9ZZZZV,60 Y MAS,ACTIVO,,#N/D,VIKING ARMOUR,B92375,#N/D,0.4666
V0004880,12 A 23,activo,158763.664,0,SOIL,90LD2,2,0.3083
L0L49000,48 A 60,ACTIVO,140212.475,BITCOIN,DRAGONS,B92375,2,0.2858
LLOZ4ZLOFA4,24 A 47,ACTIVO,392594.93,BITCOIN,VIKING ARMOUR,B92375,4,0.4141
V0Z88V0FA,60 Y MAS,ACTIVO,351609.745,GOLD,VIKING ARMOUR,B92375,4,0.2413
L9FA08098,00 A 06,ACTIVO,261010.915,#N/D,SPURS,Y79G54,N,0.5611
LLOZL0LO0Z,12 A 23,ACTIVO,207083.04,0,SPURS,Y79G54,2,0.4967
LLO4VLO9FALO,24 A 47,ACTIVO,,#N/D,SPURS,Y79G54,#N/D,0.4154
L8FA800FA0,07 A 11,ACTIVO,237282.65,#N/D,VIKING ARMOUR,B92375,2,0.8161
LVL0L800,12 A 23,ACTIVO,353766.86,GOLD,VIKING ARMOUR,Y79G54,4,0.2527
L90LOLV0V,00 A 06,ACTIVO,217868.615,GOLD,SPURS,Y79G54,N,0.2029
L9Z8900Z,00 A 06,ACTIVO,150998.05,ETHER,SOIL,Y79G54,N,0.59
LLV4LV4V,24 A 47,ACTIVO,,#N/D,SOIL,Y79G54,#N/D,0.3973
Z0Z0Z9FA0,60 Y MAS,ACTIVO,,#N/D,DRAGONS,90LD2,#N/D,0.2613
L908FALOV8,00 A 06,ACTIVO,237282.65,#N/D,VIKING ARMOUR,B92375,N,0.9244
L9LOFA9ZZ0,00 A 06,ACTIVO,168254.97,BITCOIN,VIKING ARMOUR,JSF89A,N,0.1079
LVLO4ZLZL,12 A 23,ACTIVO,371023.78,ETHER,VIKING ARMOUR,Y79G54,2,0.0507
L9LO0V440,00 A 06,ACTIVO,237282.65,#N/D,VIKING ARMOUR,B92375,N,0.3503
L90FA0ZM9,07 A 11,activo,181197.66,#N/D,SPURS,Y79G54,N,0.7234
LLV4Z08V,24 A 47,ACTIVO,258853.8,BITCOIN,SPURS,Y79G54,4,0.2713
L90FA9VVV,00 A 06,ACTIVO,120798.44,#N/D,SPURS,Y79G54,N,0.5815
LV4Z0LO9LO,12 A 23,ACTIVO,223477.114,0,VIKING ARMOUR,JSF89A,1,0.5657
LLO489Z0Z,24 A 47,ACTIVO,375338.01,BITCOIN,SPURS,Y79G54,4,0.4226
LLO08840V,24 A 47,ACTIVO,189826.12,0,SPURS,Y79G54,2,0.2557
L9Z94FA04,00 A 06,ACTIVO,237282.65,#N/D,VIKING ARMOUR,B92375,N,0.3469
L8LVFA04LO,07 A 11,ACTIVO,150998.05,GOLD,SOIL,Y79G54,2,0.0898
L9LO08FAZ9,00 A 06,IMPAGO,,#N/D,VIKING ARMOUR,B92375,#N/D,0.5925
9FA4098FA,60 Y MAS,ACTIVO,336509.94,0,VIKING ARMOUR,Y79G54,4,0.3596
L8FALOV080,07 A 11,ACTIVO,289053.41,BITCOIN,VIKING ARMOUR,Y79G54,1,0.592
LO008LO04V,60 Y MAS,ACTIVO,172569.2,GOLD,VIKING ARMOUR,B92375,2,0.5248
L9FALLO94L,00 A 06,ACTIVO,120798.44,#N/D,SPURS,Y79G54,N,0.4214
FA0Z8LOL8Z,00 A 06,ACTIVO,,#N/D,SPURS,JSF89A,#N/D,0.6901
L8VLO049LO,07 A 11,activo,157469.395,#N/D,SPURS,Y79G54,N,0.1616
80L08ZL9,60 Y MAS,ACTIVO,433580.115,0,VIKING ARMOUR,Y79G54,4,0.5239
L9LOFA9848,00 A 06,IMPAGO,,#N/D,SPURS,Y79G54,#N/D,0.2159
L4V0LO048,24 A 47,ACTIVO,196297.465,0,SOIL,Y79G54,2,0.3334
L40LOFA8,00 A 06,ACTIVO,289053.41,0,VIKING ARMOUR,Y79G54,N,0.2522
FA0FA0LZ,00 A 06,ACTIVO,,#N/D,VIKING ARMOUR,Y79G54,#N/D,0.9546
LV904V0LO,07 A 11,ACTIVO,198454.58,0,SPURS,Y79G54,1,0.7513
LV88ZFAFAV,07 A 11,ACTIVO,209240.155,TYP2,SPURS,JSF89A,1,0.2476
L8090LO09,07 A 11,ACTIVO,407694.735,GOLD,VIKING ARMOUR,Y79G54,4,0.8128
L8L0L004,07 A 11,ACTIVO,172569.2,#N/D,SPURS,Y79G54,1,0.1817
L8490840,07 A 11,ACTIVO,,#N/D,SPURS,Y79G54,#N/D,0.2182
L9Z4LLLO4,07 A 11,ACTIVO,237282.65,#N/D,VIKING ARMOUR,B92375,N,0.0819
L80FALLOV9,07 A 11,ACTIVO,282582.065,ETHER,SPURS,Y79G54,2,0.4132
900LOFA0LL,12 A 23,activo,,#N/D,SPURS,90LD2,#N/D,0.2668
LL80ZMV9,24 A 47,IMPAGO,,#N/D,SPURS,Y79G54,#N/D,0.8765
LLO08VLOVL,24 A 47,ACTIVO,250225.34,0,VIKING ARMOUR,B92375,1,0.4137
LLO889ZZZ,12 A 23,ACTIVO,146683.82,0,NAVAL,JSF89A,2,0.6582
LLLLO8L04,48 A 60,ACTIVO,340824.17,0,VIKING ARMOUR,B92375,3,0.4125
L400LOVFA4,24 A 47,ACTIVO,295524.755,0,NAVAL,B92375,3,0.8207
L90L08FALO,00 A 06,ACTIVO,217868.615,GOLD,SPURS,Y79G54,N,0.102
LLOFAV9Z4Z,24 A 47,ACTIVO,286896.295,ETHER,VIKING ARMOUR,B92375,2,0.956
LLVLZFA0LO,48 A 60,ACTIVO,278267.835,BITCOIN,VIKING ARMOUR,B92375,4,0.842
L090ZFAZ4,48 A 60,ACTIVO,325724.365,0,VIKING ARMOUR,Y79G54,4,0.8527
LLOZL0L49,24 A 47,ACTIVO,189826.12,0,SPURS,Y79G54,1,0.4107
L90VFALVL,00 A 06,ACTIVO,332195.71,GOLD,VIKING ARMOUR,Y79G54,N,0.186
L0ZLV8LO4,48 A 60,ACTIVO,616934.89,GOLD,VIKING ARMOUR,Y79G54,4,0.171
LV89FALO89,07 A 11,ACTIVO,237282.65,BITCOIN,VIKING ARMOUR,B92375,2,0.8958
L8FAL9Z40,07 A 11,ACTIVO,,#N/D,VIKING ARMOUR,B92375,#N/D,0.7152
FA00FALOZ90,00 A 06,activo,189826.12,0,SPURS,Y79G54,N,0.1289
LZLOVLO8ZL,24 A 47,ACTIVO,189826.12,0,SPURS,Y79G54,4,0.0505
L94004,07 A 11,ACTIVO,250225.34,0,VIKING ARMOUR,B92375,N,0.9068
L800Z09FA,12 A 23,ACTIVO,150998.05,GOLD,SOIL,Y79G54,2,0.6775
V008Z0ZZ,60 Y MAS,ACTIVO,240302.611,BITCOIN,VIKING ARMOUR,90LD2,4,0.9096
L0ZFAV9V8,60 Y MAS,ACTIVO,237282.65,BITCOIN,VIKING ARMOUR,B92375,2,0.1554
LZ0949V0,24 A 47,ACTIVO,,#N/D,SOIL,Y79G54,#N/D,0.3455
LFA09FAFAV4,24 A 47,ACTIVO,250225.34,GOLD,VIKING ARMOUR,B92375,4,0.0614
L9000V0FA,07 A 11,ACTIVO,261010.915,#N/D,SPURS,Y79G54,N,0.6121
98L4VZLO,60 Y MAS,ACTIVO,207083.04,GOLD,SPURS,Y79G54,4,0.2336
L80LLO9LOV,07 A 11,IMPAGO,,#N/D,VIKING ARMOUR,B92375,#N/D,0.0312
L9FAZFAZZV,00 A 06,IMPAGO,239439.765,GOLD,VIKING ARMOUR,B92375,N,0.6763
L90FA9004,07 A 11,ACTIVO,172569.2,0,SPURS,JSF89A,N,0.3352
800Z9040,60 Y MAS,IMPAGO,251951.032,0,NAVAL,90LD2,4,0.5355
LLO00VFA00,12 A 23,activo,,#N/D,VIKING ARMOUR,B92375,#N/D,0.0779
L44ZLOVZV,24 A 47,ACTIVO,,#N/D,NAVAL,B92375,#N/D,0.8156
L9ZLOV048,00 A 06,ACTIVO,237282.65,#N/D,VIKING ARMOUR,B92375,N,0.3335
LZMZ4090,12 A 23,IMPAGO,256696.685,0,NAVAL,JSF89A,1,0.0005
LVZ00L8LO,12 A 23,ACTIVO,399066.275,GOLD,VIKING ARMOUR,Y79G54,4,0.8057
9Z08VL4,60 Y MAS,ACTIVO,159626.51,GOLD,SOIL,Y79G54,2,0.3641
FA00ZFA8ZFA,00 A 06,activo,310624.56,#N/D,VIKING ARMOUR,Y79G54,N,0.5916
LV8ZLZM0,07 A 11,ACTIVO,273953.605,TYP2,VIKING ARMOUR,B92375,2,0.0619
LLO0LO9Z04,12 A 23,ACTIVO,286896.295,0,VIKING ARMOUR,B92375,1,0.4873
LLFALO4ZLV,24 A 47,ACTIVO,,#N/D,VIKING ARMOUR,Y79G54,#N/D,0.2875
L9LV0L49,00 A 06,ACTIVO,172569.2,GOLD,SPURS,JSF89A,N,0.5762
VVFAFALV9,60 Y MAS,activo,207083.04,GOLD,SPURS,Y79G54,4,0.0887
L904V4V4,00 A 06,ACTIVO,172569.2,0,SPURS,JSF89A,N,0.1075
LLLOZ98V4,48 A 60,ACTIVO,377495.125,BITCOIN,VIKING ARMOUR,B92375,4,0.1883
L890LO94LO,00 A 06,ACTIVO,289053.41,0,VIKING ARMOUR,Y79G54,N,0.9005
ZLO4LOV0ZM,60 Y MAS,ACTIVO,97070.175,BITCOIN,SOIL,90LD2,2,0.2387
L9FA4ZM,00 A 06,ACTIVO,99227.29,GOLD,DRAGONS,B92375,N,0.3013
FA04FALO48LO,00 A 06,activo,,#N/D,VIKING ARMOUR,Y79G54,#N/D,0.3232
L890VVLZ,00 A 06,IMPAGO,,#N/D,VIKING ARMOUR,B92375,#N/D,0.5786
FA04FA0LOL0,00 A 06,activo,,#N/D,SPURS,JSF89A,#N/D,0.7034
LVL0V9LO0,12 A 23,IMPAGO,150998.05,0,DRAGONS,JSF89A,2,0.0014
9ZL0V9Z,60 Y MAS,ACTIVO,235125.535,GOLD,SPURS,Y79G54,4,0.4326
L88VLOVZFA,00 A 06,ACTIVO,237282.65,#N/D,VIKING ARMOUR,B92375,N,0.638
V0LO9Z0FA4,48 A 60,ACTIVO,250225.34,GOLD,VIKING ARMOUR,B92375,2,0.2213
L90FA0LO0V,07 A 11,ACTIVO,,#N/D,VIKING ARMOUR,Y79G54,#N/D,0.4969
LO0LOV9LOL4,48 A 60,ACTIVO,254539.57,BITCOIN,SPURS,Y79G54,4,0.8828
90LL80ZM,24 A 47,activo,208808.732,0,SPURS,90LD2,2,0.365
LV84VZ89,07 A 11,ACTIVO,237282.65,ETHER,VIKING ARMOUR,B92375,2,0.4919
L49LO0Z90,24 A 47,ACTIVO,103541.52,0,DRAGONS,B92375,2,0.9421
Z0V9LOFALV,60 Y MAS,ACTIVO,845589.08,ETHER,VIKING ARMOUR,Y79G54,6,0.1349
LLO8908Z9,12 A 23,ACTIVO,,#N/D,VIKING ARMOUR,B92375,#N/D,0.8042
L0408080,48 A 60,ACTIVO,140212.475,GOLD,DRAGONS,B92375,2,0.7887
L800V80LO,12 A 23,ACTIVO,200611.695,GOLD,VIKING ARMOUR,B92375,2,0.0808
L90FA4084,00 A 06,ACTIVO,327881.48,BITCOIN,VIKING ARMOUR,Y79G54,N,0.5709
LLO4V4FAL8,12 A 23,activo,,#N/D,SOIL,Y79G54,#N/D,0.23
L9400848,00 A 06,ACTIVO,273953.605,TYP2,VIKING ARMOUR,B92375,N,0.2004
LV0LZVL9,12 A 23,ACTIVO,286896.295,0,VIKING ARMOUR,B92375,1,0.4688
LV09FALO0L,12 A 23,activo,,#N/D,VIKING ARMOUR,Y79G54,#N/D,0.8176
LLO00FA9V4,24 A 47,ACTIVO,,#N/D,SPURS,Y79G54,#N/D,0.5427
LLO40ZVLO8,12 A 23,activo,286896.295,0,VIKING ARMOUR,B92375,2,0.3019
LLO44ZFA40,24 A 47,ACTIVO,207083.04,0,SPURS,Y79G54,1,0.5405
V0ZM84L0,60 Y MAS,ACTIVO,368866.665,GOLD,VIKING ARMOUR,B92375,4,0.1268
9008LL0FA,24 A 47,ACTIVO,,#N/D,VIKING ARMOUR,90LD2,#N/D,0.1586
LFAZZZ94L,24 A 47,ACTIVO,189826.12,BITCOIN,SPURS,Y79G54,4,0.2069
L84LO904LO,07 A 11,ACTIVO,248068.225,#N/D,SPURS,Y79G54,4,0.3577
LLOFA0ZLLL,24 A 47,ACTIVO,250225.34,ETHER,VIKING ARMOUR,B92375,2,0.4878
LZ4LO98ZL,24 A 47,ACTIVO,232968.42,BITCOIN,SPURS,Y79G54,4,0.7181
L90Z9LO0LO,00 A 06,ACTIVO,289053.41,#N/D,VIKING ARMOUR,Y79G54,N,0.686
LLO94LOVVFA,12 A 23,ACTIVO,,#N/D,DRAGONS,Y79G54,#N/D,0.7568
LV9LO9098,07 A 11,ACTIVO,,#N/D,DRAGONS,B92375,#N/D,0.6227
L9FAFAZ9Z9,00 A 06,ACTIVO,204925.925,#N/D,VIKING ARMOUR,JSF89A,N,0.5299
L8VL00V0,07 A 11,ACTIVO,237282.65,BITCOIN,VIKING ARMOUR,B92375,N,0.3391
L80LO0ZM4,12 A 23,ACTIVO,187669.005,#N/D,SOIL,Y79G54,2,0.5289
L9L09FA0FA,07 A 11,ACTIVO,120798.44,#N/D,SPURS,Y79G54,N,0.1844
LV9L90V4,07 A 11,ACTIVO,313644.521,GOLD,VIKING ARMOUR,Y79G54,2,0.1161
LLOZ4ZMLO9,24 A 47,ACTIVO,351609.745,0,VIKING ARMOUR,Y79G54,3,0.6103
L89FA8FALO4,00 A 06,ACTIVO,258853.8,#N/D,SPURS,Y79G54,N,0.3733
L9L0VZM0,00 A 06,ACTIVO,172569.2,#N/D,DRAGONS,B92375,N,0.2916
L89VLV0V,07 A 11,ACTIVO,181197.66,0,SPURS,Y79G54,N,0.5215
L9LFAZ8LZ,07 A 11,ACTIVO,,#N/D,SOIL,Y79G54,#N/D,0.3584
LLOFALOFA8LV,24 A 47,ACTIVO,159626.51,0,SOIL,Y79G54,2,0.3975
L940004Z,00 A 06,ACTIVO,237282.65,#N/D,VIKING ARMOUR,B92375,N,0.5066
80LFA4LO9LO,24 A 47,ACTIVO,172137.777,0,SPURS,90LD2,4,0.4523
L9L9FALL4,00 A 06,ACTIVO,230811.305,GOLD,SOIL,Y79G54,N,0.6922
L88VLOVZFA,07 A 11,ACTIVO,237282.65,#N/D,VIKING ARMOUR,B92375,N,0.5593
LVLO88L4Z,12 A 23,ACTIVO,286896.295,0,VIKING ARMOUR,B92375,2,0.3568
L9L8900V,00 A 06,ACTIVO,157469.395,GOLD,SPURS,Y79G54,N,0.7041
V00ZLOFA,24 A 47,ACTIVO,120798.44,0,SPURS,Y79G54,2,0.7614
900L4048,12 A 23,activo,,#N/D,SPURS,90LD2,#N/D,0.3256
L84LO0040,07 A 11,ACTIVO,217868.615,#N/D,SPURS,Y79G54,2,0.2354
V00Z8ZZ4,24 A 47,ACTIVO,226497.075,BITCOIN,NAVAL,90LD2,2,0.4732
FA0LO8FA0,00 A 06,activo,,#N/D,VIKING ARMOUR,JSF89A,#N/D,0.2983
900ZL080,12 A 23,ACTIVO,,#N/D,SPURS,90LD2,#N/D,0.9646
LV40009Z,12 A 23,ACTIVO,312781.675,0,VIKING ARMOUR,Y79G54,0,0.0029
L8LO4Z094,07 A 11,activo,237282.65,GOLD,VIKING ARMOUR,B92375,2,0.5381
L98FA989LO,00 A 06,activo,174726.315,#N/D,SPURS,JSF89A,N,0.9261
L80LOV0FA4,12 A 23,ACTIVO,211397.27,#N/D,SPURS,Y79G54,2,0.9317
L80L0L9L,07 A 11,ACTIVO,273953.605,TYP2,VIKING ARMOUR,B92375,2,0.0133
LLFALO9FALO0,24 A 47,ACTIVO,286896.295,0,VIKING ARMOUR,B92375,3,0.5161
L0880L4Z,60 Y MAS,ACTIVO,735576.215,ETHER,VIKING ARMOUR,Y79G54,6,0.2601
V0V0ZV9FA,48 A 60,ACTIVO,159626.51,ETHER,SOIL,Y79G54,2,0.4213
LLOZZL0FAZ,24 A 47,ACTIVO,295093.332,0,VIKING ARMOUR,JSF89A,4,0.8047
L90L4FA0Z,00 A 06,activo,,#N/D,SOIL,Y79G54,#N/D,0.6497
L0FALOL8ZFA,48 A 60,ACTIVO,396909.16,0,VIKING ARMOUR,Y79G54,4,0.3503
L84000LOL,12 A 23,ACTIVO,120798.44,GOLD,SPURS,Y79G54,2,0.846
L0LOLL8V8,60 Y MAS,ACTIVO,345138.4,GOLD,DRAGONS,Y79G54,2,0.0795
L94FA8FA9FA,07 A 11,ACTIVO,254539.57,BITCOIN,VIKING ARMOUR,Y79G54,N,0.7512
FA00V8FA0L,00 A 06,activo,250225.34,0,VIKING ARMOUR,B92375,N,0.5472
FA080FA044,00 A 06,activo,,#N/D,#N/D,#N/D,#N/D,0.9324
LV40494FA,12 A 23,ACTIVO,394752.045,TYP2,VIKING ARMOUR,Y79G54,4,0.3577
L0LOVL9LL,60 Y MAS,ACTIVO,250225.34,GOLD,VIKING ARMOUR,B92375,4,0.8311
LLOLFAZM94,24 A 47,ACTIVO,303721.792,0,VIKING ARMOUR,JSF89A,4,0.8656
LV900LOLZ,07 A 11,IMPAGO,,#N/D,VIKING ARMOUR,B92375,#N/D,0.541
LV4LLOLLFA,12 A 23,ACTIVO,558692.785,ETHER,VIKING ARMOUR,Y79G54,4,0.0761
LVV49LOVL,12 A 23,ACTIVO,237282.65,0,VIKING ARMOUR,B92375,2,0.0462
L80FA4VL0,12 A 23,ACTIVO,451699.881,TYP2,VIKING ARMOUR,Y79G54,2,0.4032
L9L04L49,07 A 11,ACTIVO,194140.35,GOLD,VIKING ARMOUR,B92375,N,0.5868
L8L0LZFAFA,07 A 11,ACTIVO,273953.605,#N/D,#N/D,#N/D,2,0.0074
FA0L0Z89Z,00 A 06,ACTIVO,189826.12,#N/D,SPURS,Y79G54,N,0.6765
L900LOZLOFA,00 A 06,ACTIVO,230811.305,BITCOIN,SOIL,Y79G54,N,0.427
LLO0080VFA,24 A 47,IMPAGO,,#N/D,VIKING ARMOUR,B92375,#N/D,0.7163
LLOV08ZZM,12 A 23,ACTIVO,125112.67,BITCOIN,VIKING ARMOUR,JSF89A,2,0.2947
L8FALOZ0ZM,07 A 11,ACTIVO,371023.78,#N/D,VIKING ARMOUR,Y79G54,2,0.7747
LLOL0VZ4Z,12 A 23,activo,224339.96,ETHER,DRAGONS,Y79G54,2,0.4956
Z0ZLL000,60 Y MAS,activo,,#N/D,SOIL,90LD2,#N/D,0.2561
LV9LO0VZV,12 A 23,ACTIVO,198454.58,ETHER,SPURS,Y79G54,1,0.4443
LVV989LO9,07 A 11,ACTIVO,241596.88,BITCOIN,DRAGONS,Y79G54,1,0.4513
L90ZFA0LOZ,00 A 06,ACTIVO,250225.34,#N/D,VIKING ARMOUR,B92375,N,0.2213
L94LL00LO,07 A 11,ACTIVO,,#N/D,VIKING ARMOUR,JSF89A,#N/D,0.4266
FA0Z98Z04,00 A 06,ACTIVO,,#N/D,DRAGONS,B92375,#N/D,0.1136
L9FA8ZLV8,07 A 11,ACTIVO,267482.26,BITCOIN,VIKING ARMOUR,B92375,N,0.7563
LV800ZMV,07 A 11,ACTIVO,150998.05,GOLD,SOIL,Y79G54,2,0.4361
FA0V9ZV,00 A 06,activo,,#N/D,VIKING ARMOUR,JSF89A,#N/D,0.4047
L9000V0FA,00 A 06,ACTIVO,261010.915,#N/D,SPURS,Y79G54,N,0.4054
900ZL9Z,60 Y MAS,activo,282582.065,TYP2,SPURS,90LD2,6,0.2153
L0Z890LOL,60 Y MAS,ACTIVO,103541.52,0,DRAGONS,B92375,2,0.19
LFAL9LO9ZLO,24 A 47,ACTIVO,267482.26,ETHER,SPURS,Y79G54,4,0.4307
VLFALOLL4,60 Y MAS,ACTIVO,221751.422,0,DRAGONS,90LD2,2,0.4137
L90FALVLFA,07 A 11,ACTIVO,125112.67,BITCOIN,VIKING ARMOUR,JSF89A,N,0.331
Z0FAFA8LO9V,60 Y MAS,ACTIVO,347295.515,GOLD,VIKING ARMOUR,B92375,4,0.3463
V089V48LO,24 A 47,ACTIVO,207083.04,GOLD,VIKING ARMOUR,B92375,2,0.2939
LLO88ZVL9,12 A 23,IMPAGO,,#N/D,SPURS,Y79G54,#N/D,0.077
LVV9LOZZ0,12 A 23,ACTIVO,150998.05,0,SOIL,Y79G54,0,0.6438
LL440FAZ0,24 A 47,ACTIVO,258853.8,0,NAVAL,B92375,4,0.6093
LVFA408,12 A 23,ACTIVO,,#N/D,VIKING ARMOUR,Y79G54,#N/D,0.4437
L89V8088,00 A 06,ACTIVO,273953.605,#N/D,VIKING ARMOUR,B92375,N,0.4043
FA0VZM49FA,00 A 06,activo,,#N/D,VIKING ARMOUR,B92375,#N/D,0.6415
L98L0LO84,00 A 06,ACTIVO,150998.05,TYP2,SOIL,Y79G54,N,0.196
L80LLFALOZ,12 A 23,IMPAGO,,#N/D,SOIL,Y79G54,#N/D,0.1591
L9LOZ89V0,00 A 06,ACTIVO,237282.65,#N/D,VIKING ARMOUR,B92375,N,0.9277
LLO90LOFAZM,12 A 23,activo,176883.43,GOLD,DRAGONS,B92375,2,0.7981
LV9LVFA9L,12 A 23,ACTIVO,129426.9,0,DRAGONS,JSF89A,1,0.3532
L800ZL9V,07 A 11,ACTIVO,267482.26,ETHER,VIKING ARMOUR,B92375,1,0.9991
LLFA0Z8Z0,24 A 47,ACTIVO,198454.58,0,SPURS,Y79G54,3,0.1268
LLLOL88LFA,48 A 60,ACTIVO,301996.1,0,NAVAL,B92375,4,0.0303
LV804LO4Z,12 A 23,BAJA,273953.605,TYP2,VIKING ARMOUR,B92375,2,0.9986
L8LO498L9,07 A 11,ACTIVO,403380.505,0,VIKING ARMOUR,B92375,2,0.7437
L0904FA,60 Y MAS,ACTIVO,237282.65,0,VIKING ARMOUR,B92375,2,0.3192
L9FAV0LZM,07 A 11,ACTIVO,237282.65,#N/D,VIKING ARMOUR,B92375,N,0.004
FA009Z98V,00 A 06,activo,250225.34,0,VIKING ARMOUR,B92375,N,0.1575
L9LO949V8,00 A 06,ACTIVO,181197.66,#N/D,SPURS,Y79G54,N,0.724
LV8FA4FA8Z,07 A 11,ACTIVO,194140.35,BITCOIN,VIKING ARMOUR,B92375,1,0.3688
LVLO489Z9,12 A 23,ACTIVO,189826.12,BITCOIN,SPURS,Y79G54,2,0.4221
LLFALOZ90L,48 A 60,ACTIVO,442208.575,BITCOIN,VIKING ARMOUR,Y79G54,4,0.9019
L8VLOFAFA0L,00 A 06,ACTIVO,237282.65,#N/D,VIKING ARMOUR,B92375,N,0.8883
LO0ZMFA00LO,60 Y MAS,ACTIVO,224339.96,0,VIKING ARMOUR,JSF89A,4,0.1077
L90ZML8L,00 A 06,ACTIVO,237282.65,#N/D,VIKING ARMOUR,B92375,N,0.5022
L0L0LFA08,48 A 60,ACTIVO,103541.52,0,DRAGONS,B92375,2,0.4968
L890L880,07 A 11,ACTIVO,,#N/D,SPURS,Y79G54,#N/D,0.9933
L9FAV0Z9Z,00 A 06,ACTIVO,273953.605,#N/D,VIKING ARMOUR,B92375,N,0.1385
LLOFA04LO,24 A 47,ACTIVO,,#N/D,DRAGONS,Y79G54,#N/D,0.1247
L9LFAL880,00 A 06,ACTIVO,181197.66,#N/D,SPURS,Y79G54,N,0.5669
L8040444,07 A 11,ACTIVO,211397.27,GOLD,SPURS,Y79G54,2,0.3167
LVFA84900,12 A 23,ACTIVO,103541.52,0,DRAGONS,B92375,1,0.4462
LL09Z94L,48 A 60,ACTIVO,,#N/D,DRAGONS,B92375,#N/D,0.5287
L80LOZZZ8,12 A 23,ACTIVO,280424.95,#N/D,SOIL,Y79G54,1,0.2979
L800494FA,12 A 23,ACTIVO,172569.2,ETHER,SPURS,Y79G54,1,0.9051
LLO8FAFALO40,12 A 23,ACTIVO,159626.51,ETHER,SOIL,Y79G54,2,0.9934
LLO0LO8404,12 A 23,ACTIVO,159626.51,GOLD,SOIL,Y79G54,2,0.1636
L90LO4FALO9,00 A 06,ACTIVO,237282.65,#N/D,VIKING ARMOUR,B92375,N,0.6403
LL800LLFA,24 A 47,activo,295524.755,GOLD,VIKING ARMOUR,Y79G54,4,0.2525
L80L0Z8FA,12 A 23,ACTIVO,209240.155,0,SPURS,JSF89A,1,0.1166
9000V0FA4,60 Y MAS,ACTIVO,504333.487,0,VIKING ARMOUR,90LD2,1,0.783
ZVZMV0V4,24 A 47,ACTIVO,150998.05,GOLD,VIKING ARMOUR,JSF89A,2,0.6722
L94LO0FAFAV,00 A 06,ACTIVO,150998.05,#N/D,SOIL,Y79G54,N,0.5193
LLZLFAL09,48 A 60,ACTIVO,301996.1,GOLD,NAVAL,B92375,4,0.0478
L9FA0449L,07 A 11,ACTIVO,237282.65,ETHER,VIKING ARMOUR,B92375,N,0.3069
L8040008,12 A 23,ACTIVO,150998.05,#N/D,SOIL,Y79G54,2,0.6382
90004LO0Z,24 A 47,ACTIVO,248068.225,0,VIKING ARMOUR,90LD2,1,0.5224
L00ZLO0V0,60 Y MAS,ACTIVO,286896.295,0,VIKING ARMOUR,B92375,4,0.8031
LLOZ8000Z,12 A 23,ACTIVO,103541.52,0,DRAGONS,B92375,2,0.9388
900890VL,60 Y MAS,ACTIVO,,#N/D,SPURS,90LD2,#N/D,0.8177
LFA400888,24 A 47,ACTIVO,170412.085,0,DRAGONS,B92375,2,0.9201
L8ZZLO4ZL,07 A 11,ACTIVO,99227.29,#N/D,DRAGONS,B92375,2,0.9373
LLO890ZMLO,12 A 23,activo,140212.475,0,DRAGONS,B92375,1,0.8419
L4LO9LO9V4,24 A 47,BAJA,258853.8,BITCOIN,NAVAL,B92375,4,0.1888
L8LFA0408,12 A 23,activo,194140.35,ETHER,SOIL,Y79G54,2,0.8298
L0880LFA8,60 Y MAS,ACTIVO,228654.19,GOLD,NAVAL,B92375,2,0.9292
L094Z4LOV,60 Y MAS,ACTIVO,250225.34,0,VIKING ARMOUR,B92375,3,0.772
LO0LO090LO0,24 A 47,ACTIVO,154018.011,0,SOIL,90LD2,2,0.6616
L9FAL8LV9,00 A 06,ACTIVO,129426.9,0,DRAGONS,JSF89A,N,0.4339
L8000V84,12 A 23,ACTIVO,350315.476,TYP2,VIKING ARMOUR,Y79G54,4,0.7964
L9LLL040,07 A 11,ACTIVO,215711.5,TYP2,SPURS,Y79G54,N,0.2972
LL49LZLFA,24 A 47,ACTIVO,159626.51,0,SOIL,Y79G54,1,0.7657
LLOLFA8FAVL,12 A 23,ACTIVO,282150.642,0,VIKING ARMOUR,JSF89A,3,0.7049
L88VLOVFA9,07 A 11,ACTIVO,345138.4,#N/D,VIKING ARMOUR,B92375,N,0.4026
LZ8Z4LFA4,24 A 47,ACTIVO,250225.34,TYP2,VIKING ARMOUR,B92375,2,0.0178
L9LLLO00Z,07 A 11,IMPAGO,181197.66,GOLD,SPURS,Y79G54,N,0.7652
LZVZZLO,00 A 06,ACTIVO,125112.67,#N/D,SPURS,Y79G54,N,0.4959
FA04FAV449,00 A 06,activo,,#N/D,VIKING ARMOUR,B92375,#N/D,0.709
L9084V0LO,07 A 11,ACTIVO,237282.65,#N/D,VIKING ARMOUR,B92375,N,0.0393
LZMZFA0LLO,12 A 23,ACTIVO,286896.295,0,VIKING ARMOUR,B92375,2,0.243
LV84LZMLO,12 A 23,IMPAGO,,#N/D,DRAGONS,B92375,#N/D,0.2919
LV0L0V,12 A 23,activo,362395.32,BITCOIN,VIKING ARMOUR,Y79G54,3,0.8445
LZ8L8800,24 A 47,ACTIVO,250225.34,0,VIKING ARMOUR,B92375,4,0.6685
LFAFALL009,24 A 47,ACTIVO,207083.04,BITCOIN,SPURS,Y79G54,4,0.7635
L8L89VZ8,07 A 11,activo,,#N/D,VIKING ARMOUR,Y79G54,#N/D,0.9868
L80ZLFA,07 A 11,ACTIVO,258853.8,#N/D,SPURS,Y79G54,2,0.2393
LZV88FA89,24 A 47,ACTIVO,250225.34,GOLD,VIKING ARMOUR,B92375,4,0.3741
LV048ZV0,12 A 23,ACTIVO,,#N/D,VIKING ARMOUR,Y79G54,#N/D,0.2931
LZZLOV8ZM,24 A 47,ACTIVO,327881.48,BITCOIN,VIKING ARMOUR,Y79G54,4,0.3692
LVV890LL,12 A 23,ACTIVO,284739.18,0,VIKING ARMOUR,Y79G54,2,0.5502
L0080VLOZ,60 Y MAS,ACTIVO,207083.04,TYP2,#N/D,#N/D,4,0.1668
LVL9ZLFA8,12 A 23,ACTIVO,207083.04,GOLD,SPURS,Y79G54,1,0.5675
LLOLLO909Z,12 A 23,ACTIVO,94913.06,GOLD,DRAGONS,JSF89A,1,0.5229
LLO0VV84L,24 A 47,ACTIVO,,#N/D,DRAGONS,Y79G54,#N/D,0.1002
L0009LFAV,60 Y MAS,ACTIVO,250225.34,BITCOIN,DRAGONS,B92375,2,0.0733
L09V0000,48 A 60,ACTIVO,103541.52,0,DRAGONS,B92375,1,0.8177
LLOFA0L9L0,12 A 23,ACTIVO,314938.79,0,VIKING ARMOUR,Y79G54,3,0.2499
FA0L8V0Z8,00 A 06,activo,250225.34,0,VIKING ARMOUR,B92375,N,0.0786
Z08LOZVV9,60 Y MAS,ACTIVO,277836.412,USD,DRAGONS,90LD2,4,0.1155
L9FA4LO0L4,00 A 06,activo,,#N/D,VIKING ARMOUR,JSF89A,#N/D,0.0742
L4L4ZFAVL,24 A 47,ACTIVO,276110.72,0,VIKING ARMOUR,Y79G54,3,0.4512
L9ZLO040L,07 A 11,ACTIVO,157469.395,TYP2,SPURS,Y79G54,N,0.4518
L0Z8FALO00,48 A 60,ACTIVO,140212.475,GOLD,DRAGONS,B92375,2,0.507
LLOZV4L,12 A 23,activo,,#N/D,VIKING ARMOUR,B92375,#N/D,0.2585
LL908FA0L,24 A 47,ACTIVO,140212.475,GOLD,DRAGONS,B92375,2,0.5123
V848VLL,60 Y MAS,BAJA,250225.34,BITCOIN,VIKING ARMOUR,B92375,4,0.8907
L808980Z,12 A 23,ACTIVO,150998.05,#N/D,SOIL,Y79G54,2,0.0042
LO04FA098L,60 Y MAS,IMPAGO,,#N/D,DRAGONS,90LD2,#N/D,0.3778
L00LO,00 A 06,ACTIVO,237282.65,#N/D,VIKING ARMOUR,B92375,N,0.4283
LLLOVZ0LO0,48 A 60,ACTIVO,470251.07,GOLD,VIKING ARMOUR,Y79G54,6,0.0803
L9FA09ZL4,07 A 11,ACTIVO,237282.65,BITCOIN,VIKING ARMOUR,B92375,N,0.6293
L9LLO0LLO4,07 A 11,ACTIVO,267050.837,0,VIKING ARMOUR,JSF89A,N,0.3732
L0LO0FAZZ0,60 Y MAS,ACTIVO,250225.34,GOLD,VIKING ARMOUR,B92375,4,0.289
V49FA90Z,60 Y MAS,BAJA,273953.605,BITCOIN,VIKING ARMOUR,B92375,2,0.4766
L08LVZ0FA,48 A 60,ACTIVO,250225.34,GOLD,VIKING ARMOUR,B92375,4,0.8954
L94L4FALO8,07 A 11,ACTIVO,168254.97,#N/D,VIKING ARMOUR,JSF89A,N,0.6453
ZVLO84L8LO,24 A 47,ACTIVO,228222.767,0,NAVAL,90LD2,4,0.3146
FA0LFA8V4Z,00 A 06,ACTIVO,189826.12,0,SPURS,Y79G54,N,0.8135
LL0904FA8,48 A 60,ACTIVO,241596.88,#N/D,SPURS,Y79G54,4,0.3241
L8ZLO00V9,07 A 11,ACTIVO,,#N/D,SPURS,Y79G54,#N/D,0.5037
LVLLLO4V4,12 A 23,ACTIVO,,#N/D,VIKING ARMOUR,B92375,#N/D,0.4702
V089LOL09,24 A 47,activo,182491.929,0,VIKING ARMOUR,90LD2,4,0.1058
LVZFALO9LO9,12 A 23,ACTIVO,310624.56,0,VIKING ARMOUR,Y79G54,3,0.4785
LLOFA008FAL,12 A 23,IMPAGO,437462.922,0,VIKING ARMOUR,Y79G54,4,0.2275
L9000Z0V,00 A 06,activo,,#N/D,SOIL,Y79G54,#N/D,0.9282
LVVFALO90Z,12 A 23,IMPAGO,135898.245,0,DRAGONS,JSF89A,2,0.7556
LZMZFA840,12 A 23,ACTIVO,286896.295,0,VIKING ARMOUR,B92375,3,0.7695
L4FA084FA4,24 A 47,ACTIVO,276110.72,0,VIKING ARMOUR,Y79G54,4,0.6166
LFA980Z94,24 A 47,ACTIVO,228654.19,0,NAVAL,B92375,1,0.221
LLO00FAL04,12 A 23,ACTIVO,420637.425,BITCOIN,VIKING ARMOUR,Y79G54,4,0.1721
L900V0ZV,07 A 11,ACTIVO,168254.97,BITCOIN,VIKING ARMOUR,JSF89A,N,0.0809
V00844L8,12 A 23,ACTIVO,232105.574,0,VIKING ARMOUR,90LD2,4,0.6164
L8ZLZ88Z,07 A 11,IMPAGO,120798.44,#N/D,SPURS,Y79G54,2,0.1624
V0LO80088,24 A 47,ACTIVO,217868.615,GOLD,VIKING ARMOUR,90LD2,4,0.2215
LO0ZLZFAFA4,24 A 47,BAJA,135898.245,0,DRAGONS,JSF89A,2,0.917
L80FAV88V,12 A 23,ACTIVO,209240.155,#N/D,SPURS,Y79G54,2,0.8928
L9L044V8,07 A 11,ACTIVO,181197.66,ETHER,SPURS,Y79G54,N,0.1235
L90490L9,07 A 11,ACTIVO,150998.05,#N/D,SOIL,Y79G54,N,0.1406
LVLOZ8Z4V,12 A 23,ACTIVO,417186.041,0,VIKING ARMOUR,Y79G54,2,0.0191
LV89Z8Z4,07 A 11,ACTIVO,273953.605,0,VIKING ARMOUR,B92375,2,0.5977
LV0LOVZFAFA,12 A 23,ACTIVO,,#N/D,VIKING ARMOUR,Y79G54,#N/D,0.9534
VFA0048,60 Y MAS,ACTIVO,160057.933,BITCOIN,DRAGONS,90LD2,2,0.1078
L908V4LO4,07 A 11,ACTIVO,99227.29,ETHER,DRAGONS,B92375,N,0.674
L0ZL0FA90,48 A 60,ACTIVO,189826.12,0,SPURS,Y79G54,3,0.9101
8000Z89L,60 Y MAS,ACTIVO,121229.863,0,DRAGONS,90LD2,1,0.7392
FA00LO8804,00 A 06,ACTIVO,250225.34,0,VIKING ARMOUR,B92375,N,0.8728
L404FA89LO,24 A 47,ACTIVO,338667.055,0,VIKING ARMOUR,B92375,4,0.7013
90LLLOFAFALO,24 A 47,ACTIVO,,#N/D,SPURS,90LD2,#N/D,0.6553
ZZ000FA8LO,60 Y MAS,ACTIVO,290779.102,GOLD,NAVAL,90LD2,4,0.4384
LLOL4VLL0,12 A 23,ACTIVO,289053.41,0,VIKING ARMOUR,Y79G54,2,0.2476
L8L0VL0LO,12 A 23,ACTIVO,273953.605,USD,VIKING ARMOUR,B92375,2,0.9547
LLOFA09FA,00 A 06,ACTIVO,159626.51,#N/D,SOIL,Y79G54,N,0.8735
L9Z9Z0,00 A 06,ACTIVO,,#N/D,VIKING ARMOUR,B92375,#N/D,0.6344
Z0ZM0440,60 Y MAS,ACTIVO,159626.51,BITCOIN,SOIL,Y79G54,2,0.0442
L80FAV0,12 A 23,ACTIVO,198454.58,#N/D,SPURS,Y79G54,2,0.1151
L9ZLOL00V,00 A 06,IMPAGO,273953.605,#N/D,VIKING ARMOUR,B92375,N,0.3572
L89008V0,00 A 06,ACTIVO,319253.02,BITCOIN,VIKING ARMOUR,Y79G54,N,0.9272
L9FAVZ4FA4,00 A 06,ACTIVO,99227.29,#N/D,SPURS,Y79G54,N,0.1066
L94Z8LLO4,00 A 06,ACTIVO,172569.2,ETHER,SPURS,JSF89A,N,0.3155
L8FA84800,07 A 11,ACTIVO,289053.41,BITCOIN,VIKING ARMOUR,Y79G54,2,0.3406
L48FA9088,24 A 47,IMPAGO,140212.475,GOLD,DRAGONS,B92375,2,0.0678
LVFA90VZFA,12 A 23,ACTIVO,,#N/D,VIKING ARMOUR,B92375,#N/D,0.0753
LLO40ZFAV0,24 A 47,ACTIVO,250225.34,0,VIKING ARMOUR,B92375,1,0.7825
LZZ4ZM00,24 A 47,activo,444365.69,ETHER,VIKING ARMOUR,Y79G54,6,0.3226
LLOZ00848,12 A 23,ACTIVO,189826.12,TYP2,SPURS,Y79G54,2,0.2043
LZ9LOFA4,24 A 47,ACTIVO,353766.86,GOLD,VIKING ARMOUR,Y79G54,4,0.007
LVV400,07 A 11,ACTIVO,99227.29,0,DRAGONS,B92375,1,0.8739
L0Z0ZFA0FA,60 Y MAS,ACTIVO,427108.77,BITCOIN,VIKING ARMOUR,Y79G54,4,0.6962
L8FA8LO9LOL,07 A 11,ACTIVO,273953.605,0,VIKING ARMOUR,B92375,2,0.9756
LVFA000FAFA,12 A 23,IMPAGO,295524.755,0,VIKING ARMOUR,Y79G54,2,0.5754
L90L9Z0Z,00 A 06,ACTIVO,616934.89,ETHER,VIKING ARMOUR,Y79G54,N,0.5128
LLZFAFA890,48 A 60,activo,140212.475,BITCOIN,DRAGONS,B92375,1,0.3807
L909084FA,07 A 11,ACTIVO,,#N/D,VIKING ARMOUR,B92375,#N/D,0.0237
L9LO08LOVFA,07 A 11,ACTIVO,217868.615,GOLD,SPURS,Y79G54,N,0.1052
L9400LO0FA,07 A 11,ACTIVO,150998.05,#N/D,SOIL,Y79G54,N,0.0921
LLOV84989,12 A 23,IMPAGO,103541.52,GOLD,DRAGONS,B92375,2,0.44
LV944LL0,07 A 11,ACTIVO,284739.18,USD,SPURS,Y79G54,2,0.7147
L9FA0884L,07 A 11,ACTIVO,362395.32,BITCOIN,VIKING ARMOUR,Y79G54,N,0.1116
LVV8V08LO,07 A 11,ACTIVO,350315.476,0,VIKING ARMOUR,Y79G54,0,0.2983
9FA9LV00,60 Y MAS,BAJA,575949.705,ETHER,VIKING ARMOUR,Y79G54,4,0.4452
V08FA4LO00,24 A 47,ACTIVO,109581.442,GOLD,NAVAL,90LD2,2,0.1637
L8LFA9V0V,12 A 23,ACTIVO,245479.687,0,VIKING ARMOUR,JSF89A,2,0.6395
V00FA9LOVL,24 A 47,BAJA,182060.506,GOLD,SPURS,90LD2,4,0.7369
LFA9V8L8L,24 A 47,activo,,#N/D,VIKING ARMOUR,Y79G54,#N/D,0.2739
LZ4FALZ90,24 A 47,activo,198454.58,0,VIKING ARMOUR,JSF89A,1,0.3351
LVLOFA8V,07 A 11,ACTIVO,157469.395,GOLD,SPURS,Y79G54,1,0.3766
L98LVV0Z,00 A 06,ACTIVO,252382.455,#N/D,VIKING ARMOUR,B92375,N,0.6813
LO0LO4VLO0V,24 A 47,ACTIVO,,#N/D,DRAGONS,90LD2,#N/D,0.9492
L9ZV0L0LO,00 A 06,ACTIVO,157469.395,#N/D,SPURS,Y79G54,N,0.2283
L8FAVLO0LFA,07 A 11,ACTIVO,237282.65,TYP2,VIKING ARMOUR,B92375,2,0.5432
L00LLLOL4,48 A 60,ACTIVO,412008.965,TYP2,VIKING ARMOUR,B92375,4,0.1418
LLOFA40FA40,12 A 23,ACTIVO,358081.09,ETHER,VIKING ARMOUR,Y79G54,4,0.4846
L4L4LFAL8,24 A 47,ACTIVO,140212.475,0,DRAGONS,B92375,1,0.5031
L89LOFA9FA0,00 A 06,ACTIVO,217868.615,ETHER,SPURS,Y79G54,N,0.0209
ZZFA4FA4,60 Y MAS,ACTIVO,92324.522,BITCOIN,DRAGONS,JSF89A,2,0.0959
VLO00840,60 Y MAS,ACTIVO,534964.52,0,VIKING ARMOUR,Y79G54,4,0.1104
900FA4009,24 A 47,activo,,#N/D,VIKING ARMOUR,90LD2,#N/D,0.3732
FA048040V,00 A 06,ACTIVO,,#N/D,SPURS,Y79G54,#N/D,0.0328
L840089V,12 A 23,IMPAGO,243753.995,#N/D,VIKING ARMOUR,B92375,1,0.888
LV94FAZLV,07 A 11,ACTIVO,301996.1,BITCOIN,VIKING ARMOUR,Y79G54,2,0.5994
LO0094VFALO,60 Y MAS,ACTIVO,314938.79,BITCOIN,VIKING ARMOUR,Y79G54,4,0.5243
Z000VLOZZ,60 Y MAS,ACTIVO,211397.27,BITCOIN,SOIL,Y79G54,4,0.4454
LVZFA0LOZ0,12 A 23,ACTIVO,286896.295,0,VIKING ARMOUR,B92375,1,0.7581
LLV8ZL0Z,24 A 47,ACTIVO,351609.745,0,VIKING ARMOUR,Y79G54,6,0.5528
LO0004Z0V,60 Y MAS,ACTIVO,176883.43,GOLD,DRAGONS,B92375,2,0.4299
ZZVLOFALO0L,60 Y MAS,ACTIVO,189826.12,GOLD,SPURS,Y79G54,4,0.5593
LLOL80LO9L,24 A 47,ACTIVO,250225.34,0,VIKING ARMOUR,B92375,1,0.8235
LLO00ZFA89,24 A 47,activo,,#N/D,VIKING ARMOUR,B92375,#N/D,0.6872
FA040980FA,00 A 06,ACTIVO,,#N/D,SPURS,Y79G54,#N/D,0.5122
L8LO9LL98,07 A 11,IMPAGO,99227.29,TYP2,DRAGONS,JSF89A,N,0.2333
L9LOZ808L,00 A 06,ACTIVO,230811.305,GOLD,SOIL,Y79G54,N,0.8283
90LLFAZ09,12 A 23,ACTIVO,,#N/D,SPURS,90LD2,#N/D,0.4085
LZ9L9800,24 A 47,ACTIVO,250225.34,GOLD,VIKING ARMOUR,B92375,2,0.0902
LLO4LO40FA8,24 A 47,ACTIVO,,#N/D,VIKING ARMOUR,B92375,#N/D,0.931
L9LLO00V9,00 A 06,ACTIVO,273953.605,GOLD,VIKING ARMOUR,B92375,N,0.933
LLO0009V0,12 A 23,ACTIVO,207083.04,0,SPURS,Y79G54,1,0.5842
LO04Z0LOZLO,60 Y MAS,ACTIVO,177746.276,0,DRAGONS,90LD2,2,0.7451
LVLL80,12 A 23,ACTIVO,150998.05,GOLD,SOIL,Y79G54,2,0.666
LLO80V08V,12 A 23,ACTIVO,250225.34,USD,VIKING ARMOUR,B92375,2,0.7511
L9V0L0V9,00 A 06,ACTIVO,99227.29,GOLD,DRAGONS,B92375,N,0.8598
L94ZLFA4V,07 A 11,IMPAGO,187669.005,#N/D,SOIL,Y79G54,N,0.8634
LVFA09V94,12 A 23,activo,,#N/D,DRAGONS,Y79G54,#N/D,0.2307
LV8VVFAFAZ,07 A 11,IMPAGO,,#N/D,DRAGONS,B92375,#N/D,0.1019
L8088ZML,07 A 11,ACTIVO,237282.65,#N/D,VIKING ARMOUR,B92375,1,0.2713
L94Z04,00 A 06,ACTIVO,150998.05,#N/D,SOIL,Y79G54,N,0.747
L90V9Z9V,00 A 06,ACTIVO,273953.605,GOLD,VIKING ARMOUR,B92375,N,0.6156
LL4V4ZFAZ,24 A 47,ACTIVO,,#N/D,SPURS,Y79G54,#N/D,0.7519
L9ZLFA0ZZ,00 A 06,ACTIVO,,#N/D,SPURS,Y79G54,#N/D,0.0418
L9ZMV0,00 A 06,ACTIVO,237282.65,#N/D,VIKING ARMOUR,B92375,N,0.5981
LV900LOLZ,12 A 23,activo,,#N/D,VIKING ARMOUR,B92375,#N/D,0.2832
900V9LFAL,07 A 11,activo,,#N/D,SPURS,90LD2,#N/D,0.4451
L80048FAV,12 A 23,activo,556967.093,TYP2,VIKING ARMOUR,Y79G54,1,0.4269
LVLOL98LV,12 A 23,ACTIVO,196297.465,TYP2,SOIL,Y79G54,2,0.7306
LZ4LVVLFA,24 A 47,ACTIVO,412008.965,0,VIKING ARMOUR,Y79G54,6,0.9203
L9LFA8V0LO,07 A 11,ACTIVO,181197.66,GOLD,SPURS,Y79G54,N,0.2742
L800Z09FA,07 A 11,ACTIVO,150998.05,GOLD,SOIL,Y79G54,2,0.9682
L90040,00 A 06,ACTIVO,209240.155,0,SPURS,JSF89A,N,0.0533
L9FAFAV089,07 A 11,ACTIVO,,#N/D,VIKING ARMOUR,B92375,#N/D,0.5994
L40LO84V8,24 A 47,ACTIVO,258853.8,0,NAVAL,B92375,4,0.4528
LVFALOV0V0,12 A 23,ACTIVO,323567.25,ETHER,VIKING ARMOUR,B92375,4,0.2208
L894FA0V8,00 A 06,ACTIVO,545750.095,#N/D,VIKING ARMOUR,Y79G54,N,0.9658
9009VFA49,12 A 23,ACTIVO,,#N/D,VIKING ARMOUR,90LD2,#N/D,0.9912
LVL4Z0VL,12 A 23,activo,,#N/D,DRAGONS,B92375,#N/D,0.7585
L9444LOVZ,00 A 06,ACTIVO,252382.455,GOLD,SPURS,Y79G54,N,0.1393
L8LLOZL,12 A 23,ACTIVO,509079.14,#N/D,VIKING ARMOUR,Y79G54,2,0.0301
L90FA0LO0V,00 A 06,IMPAGO,,#N/D,VIKING ARMOUR,Y79G54,#N/D,0.5156
LLZ9FAVV8,48 A 60,ACTIVO,159626.51,GOLD,SOIL,Y79G54,2,0.8649
LFA0FALZZ9,24 A 47,ACTIVO,335215.671,ETHER,VIKING ARMOUR,Y79G54,4,0.5287
Z0VFA04,60 Y MAS,ACTIVO,396909.16,GOLD,VIKING ARMOUR,Y79G54,4,0.9036
L0FA8Z9Z4,48 A 60,ACTIVO,424951.655,USD,VIKING ARMOUR,Y79G54,6,0.272
L8V89440,00 A 06,ACTIVO,327881.48,#N/D,#N/D,#N/D,N,0.1445
L4ZFAVFAFA0,24 A 47,IMPAGO,,#N/D,SOIL,Y79G54,#N/D,0.4077
L9LO040FAZ,07 A 11,ACTIVO,237282.65,#N/D,VIKING ARMOUR,B92375,N,0.3426
LLVZLO0VZ,24 A 47,ACTIVO,314938.79,ETHER,VIKING ARMOUR,Y79G54,4,0.8609
L8LV0VZZ,07 A 11,activo,,#N/D,DRAGONS,B92375,#N/D,0.6322
L9FAVZVLFA,00 A 06,ACTIVO,168254.97,BITCOIN,VIKING ARMOUR,JSF89A,N,0.9499
FA0ZM900LO,00 A 06,ACTIVO,,#N/D,VIKING ARMOUR,Y79G54,#N/D,0.1731
LVLO08888,12 A 23,ACTIVO,250225.34,0,VIKING ARMOUR,B92375,2,0.8157
FA004LFA,00 A 06,ACTIVO,159626.51,GOLD,SOIL,Y79G54,N,0.4401
L909V9LOL,07 A 11,ACTIVO,,#N/D,SPURS,Y79G54,#N/D,0.2947
L9LOZL4VL,00 A 06,ACTIVO,217868.615,#N/D,VIKING ARMOUR,B92375,N,0.1103
LLOZV448FA,12 A 23,ACTIVO,172569.2,BITCOIN,DRAGONS,B92375,2,0.0053
900840ZZ,24 A 47,activo,246342.533,0,VIKING ARMOUR,90LD2,2,0.5658
L9LO00L8FA,00 A 06,ACTIVO,411577.542,GOLD,DRAGONS,Y79G54,N,0.1229
L90V0Z4L,00 A 06,ACTIVO,243753.995,GOLD,VIKING ARMOUR,B92375,N,0.8837
L9V4LO9Z0,00 A 06,IMPAGO,325724.365,#N/D,VIKING ARMOUR,Y79G54,N,0.4758
L80LOV009,12 A 23,activo,377495.125,ETHER,VIKING ARMOUR,Y79G54,4,0.8818
L440Z8Z0,24 A 47,ACTIVO,358081.09,0,VIKING ARMOUR,Y79G54,4,0.9514
ZLOFA40009,60 Y MAS,ACTIVO,101815.828,GOLD,SOIL,90LD2,2,0.9754
LV0VLO00LO,12 A 23,activo,,#N/D,SPURS,Y79G54,#N/D,0.4066
L0ZLL0Z9,48 A 60,ACTIVO,273953.605,ETHER,VIKING ARMOUR,B92375,4,0.2438
L4840V8L,24 A 47,ACTIVO,103541.52,GOLD,DRAGONS,B92375,2,0.2713
L84ZM000,07 A 11,ACTIVO,349452.63,TYP2,VIKING ARMOUR,B92375,1,0.0138
LVFAFALO848,12 A 23,activo,,#N/D,DRAGONS,B92375,#N/D,0.2195
L94VZV8Z,00 A 06,ACTIVO,245479.687,BITCOIN,VIKING ARMOUR,JSF89A,N,0.3409
FA000FAFAZLO,00 A 06,ACTIVO,189826.12,0,SPURS,Y79G54,N,0.4875
L0FA9ZLOFA0,48 A 60,ACTIVO,198454.58,0,SPURS,Y79G54,4,0.6862
LV8ZM80L,07 A 11,ACTIVO,99227.29,GOLD,DRAGONS,B92375,1,0.2598
9V8FAV00,60 Y MAS,ACTIVO,301996.1,BITCOIN,VIKING ARMOUR,B92375,4,0.0256
LZ4FA4Z9Z,24 A 47,ACTIVO,310624.56,0,VIKING ARMOUR,B92375,4,0.4859
FA0LLOV09L,00 A 06,activo,250225.34,0,VIKING ARMOUR,B92375,N,0.6751
LLVZ4080,24 A 47,ACTIVO,286896.295,TYP2,VIKING ARMOUR,B92375,4,0.5769
L94FAZV0LO,00 A 06,ACTIVO,237282.65,#N/D,VIKING ARMOUR,B92375,N,0.52
V08904V0,24 A 47,ACTIVO,286896.295,0,VIKING ARMOUR,B92375,4,0.7646
LL4LO4VFAL,48 A 60,activo,399066.275,0,VIKING ARMOUR,Y79G54,3,0.4581
FA0LLL0V4,00 A 06,ACTIVO,237282.65,0,SOIL,Y79G54,N,0.5088
L9LLO890L,00 A 06,ACTIVO,237282.65,#N/D,VIKING ARMOUR,B92375,N,0.2479
LLOV40LV0,12 A 23,ACTIVO,401223.39,BITCOIN,VIKING ARMOUR,Y79G54,4,0.0011
L900FA4LOFA,00 A 06,ACTIVO,217868.615,#N/D,SPURS,Y79G54,N,0.2158
LLOLFA9LO04,24 A 47,ACTIVO,207083.04,GOLD,SPURS,Y79G54,2,0.3894
L9FA00LVZ,07 A 11,ACTIVO,393457.776,#N/D,VIKING ARMOUR,Y79G54,N,0.249
LVZ0FA000,12 A 23,ACTIVO,353766.86,BITCOIN,VIKING ARMOUR,Y79G54,3,0.2108
V0FA9V94V,60 Y MAS,ACTIVO,243753.995,BITCOIN,DRAGONS,B92375,4,0.8291
L8LO400Z9,07 A 11,ACTIVO,237282.65,#N/D,VIKING ARMOUR,B92375,2,0.2896
L89Z809L,07 A 11,ACTIVO,343844.131,#N/D,VIKING ARMOUR,Y79G54,N,0.9742
L08VVL04,48 A 60,ACTIVO,,#N/D,NAVAL,B92375,#N/D,0.0702
9000444V,60 Y MAS,activo,,#N/D,SPURS,90LD2,#N/D,0.1936
Z0FA4LOFA88,60 Y MAS,ACTIVO,120798.44,GOLD,SPURS,Y79G54,2,0.2155
LLO9L0V88,12 A 23,ACTIVO,209240.155,0,SPURS,JSF89A,3,0.7173
L908VLFA4,00 A 06,ACTIVO,393457.776,#N/D,VIKING ARMOUR,Y79G54,N,0.7806
FA00FALOZ49,00 A 06,ACTIVO,250225.34,TYP2,VIKING ARMOUR,B92375,N,0.4356
LLV980VZ,48 A 60,ACTIVO,207083.04,BITCOIN,DRAGONS,B92375,2,0.0598
L80L0890,12 A 23,ACTIVO,198454.58,GOLD,VIKING ARMOUR,B92375,2,0.0037
L8LZ44Z8,07 A 11,ACTIVO,237282.65,#N/D,VIKING ARMOUR,B92375,2,0.9499
LVFA9FA840,12 A 23,ACTIVO,407694.735,TYP2,VIKING ARMOUR,Y79G54,4,0.5325
V09FAFAL0FA,48 A 60,ACTIVO,140212.475,GOLD,DRAGONS,B92375,2,0.3149
L9L00ZVLO,00 A 06,IMPAGO,,#N/D,SPURS,Y79G54,#N/D,0.1466
L0LO048VZ,48 A 60,ACTIVO,286896.295,USD,VIKING ARMOUR,B92375,4,0.8468
LZLO8VLO0L,24 A 47,ACTIVO,250225.34,GOLD,VIKING ARMOUR,B92375,4,0.5329
LO00LLV90,60 Y MAS,ACTIVO,133741.13,0,DRAGONS,90LD2,1,0.997
L94LO0V09,00 A 06,ACTIVO,157469.395,#N/D,SPURS,Y79G54,N,0.9223
V08L9L94,60 Y MAS,activo,156175.126,BITCOIN,VIKING ARMOUR,90LD2,2,0.64
FA0FAFAFA4,00 A 06,ACTIVO,250225.34,0,VIKING ARMOUR,B92375,N,0.9273
LLZMVFA08,48 A 60,ACTIVO,196297.465,0,SOIL,Y79G54,2,0.9645
L9LZL890,07 A 11,ACTIVO,273953.605,#N/D,VIKING ARMOUR,B92375,N,0.3464
L9FAFA0ZL0,00 A 06,ACTIVO,237282.65,#N/D,VIKING ARMOUR,B92375,N,0.749
LV80LLFAL,12 A 23,activo,,#N/D,SPURS,Y79G54,#N/D,0.0258
L9FALLOFALO0,07 A 11,activo,157469.395,#N/D,SPURS,Y79G54,N,0.2263
L4009ZM9,24 A 47,ACTIVO,103541.52,0,DRAGONS,B92375,1,0.9743
L9L0LO44L,00 A 06,ACTIVO,150998.05,TYP2,SOIL,Y79G54,N,0.0046
L4VL80,24 A 47,ACTIVO,159626.51,0,SOIL,Y79G54,2,0.3661
L09LZFA,00 A 06,ACTIVO,189826.12,#N/D,SPURS,Y79G54,N,0.1452
FA0LFAL9VFA,00 A 06,ACTIVO,159626.51,0,SOIL,Y79G54,N,0.7342
L0009LOFA8,60 Y MAS,ACTIVO,412008.965,ETHER,VIKING ARMOUR,B92375,6,0.5355
L8L4V90FA,12 A 23,ACTIVO,172569.2,GOLD,SPURS,Y79G54,2,0.6007
80LFALVVL,60 Y MAS,ACTIVO,,#N/D,VIKING ARMOUR,B92375,#N/D,0.3283
80L8FAZMFA,60 Y MAS,BAJA,223908.537,0,DRAGONS,90LD2,2,0.9908
L080L08V,48 A 60,ACTIVO,207083.04,BITCOIN,SPURS,Y79G54,4,0.0414
LLOLZZ0FA4,24 A 47,ACTIVO,489665.105,0,VIKING ARMOUR,Y79G54,4,0.8546
LLO0LO0LO49,24 A 47,ACTIVO,278267.835,0,SPURS,Y79G54,3,0.5194
LO0FAZVV9Z,60 Y MAS,ACTIVO,223908.537,0,DRAGONS,90LD2,3,0.182
LLL8ZL9V,24 A 47,ACTIVO,159626.51,BITCOIN,SOIL,Y79G54,2,0.0236
L9FALO0FA,07 A 11,activo,,#N/D,SOIL,Y79G54,#N/D,0.1705
LLOZVLO800,12 A 23,ACTIVO,513393.37,GOLD,VIKING ARMOUR,Y79G54,4,0.3757
LLO9Z0Z0Z,12 A 23,ACTIVO,,#N/D,SPURS,Y79G54,#N/D,0.4812
L98FA84,00 A 06,activo,237282.65,0,VIKING ARMOUR,B92375,N,0.3622
FA0FA8489FA,00 A 06,activo,,#N/D,SOIL,Y79G54,#N/D,0.5995
940LO09V,60 Y MAS,ACTIVO,437894.345,ETHER,VIKING ARMOUR,Y79G54,6,0.7133
LVVLLL4FA,12 A 23,activo,,#N/D,VIKING ARMOUR,B92375,#N/D,0.029
L84VLLO40,07 A 11,activo,,#N/D,VIKING ARMOUR,Y79G54,#N/D,0.5544
L9ZFAV088,00 A 06,ACTIVO,,#N/D,VIKING ARMOUR,B92375,#N/D,0.0084
LLO49440Z,12 A 23,ACTIVO,286896.295,0,VIKING ARMOUR,B92375,1,0.0407
L9FALO089V,00 A 06,ACTIVO,282582.065,0,VIKING ARMOUR,JSF89A,N,0.4066
L9L8VZL4,00 A 06,ACTIVO,125112.67,#N/D,VIKING ARMOUR,JSF89A,N,0.8366
L8LL4LOLZ,07 A 11,ACTIVO,237282.65,#N/D,VIKING ARMOUR,B92375,2,0.6274
Z09449L0,60 Y MAS,ACTIVO,138486.783,GOLD,SOIL,90LD2,2,0.5951
L800LO989,07 A 11,ACTIVO,172569.2,GOLD,SPURS,Y79G54,2,0.341
L8FAV0L9LO,12 A 23,ACTIVO,187669.005,#N/D,SOIL,Y79G54,2,0.9056
LV808V08,07 A 11,ACTIVO,230811.305,BITCOIN,VIKING ARMOUR,B92375,2,0.9606
L4FALFAL04,24 A 47,ACTIVO,237282.65,BITCOIN,VIKING ARMOUR,B92375,2,0.3975
LV90Z000,07 A 11,ACTIVO,211397.27,ETHER,SPURS,Y79G54,2,0.9817
L8FALLOZVLO,07 A 11,ACTIVO,237282.65,ETHER,VIKING ARMOUR,B92375,2,0.2174
L049VL0FA,60 Y MAS,ACTIVO,,#N/D,VIKING ARMOUR,Y79G54,#N/D,0.6207
L88VLOZ0L,00 A 06,activo,,#N/D,DRAGONS,B92375,#N/D,0.1028
LV0008LO8,12 A 23,IMPAGO,207083.04,GOLD,SPURS,Y79G54,2,0.7938
FA0Z0LO9LL,00 A 06,IMPAGO,,#N/D,SPURS,Y79G54,#N/D,0.2773
L9FAFA0Z0L,00 A 06,ACTIVO,237282.65,#N/D,VIKING ARMOUR,B92375,N,0.4043
L80L848Z,07 A 11,ACTIVO,371023.78,#N/D,VIKING ARMOUR,Y79G54,2,0.6316
LZ9Z9VLZ,24 A 47,IMPAGO,103541.52,BITCOIN,DRAGONS,B92375,2,0.8165
V00V8890,48 A 60,ACTIVO,240302.611,0,VIKING ARMOUR,90LD2,4,0.6759
L89FALO9FA0,00 A 06,ACTIVO,194140.35,ETHER,VIKING ARMOUR,B92375,N,0.065
9000L004,12 A 23,activo,,#N/D,SPURS,90LD2,#N/D,0.1667
L94LFA0FALO,00 A 06,ACTIVO,,#N/D,DRAGONS,JSF89A,N,0.1221
ZZ0LO94LLO,60 Y MAS,ACTIVO,149272.358,GOLD,SOIL,90LD2,2,0.0508
LLO08ZLZ4,24 A 47,ACTIVO,189826.12,0,DRAGONS,Y79G54,1,0.0745
L8FAVZFAZ0,12 A 23,ACTIVO,273953.605,GOLD,VIKING ARMOUR,B92375,1,0.551
Z04FA49VZ,60 Y MAS,ACTIVO,377495.125,GOLD,VIKING ARMOUR,B92375,4,0.1768
L9V08Z40,00 A 06,ACTIVO,207083.04,BITCOIN,VIKING ARMOUR,B92375,N,0.9183
LLVFAL0ZFA,24 A 47,ACTIVO,159626.51,#N/D,SOIL,Y79G54,2,0.8391
FA0FAVZVFA9,00 A 06,activo,250225.34,0,VIKING ARMOUR,B92375,N,0.8096
L90FA9004,00 A 06,ACTIVO,172569.2,0,SPURS,JSF89A,N,0.8449
L9FAZM4ZL,07 A 11,ACTIVO,159626.51,#N/D,VIKING ARMOUR,B92375,N,0.5739
L8LOL4LZM,07 A 11,ACTIVO,120798.44,#N/D,SPURS,Y79G54,1,0.2043
L8FALO90LO0,12 A 23,ACTIVO,181197.66,#N/D,SPURS,Y79G54,1,0.1581
L090404L,60 Y MAS,ACTIVO,394752.045,TYP2,VIKING ARMOUR,Y79G54,6,0.4098
L0080V44,48 A 60,ACTIVO,140212.475,TYP2,DRAGONS,B92375,2,0.4383
L894VLLO0,00 A 06,activo,,#N/D,VIKING ARMOUR,B92375,#N/D,0.6417
LV4VZ808,12 A 23,IMPAGO,364552.435,TYP2,VIKING ARMOUR,Y79G54,4,0.6091
LZ90LOVLLO,24 A 47,activo,159626.51,GOLD,SOIL,Y79G54,2,0.9137
LFAFA9L8,24 A 47,ACTIVO,,#N/D,SPURS,Y79G54,#N/D,0.405
LVZFA4FAL0,12 A 23,ACTIVO,347295.515,GOLD,VIKING ARMOUR,Y79G54,4,0.6718
LLO0080VFA,24 A 47,ACTIVO,,#N/D,VIKING ARMOUR,B92375,#N/D,0.1766
LFA808900,24 A 47,ACTIVO,,#N/D,NAVAL,B92375,#N/D,0.9649
V9FA98VFA,60 Y MAS,ACTIVO,286896.295,0,VIKING ARMOUR,B92375,4,0.2676
V009Z989,24 A 47,ACTIVO,195434.619,0,VIKING ARMOUR,90LD2,4,0.4252
L90L0ZL9,07 A 11,ACTIVO,187669.005,#N/D,SOIL,Y79G54,N,0.5804
80LOZ0V,60 Y MAS,ACTIVO,189826.12,BITCOIN,SPURS,Y79G54,4,0.9114
LVL88880,12 A 23,activo,,#N/D,DRAGONS,B92375,#N/D,0.1563
L4FAV4V08,24 A 47,activo,267482.26,GOLD,VIKING ARMOUR,B92375,4,0.6196
LVVVLOZ,00 A 06,ACTIVO,405537.62,0,VIKING ARMOUR,Y79G54,N,0.9183
LVFAVFALO,07 A 11,ACTIVO,,#N/D,VIKING ARMOUR,B92375,#N/D,0.2548
L8LZZVZ8,12 A 23,ACTIVO,135898.245,GOLD,DRAGONS,B92375,2,0.6125
LV9ZFAL48,12 A 23,ACTIVO,99227.29,0,DRAGONS,B92375,1,0.375
L9400Z0FA,00 A 06,ACTIVO,224339.96,BITCOIN,SPURS,Y79G54,N,0.8583
LO04FALLOL0,48 A 60,ACTIVO,308036.022,0,VIKING ARMOUR,90LD2,6,0.277
48V0LZM,60 Y MAS,ACTIVO,201043.118,BITCOIN,DRAGONS,90LD2,2,0.8443
LLO09409LO,12 A 23,ACTIVO,263168.03,0,DRAGONS,Y79G54,1,0.7508
L8LFAZLZ4,07 A 11,ACTIVO,166097.855,0,DRAGONS,JSF89A,2,0.5158
L909Z0,00 A 06,ACTIVO,237282.65,#N/D,VIKING ARMOUR,B92375,N,0.3023
L8VZL0L9,00 A 06,ACTIVO,217868.615,#N/D,SPURS,Y79G54,N,0.7638
L9FAZ4FAV0,07 A 11,activo,273953.605,ETHER,VIKING ARMOUR,B92375,N,0.5736
LLOVLZ0Z8,12 A 23,ACTIVO,250225.34,ETHER,VIKING ARMOUR,B92375,2,0.5605
LL0Z808LO,48 A 60,ACTIVO,,#N/D,SOIL,B92375,#N/D,0.3652
LLOFA8LVZL,12 A 23,ACTIVO,392594.93,0,VIKING ARMOUR,B92375,4,0.9911
Z00FALO404,60 Y MAS,ACTIVO,250225.34,0,VIKING ARMOUR,B92375,4,0.8681
FA0FA400LO0,00 A 06,activo,129426.9,0,DRAGONS,JSF89A,N,0.9175
L8L08ZLO8,07 A 11,ACTIVO,273953.605,#N/D,VIKING ARMOUR,B92375,2,0.2889
L80Z0FAL9,12 A 23,ACTIVO,237282.65,USD,VIKING ARMOUR,B92375,2,0.4757
L898ZVFA4,00 A 06,ACTIVO,380515.086,#N/D,VIKING ARMOUR,Y79G54,N,0.3649
L80LO0L,00 A 06,ACTIVO,237282.65,#N/D,VIKING ARMOUR,B92375,N,0.1813
L94LLO49L,00 A 06,ACTIVO,196297.465,#N/D,VIKING ARMOUR,B92375,N,0.2895
LZZMZM09,24 A 47,ACTIVO,,#N/D,VIKING ARMOUR,Y79G54,#N/D,0.7526
LFALOV90,00 A 06,IMPAGO,189826.12,#N/D,SPURS,Y79G54,N,0.1961
LV00Z80L,12 A 23,ACTIVO,189826.12,ETHER,SPURS,Y79G54,2,0.1247
V0LFALO090,60 Y MAS,ACTIVO,176883.43,0,DRAGONS,B92375,1,0.504
LVL9L0FA4,12 A 23,ACTIVO,528493.175,0,VIKING ARMOUR,Y79G54,3,0.0952
LL48040V,24 A 47,ACTIVO,276110.72,#N/D,NAVAL,B92375,4,0.1258
LLOLZFA9LOL,12 A 23,ACTIVO,353766.86,0,VIKING ARMOUR,Y79G54,4,0.9267
LLO4FA4Z94,12 A 23,activo,,#N/D,SPURS,Y79G54,#N/D,0.9096
L9LOFA9848,00 A 06,ACTIVO,,#N/D,SPURS,Y79G54,#N/D,0.9047
L84ZFA0,07 A 11,ACTIVO,237282.65,#N/D,VIKING ARMOUR,B92375,2,0.7145
L9FAZ4FAV0,00 A 06,ACTIVO,273953.605,ETHER,VIKING ARMOUR,B92375,N,0.4208
L89LOFAL,00 A 06,ACTIVO,261010.915,0,SPURS,Y79G54,N,0.352
LLLOLVV09,24 A 47,ACTIVO,103541.52,0,DRAGONS,B92375,2,0.1673
L8VL809FA,07 A 11,ACTIVO,,#N/D,VIKING ARMOUR,B92375,#N/D,0.8365
LLOV09L,12 A 23,ACTIVO,,#N/D,VIKING ARMOUR,B92375,#N/D,0.8868
LV08Z808,12 A 23,activo,,#N/D,VIKING ARMOUR,Y79G54,#N/D,0.1307
L9V0FALFA0,00 A 06,activo,187669.005,#N/D,SOIL,Y79G54,N,0.497
9LO09L4L,60 Y MAS,activo,,#N/D,VIKING ARMOUR,B92375,#N/D,0.1561
L9ZVLVLOFA,00 A 06,ACTIVO,138055.36,GOLD,SPURS,JSF89A,N,0.9695
L94L40Z0,07 A 11,ACTIVO,273953.605,#N/D,VIKING ARMOUR,B92375,N,0.2786
L80V8V00,12 A 23,ACTIVO,181197.66,GOLD,SPURS,Y79G54,2,0.6094
LOZ89V08,60 Y MAS,ACTIVO,298544.716,BITCOIN,DRAGONS,90LD2,2,0.5249
LO0LOFA04ZZ,48 A 60,ACTIVO,92324.522,0,DRAGONS,90LD2,2,0.6719
V00FAZLO0V,60 Y MAS,ACTIVO,126838.362,0,DRAGONS,90LD2,2,0.1291
LVL0FALOZ8,12 A 23,ACTIVO,140212.475,GOLD,DRAGONS,B92375,2,0.2579
LLOLZFA0LO0,12 A 23,ACTIVO,286896.295,0,VIKING ARMOUR,B92375,1,0.0793
8004L00FA,48 A 60,ACTIVO,200180.272,0,DRAGONS,90LD2,2,0.7281
L840LOLLLO,07 A 11,IMPAGO,181197.66,#N/D,SPURS,Y79G54,2,0.8772
L9L0LO844,07 A 11,ACTIVO,99227.29,#N/D,DRAGONS,B92375,N,0.322
LV9LO9008,07 A 11,ACTIVO,273953.605,GOLD,VIKING ARMOUR,B92375,2,0.2594
L9FA8ZV49,07 A 11,ACTIVO,347295.515,#N/D,VIKING ARMOUR,Y79G54,N,0.5779
FA0L88LO,00 A 06,ACTIVO,223477.114,0,VIKING ARMOUR,JSF89A,N,0.9858
L9L0LO44L,07 A 11,ACTIVO,150998.05,TYP2,SOIL,Y79G54,N,0.1213
L8LFA4ZVFA,07 A 11,ACTIVO,209240.155,GOLD,VIKING ARMOUR,B92375,1,0.0328
FA009VZZ8,00 A 06,IMPAGO,215711.5,0,SPURS,Y79G54,N,0.2419
800FA0L89,24 A 47,ACTIVO,121229.863,0,DRAGONS,90LD2,2,0.3454
FA0008044,00 A 06,activo,159626.51,#N/D,SOIL,Y79G54,N,0.1274
L09V4LO04,48 A 60,ACTIVO,351609.745,0,VIKING ARMOUR,Y79G54,6,0.8552
9ZM4LOZZ,60 Y MAS,ACTIVO,250225.34,ETHER,VIKING ARMOUR,B92375,4,0.7632
L800ZLO,12 A 23,activo,135898.245,#N/D,DRAGONS,B92375,2,0.2587
L900FALO89,00 A 06,ACTIVO,368866.665,#N/D,VIKING ARMOUR,Y79G54,N,0.3351
L98V9ZV0,00 A 06,BAJA,150998.05,0,SPURS,JSF89A,N,0.4186
L0Z04LO,48 A 60,ACTIVO,198454.58,BITCOIN,SPURS,Y79G54,4,0.4486
L9LOZ00FA9,00 A 06,IMPAGO,181197.66,#N/D,SPURS,Y79G54,N,0.6583
L94L890LO,00 A 06,ACTIVO,237282.65,#N/D,VIKING ARMOUR,B92375,N,0.6437
L9LO0FAVZZ,00 A 06,ACTIVO,181197.66,BITCOIN,SPURS,Y79G54,N,0.2835
L8880400,00 A 06,ACTIVO,273953.605,TYP2,VIKING ARMOUR,B92375,N,0.8773
L0880LOL0,60 Y MAS,ACTIVO,103541.52,0,DRAGONS,B92375,2,0.7281
L908008Z,07 A 11,ACTIVO,159626.51,#N/D,VIKING ARMOUR,B92375,N,0.5122
L9LO9FA0,00 A 06,ACTIVO,312781.675,#N/D,VIKING ARMOUR,B92375,N,0.2453
V040Z040,60 Y MAS,ACTIVO,314938.79,BITCOIN,VIKING ARMOUR,Y79G54,4,0.18
LVLOFAL0FAV,12 A 23,IMPAGO,,#N/D,SPURS,Y79G54,#N/D,0.1604
LLO08LO8FAL,12 A 23,ACTIVO,323567.25,ETHER,VIKING ARMOUR,B92375,3,0.7015
L80Z9FALV,07 A 11,ACTIVO,295524.755,TYP2,VIKING ARMOUR,Y79G54,2,0.0843
LLOVLLOL0V,12 A 23,ACTIVO,459465.495,BITCOIN,VIKING ARMOUR,Y79G54,4,0.278
L0LO008,00 A 06,activo,250225.34,#N/D,VIKING ARMOUR,B92375,N,0.377
L8V8VFALOFA,07 A 11,ACTIVO,273953.605,#N/D,VIKING ARMOUR,B92375,N,0.8254
L8L88VFAZ,12 A 23,ACTIVO,172569.2,#N/D,SPURS,Y79G54,1,0.2625
L900L090,00 A 06,ACTIVO,187669.005,#N/D,SOIL,Y79G54,N,0.0101
L900Z94V,00 A 06,ACTIVO,181197.66,#N/D,SPURS,Y79G54,N,0.1483
LLOZVZFA89,12 A 23,ACTIVO,351609.745,0,VIKING ARMOUR,Y79G54,3,0.0926
L90V4VVFA,00 A 06,ACTIVO,280424.95,BITCOIN,VIKING ARMOUR,Y79G54,N,0.9741
LLOZ40004,24 A 47,ACTIVO,140212.475,GOLD,DRAGONS,B92375,2,0.5143
80LL0V0FA,48 A 60,ACTIVO,93187.368,0,DRAGONS,90LD2,1,0.0637
L9ZLOVZ88,00 A 06,ACTIVO,289053.41,#N/D,VIKING ARMOUR,Y79G54,N,0.6709
LL8VVLZLO,24 A 47,ACTIVO,103541.52,0,DRAGONS,B92375,1,0.9953
ZZZ00040,60 Y MAS,ACTIVO,265325.145,BITCOIN,NAVAL,B92375,4,0.2388
L80L4LLO0,07 A 11,ACTIVO,172569.2,#N/D,SPURS,Y79G54,1,0.1962
L9488FAL9,00 A 06,activo,,#N/D,VIKING ARMOUR,B92375,#N/D,0.1539
Z04L8LVL,60 Y MAS,ACTIVO,408557.581,BITCOIN,NAVAL,90LD2,4,0.6678
L4LFALLOZ4,24 A 47,activo,133741.13,0,DRAGONS,B92375,0,0.9064
LV9ZMFA98,12 A 23,ACTIVO,273953.605,BITCOIN,VIKING ARMOUR,B92375,2,0.0353
FA0VV,60 Y MAS,ACTIVO,140212.475,TYP2,DRAGONS,B92375,2,0.3382
LVFA0FA9,00 A 06,ACTIVO,125112.67,#N/D,SPURS,Y79G54,N,0.2568
LVV89VV0,12 A 23,ACTIVO,198454.58,0,SPURS,Y79G54,1,0.8804
80L0FA404,60 Y MAS,ACTIVO,208808.732,TYP2,SPURS,90LD2,4,0.1117
L0FAV9FA09,48 A 60,ACTIVO,269639.375,0,DRAGONS,Y79G54,3,0.2466
9Z98FA44,60 Y MAS,ACTIVO,,#N/D,VIKING ARMOUR,Y79G54,#N/D,0.0782
FA00V0FA09,00 A 06,ACTIVO,250225.34,0,VIKING ARMOUR,B92375,N,0.4387
L8FAL9Z40,12 A 23,ACTIVO,,#N/D,VIKING ARMOUR,B92375,#N/D,0.0975
LFAVV840V,24 A 47,ACTIVO,202768.81,0,NAVAL,B92375,1,0.1646
900940FA4,60 Y MAS,ACTIVO,,#N/D,VIKING ARMOUR,90LD2,#N/D,0.0641
L0V0V000,48 A 60,ACTIVO,502176.372,GOLD,VIKING ARMOUR,Y79G54,4,0.7547
L8L8ZZ40,07 A 11,activo,273953.605,#N/D,VIKING ARMOUR,B92375,2,0.3761
LV9Z4FA9FA,07 A 11,activo,273953.605,ETHER,VIKING ARMOUR,B92375,2,0.9788
L8VZ800V,00 A 06,ACTIVO,187669.005,BITCOIN,SOIL,Y79G54,N,0.9898
L889LV0LO,07 A 11,ACTIVO,181197.66,0,SPURS,Y79G54,N,0.5347
L9FA00VLOV,07 A 11,ACTIVO,,#N/D,VIKING ARMOUR,B92375,#N/D,0.9118
LLOVFA09LOZ,12 A 23,activo,250225.34,0,VIKING ARMOUR,B92375,1,0.4534
L008V0ZV,48 A 60,ACTIVO,140212.475,GOLD,DRAGONS,B92375,2,0.5075
VLFA809LO,60 Y MAS,ACTIVO,198454.58,BITCOIN,SPURS,Y79G54,4,0.9429
L8FA9LO004,12 A 23,ACTIVO,129426.9,0,DRAGONS,JSF89A,2,0.4609
L9L04Z0L,07 A 11,ACTIVO,211397.27,BITCOIN,SPURS,Y79G54,N,0.5134
L0800LVFA,48 A 60,ACTIVO,207083.04,0,SPURS,Y79G54,4,0.8423
L8FA80LO9FA,07 A 11,ACTIVO,273953.605,#N/D,VIKING ARMOUR,Y79G54,2,0.9156
L800V80LO,07 A 11,ACTIVO,200611.695,GOLD,VIKING ARMOUR,B92375,2,0.4367
Z0FA0FA0Z8,60 Y MAS,IMPAGO,,#N/D,DRAGONS,B92375,#N/D,0.512
V89LO484,60 Y MAS,activo,351609.745,0,VIKING ARMOUR,Y79G54,6,0.0183
L0FA0Z0ZLO,60 Y MAS,ACTIVO,412008.965,ETHER,VIKING ARMOUR,B92375,4,0.0492
L9044V0LO,00 A 06,ACTIVO,,#N/D,SOIL,Y79G54,N,0.4283
LV0Z0ZV4,12 A 23,activo,,#N/D,VIKING ARMOUR,B92375,#N/D,0.4222
LZ0VZZFAZ,24 A 47,ACTIVO,336509.94,BITCOIN,VIKING ARMOUR,Y79G54,4,0.5804
LO0Z984V8,24 A 47,ACTIVO,239871.188,0,VIKING ARMOUR,90LD2,4,0.8843
LLOFAL4Z9V,12 A 23,ACTIVO,273953.605,GOLD,VIKING ARMOUR,B92375,2,0.1623
L8FAFAFA4V8,07 A 11,ACTIVO,237282.65,0,VIKING ARMOUR,B92375,2,0.9308
V00FA4FALO4,48 A 60,ACTIVO,204063.079,0,NAVAL,90LD2,2,0.4705
L08LO94,48 A 60,ACTIVO,196297.465,BITCOIN,SOIL,Y79G54,2,0.9744
LLO0LLOZV4,12 A 23,ACTIVO,539278.75,ETHER,VIKING ARMOUR,Y79G54,4,0.3944
L9V44L08,00 A 06,ACTIVO,265325.145,#N/D,SOIL,Y79G54,N,0.6415
LVFA8VV,12 A 23,ACTIVO,312781.675,0,VIKING ARMOUR,Y79G54,4,0.3509
LFA48V8ZLO,24 A 47,ACTIVO,286896.295,ETHER,VIKING ARMOUR,B92375,4,0.9573
L49FALO4L0,24 A 47,activo,,#N/D,NAVAL,B92375,#N/D,0.7996
L90LOLLO,07 A 11,ACTIVO,217868.615,GOLD,VIKING ARMOUR,B92375,N,0.9518
L0LV9LLO0,48 A 60,ACTIVO,,#N/D,SPURS,Y79G54,#N/D,0.6226
L8ZZLO004,07 A 11,activo,187669.005,0,SOIL,Y79G54,2,0.8215
LV400L,07 A 11,ACTIVO,273953.605,GOLD,VIKING ARMOUR,B92375,2,0.1849
L8V4FALV0,07 A 11,activo,,#N/D,VIKING ARMOUR,Y79G54,#N/D,0.2777
849LV49,60 Y MAS,ACTIVO,237282.65,BITCOIN,VIKING ARMOUR,B92375,2,0.7334
900FA80LL,60 Y MAS,ACTIVO,,#N/D,SPURS,90LD2,#N/D,0.8767
LO04LOLVVL,60 Y MAS,ACTIVO,223908.537,0,DRAGONS,90LD2,4,0.9394
L9L44L90,00 A 06,ACTIVO,187669.005,GOLD,SOIL,Y79G54,N,0.6496
L44L8ZZZ,24 A 47,activo,,#N/D,SOIL,Y79G54,#N/D,0.148
L880FALV4,07 A 11,ACTIVO,150998.05,#N/D,SOIL,Y79G54,N,0.9655
L9ZML8FA8,00 A 06,ACTIVO,120798.44,0,SPURS,Y79G54,N,0.6962
L940FAFA40,00 A 06,ACTIVO,237282.65,#N/D,VIKING ARMOUR,B92375,N,0.2289
L840LOLLLO,07 A 11,activo,181197.66,#N/D,SPURS,Y79G54,2,0.4811
LLOZZ09L8,24 A 47,ACTIVO,189826.12,ETHER,SPURS,Y79G54,2,0.7999
L80FA9008,12 A 23,ACTIVO,414166.08,BITCOIN,VIKING ARMOUR,Y79G54,2,0.3529
LLO9889LO4,12 A 23,ACTIVO,250225.34,0,VIKING ARMOUR,B92375,2,0.5522
V0890,60 Y MAS,ACTIVO,258853.8,0,VIKING ARMOUR,Y79G54,2,0.2806
L8ZM8LL0,07 A 11,ACTIVO,,#N/D,VIKING ARMOUR,Y79G54,#N/D,0.1734
FA0084L9V,00 A 06,ACTIVO,250225.34,#N/D,VIKING ARMOUR,B92375,N,0.44
L9FAVFA000,00 A 06,ACTIVO,187669.005,#N/D,SOIL,Y79G54,N,0.0926
LO04V80Z0,60 Y MAS,ACTIVO,360238.205,0,VIKING ARMOUR,B92375,3,0.7963
90L40LOLL,00 A 06,activo,,#N/D,SPURS,90LD2,#N/D,0.5003
L0040ZVLO,48 A 60,ACTIVO,,#N/D,VIKING ARMOUR,B92375,#N/D,0.8928
L0Z0FAVFALO,60 Y MAS,ACTIVO,,#N/D,SPURS,Y79G54,#N/D,0.2779
LV00L9LL,12 A 23,ACTIVO,241596.88,GOLD,SPURS,Y79G54,4,0.9142
L9ZZLOLVFA,00 A 06,ACTIVO,280424.95,BITCOIN,VIKING ARMOUR,Y79G54,N,0.1453
980Z4V4,60 Y MAS,ACTIVO,198454.58,0,SPURS,Y79G54,3,0.6552
L80ZLO8LOFA,07 A 11,ACTIVO,150998.05,GOLD,SOIL,Y79G54,1,0.4556
L94Z9LO00,00 A 06,ACTIVO,237282.65,BITCOIN,VIKING ARMOUR,B92375,N,0.0784
LLO80LO89Z,12 A 23,ACTIVO,278267.835,GOLD,SPURS,Y79G54,4,0.4298
L0ZL9LZLO,48 A 60,ACTIVO,471113.916,BITCOIN,DRAGONS,Y79G54,2,0.8835
LV090944,12 A 23,ACTIVO,327881.48,BITCOIN,VIKING ARMOUR,Y79G54,4,0.0441
LV9LVZ0Z,07 A 11,activo,,#N/D,SPURS,Y79G54,#N/D,0.0791
L9040V00,00 A 06,ACTIVO,237282.65,#N/D,VIKING ARMOUR,B92375,N,0.4713
LZFAZZZ0L,24 A 47,ACTIVO,243753.995,0,SPURS,Y79G54,3,0.672
V0LOVL9LO9,24 A 47,ACTIVO,340824.17,TYP2,VIKING ARMOUR,Y79G54,4,0.5397
L0FA89098,60 Y MAS,ACTIVO,323567.25,GOLD,VIKING ARMOUR,B92375,4,0.8162
Z0FALFAV8FA,60 Y MAS,ACTIVO,457308.38,BITCOIN,VIKING ARMOUR,Y79G54,4,0.5597
L8L0Z480,07 A 11,ACTIVO,209240.155,GOLD,SPURS,Y79G54,1,0.0001
FA0LZ9898,00 A 06,activo,189826.12,0,SPURS,Y79G54,N,0.9809
L800LOV09,12 A 23,ACTIVO,304153.215,BITCOIN,VIKING ARMOUR,B92375,4,0.1299
LZMLOL80LO,12 A 23,IMPAGO,159626.51,BITCOIN,SOIL,Y79G54,2,0.3028
LZ0L9VLOZ,24 A 47,activo,739459.022,ETHER,VIKING ARMOUR,Y79G54,6,0.1432
L8LOFAL900,07 A 11,ACTIVO,150998.05,GOLD,SOIL,Y79G54,2,0.8732
LLOFA0LO094,24 A 47,ACTIVO,286896.295,0,VIKING ARMOUR,B92375,0,0.8057
L880LO840,00 A 06,ACTIVO,273953.605,#N/D,VIKING ARMOUR,B92375,N,0.9403
L9040LOFA9,07 A 11,ACTIVO,237282.65,BITCOIN,VIKING ARMOUR,B92375,N,0.1773
LV8L809LO,07 A 11,ACTIVO,187669.005,TYP2,SOIL,Y79G54,2,0.5739
LLOFAZFA40Z,12 A 23,ACTIVO,273953.605,GOLD,VIKING ARMOUR,B92375,2,0.2422
LLOFALO08LOV,24 A 47,ACTIVO,243753.995,ETHER,SPURS,Y79G54,4,0.9483
LLZVFAZZM,48 A 60,ACTIVO,424951.655,TYP2,VIKING ARMOUR,Y79G54,6,0.6926
LLOLZVFAFAFA,12 A 23,ACTIVO,250225.34,GOLD,VIKING ARMOUR,B92375,2,0.1362
LLZ0VLO0Z,24 A 47,ACTIVO,286896.295,0,VIKING ARMOUR,B92375,4,0.8182
L9ZV0Z94,00 A 06,ACTIVO,157469.395,#N/D,SPURS,Y79G54,N,0.2214
L4V98LO8L,24 A 47,ACTIVO,172569.2,0,DRAGONS,B92375,2,0.5539
LLO80V0,12 A 23,ACTIVO,286896.295,0,VIKING ARMOUR,B92375,4,0.1188
LO0LO0FAL4LO,24 A 47,ACTIVO,135898.245,0,DRAGONS,90LD2,2,0.1176
LO0FAZM4VV,60 Y MAS,ACTIVO,273953.605,BITCOIN,VIKING ARMOUR,B92375,2,0.9445
L8V400V0,07 A 11,ACTIVO,217868.615,#N/D,SPURS,Y79G54,N,0.677
L8FA0Z0VLO,07 A 11,ACTIVO,394752.045,#N/D,VIKING ARMOUR,Y79G54,4,0.9628
L4Z0FALO0V,24 A 47,ACTIVO,,#N/D,VIKING ARMOUR,B92375,#N/D,0.0667
L8VLZ80V,07 A 11,ACTIVO,181197.66,#N/D,SPURS,Y79G54,N,0.0902
L0LO0LO948,60 Y MAS,ACTIVO,103541.52,GOLD,DRAGONS,B92375,2,0.828
L9LO44890,00 A 06,ACTIVO,245479.687,GOLD,VIKING ARMOUR,JSF89A,N,0.0673
LVLO08948,12 A 23,ACTIVO,412008.965,GOLD,VIKING ARMOUR,Y79G54,4,0.0238
LVZMFAV90,12 A 23,ACTIVO,310624.56,0,VIKING ARMOUR,Y79G54,1,0.9801
L80LO0LLV,07 A 11,ACTIVO,409851.85,#N/D,VIKING ARMOUR,Y79G54,2,0.4011
9000L498,24 A 47,activo,,#N/D,SPURS,90LD2,#N/D,0.0876
LLOL80V0V,12 A 23,ACTIVO,310624.56,0,VIKING ARMOUR,Y79G54,4,0.7198
L880094L,00 A 06,ACTIVO,368866.665,#N/D,VIKING ARMOUR,Y79G54,N,0.121
LVLFAVVLZ,12 A 23,ACTIVO,194140.35,0,DRAGONS,JSF89A,2,0.9601
L9LVZFALOZ,07 A 11,ACTIVO,258853.8,#N/D,SPURS,Y79G54,N,0.8997
L9048VLFA,00 A 06,ACTIVO,207083.04,#N/D,VIKING ARMOUR,B92375,N,0.4436
L94ZZ908,07 A 11,IMPAGO,181197.66,#N/D,SPURS,Y79G54,N,0.7647
LLOLZFALOZV,12 A 23,ACTIVO,619092.005,ETHER,VIKING ARMOUR,Y79G54,4,0.6958
LLOLZL0Z9,24 A 47,ACTIVO,280424.95,BITCOIN,VIKING ARMOUR,B92375,4,0.5205
L9LO0LLO08,00 A 06,ACTIVO,120798.44,#N/D,SPURS,Y79G54,N,0.3761
FA04L0808,00 A 06,activo,,#N/D,SOIL,Y79G54,#N/D,0.6882
LVZ889,07 A 11,ACTIVO,237282.65,ETHER,VIKING ARMOUR,B92375,2,0.6992
L94V0LO0FA,00 A 06,activo,,#N/D,VIKING ARMOUR,JSF89A,#N/D,0.3063
L9FA40LL4,00 A 06,ACTIVO,,#N/D,SPURS,Y79G54,#N/D,0.823
LO0Z80Z9FA,24 A 47,ACTIVO,95344.483,0,DRAGONS,90LD2,2,0.746
L800FA0LOV,07 A 11,ACTIVO,254539.57,0,NAVAL,JSF89A,2,0.7655
L0Z9Z004,48 A 60,ACTIVO,250225.34,0,DRAGONS,B92375,2,0.8376
FA08LLO09FA,00 A 06,IMPAGO,,#N/D,SPURS,Y79G54,#N/D,0.294
LLZZM0,24 A 47,ACTIVO,353766.86,GOLD,VIKING ARMOUR,Y79G54,4,0.8856
LLO0FA00ZLO,12 A 23,ACTIVO,323567.25,GOLD,VIKING ARMOUR,Y79G54,4,0.3801
LV9L094L,07 A 11,ACTIVO,198454.58,ETHER,SPURS,Y79G54,2,0.2359
L4VZ0FA4Z,24 A 47,ACTIVO,254539.57,BITCOIN,SPURS,Y79G54,4,0.2243
L0FAZ044V,48 A 60,ACTIVO,,#N/D,SPURS,Y79G54,#N/D,0.6223
LV800Z00,07 A 11,ACTIVO,327881.48,BITCOIN,VIKING ARMOUR,Y79G54,1,0.732
FA008080V,00 A 06,ACTIVO,282150.642,0,VIKING ARMOUR,JSF89A,N,0.4308
L8VFA09V0,07 A 11,ACTIVO,239439.765,#N/D,VIKING ARMOUR,B92375,N,0.0137
LVL0FA04L,12 A 23,ACTIVO,,#N/D,VIKING ARMOUR,JSF89A,#N/D,0.1697
L800Z8LZ,07 A 11,ACTIVO,452562.727,BITCOIN,VIKING ARMOUR,Y79G54,4,0.9816
L89Z0Z9LO,00 A 06,ACTIVO,181197.66,#N/D,SPURS,Y79G54,N,0.5275
L808V8Z9,07 A 11,ACTIVO,327881.48,#N/D,VIKING ARMOUR,Y79G54,2,0.5254
L89049ZFA,07 A 11,ACTIVO,194140.35,#N/D,VIKING ARMOUR,B92375,N,0.9005
L0LO8Z904,60 Y MAS,ACTIVO,383966.47,BITCOIN,VIKING ARMOUR,Y79G54,4,0.1011
LV9LOFAZLOV,12 A 23,ACTIVO,217868.615,0,SPURS,Y79G54,1,0.9103
ZZLO88LLL,60 Y MAS,ACTIVO,241596.88,USD,VIKING ARMOUR,B92375,4,0.3689
LLO4LLO0LLO,12 A 23,ACTIVO,159626.51,0,SOIL,Y79G54,1,0.6161
LVZ0FALLOV,12 A 23,ACTIVO,207083.04,0,SPURS,Y79G54,2,0.1976
LLOFA0ZLLL,12 A 23,ACTIVO,250225.34,ETHER,VIKING ARMOUR,B92375,2,0.9421
LLVVV00L,24 A 47,ACTIVO,196297.465,ETHER,SOIL,Y79G54,2,0.9581
LLO0FA44VFA,12 A 23,ACTIVO,103541.52,GOLD,DRAGONS,B92375,2,0.4027
ZZLLZLVLO,60 Y MAS,ACTIVO,240302.611,TYP2,NAVAL,90LD2,4,0.0525
LO0V949LFA,60 Y MAS,ACTIVO,235125.535,GOLD,SPURS,Y79G54,4,0.2915
V08Z0Z0L,24 A 47,ACTIVO,204925.925,BITCOIN,VIKING ARMOUR,JSF89A,4,0.0457
V04ZVZ89,48 A 60,ACTIVO,239439.765,GOLD,NAVAL,B92375,4,0.0947
LL48L0L4,24 A 47,ACTIVO,250225.34,0,VIKING ARMOUR,B92375,4,0.7838
LV9V0LO88,07 A 11,ACTIVO,181197.66,ETHER,SPURS,Y79G54,1,0.7431
L9LLO00V0,07 A 11,ACTIVO,181197.66,0,SPURS,Y79G54,N,0.5799
L08L84LOFA,60 Y MAS,ACTIVO,103541.52,0,DRAGONS,B92375,2,0.5386
FA0L88L0L,00 A 06,activo,250225.34,0,VIKING ARMOUR,B92375,N,0.4609
LO0Z0L9LO8,60 Y MAS,activo,180334.814,0,NAVAL,90LD2,4,0.7302
L90Z0VFA8,00 A 06,ACTIVO,,GOLD,VIKING ARMOUR,B92375,N,0.9791
LV89FA8FA0,07 A 11,ACTIVO,217868.615,0,SPURS,Y79G54,0,0.4689
LLO0VVZVZ,12 A 23,ACTIVO,202768.81,TYP2,SOIL,Y79G54,2,0.5284
Z0LO08Z0Z,60 Y MAS,ACTIVO,276110.72,BITCOIN,VIKING ARMOUR,Y79G54,4,0.7134
L4FA8LOFAV0,24 A 47,ACTIVO,258853.8,BITCOIN,NAVAL,B92375,4,0.1642
L09LO8LO4L,48 A 60,ACTIVO,207083.04,GOLD,SPURS,Y79G54,4,0.5653
L9FAZ8V0LO,00 A 06,ACTIVO,,#N/D,SPURS,Y79G54,#N/D,0.2633
LLOFA808L4,24 A 47,ACTIVO,323567.25,GOLD,VIKING ARMOUR,B92375,4,0.8269
V00440FALO,60 Y MAS,ACTIVO,99227.29,0,DRAGONS,JSF89A,2,0.6796
L8000L08,07 A 11,ACTIVO,237282.65,TYP2,VIKING ARMOUR,B92375,2,0.4352
LVFA04LOZ0,12 A 23,ACTIVO,207083.04,BITCOIN,SPURS,Y79G54,1,0.6362
80L800LO0,24 A 47,ACTIVO,313213.098,0,VIKING ARMOUR,90LD2,6,0.1785
L8L904LLO,12 A 23,ACTIVO,131584.015,GOLD,DRAGONS,JSF89A,2,0.4869
L8V400V0,00 A 06,ACTIVO,217868.615,#N/D,SPURS,Y79G54,N,0.3281
L8L48ZV0,07 A 11,ACTIVO,159626.51,ETHER,SPURS,Y79G54,2,0.849
LFA4LO8LOVL,24 A 47,ACTIVO,377495.125,0,NAVAL,B92375,4,0.4106
L90L0FALO9,00 A 06,ACTIVO,181197.66,BITCOIN,SPURS,Y79G54,N,0.1725
L900094Z,07 A 11,IMPAGO,,#N/D,VIKING ARMOUR,B92375,#N/D,0.1442
L8L08ZV4,07 A 11,activo,150998.05,GOLD,SOIL,Y79G54,1,0.3602
LL940VFA9,24 A 47,ACTIVO,509079.14,GOLD,VIKING ARMOUR,Y79G54,4,0.9223
L8L0LLOVL,07 A 11,ACTIVO,273953.605,#N/D,VIKING ARMOUR,B92375,2,0.7401
LV0V00FAFA,12 A 23,ACTIVO,140212.475,0,DRAGONS,B92375,2,0.7212
LZ944Z0L,24 A 47,IMPAGO,276110.72,#N/D,SPURS,Y79G54,4,0.3156
L890VL,00 A 06,ACTIVO,172569.2,BITCOIN,SPURS,JSF89A,N,0.9223
L9L00FA08,00 A 06,ACTIVO,237282.65,#N/D,VIKING ARMOUR,B92375,N,0.5932
LLLO9L004,48 A 60,ACTIVO,189826.12,GOLD,DRAGONS,Y79G54,2,0.7009
L9FAZLZ40,07 A 11,ACTIVO,129426.9,BITCOIN,DRAGONS,JSF89A,N,0.5887
LV9FA4080,07 A 11,ACTIVO,181197.66,GOLD,SPURS,Y79G54,2,0.9314
L0VLLOFAV0,48 A 60,ACTIVO,103541.52,GOLD,DRAGONS,B92375,2,0.2999
L90V09L9,00 A 06,ACTIVO,150998.05,USD,SOIL,Y79G54,N,0.0035
FA009ZFA8LO,00 A 06,activo,189826.12,#N/D,SPURS,Y79G54,N,0.3519
Z00VZ84FA,60 Y MAS,ACTIVO,,#N/D,VIKING ARMOUR,B92375,#N/D,0.6851
L800ZM4L,12 A 23,ACTIVO,237282.65,GOLD,VIKING ARMOUR,B92375,2,0.8903
V04FA0ZMV,60 Y MAS,activo,,#N/D,DRAGONS,B92375,#N/D,0.3386
L90ZVLO00,00 A 06,ACTIVO,273953.605,#N/D,VIKING ARMOUR,B92375,N,0.8793
L0L004FAL,48 A 60,ACTIVO,198454.58,0,SPURS,Y79G54,4,0.156
L09ZFA94V,48 A 60,ACTIVO,189826.12,GOLD,SPURS,Y79G54,4,0.6564
L900Z088,07 A 11,ACTIVO,224339.96,BITCOIN,VIKING ARMOUR,B92375,N,0.0734
L9LO4ZZ44,07 A 11,ACTIVO,150998.05,#N/D,SOIL,Y79G54,N,0.3139
LLO4FA4Z94,24 A 47,ACTIVO,,#N/D,SPURS,Y79G54,#N/D,0.946
LV8L49Z0,12 A 23,activo,,#N/D,DRAGONS,JSF89A,#N/D,0.3256
L4V09FA08,24 A 47,ACTIVO,207083.04,BITCOIN,SPURS,Y79G54,3,0.6322
L900ZFAL0,07 A 11,ACTIVO,273953.605,GOLD,VIKING ARMOUR,B92375,N,0.8815
L904Z0Z0,00 A 06,ACTIVO,273953.605,#N/D,VIKING ARMOUR,B92375,N,0.2766
LO0LO0V4,24 A 47,ACTIVO,122092.709,0,SOIL,90LD2,2,0.4455
L4LVZVLOZ,24 A 47,BAJA,332195.71,0,NAVAL,B92375,3,0.6771
LLO484ZM9,24 A 47,ACTIVO,329607.172,ETHER,DRAGONS,Y79G54,2,0.8856
L08FAVL44,48 A 60,ACTIVO,295524.755,0,NAVAL,B92375,4,0.8599
LVFAV0L0LO,12 A 23,ACTIVO,371023.78,BITCOIN,VIKING ARMOUR,Y79G54,4,0.9987
LLOLFAFA09Z,12 A 23,ACTIVO,401223.39,0,VIKING ARMOUR,Y79G54,3,0.6325
L0VLOVFA00,60 Y MAS,ACTIVO,241596.88,TYP2,SPURS,Y79G54,6,0.6134
L0L8LOV,00 A 06,IMPAGO,271796.49,#N/D,VIKING ARMOUR,B92375,N,0.4482
L8LOLL8LO0,07 A 11,ACTIVO,,GOLD,DRAGONS,JSF89A,2,0.1973
LV0449,12 A 23,ACTIVO,276110.72,ETHER,VIKING ARMOUR,Y79G54,2,0.532
900V9LFAL,12 A 23,ACTIVO,,#N/D,SPURS,90LD2,#N/D,0.3071
L9ZLOVLO80,00 A 06,activo,217868.615,ETHER,SPURS,Y79G54,N,0.4642
L8Z8ZLO,07 A 11,ACTIVO,261010.915,ETHER,SPURS,Y79G54,2,0.4368
LLO0Z80L0,24 A 47,ACTIVO,353766.86,ETHER,VIKING ARMOUR,Y79G54,4,0.4964
LFALVLZFA0,24 A 47,ACTIVO,196297.465,ETHER,SOIL,Y79G54,2,0.6298
LV9LOLLLL,07 A 11,ACTIVO,129426.9,0,DRAGONS,JSF89A,1,0.2104
LLOFAVV980,24 A 47,ACTIVO,159626.51,ETHER,SOIL,Y79G54,2,0.5596
LLO908LO4V,12 A 23,ACTIVO,207083.04,ETHER,SPURS,Y79G54,2,0.3332
L4Z00VL8,24 A 47,ACTIVO,286896.295,GOLD,VIKING ARMOUR,B92375,4,0.2886
LVLOZZ809,12 A 23,ACTIVO,273953.605,0,VIKING ARMOUR,B92375,2,0.8223
FA0ZLL90FA,00 A 06,ACTIVO,,#N/D,VIKING ARMOUR,JSF89A,#N/D,0.2098
ZVLOL8LLL,24 A 47,ACTIVO,245479.687,BITCOIN,VIKING ARMOUR,JSF89A,4,0.0378
L809V00Z,07 A 11,ACTIVO,237282.65,#N/D,VIKING ARMOUR,B92375,2,0.8573
L8VZLZLOFA,00 A 06,ACTIVO,181197.66,BITCOIN,SPURS,Y79G54,N,0.4355
LVL0FAZZFA,12 A 23,IMPAGO,500019.257,GOLD,VIKING ARMOUR,Y79G54,3,0.6945
LLOV4VFA0LO,12 A 23,ACTIVO,196297.465,TYP2,SOIL,Y79G54,2,0.3342
L9FAV0ZFA4,07 A 11,ACTIVO,159626.51,#N/D,VIKING ARMOUR,B92375,N,0.2514
900Z0LO0FA,48 A 60,ACTIVO,371023.78,0,VIKING ARMOUR,Y79G54,2,0.7742
LLVLOFA0VFA,48 A 60,ACTIVO,155312.28,GOLD,SOIL,B92375,2,0.7209
ZVLO080LO0,48 A 60,ACTIVO,150998.05,GOLD,DRAGONS,90LD2,2,0.3624
LLO0Z98LO0,24 A 47,ACTIVO,161783.625,GOLD,VIKING ARMOUR,JSF89A,2,0.2004
L9ZL44LO8,07 A 11,ACTIVO,,#N/D,VIKING ARMOUR,Y79G54,#N/D,0.9832
900L0FAVL,60 Y MAS,activo,,#N/D,VIKING ARMOUR,90LD2,#N/D,0.1147
LLFA08L0LO,24 A 47,ACTIVO,196297.465,0,SOIL,Y79G54,1,0.0493
90004L,12 A 23,ACTIVO,,#N/D,SPURS,90LD2,#N/D,0.4727
90004L,07 A 11,activo,,#N/D,SPURS,90LD2,#N/D,0.1428
L88FALO0ZL,00 A 06,ACTIVO,401223.39,#N/D,VIKING ARMOUR,Y79G54,N,0.7093
LLLOVV0LO4,48 A 60,ACTIVO,269639.375,TYP2,DRAGONS,Y79G54,4,0.7687
FA0ZZL9LL,00 A 06,ACTIVO,,#N/D,SOIL,Y79G54,#N/D,0.2335
Z00LZLZLO,60 Y MAS,ACTIVO,276110.72,0,VIKING ARMOUR,Y79G54,3,0.6344
L80498LL,07 A 11,ACTIVO,120798.44,GOLD,SPURS,Y79G54,2,0.2185
FA0ZLO9Z80,00 A 06,ACTIVO,,#N/D,VIKING ARMOUR,Y79G54,#N/D,0.2139
LO0LO00VLOV,60 Y MAS,activo,,#N/D,DRAGONS,90LD2,#N/D,0.0314
900ZZFAFA9,12 A 23,ACTIVO,,#N/D,SPURS,90LD2,#N/D,0.4671
V089LOFA4FA,24 A 47,ACTIVO,276973.566,GOLD,VIKING ARMOUR,90LD2,4,0.1452
LVV048LLO,12 A 23,ACTIVO,207083.04,GOLD,SPURS,Y79G54,2,0.3055
L800FAFA40,12 A 23,ACTIVO,,#N/D,VIKING ARMOUR,B92375,#N/D,0.2941
L40LZL00,24 A 47,ACTIVO,351609.745,0,VIKING ARMOUR,Y79G54,6,0.5221
LV0LO8V49,12 A 23,ACTIVO,276110.72,ETHER,VIKING ARMOUR,Y79G54,1,0.3172
L90844,07 A 11,ACTIVO,,#N/D,SPURS,Y79G54,#N/D,0.5495
L00VFAFA8V,48 A 60,ACTIVO,198454.58,0,SPURS,Y79G54,3,0.5615
L0VZVZV8,48 A 60,ACTIVO,,#N/D,SPURS,Y79G54,#N/D,0.6452
LV9Z9FA84,07 A 11,activo,,#N/D,DRAGONS,B92375,#N/D,0.5699
LLOZ0400LO,12 A 23,ACTIVO,,#N/D,SOIL,Y79G54,#N/D,0.8466
L9Z0FALOV4,00 A 06,ACTIVO,237282.65,#N/D,VIKING ARMOUR,B92375,N,0.0802
LVZLO0FA,07 A 11,ACTIVO,332195.71,BITCOIN,VIKING ARMOUR,Y79G54,3,0.8577
L80LZ0Z0,12 A 23,ACTIVO,407694.735,#N/D,VIKING ARMOUR,Y79G54,4,0.135
LZZ40L9FA,24 A 47,activo,,#N/D,DRAGONS,B92375,#N/D,0.7523
L8Z0Z8Z9,07 A 11,ACTIVO,181197.66,GOLD,SPURS,Y79G54,2,0.7224
L0ZL0LLLO,48 A 60,ACTIVO,189826.12,USD,SPURS,Y79G54,4,0.8084
L9LL0408,00 A 06,ACTIVO,194140.35,BITCOIN,VIKING ARMOUR,B92375,N,0.9163
L8L4Z09FA,07 A 11,ACTIVO,237282.65,BITCOIN,VIKING ARMOUR,B92375,2,0.3504
8004VZL4,60 Y MAS,ACTIVO,208808.732,ETHER,SPURS,90LD2,4,0.7837
LLVFA8LOZ4,48 A 60,ACTIVO,159626.51,0,SOIL,Y79G54,1,0.0698
LLO4LOVLFAV,12 A 23,ACTIVO,286896.295,BITCOIN,VIKING ARMOUR,B92375,4,0.8562
L9FAZM49LO,00 A 06,ACTIVO,243753.995,#N/D,VIKING ARMOUR,B92375,N,0.1238
L900FA0FAFA,00 A 06,ACTIVO,181197.66,#N/D,SPURS,Y79G54,N,0.67
L40LOFALLOL,24 A 47,ACTIVO,432285.846,GOLD,VIKING ARMOUR,Y79G54,4,0.1131
L9FA4LVLO9,00 A 06,ACTIVO,368866.665,#N/D,VIKING ARMOUR,Y79G54,N,0.4494
LV9LZLFAL,12 A 23,ACTIVO,267050.837,0,VIKING ARMOUR,JSF89A,2,0.8346
LV9ZZ8V9,07 A 11,ACTIVO,235125.535,0,SPURS,Y79G54,1,0.215
LLZV0LO9V,48 A 60,ACTIVO,481036.645,ETHER,VIKING ARMOUR,Y79G54,6,0.8716
LFAZLFAFALZ,24 A 47,ACTIVO,265325.145,0,NAVAL,B92375,3,0.8747
LLVFAFALOL4,24 A 47,activo,286896.295,0,VIKING ARMOUR,B92375,3,0.6797
L8V9LLV9,00 A 06,ACTIVO,207083.04,GOLD,VIKING ARMOUR,B92375,N,0.5104
LLOVFA044Z,12 A 23,ACTIVO,140212.475,GOLD,DRAGONS,B92375,2,0.5621
LZ0L89VZ,24 A 47,activo,140212.475,BITCOIN,DRAGONS,B92375,2,0.4648
V0ZFA0LVL,60 Y MAS,ACTIVO,295524.755,0,NAVAL,B92375,4,0.7201
L8FA9L4,12 A 23,ACTIVO,150998.05,BITCOIN,SOIL,Y79G54,2,0.4511
LO0L00LZ0,48 A 60,ACTIVO,168254.97,GOLD,DRAGONS,90LD2,2,0.0216
L90800Z8,00 A 06,ACTIVO,129426.9,BITCOIN,DRAGONS,JSF89A,N,0.7058
LLOL9ZL04,12 A 23,ACTIVO,,#N/D,SPURS,Y79G54,#N/D,0.9892
L9Z0900FA,00 A 06,ACTIVO,157469.395,#N/D,SPURS,Y79G54,N,0.8458
L9FALO9FA00,00 A 06,ACTIVO,237282.65,BITCOIN,VIKING ARMOUR,B92375,N,0.3104
L8VZL0L9,07 A 11,ACTIVO,217868.615,#N/D,SPURS,Y79G54,N,0.7755
V0LLO89LO0,24 A 47,ACTIVO,125112.67,0,DRAGONS,90LD2,2,0.9128
LV984L48,12 A 23,ACTIVO,258853.8,BITCOIN,VIKING ARMOUR,Y79G54,2,0.8895
V0FA9FA0,60 Y MAS,BAJA,278267.835,BITCOIN,DRAGONS,90LD2,4,0.7423
LLO0LOV400,24 A 47,ACTIVO,228222.767,0,DRAGONS,Y79G54,2,0.6726
L8VLFAVZFA,07 A 11,ACTIVO,375338.01,BITCOIN,VIKING ARMOUR,Y79G54,N,0.2651
L9LZ4VL9,00 A 06,ACTIVO,150998.05,0,SOIL,Y79G54,N,0.478
L8090Z0L,12 A 23,activo,579832.512,#N/D,VIKING ARMOUR,Y79G54,4,0.0082
L84L008Z,07 A 11,ACTIVO,237282.65,#N/D,VIKING ARMOUR,B92375,2,0.1626
L90LFA4ZLO,07 A 11,ACTIVO,370592.357,#N/D,VIKING ARMOUR,Y79G54,N,0.97
ZVZ4440LO,48 A 60,activo,,#N/D,DRAGONS,90LD2,#N/D,0.6663
L49LO9FAFA4,24 A 47,ACTIVO,140212.475,0,DRAGONS,B92375,2,0.735
L4ZVLOVLOV,24 A 47,activo,286896.295,0,VIKING ARMOUR,B92375,3,0.1359
LVZL0908,12 A 23,activo,365415.281,ETHER,VIKING ARMOUR,Y79G54,4,0.9575
L8ZM49V9,00 A 06,ACTIVO,209240.155,0,SPURS,JSF89A,N,0.4405
LLO9LVFA0FA,12 A 23,ACTIVO,,#N/D,VIKING ARMOUR,B92375,#N/D,0.1673
L9FA00040,07 A 11,IMPAGO,,#N/D,DRAGONS,JSF89A,#N/D,0.9762
LZV090FA0,24 A 47,ACTIVO,310624.56,BITCOIN,VIKING ARMOUR,Y79G54,4,0.394
LLLO808Z8,24 A 47,ACTIVO,207083.04,ETHER,SPURS,Y79G54,4,0.378
L0LO004LO0,48 A 60,ACTIVO,235125.535,0,SPURS,Y79G54,3,0.0327
L8880400,07 A 11,IMPAGO,273953.605,TYP2,VIKING ARMOUR,B92375,N,0.9199
L8FALO09,07 A 11,IMPAGO,217868.615,GOLD,SPURS,Y79G54,2,0.65
80LV04FAFA,24 A 47,ACTIVO,387417.854,BITCOIN,SPURS,90LD2,6,0.2053
L80ZVZV0,07 A 11,ACTIVO,267050.837,0,VIKING ARMOUR,JSF89A,2,0.377
L90Z0VV8,07 A 11,ACTIVO,150998.05,BITCOIN,SOIL,Y79G54,N,0.593
L9ZFA0Z4V,07 A 11,ACTIVO,224339.96,0,VIKING ARMOUR,JSF89A,N,0.6708
8000FAVZFA,60 Y MAS,ACTIVO,250225.34,0,VIKING ARMOUR,B92375,4,0.6012
V00FA980FA,48 A 60,IMPAGO,276973.566,0,VIKING ARMOUR,90LD2,4,0.7126
LLO9089VL,12 A 23,activo,,#N/D,DRAGONS,Y79G54,#N/D,0.5982
L9Z00LFAZ,00 A 06,ACTIVO,,#N/D,SOIL,Y79G54,#N/D,0.5212
L8FAV8890,07 A 11,activo,187669.005,#N/D,SOIL,Y79G54,1,0.3313
L944LZLOFA,00 A 06,ACTIVO,118641.325,GOLD,VIKING ARMOUR,B92375,N,0.0428
Z000LOZL9,60 Y MAS,ACTIVO,641094.578,BITCOIN,VIKING ARMOUR,Y79G54,4,0.6874
LZ084ZFA4,24 A 47,ACTIVO,347295.515,ETHER,VIKING ARMOUR,Y79G54,4,0.1062
V8Z08FA0,60 Y MAS,ACTIVO,160057.933,BITCOIN,DRAGONS,90LD2,2,0.0435
LLO0V89,24 A 47,ACTIVO,145389.551,0,VIKING ARMOUR,Y79G54,0,0.2169
L4LO0ZZFAV,24 A 47,ACTIVO,,#N/D,DRAGONS,B92375,#N/D,0.025
L80V984Z,07 A 11,ACTIVO,172569.2,GOLD,SPURS,Y79G54,2,0.1241
FA0LL9VLOL,00 A 06,ACTIVO,310624.56,0,VIKING ARMOUR,Y79G54,N,0.2352
VLO48L0V,60 Y MAS,ACTIVO,483193.76,BITCOIN,VIKING ARMOUR,Y79G54,6,0.3192
900000FA4,48 A 60,ACTIVO,325292.942,0,SPURS,90LD2,1,0.113
L88LO0FA0FA,00 A 06,activo,,GOLD,VIKING ARMOUR,B92375,N,0.8933
Z0FA090FA4,60 Y MAS,IMPAGO,,#N/D,VIKING ARMOUR,B92375,#N/D,0.342
LVZFALO008,12 A 23,ACTIVO,286896.295,0,VIKING ARMOUR,B92375,1,0.325
FA0Z0LOFALZ,00 A 06,activo,,#N/D,SPURS,JSF89A,#N/D,0.5453
LV900800,12 A 23,ACTIVO,235125.535,0,VIKING ARMOUR,B92375,1,0.8249
LV804VZ0,12 A 23,ACTIVO,327881.48,BITCOIN,VIKING ARMOUR,Y79G54,2,0.7109
L9LO0LFAL8,07 A 11,ACTIVO,289053.41,#N/D,VIKING ARMOUR,Y79G54,N,0.7556
L8989FAV8,00 A 06,ACTIVO,273953.605,#N/D,VIKING ARMOUR,B92375,N,0.8116
900LO00,48 A 60,ACTIVO,298113.293,0,VIKING ARMOUR,90LD2,2,0.0171
L8048400,07 A 11,ACTIVO,327881.48,#N/D,VIKING ARMOUR,Y79G54,2,0.6183
LO0LOL8LO4LO,24 A 47,ACTIVO,118209.902,0,DRAGONS,90LD2,2,0.8382
L4LOFA9VLLO,24 A 47,activo,,#N/D,NAVAL,B92375,#N/D,0.801
L8088FALOFA,07 A 11,ACTIVO,157469.395,#N/D,SPURS,Y79G54,2,0.4651
800ZVLFAL,60 Y MAS,ACTIVO,408126.158,0,DRAGONS,90LD2,4,0.4799
L94ZV484,00 A 06,ACTIVO,412008.965,TYP2,VIKING ARMOUR,Y79G54,N,0.0136
FA00V04L0,00 A 06,ACTIVO,159626.51,#N/D,SOIL,Y79G54,N,0.7154
L04LOVZLO4,60 Y MAS,ACTIVO,345138.4,0,VIKING ARMOUR,Y79G54,4,0.2482
V08LOL4ZV,60 Y MAS,ACTIVO,235125.535,GOLD,VIKING ARMOUR,JSF89A,2,0.5027
L0LOLZM9L,60 Y MAS,ACTIVO,176883.43,0,DRAGONS,B92375,2,0.2585
L0988LOZ8,48 A 60,ACTIVO,286896.295,0,VIKING ARMOUR,B92375,4,0.0394
LLO080LO48,24 A 47,activo,286896.295,GOLD,VIKING ARMOUR,B92375,2,0.5809
L9FAVFALZL,00 A 06,ACTIVO,258853.8,ETHER,SPURS,Y79G54,N,0.3685
L0400909,60 Y MAS,activo,338667.055,GOLD,VIKING ARMOUR,B92375,4,0.8127
FA0L8L90Z,00 A 06,ACTIVO,,#N/D,SOIL,Y79G54,#N/D,0.4494
FA00ZL009,00 A 06,ACTIVO,232968.42,#N/D,SPURS,Y79G54,N,0.1195
80080V,60 Y MAS,ACTIVO,,#N/D,VIKING ARMOUR,B92375,#N/D,0.8269
L8L0LO08Z,07 A 11,ACTIVO,237282.65,BITCOIN,VIKING ARMOUR,B92375,1,0.4349
LLOZLZLO9V,12 A 23,activo,,#N/D,SOIL,Y79G54,#N/D,0.6854
LLOVZ8Z4Z,12 A 23,IMPAGO,286896.295,0,VIKING ARMOUR,B92375,0,0.6302
L8000L08,12 A 23,ACTIVO,237282.65,TYP2,VIKING ARMOUR,B92375,2,0.81
L4VZZ0,00 A 06,ACTIVO,125112.67,#N/D,SPURS,Y79G54,N,0.2728
L8LLOV008,07 A 11,ACTIVO,172569.2,ETHER,SPURS,Y79G54,2,0.749
L4900LV0,24 A 47,ACTIVO,278267.835,0,VIKING ARMOUR,B92375,3,0.7262
L8804FA0FA,07 A 11,activo,,#N/D,SPURS,Y79G54,#N/D,0.8101
L49V4LO44,24 A 47,ACTIVO,278267.835,BITCOIN,VIKING ARMOUR,B92375,4,0.2003
L44ZZ0LO9,24 A 47,ACTIVO,,#N/D,VIKING ARMOUR,Y79G54,#N/D,0.3832
L8090LZZ,07 A 11,ACTIVO,487076.567,TYP2,VIKING ARMOUR,Y79G54,4,0.2498
V0LO80088,48 A 60,ACTIVO,217868.615,GOLD,VIKING ARMOUR,90LD2,4,0.4823
LLOFALOFALLLO,24 A 47,ACTIVO,140212.475,0,DRAGONS,B92375,2,0.5107
L909V9VZ,00 A 06,ACTIVO,237282.65,#N/D,VIKING ARMOUR,B92375,N,0.6937
V08VZM89,48 A 60,ACTIVO,192846.081,GOLD,VIKING ARMOUR,90LD2,4,0.042
L040LO08V,48 A 60,ACTIVO,323567.25,0,VIKING ARMOUR,B92375,4,0.0689
L94ZLOZVV,07 A 11,ACTIVO,120798.44,#N/D,SPURS,Y79G54,N,0.4915
L9FA8V0L0,07 A 11,activo,273953.605,#N/D,VIKING ARMOUR,B92375,N,0.7369
FA0LOL0VLO4,00 A 06,ACTIVO,,#N/D,DRAGONS,B92375,#N/D,0.4284
V0FA98FA49,60 Y MAS,activo,,#N/D,VIKING ARMOUR,B92375,#N/D,0.6234
LV8FA8VZ8,07 A 11,ACTIVO,273953.605,0,VIKING ARMOUR,B92375,1,0.9792
L9ZLV084,07 A 11,ACTIVO,224339.96,0,VIKING ARMOUR,JSF89A,N,0.9081
L90LO0L48,00 A 06,ACTIVO,120798.44,ETHER,SPURS,Y79G54,N,0.1999
L8V94LO0FA,07 A 11,activo,157469.395,GOLD,SPURS,Y79G54,N,0.7905
Z044FAL98,60 Y MAS,BAJA,228222.767,GOLD,DRAGONS,90LD2,4,0.9465
LZML0V80,12 A 23,ACTIVO,243753.995,0,SPURS,Y79G54,4,0.0748
LVLO84L,12 A 23,ACTIVO,286896.295,0,VIKING ARMOUR,B92375,2,0.6795
ZZ009FA0L,60 Y MAS,ACTIVO,250225.34,BITCOIN,VIKING ARMOUR,B92375,4,0.1352
L88ZZ0VV,00 A 06,ACTIVO,273953.605,ETHER,VIKING ARMOUR,B92375,N,0.489
V00V94ZM,24 A 47,ACTIVO,181197.66,0,NAVAL,90LD2,2,0.4382
L90988VV,00 A 06,ACTIVO,237282.65,#N/D,VIKING ARMOUR,B92375,N,0.8134
L9LLOFA049,07 A 11,ACTIVO,120798.44,#N/D,SPURS,Y79G54,N,0.2867
L0VL8LO00,48 A 60,ACTIVO,250225.34,GOLD,VIKING ARMOUR,B92375,4,0.8301
L9Z88LOZFA,00 A 06,ACTIVO,157469.395,0,SPURS,Y79G54,N,0.368
90L4L89V,12 A 23,activo,,#N/D,SPURS,90LD2,#N/D,0.9027
L40FAVVZ4,24 A 47,ACTIVO,196297.465,0,SOIL,Y79G54,1,0.1796
L9ZVZM8LO,00 A 06,ACTIVO,150998.05,GOLD,SOIL,Y79G54,N,0.5691
L90FA4LO9FA,00 A 06,ACTIVO,161783.625,GOLD,SPURS,Y79G54,N,0.0498
LFA80ZZLO9,24 A 47,ACTIVO,273953.605,0,VIKING ARMOUR,B92375,4,0.0087
L904V8L0,00 A 06,ACTIVO,120798.44,ETHER,SPURS,Y79G54,N,0.3422
LL8LOLLOVV,24 A 47,ACTIVO,254539.57,0,SPURS,Y79G54,4,0.7354
L90ZMV84,07 A 11,activo,,#N/D,VIKING ARMOUR,B92375,#N/D,0.3055
LO09FALOV00,60 Y MAS,ACTIVO,271365.067,0,DRAGONS,Y79G54,1,0.831
LVVFA404LO,12 A 23,ACTIVO,353766.86,ETHER,VIKING ARMOUR,Y79G54,2,0.9258
LV00ZFAVFA,12 A 23,ACTIVO,146683.82,BITCOIN,NAVAL,JSF89A,2,0.9337
L8FA4LO88V,12 A 23,ACTIVO,150998.05,#N/D,SOIL,Y79G54,1,0.2023
FA0480FALOL,00 A 06,ACTIVO,,#N/D,SPURS,Y79G54,#N/D,0.8859
L4LV0V0FA,24 A 47,ACTIVO,226497.075,0,SPURS,Y79G54,0,0.0658
L49LOL4FAV,24 A 47,ACTIVO,250225.34,0,VIKING ARMOUR,B92375,3,0.64
L9404840,07 A 11,ACTIVO,237282.65,#N/D,VIKING ARMOUR,B92375,N,0.2251
LV0LL000,12 A 23,ACTIVO,176883.43,GOLD,DRAGONS,B92375,2,0.0498
FA0FAZM098,00 A 06,activo,129426.9,0,DRAGONS,JSF89A,N,0.5198
LLLO0FAL40,48 A 60,ACTIVO,159626.51,GOLD,SOIL,Y79G54,2,0.566
LZLOLFA00L,24 A 47,ACTIVO,150998.05,TYP2,DRAGONS,Y79G54,2,0.6526
LLOL9LOL0L,12 A 23,ACTIVO,150998.05,BITCOIN,SOIL,Y79G54,1,0.8386
LZ00FALLO0,24 A 47,ACTIVO,364552.435,ETHER,VIKING ARMOUR,Y79G54,4,0.5333
LV9L4LL4,07 A 11,ACTIVO,187669.005,ETHER,SOIL,Y79G54,1,0.8228
LVZ0VLO,00 A 06,IMPAGO,159626.51,#N/D,SOIL,Y79G54,N,0.3149
L80VLOZFAZ,07 A 11,ACTIVO,310624.56,GOLD,SPURS,Y79G54,2,0.9818
L088FALOZZ,60 Y MAS,ACTIVO,444365.69,ETHER,VIKING ARMOUR,Y79G54,6,0.1861
LLO0L94L9,12 A 23,ACTIVO,243753.995,GOLD,SPURS,Y79G54,4,0.5578
L0Z9LLOV8,60 Y MAS,ACTIVO,390437.815,0,SOIL,Y79G54,3,0.3641
LZFA9LZL0,24 A 47,IMPAGO,286896.295,0,VIKING ARMOUR,B92375,3,0.5809
L90L8L00,07 A 11,ACTIVO,150998.05,#N/D,SOIL,Y79G54,N,0.3166
L09FA0VZ0,48 A 60,ACTIVO,159626.51,BITCOIN,SOIL,Y79G54,2,0.368
L940V8FAZ,07 A 11,activo,99227.29,#N/D,DRAGONS,B92375,N,0.6765
L4FAZ40Z9,24 A 47,ACTIVO,314938.79,0,VIKING ARMOUR,Y79G54,4,0.158
LLO4FA09VLO,12 A 23,ACTIVO,176883.43,TYP2,VIKING ARMOUR,JSF89A,2,0.3853
L9L0VV4FA,00 A 06,ACTIVO,237282.65,#N/D,VIKING ARMOUR,B92375,N,0.9947
L0ZV9V0LO,60 Y MAS,ACTIVO,241596.88,GOLD,SPURS,Y79G54,6,0.9336
LLO9008V0,12 A 23,ACTIVO,196297.465,0,SOIL,Y79G54,0,0.4524
L8VZM8LO0,07 A 11,ACTIVO,237282.65,#N/D,VIKING ARMOUR,B92375,N,0.672
Z04VLOZZLO,60 Y MAS,ACTIVO,228654.19,BITCOIN,NAVAL,B92375,2,0.7451
LLZLOFAV0Z,24 A 47,activo,196297.465,0,SOIL,Y79G54,1,0.8239
800FA4ZMLO,60 Y MAS,ACTIVO,319253.02,0,SPURS,Y79G54,4,0.8052
LVZL0FA,12 A 23,activo,371023.78,0,VIKING ARMOUR,Y79G54,3,0.837
FA0L00FAFA9,00 A 06,IMPAGO,250225.34,0,VIKING ARMOUR,B92375,N,0.0333
FA04VV9V0,00 A 06,activo,,#N/D,VIKING ARMOUR,Y79G54,#N/D,0.6862
LZZ8LOFALV,24 A 47,ACTIVO,422794.54,0,VIKING ARMOUR,Y79G54,4,0.3253
L80LLOFAV0,07 A 11,ACTIVO,325724.365,#N/D,VIKING ARMOUR,Y79G54,4,0.2189
L90LZVLV,00 A 06,ACTIVO,237282.65,#N/D,VIKING ARMOUR,B92375,N,0.5624
Z0FA000L8,60 Y MAS,ACTIVO,353766.86,BITCOIN,VIKING ARMOUR,Y79G54,4,0.0366
L89L9LO89,07 A 11,ACTIVO,261010.915,GOLD,SPURS,Y79G54,N,0.2781
L0400909,48 A 60,ACTIVO,338667.055,GOLD,VIKING ARMOUR,B92375,4,0.1524
LLO08L4FAFA,12 A 23,ACTIVO,159626.51,USD,SOIL,Y79G54,2,0.6151
LVZ0ZLOFALO,12 A 23,activo,172569.2,GOLD,SPURS,JSF89A,1,0.9973
LLO900044,12 A 23,ACTIVO,241596.88,0,SPURS,Y79G54,4,0.4789
L8040LO4L,07 A 11,ACTIVO,213554.385,#N/D,VIKING ARMOUR,JSF89A,2,0.6135
LVVL9049,12 A 23,BAJA,327881.48,ETHER,VIKING ARMOUR,Y79G54,2,0.7854
L0VZL0LO9,60 Y MAS,ACTIVO,103541.52,GOLD,DRAGONS,B92375,2,0.7012
8LO8L0LO0,60 Y MAS,ACTIVO,303721.792,BITCOIN,NAVAL,90LD2,4,0.0092
LLOFAFA0ZFAV,24 A 47,ACTIVO,207083.04,TYP2,SPURS,Y79G54,2,0.3745
ZZVLOFALO9LO,60 Y MAS,activo,,#N/D,NAVAL,90LD2,#N/D,0.26
FA0FAFA00VZ,00 A 06,activo,250225.34,0,VIKING ARMOUR,B92375,N,0.3368
LVVL9004,12 A 23,ACTIVO,304153.215,ETHER,VIKING ARMOUR,JSF89A,4,0.619
ZZ0Z4V48,60 Y MAS,ACTIVO,302858.946,GOLD,VIKING ARMOUR,90LD2,4,0.7644
L89FA0FA4Z,07 A 11,ACTIVO,150998.05,BITCOIN,SOIL,Y79G54,N,0.5681
L80084LO8,12 A 23,ACTIVO,150998.05,ETHER,SOIL,Y79G54,2,0.6501
L90L8FA0Z,07 A 11,ACTIVO,150998.05,#N/D,SOIL,Y79G54,N,0.9539
LFAZV8LO,24 A 47,ACTIVO,312781.675,0,NAVAL,B92375,4,0.6677
LLOV0LO0LO0,12 A 23,ACTIVO,207083.04,0,SPURS,Y79G54,2,0.6744
L84FAFA4,07 A 11,ACTIVO,181197.66,GOLD,SPURS,Y79G54,1,0.6202
L9Z984FAV,00 A 06,ACTIVO,159626.51,ETHER,SPURS,Y79G54,N,0.2385
L80400LL,12 A 23,ACTIVO,157469.395,#N/D,SPURS,Y79G54,1,0.8979
90L4LO4,60 Y MAS,ACTIVO,,#N/D,VIKING ARMOUR,Y79G54,#N/D,0.8147
L9FA0ZZM0,00 A 06,ACTIVO,250225.34,#N/D,VIKING ARMOUR,B92375,N,0.4662
LLOZFAZL9L,12 A 23,ACTIVO,286896.295,0,VIKING ARMOUR,B92375,2,0.4948
L49V04L4,24 A 47,ACTIVO,228654.19,BITCOIN,NAVAL,B92375,2,0.0296
LLO0LOV448,12 A 23,ACTIVO,545750.095,0,VIKING ARMOUR,Y79G54,4,0.0025
LLOZLOZ8ZFA,24 A 47,ACTIVO,189826.12,ETHER,SPURS,Y79G54,2,0.419
LFA9FAZL89,24 A 47,ACTIVO,280424.95,GOLD,VIKING ARMOUR,B92375,2,0.172
FA0L89FA,00 A 06,IMPAGO,271796.49,0,VIKING ARMOUR,B92375,N,0.8003
LV890FAZ0,12 A 23,ACTIVO,237282.65,0,VIKING ARMOUR,B92375,1,0.0121
FA0400840,00 A 06,ACTIVO,,#N/D,SPURS,Y79G54,#N/D,0.2443
L9L0V9LO0,00 A 06,ACTIVO,237282.65,#N/D,VIKING ARMOUR,B92375,N,0.649
LZMLZLFAL,12 A 23,activo,250225.34,GOLD,VIKING ARMOUR,B92375,2,0.2336
L9FAV0Z9Z,07 A 11,ACTIVO,273953.605,#N/D,VIKING ARMOUR,B92375,N,0.3229
Z084VVZ8,60 Y MAS,ACTIVO,319253.02,GOLD,VIKING ARMOUR,Y79G54,4,0.79
9L4VLLOZ,60 Y MAS,ACTIVO,664391.42,GOLD,VIKING ARMOUR,Y79G54,4,0.0668
FA0L4FA00V,00 A 06,activo,125112.67,0,SPURS,Y79G54,N,0.6419
LLO88L4,12 A 23,ACTIVO,310624.56,BITCOIN,VIKING ARMOUR,Y79G54,4,0.3786
V0V9VLZM,24 A 47,IMPAGO,393457.776,TYP2,VIKING ARMOUR,Y79G54,4,0.938
LVZV40ZM,12 A 23,IMPAGO,250225.34,BITCOIN,VIKING ARMOUR,B92375,2,0.6255
L8LO890,07 A 11,ACTIVO,157469.395,GOLD,SPURS,Y79G54,N,0.8017
L98L098L,00 A 06,ACTIVO,150998.05,#N/D,SOIL,Y79G54,N,0.7768
L8LO9FAV00,07 A 11,ACTIVO,150998.05,BITCOIN,SOIL,Y79G54,N,0.6939
L8FAFA8LLOZ,07 A 11,ACTIVO,313644.521,#N/D,VIKING ARMOUR,Y79G54,2,0.6099
8009LO09L,48 A 60,ACTIVO,121229.863,0,DRAGONS,90LD2,2,0.8857
L0V0V4V0,60 Y MAS,ACTIVO,159626.51,GOLD,SOIL,Y79G54,2,0.156
L8FAFAFA0LFA,07 A 11,activo,181197.66,GOLD,SPURS,Y79G54,2,0.6547
LL9Z9VFA0,24 A 47,ACTIVO,286896.295,0,VIKING ARMOUR,B92375,3,0.1933
LLO4L4FA49,12 A 23,ACTIVO,159626.51,GOLD,SOIL,Y79G54,2,0.9275
L9LFALOZ9FA,00 A 06,ACTIVO,224339.96,0,VIKING ARMOUR,JSF89A,N,0.3717
L8ZVLZZV,07 A 11,ACTIVO,237282.65,#N/D,VIKING ARMOUR,B92375,2,0.7181
L9VLO0008,00 A 06,ACTIVO,129426.9,0,DRAGONS,JSF89A,N,0.6499
L0VFALZ,00 A 06,activo,159626.51,GOLD,SOIL,Y79G54,N,0.3981
LVZM4980,12 A 23,ACTIVO,,#N/D,SOIL,Y79G54,#N/D,0.1326
FA000FALOL4,00 A 06,activo,159626.51,GOLD,SOIL,Y79G54,N,0.5271
LLO888ZZV,12 A 23,ACTIVO,159626.51,0,SOIL,Y79G54,1,0.769
FA009LZZZ,00 A 06,ACTIVO,250225.34,#N/D,VIKING ARMOUR,B92375,N,0.6114
FA0L9L4L9,00 A 06,activo,172569.2,0,SPURS,JSF89A,N,0.7682
L8VZ98V4,07 A 11,ACTIVO,187669.005,#N/D,SOIL,Y79G54,N,0.5157
L4LOZ0L89,24 A 47,activo,,#N/D,VIKING ARMOUR,JSF89A,#N/D,0.6915
L0LOFAZ4,00 A 06,ACTIVO,176883.43,BITCOIN,VIKING ARMOUR,JSF89A,N,0.5238
L8089V0Z,12 A 23,activo,187669.005,0,SPURS,JSF89A,2,0.7235
L9LVLOZ0Z,00 A 06,ACTIVO,420637.425,#N/D,VIKING ARMOUR,Y79G54,N,0.0063
L90Z4404,07 A 11,ACTIVO,187669.005,GOLD,SOIL,Y79G54,N,0.9207
LV8ZZVLOZ,07 A 11,ACTIVO,459465.495,0,VIKING ARMOUR,Y79G54,3,0.4409
LLV00000,48 A 60,ACTIVO,243753.995,0,SPURS,Y79G54,4,0.73
L9409V9L,00 A 06,ACTIVO,187669.005,ETHER,SOIL,Y79G54,N,0.3345
FA0008Z04,00 A 06,activo,250225.34,#N/D,VIKING ARMOUR,B92375,N,0.9915
LLLOFAZFA08,48 A 60,ACTIVO,250225.34,TYP2,VIKING ARMOUR,B92375,4,0.5104
Z0V0FAFA80,60 Y MAS,ACTIVO,265325.145,0,NAVAL,B92375,4,0.8254
L80ZVZ0Z,07 A 11,ACTIVO,172569.2,BITCOIN,SPURS,Y79G54,2,0.5299
L9Z9LOV8Z,00 A 06,ACTIVO,237282.65,#N/D,VIKING ARMOUR,B92375,N,0.905
L08L8FA9V,48 A 60,ACTIVO,289053.41,BITCOIN,VIKING ARMOUR,Y79G54,4,0.3728
LL8V0VLOV,24 A 47,IMPAGO,323567.25,0,SOIL,Y79G54,4,0.889
L894L00Z,00 A 06,ACTIVO,150998.05,BITCOIN,SOIL,Y79G54,N,0.3013
LV08VL,12 A 23,ACTIVO,,#N/D,VIKING ARMOUR,Y79G54,#N/D,0.1096
LFA000094,24 A 47,BAJA,159626.51,0,SOIL,Y79G54,2,0.2472
L8LL4884,07 A 11,ACTIVO,237282.65,ETHER,VIKING ARMOUR,B92375,2,0.5248
LV9FA0009,12 A 23,activo,237282.65,0,VIKING ARMOUR,B92375,2,0.5072
LO0LO04Z8LO,60 Y MAS,IMPAGO,97070.175,0,DRAGONS,90LD2,2,0.7543
L8848LOZZ,00 A 06,ACTIVO,237282.65,BITCOIN,VIKING ARMOUR,B92375,N,0.1241
L9FAFA809V,00 A 06,ACTIVO,237282.65,BITCOIN,VIKING ARMOUR,B92375,N,0.6861
L94ZVLOV4,00 A 06,ACTIVO,150998.05,#N/D,VIKING ARMOUR,Y79G54,N,0.0305
L90L8FA0Z,07 A 11,IMPAGO,150998.05,#N/D,SOIL,Y79G54,N,0.3208
L0FALOV0LFA,60 Y MAS,ACTIVO,198454.58,BITCOIN,SPURS,Y79G54,3,0.8984
L98L9LO4LO,00 A 06,ACTIVO,150998.05,GOLD,SOIL,Y79G54,N,0.0483
80009L8FA,48 A 60,activo,,#N/D,VIKING ARMOUR,90LD2,#N/D,0.9373
L489ZLO40,24 A 47,ACTIVO,,#N/D,NAVAL,B92375,#N/D,0.3854
8000LFAFAFA,60 Y MAS,ACTIVO,286896.295,BITCOIN,#N/D,#N/D,3,0.1598
L8VLO8ZLOFA,07 A 11,ACTIVO,,#N/D,SOIL,Y79G54,#N/D,0.1304
L4L88V0LO,24 A 47,ACTIVO,207083.04,ETHER,SPURS,Y79G54,4,0.0198
LLO00LVLO0,24 A 47,ACTIVO,196297.465,0,SOIL,Y79G54,2,0.6084
LLFA8VFA89,24 A 47,ACTIVO,396909.16,GOLD,VIKING ARMOUR,Y79G54,4,0.8833
FA0LLOZLFA8,00 A 06,IMPAGO,129426.9,0,DRAGONS,JSF89A,N,0.3378
V0L4LFAFALO,60 Y MAS,ACTIVO,129426.9,BITCOIN,DRAGONS,JSF89A,2,0.1773
L8FA09L4FA,07 A 11,ACTIVO,310624.56,GOLD,VIKING ARMOUR,B92375,2,0.0705
L8LO00049,07 A 11,ACTIVO,237282.65,TYP2,VIKING ARMOUR,B92375,2,0.6026
L0LOVZZ48,48 A 60,ACTIVO,351609.745,BITCOIN,DRAGONS,Y79G54,2,0.0566
LLV49ZMZ,24 A 47,ACTIVO,,#N/D,VIKING ARMOUR,Y79G54,#N/D,0.2211
LL00V0Z0,48 A 60,activo,,#N/D,SOIL,Y79G54,#N/D,0.3422
L8ZM49V9,07 A 11,ACTIVO,209240.155,0,SPURS,JSF89A,N,0.1598
ZZVFAL8ZV,60 Y MAS,ACTIVO,207083.04,BITCOIN,SPURS,Y79G54,4,0.9028
FA0FAV0LO40,00 A 06,ACTIVO,267050.837,0,VIKING ARMOUR,JSF89A,N,0.4125
FA009L0,00 A 06,ACTIVO,99227.29,#N/D,VIKING ARMOUR,JSF89A,N,0.9051
LLFA4LOFA0LO,24 A 47,ACTIVO,232968.42,BITCOIN,SPURS,Y79G54,2,0.0697
L9L009FA0,00 A 06,activo,,#N/D,VIKING ARMOUR,B92375,#N/D,0.1192
L900890LO,07 A 11,activo,,#N/D,VIKING ARMOUR,B92375,#N/D,0.5481
V84LOL,60 Y MAS,ACTIVO,194140.35,BITCOIN,DRAGONS,Y79G54,2,0.0443
LV9V9L9V,07 A 11,ACTIVO,353766.86,BITCOIN,VIKING ARMOUR,Y79G54,2,0.7189
L080L0FAL,60 Y MAS,ACTIVO,176883.43,ETHER,DRAGONS,B92375,2,0.9255
LV98LO9FA8,07 A 11,ACTIVO,364552.435,0,VIKING ARMOUR,Y79G54,3,0.0343
L008VZ9FA,60 Y MAS,IMPAGO,,#N/D,SPURS,Y79G54,#N/D,0.5328
L94LFA4L9,00 A 06,ACTIVO,211397.27,#N/D,DRAGONS,B92375,N,0.5525
LFAZM90LFA,24 A 47,ACTIVO,,#N/D,SOIL,Y79G54,#N/D,0.6166
L088LOL,48 A 60,ACTIVO,489233.682,ETHER,VIKING ARMOUR,Y79G54,4,0.6484
L8LOZ9LOL0,00 A 06,ACTIVO,120798.44,ETHER,SPURS,Y79G54,N,0.4137
L8Z0V9VLO,07 A 11,ACTIVO,241596.88,#N/D,SPURS,Y79G54,2,0.9251
LZFAVFA09FA,24 A 47,IMPAGO,125112.67,0,SOIL,B92375,2,0.9324
LVLOZ0840,12 A 23,ACTIVO,392163.507,BITCOIN,VIKING ARMOUR,Y79G54,2,0.819
LVV9ZLL8,12 A 23,ACTIVO,198454.58,BITCOIN,SPURS,Y79G54,2,0.3722
ZVLOZLOZ90,24 A 47,ACTIVO,128995.477,GOLD,DRAGONS,90LD2,2,0.9479
LLO0ZV4VL,12 A 23,ACTIVO,196297.465,0,SOIL,Y79G54,2,0.9785
8040984,60 Y MAS,ACTIVO,128132.631,GOLD,DRAGONS,90LD2,2,0.7722
V0V40LV9,24 A 47,ACTIVO,358081.09,GOLD,VIKING ARMOUR,Y79G54,4,0.5214
L09Z4LLO9,48 A 60,ACTIVO,232968.42,GOLD,DRAGONS,Y79G54,2,0.3929
LFAFAFA4LO,24 A 47,ACTIVO,513393.37,ETHER,VIKING ARMOUR,Y79G54,4,0.9966
FA0Z98008,00 A 06,activo,,#N/D,SOIL,Y79G54,#N/D,0.7615
L809FAZ4FA,07 A 11,ACTIVO,135898.245,#N/D,DRAGONS,B92375,2,0.9153
L9ZZ00VZ,00 A 06,ACTIVO,196297.465,#N/D,VIKING ARMOUR,B92375,N,0.1332
L9LO40FALFA,00 A 06,ACTIVO,181197.66,GOLD,SPURS,Y79G54,N,0.5709
LV49FA0ZV,12 A 23,activo,,#N/D,SPURS,Y79G54,#N/D,0.3534
LZV4Z04Z,24 A 47,ACTIVO,375338.01,ETHER,SPURS,Y79G54,4,0.8156
LVZ408V8,12 A 23,IMPAGO,99227.29,BITCOIN,DRAGONS,JSF89A,2,0.8528
LLLO8FALO0V,24 A 47,ACTIVO,250225.34,0,VIKING ARMOUR,B92375,4,0.7666
LLZ0FALO94,24 A 47,ACTIVO,314938.79,TYP2,VIKING ARMOUR,B92375,4,0.4823
LO04L4FALOFA,24 A 47,ACTIVO,95344.483,0,DRAGONS,90LD2,2,0.305
LVZV0V0Z,12 A 23,activo,390437.815,GOLD,VIKING ARMOUR,Y79G54,4,0.3664
LFA94LOVLL,24 A 47,ACTIVO,173863.469,GOLD,VIKING ARMOUR,B92375,2,0.8554
L0ZLL0Z9,60 Y MAS,ACTIVO,273953.605,ETHER,VIKING ARMOUR,B92375,4,0.0561
LV80ZLL9,12 A 23,ACTIVO,198454.58,ETHER,SPURS,Y79G54,2,0.1004
L90VLOFA8LO,00 A 06,ACTIVO,273953.605,GOLD,VIKING ARMOUR,B92375,N,0.7878
L8FAZ800V,07 A 11,ACTIVO,181197.66,#N/D,SPURS,Y79G54,2,0.0876
LZLOZ448FA,24 A 47,ACTIVO,,#N/D,VIKING ARMOUR,B92375,#N/D,0.6497
LZZ88Z88,24 A 47,ACTIVO,286896.295,GOLD,VIKING ARMOUR,B92375,4,0.1797
LZ480ZZFA,24 A 47,ACTIVO,103541.52,TYP2,DRAGONS,B92375,2,0.6839
L98LLZFALO,00 A 06,ACTIVO,310624.56,#N/D,VIKING ARMOUR,Y79G54,N,0.0953
ZZV8ZM0V,60 Y MAS,ACTIVO,189826.12,0,SPURS,Y79G54,4,0.6246
LFA848090,24 A 47,ACTIVO,265325.145,0,NAVAL,B92375,4,0.7386
LO0LO49084,60 Y MAS,ACTIVO,,#N/D,DRAGONS,90LD2,#N/D,0.5868
LLOL000LO4,24 A 47,ACTIVO,207083.04,GOLD,SPURS,Y79G54,2,0.6743
LVZLOVFALZ,12 A 23,ACTIVO,166097.855,0,DRAGONS,JSF89A,2,0.9153
FA0LV0094,00 A 06,ACTIVO,,#N/D,SPURS,Y79G54,#N/D,0.5708
L8L44Z84,12 A 23,ACTIVO,,#N/D,SPURS,Y79G54,#N/D,0.9771
L8948FA08,00 A 06,ACTIVO,273953.605,#N/D,VIKING ARMOUR,B92375,N,0.8396
ZZZ040LOV,24 A 47,ACTIVO,140643.898,GOLD,DRAGONS,90LD2,2,0.2918
LLOZZM8Z0,12 A 23,ACTIVO,323567.25,GOLD,VIKING ARMOUR,B92375,4,0.6249
L8L0884L,07 A 11,ACTIVO,135898.245,#N/D,DRAGONS,B92375,1,0.6558
L944Z0LLO,00 A 06,ACTIVO,181197.66,#N/D,SPURS,Y79G54,N,0.7667
L0ZVFA84LO,48 A 60,ACTIVO,310624.56,0,VIKING ARMOUR,Y79G54,3,0.0827
LLLOZ44Z0,48 A 60,ACTIVO,,#N/D,VIKING ARMOUR,Y79G54,#N/D,0.6433
LLO4L9LL0,12 A 23,ACTIVO,353766.86,0,VIKING ARMOUR,Y79G54,4,0.9014
900L0ZZ,60 Y MAS,ACTIVO,72910.487,USD,SOIL,90LD2,2,0.068
ZVLOVFA494,24 A 47,ACTIVO,295093.332,GOLD,VIKING ARMOUR,JSF89A,4,0.0013
900V4LZ0,24 A 47,activo,,#N/D,VIKING ARMOUR,90LD2,#N/D,0.6344
L8FA0FALV4,07 A 11,ACTIVO,,#N/D,SPURS,Y79G54,#N/D,0.9533
ZVZLZ89V,48 A 60,ACTIVO,128995.477,GOLD,DRAGONS,90LD2,2,0.599
LO0LOL9044,60 Y MAS,IMPAGO,170412.085,GOLD,DRAGONS,90LD2,2,0.0744
L80LVFAFA4,07 A 11,ACTIVO,172569.2,#N/D,SPURS,Y79G54,1,0.3684
L4FA0ZLO9Z,24 A 47,ACTIVO,176883.43,0,DRAGONS,B92375,1,0.7235
L0LFAV4LOFA,60 Y MAS,ACTIVO,207083.04,BITCOIN,SPURS,Y79G54,4,0.1147
L808V0VLO,07 A 11,ACTIVO,273953.605,0,VIKING ARMOUR,B92375,2,0.8573
80L0FA0LO4,24 A 47,ACTIVO,251519.609,0,VIKING ARMOUR,JSF89A,4,0.8214
V0008L80,48 A 60,IMPAGO,416323.195,GOLD,VIKING ARMOUR,Y79G54,6,0.6955
LLO0Z0FA4LO,24 A 47,ACTIVO,414166.08,BITCOIN,DRAGONS,Y79G54,2,0.6223
L800Z0FAV,12 A 23,ACTIVO,237282.65,BITCOIN,VIKING ARMOUR,B92375,1,0.5662
L9FA0ZM0FA,07 A 11,ACTIVO,181197.66,#N/D,SPURS,Y79G54,N,0.7475
ZZZ04LLO8,60 Y MAS,ACTIVO,159626.51,BITCOIN,SOIL,Y79G54,2,0.4855
L9ZFA0800,07 A 11,ACTIVO,181197.66,#N/D,SPURS,Y79G54,N,0.2117
LV88FAVZV,07 A 11,ACTIVO,187669.005,0,SOIL,Y79G54,0,0.0882
LLFALO00,48 A 60,ACTIVO,159626.51,0,SOIL,Y79G54,2,0.6647
VLOVZLLOV,60 Y MAS,BAJA,513393.37,BITCOIN,VIKING ARMOUR,Y79G54,4,0.2502
L89090V8,00 A 06,ACTIVO,150998.05,ETHER,SOIL,Y79G54,N,0.873
LV8V80VFA,07 A 11,ACTIVO,129426.9,GOLD,DRAGONS,JSF89A,2,0.437
L08FALO8ZLO,60 Y MAS,ACTIVO,140212.475,GOLD,DRAGONS,B92375,2,0.1828
L9LO90ZLO4,00 A 06,IMPAGO,,#N/D,SOIL,Y79G54,#N/D,0.2675
LV90V9VL,12 A 23,ACTIVO,364552.435,0,VIKING ARMOUR,Y79G54,3,0.1611
LLO4489,00 A 06,ACTIVO,215711.5,0,VIKING ARMOUR,B92375,N,0.281
FAZFA4V00,60 Y MAS,ACTIVO,232968.42,BITCOIN,DRAGONS,Y79G54,2,0.9773
LLOFAZLV,12 A 23,ACTIVO,286896.295,TYP2,VIKING ARMOUR,B92375,1,0.1323
Z0V800LO8,60 Y MAS,BAJA,440051.46,BITCOIN,VIKING ARMOUR,Y79G54,4,0.456
L00LOLFAZM,60 Y MAS,ACTIVO,254539.57,0,SPURS,Y79G54,3,0.4667
LLLFA9ZZZ,48 A 60,ACTIVO,407694.735,ETHER,#N/D,#N/D,4,0.0839
LLV00900,48 A 60,ACTIVO,286896.295,0,VIKING ARMOUR,B92375,4,0.7886
LZLO8VLO,24 A 47,ACTIVO,,#N/D,SOIL,Y79G54,#N/D,0.879
V04FAFALO0LO,60 Y MAS,ACTIVO,140212.475,0,DRAGONS,B92375,1,0.4993
LV4FALFA8FA,12 A 23,ACTIVO,469819.647,ETHER,VIKING ARMOUR,Y79G54,4,0.124
LLO0VV84L,12 A 23,activo,,#N/D,DRAGONS,Y79G54,#N/D,0.1038
LV9ZZ88LO,12 A 23,IMPAGO,273953.605,TYP2,VIKING ARMOUR,B92375,2,0.3508
LZ4L00V9,24 A 47,ACTIVO,189826.12,0,SPURS,Y79G54,3,0.0611
9004VV4LO,60 Y MAS,activo,,#N/D,VIKING ARMOUR,90LD2,#N/D,0.3386
L8V0440Z,07 A 11,ACTIVO,245911.11,BITCOIN,VIKING ARMOUR,Y79G54,N,0.261
L9FALO98ZFA,00 A 06,activo,,#N/D,VIKING ARMOUR,JSF89A,#N/D,0.7962
LFA9009FAFA,24 A 47,ACTIVO,310624.56,ETHER,VIKING ARMOUR,Y79G54,4,0.1723
800004V8,60 Y MAS,activo,,#N/D,VIKING ARMOUR,B92375,#N/D,0.1744
L908VLFA4,07 A 11,ACTIVO,393457.776,#N/D,VIKING ARMOUR,Y79G54,N,0.967
L80FA4VL0,07 A 11,ACTIVO,451699.881,TYP2,VIKING ARMOUR,Y79G54,2,0.5987
ZZ4809ZL,60 Y MAS,ACTIVO,226497.075,0,SPURS,Y79G54,4,0.2121
FA0FAZ0VFA0,00 A 06,ACTIVO,,#N/D,DRAGONS,B92375,#N/D,0.2544
L909FAV0V,00 A 06,ACTIVO,237282.65,#N/D,VIKING ARMOUR,B92375,N,0.4856
V00LOFA944,60 Y MAS,ACTIVO,135898.245,0,DRAGONS,90LD2,2,0.9792
LO04FAFA4Z0,60 Y MAS,ACTIVO,174726.315,0,DRAGONS,90LD2,2,0.7038
LV8Z0ZL4,07 A 11,ACTIVO,99227.29,0,DRAGONS,B92375,0,0.6828
LV808V08,12 A 23,ACTIVO,230811.305,BITCOIN,VIKING ARMOUR,B92375,2,0.9122
VL80448,60 Y MAS,ACTIVO,159626.51,BITCOIN,SOIL,Y79G54,2,0.1312
Z0L9LOZLL,60 Y MAS,ACTIVO,276110.72,BITCOIN,VIKING ARMOUR,Y79G54,3,0.1822
LL4VLO9LZ,48 A 60,ACTIVO,267482.26,BITCOIN,SPURS,Y79G54,4,0.593
L840008FA,07 A 11,IMPAGO,217868.615,GOLD,SPURS,Y79G54,1,0.6037
LVLO40L0Z,12 A 23,ACTIVO,314938.79,ETHER,SPURS,Y79G54,4,0.8011
LZM8LO984,12 A 23,ACTIVO,323567.25,GOLD,VIKING ARMOUR,B92375,4,0.9664
L9LZ4VLLO,07 A 11,activo,,#N/D,SPURS,Y79G54,#N/D,0.2465
L4V88044,24 A 47,ACTIVO,265325.145,ETHER,NAVAL,B92375,4,0.2817
ZVLOL80V9,24 A 47,ACTIVO,267050.837,BITCOIN,VIKING ARMOUR,JSF89A,4,0.4179
LLFAFALOZLOV,24 A 47,ACTIVO,207083.04,BITCOIN,SPURS,Y79G54,4,0.2915
LO0LOVVLLOZ,60 Y MAS,ACTIVO,205357.348,TYP2,NAVAL,90LD2,2,0.3303
L0VLO0Z9LO,60 Y MAS,ACTIVO,,#N/D,VIKING ARMOUR,Y79G54,#N/D,0.3178
LLO0LOZV0L,12 A 23,ACTIVO,232968.42,0,SPURS,Y79G54,1,0.5265
LVZ0L0V0,12 A 23,IMPAGO,,#N/D,SPURS,Y79G54,#N/D,0.1743
90084FA09,24 A 47,ACTIVO,,#N/D,SPURS,90LD2,#N/D,0.2982
ZZV904ZFA,60 Y MAS,ACTIVO,133741.13,GOLD,DRAGONS,90LD2,2,0.5827
V0Z0ZFALOV,60 Y MAS,ACTIVO,360238.205,TYP2,VIKING ARMOUR,B92375,4,0.8769
L9LOFAFAFAZ0,07 A 11,ACTIVO,237282.65,GOLD,VIKING ARMOUR,B92375,N,0.6761
L90FA0ZM9,00 A 06,activo,181197.66,#N/D,SPURS,Y79G54,N,0.6698
LFAL84LO9FA,24 A 47,ACTIVO,310624.56,BITCOIN,VIKING ARMOUR,B92375,4,0.1822
LL84FALOFAL,24 A 47,ACTIVO,405537.62,BITCOIN,VIKING ARMOUR,Y79G54,6,0.5581
L00VL880,48 A 60,ACTIVO,198454.58,0,SPURS,Y79G54,0,0.4099
L80940FALO,07 A 11,ACTIVO,94913.06,GOLD,DRAGONS,JSF89A,2,0.2552
L89V4ZLOZ,07 A 11,ACTIVO,181197.66,ETHER,SPURS,Y79G54,N,0.3902
900V48Z8,24 A 47,activo,,#N/D,SPURS,90LD2,#N/D,0.6883
L8VV9L4Z,07 A 11,IMPAGO,,#N/D,VIKING ARMOUR,Y79G54,#N/D,0.5767
90LFA8LOL9,07 A 11,ACTIVO,,#N/D,SPURS,90LD2,#N/D,0.8434
LO0FAZ840FA,60 Y MAS,ACTIVO,260579.492,0,DRAGONS,90LD2,3,0.6412
LVL8L000,12 A 23,ACTIVO,232968.42,0,NAVAL,JSF89A,2,0.221
L894FALO,00 A 06,ACTIVO,187669.005,#N/D,SOIL,Y79G54,N,0.1111
V0FAFALO90,60 Y MAS,ACTIVO,295956.178,TYP2,DRAGONS,90LD2,4,0.2316
LLO0V0LO94,24 A 47,ACTIVO,,#N/D,VIKING ARMOUR,B92375,#N/D,0.4902
L800V0LO0,07 A 11,ACTIVO,422794.54,ETHER,VIKING ARMOUR,Y79G54,1,0.0978
L9L90LFAL,00 A 06,ACTIVO,155312.28,BITCOIN,DRAGONS,Y79G54,N,0.9545
L0444V8FA,60 Y MAS,ACTIVO,243753.995,GOLD,VIKING ARMOUR,B92375,2,0.8079
L80Z80VL,12 A 23,ACTIVO,172569.2,BITCOIN,SPURS,Y79G54,1,0.7452
800ZM0FAV,60 Y MAS,ACTIVO,314938.79,0,VIKING ARMOUR,Y79G54,4,0.9187
LLO409880,12 A 23,IMPAGO,250225.34,0,VIKING ARMOUR,B92375,1,0.6485
LLL80ZFAZ,48 A 60,ACTIVO,347295.515,TYP2,VIKING ARMOUR,B92375,4,0.7762
L8LZFA00FA,12 A 23,ACTIVO,289053.41,GOLD,VIKING ARMOUR,Y79G54,2,0.5978
L04FA0FA0FA,48 A 60,ACTIVO,,#N/D,VIKING ARMOUR,B92375,#N/D,0.1772
LLO8L4ZZ0,12 A 23,ACTIVO,103541.52,TYP2,DRAGONS,B92375,2,0.4191
LZVL48Z0,24 A 47,ACTIVO,241596.88,0,SPURS,Y79G54,3,0.0785
L89FALOLFA8,07 A 11,ACTIVO,181197.66,0,SPURS,Y79G54,N,0.013
L8V89LVZ,00 A 06,ACTIVO,150998.05,#N/D,SOIL,Y79G54,N,0.6292
L0LO0004Z,48 A 60,ACTIVO,235125.535,GOLD,SPURS,Y79G54,4,0.0835
L9LO04498,07 A 11,ACTIVO,202768.81,USD,SPURS,Y79G54,N,0.6843
LV9ZVLOZL,07 A 11,ACTIVO,332195.71,ETHER,VIKING ARMOUR,B92375,2,0.6269
L84FA894V,07 A 11,IMPAGO,297681.87,GOLD,VIKING ARMOUR,Y79G54,2,0.7557
L8L940L8,07 A 11,ACTIVO,209240.155,#N/D,SPURS,Y79G54,2,0.5132
V0L004VV,24 A 47,ACTIVO,163509.317,0,DRAGONS,90LD2,2,0.8351
L8FA0FALV4,12 A 23,ACTIVO,,#N/D,SPURS,Y79G54,#N/D,0.328
FA0LO0Z4VLO,00 A 06,activo,,#N/D,SPURS,Y79G54,#N/D,0.6927
ZZ0FA8VZ4,48 A 60,ACTIVO,97070.175,GOLD,DRAGONS,90LD2,2,0.5882
LLO0Z900V,12 A 23,ACTIVO,325724.365,ETHER,VIKING ARMOUR,Y79G54,4,0.5277
LLLO0FA900,24 A 47,ACTIVO,396909.16,ETHER,SOIL,Y79G54,6,0.1989
LV8FA8VZ8,12 A 23,activo,273953.605,0,VIKING ARMOUR,B92375,1,0.0806
L8LLO49FAV,12 A 23,ACTIVO,237282.65,GOLD,VIKING ARMOUR,B92375,1,0.4728
FALOFALOLFALO,60 Y MAS,BAJA,314938.79,ETHER,VIKING ARMOUR,Y79G54,4,0.8993
LV4800ZM,12 A 23,activo,140212.475,0,DRAGONS,B92375,2,0.0195
89089L8,60 Y MAS,ACTIVO,444365.69,BITCOIN,VIKING ARMOUR,Y79G54,4,0.9438
V0V98809,24 A 47,ACTIVO,239439.765,GOLD,NAVAL,B92375,4,0.8519
LZL840LLO,24 A 47,ACTIVO,390437.815,BITCOIN,VIKING ARMOUR,Y79G54,6,0.3707
L8LOZLO090,07 A 11,activo,,#N/D,SOIL,Y79G54,#N/D,0.0443
LZ9ZLOZ9L,24 A 47,ACTIVO,254539.57,ETHER,SPURS,Y79G54,3,0.7722
L9ZMZ04FA,00 A 06,ACTIVO,150998.05,BITCOIN,SOIL,Y79G54,N,0.7831
L8L0L80LO,07 A 11,activo,,#N/D,VIKING ARMOUR,B92375,#N/D,0.9825
LLO8LO0FAFAFA,12 A 23,ACTIVO,368866.665,ETHER,VIKING ARMOUR,Y79G54,4,0.63
Z08Z9VLOFA,60 Y MAS,ACTIVO,,#N/D,VIKING ARMOUR,B92375,#N/D,0.3793
LLO9FAZ0Z0,12 A 23,activo,297681.87,0,VIKING ARMOUR,Y79G54,3,0.1477
LLVLOZVFAFA,24 A 47,ACTIVO,189826.12,0,SPURS,Y79G54,3,0.0403
LFA0LO8FA0V,24 A 47,ACTIVO,198454.58,0,SPURS,Y79G54,3,0.6965
L4LO08VFAZ,24 A 47,ACTIVO,,#N/D,VIKING ARMOUR,B92375,#N/D,0.1043
L89VZ40L,00 A 06,ACTIVO,150998.05,#N/D,SOIL,Y79G54,N,0.3838
VLLOLFA0LO,60 Y MAS,ACTIVO,289053.41,BITCOIN,VIKING ARMOUR,Y79G54,4,0.0357
L9FAVV9FA9,00 A 06,ACTIVO,150998.05,ETHER,SOIL,Y79G54,N,0.829
LLOL9489FA,12 A 23,ACTIVO,250225.34,ETHER,VIKING ARMOUR,B92375,2,0.8321
LV90FAZLO9,07 A 11,ACTIVO,237282.65,GOLD,VIKING ARMOUR,B92375,2,0.3547
L8FALOVLO09,07 A 11,ACTIVO,181197.66,#N/D,SPURS,Y79G54,1,0.7849
L0LO9ZLO0Z,60 Y MAS,ACTIVO,196297.465,0,SOIL,Y79G54,2,0.0537
L00ZVFALLO,48 A 60,ACTIVO,241596.88,BITCOIN,VIKING ARMOUR,B92375,4,0.1039
L8VZ0LZFA,00 A 06,ACTIVO,187669.005,TYP2,SOIL,Y79G54,N,0.8482
L90LV0Z0,00 A 06,ACTIVO,207083.04,GOLD,VIKING ARMOUR,B92375,N,0.1377
LV9FALO4L0,07 A 11,ACTIVO,150998.05,0,SOIL,Y79G54,0,0.7818
LO0ZV4LZ9,24 A 47,ACTIVO,135898.245,0,DRAGONS,90LD2,2,0.9485
L9489LO80,00 A 06,ACTIVO,286896.295,GOLD,VIKING ARMOUR,B92375,N,0.1006
V0VLLO9FAL,60 Y MAS,ACTIVO,176883.43,GOLD,DRAGONS,B92375,2,0.3977
L4V000FA9,24 A 47,ACTIVO,207083.04,ETHER,SPURS,Y79G54,4,0.0806
LO0VL,60 Y MAS,ACTIVO,103541.52,GOLD,DRAGONS,B92375,2,0.2483
L9Z0900FA,07 A 11,activo,157469.395,#N/D,SPURS,Y79G54,N,0.8846
L9Z8Z00Z,00 A 06,ACTIVO,273953.605,GOLD,VIKING ARMOUR,B92375,N,0.3754
80L9FA004,24 A 47,IMPAGO,,#N/D,VIKING ARMOUR,90LD2,#N/D,0.6229
ZZFAZ9800,60 Y MAS,ACTIVO,181197.66,0,DRAGONS,90LD2,1,0.8289
L0804VL0,48 A 60,activo,161783.625,USD,SPURS,Y79G54,2,0.313
LZLL8944,24 A 47,ACTIVO,196297.465,BITCOIN,SOIL,Y79G54,2,0.5006
L9FAZLO880,00 A 06,ACTIVO,211397.27,BITCOIN,SPURS,Y79G54,N,0.8875
LZ4Z0FAZFA,24 A 47,ACTIVO,396909.16,BITCOIN,VIKING ARMOUR,Y79G54,6,0.7362
L8944VZLO,07 A 11,ACTIVO,273953.605,BITCOIN,VIKING ARMOUR,B92375,N,0.9919
L9488900,00 A 06,ACTIVO,237282.65,#N/D,VIKING ARMOUR,B92375,N,0.6269
L048VLOVFA,48 A 60,ACTIVO,295524.755,0,NAVAL,B92375,4,0.0249
L80Z8LL0,07 A 11,ACTIVO,187669.005,GOLD,SOIL,Y79G54,1,0.8357
L4VVVZFA4,24 A 47,ACTIVO,230811.305,GOLD,SOIL,Y79G54,4,0.3427
Z000FA80V,60 Y MAS,ACTIVO,329175.749,GOLD,NAVAL,90LD2,4,0.9787
L9L8FAVLZ,00 A 06,activo,243753.995,#N/D,VIKING ARMOUR,B92375,N,0.6646
L80LO4849,12 A 23,ACTIVO,327881.48,ETHER,VIKING ARMOUR,Y79G54,2,0.075
L9FALO00LO0,00 A 06,ACTIVO,181197.66,#N/D,SPURS,Y79G54,N,0.1471
LLO98FA4V4,12 A 23,ACTIVO,258853.8,BITCOIN,SPURS,Y79G54,2,0.2279
L840ZFA4FA,12 A 23,ACTIVO,,0,DRAGONS,JSF89A,2,0.3545
LV400L,12 A 23,ACTIVO,273953.605,GOLD,VIKING ARMOUR,B92375,2,0.0709
LV98LO9FA8,12 A 23,ACTIVO,364552.435,0,VIKING ARMOUR,Y79G54,3,0.9566
L904FA094,00 A 06,activo,273953.605,#N/D,VIKING ARMOUR,B92375,N,0.3461
L8LZ9Z09,07 A 11,ACTIVO,150998.05,#N/D,SOIL,Y79G54,2,0.6534
L980VVLO0,00 A 06,IMPAGO,187669.005,#N/D,SOIL,Y79G54,N,0.7322
LLO0Z8400,12 A 23,ACTIVO,250225.34,0,VIKING ARMOUR,B92375,1,0.6634
L0FALOZ0Z9,60 Y MAS,ACTIVO,312781.675,0,VIKING ARMOUR,Y79G54,4,0.9237
L9L08FALOFA,00 A 06,ACTIVO,217868.615,#N/D,SPURS,Y79G54,N,0.2517
LLO48VFAFA8,12 A 23,ACTIVO,349452.63,GOLD,SPURS,Y79G54,4,0.8564
L494FA04Z,24 A 47,ACTIVO,291210.525,GOLD,NAVAL,B92375,4,0.7691
L98ZFAZLOL,00 A 06,ACTIVO,237282.65,#N/D,VIKING ARMOUR,B92375,N,0.5295
9V8Z4,60 Y MAS,ACTIVO,323567.25,GOLD,VIKING ARMOUR,B92375,4,0.0141
L9L8LOVZM,07 A 11,ACTIVO,150998.05,GOLD,SOIL,Y79G54,N,0.617
L80Z0004,12 A 23,ACTIVO,237282.65,GOLD,VIKING ARMOUR,B92375,2,0.9465
L94Z088L,00 A 06,ACTIVO,230811.305,TYP2,SOIL,Y79G54,N,0.0256
L8L4L004,07 A 11,ACTIVO,150998.05,#N/D,SPURS,Y79G54,2,0.7571
LLOZFAFA0,12 A 23,activo,,#N/D,SPURS,Y79G54,#N/D,0.7229
L084V9ZL,60 Y MAS,ACTIVO,310624.56,0,VIKING ARMOUR,Y79G54,4,0.5027
LLOFA0L0LLO,24 A 47,ACTIVO,250225.34,0,VIKING ARMOUR,B92375,1,0.2577
L8LO9L909,07 A 11,ACTIVO,310624.56,#N/D,VIKING ARMOUR,B92375,N,0.0366
L9FAZMZV9,00 A 06,ACTIVO,273953.605,#N/D,VIKING ARMOUR,B92375,N,0.1554
8009FA9L4,60 Y MAS,ACTIVO,159626.51,0,SOIL,Y79G54,1,0.2039
L80Z9VLO4,07 A 11,activo,,#N/D,SPURS,Y79G54,#N/D,0.5254
LLLOFAZML9,48 A 60,ACTIVO,103110.097,BITCOIN,SPURS,Y79G54,2,0.2552
L88LOLFA89,00 A 06,ACTIVO,273953.605,TYP2,VIKING ARMOUR,B92375,N,0.9886
L9004LV0,00 A 06,ACTIVO,187669.005,#N/D,SOIL,Y79G54,N,0.7222
FA0LFA4V0L,00 A 06,IMPAGO,245479.687,0,VIKING ARMOUR,JSF89A,N,0.2507
LV909V4LO,07 A 11,ACTIVO,517276.177,BITCOIN,VIKING ARMOUR,Y79G54,2,0.2205
LLO00LO8FALO,12 A 23,ACTIVO,250225.34,0,VIKING ARMOUR,B92375,2,0.8593
VFAZ0LO0Z,60 Y MAS,ACTIVO,358081.09,ETHER,VIKING ARMOUR,Y79G54,4,0.7063
L4808Z,00 A 06,ACTIVO,135898.245,0,DRAGONS,JSF89A,N,0.2986
L9L844,07 A 11,IMPAGO,,#N/D,SPURS,Y79G54,#N/D,0.7222
LLLO0ZV40,48 A 60,ACTIVO,103541.52,GOLD,DRAGONS,B92375,2,0.6849
L80LLO9LOV,07 A 11,activo,,#N/D,VIKING ARMOUR,B92375,#N/D,0.5259
LFA00LLZV,24 A 47,ACTIVO,237282.65,BITCOIN,SOIL,Y79G54,2,0.351
LLOFA0049FA,12 A 23,ACTIVO,405537.62,TYP2,VIKING ARMOUR,Y79G54,4,0.8249
LV9LOLL90,07 A 11,ACTIVO,353766.86,0,VIKING ARMOUR,Y79G54,3,0.0752
LV498LOFALO,12 A 23,ACTIVO,250225.34,GOLD,VIKING ARMOUR,B92375,2,0.8419
L9V04FA40,00 A 06,activo,,#N/D,SPURS,Y79G54,#N/D,0.7503
LFAZ400LZ,24 A 47,ACTIVO,239439.765,GOLD,NAVAL,B92375,3,0.0264
LVVLOLZ40,12 A 23,ACTIVO,198454.58,BITCOIN,SPURS,Y79G54,2,0.3428
LZFALLOFALO4,24 A 47,ACTIVO,228654.19,0,NAVAL,B92375,1,0.7957
LVV400,12 A 23,ACTIVO,99227.29,0,DRAGONS,B92375,1,0.278
FA0Z88980,00 A 06,ACTIVO,,#N/D,SPURS,Y79G54,#N/D,0.5806
L9FA0VZZFA,00 A 06,ACTIVO,420637.425,#N/D,VIKING ARMOUR,Y79G54,N,0.7517
L4L84ZLOZ,24 A 47,ACTIVO,196297.465,0,SOIL,Y79G54,2,0.5366
FA0444LZ4,00 A 06,IMPAGO,,#N/D,SPURS,Y79G54,#N/D,0.8235
LV4408Z8,12 A 23,activo,243753.995,ETHER,SPURS,Y79G54,4,0.605
LLO90FALOL9,12 A 23,ACTIVO,243753.995,BITCOIN,SPURS,Y79G54,3,0.1739
LL040FA80,48 A 60,ACTIVO,965956.097,USD,VIKING ARMOUR,Y79G54,6,0.096
LFA084LFA0,24 A 47,ACTIVO,340824.17,BITCOIN,VIKING ARMOUR,B92375,4,0.996
8009Z040,60 Y MAS,ACTIVO,135035.399,0,SOIL,90LD2,2,0.7781
L9Z0949L,07 A 11,ACTIVO,273953.605,#N/D,VIKING ARMOUR,B92375,N,0.0953
L09Z8000,60 Y MAS,ACTIVO,286896.295,GOLD,VIKING ARMOUR,B92375,4,0.0417
L0LOV9FA4FA,60 Y MAS,ACTIVO,207083.04,GOLD,SPURS,Y79G54,4,0.801
L8VLO8FAZ4,07 A 11,ACTIVO,237282.65,#N/D,VIKING ARMOUR,B92375,N,0.9947
900FA0884,60 Y MAS,ACTIVO,,#N/D,SPURS,90LD2,#N/D,0.7612
L908080LO,07 A 11,ACTIVO,181197.66,TYP2,SPURS,Y79G54,N,0.0898
L90FA408L,07 A 11,ACTIVO,271796.49,BITCOIN,VIKING ARMOUR,B92375,N,0.9288
800FA09LOL,60 Y MAS,activo,121229.863,0,DRAGONS,90LD2,2,0.006
LO0ZFA09LO8,24 A 47,ACTIVO,132015.438,0,DRAGONS,90LD2,2,0.3918
L9FA00VLOV,00 A 06,ACTIVO,,#N/D,VIKING ARMOUR,B92375,#N/D,0.0435
LLLV9Z8FA,24 A 47,ACTIVO,207083.04,0,SPURS,Y79G54,3,0.2133
L489088LO,24 A 47,ACTIVO,276110.72,BITCOIN,VIKING ARMOUR,Y79G54,4,0.0155
L9LOVFAZZ4,00 A 06,ACTIVO,207083.04,#N/D,VIKING ARMOUR,B92375,N,0.3458
LLOV800FA8,12 A 23,activo,,#N/D,VIKING ARMOUR,B92375,#N/D,0.1446
L9FA0LFAZZ,00 A 06,ACTIVO,181197.66,BITCOIN,SPURS,Y79G54,N,0.8036
LV9ZVV4FA,07 A 11,ACTIVO,211397.27,BITCOIN,VIKING ARMOUR,B92375,2,0.0402
V000044LO,12 A 23,ACTIVO,195434.619,0,VIKING ARMOUR,90LD2,4,0.6006
LZ00ZM0Z,24 A 47,BAJA,241596.88,0,VIKING ARMOUR,B92375,4,0.9359
90L0FA090,24 A 47,BAJA,196728.888,BITCOIN,SPURS,90LD2,2,0.2187
V0V8400Z,60 Y MAS,ACTIVO,170412.085,USD,DRAGONS,B92375,2,0.5687
FA984LO,60 Y MAS,ACTIVO,198454.58,TYP2,SPURS,Y79G54,4,0.065
LL90LOV0L,24 A 47,ACTIVO,207083.04,0,SPURS,Y79G54,3,0.2272
V00LV404,24 A 47,ACTIVO,95344.483,BITCOIN,DRAGONS,90LD2,2,0.3442
L8VL0FA04,00 A 06,ACTIVO,289053.41,#N/D,VIKING ARMOUR,Y79G54,N,0.7957
L8FAFA0LLOFA,07 A 11,activo,,#N/D,VIKING ARMOUR,B92375,#N/D,0.1407
LLOFALOZVZM,24 A 47,ACTIVO,450405.612,0,VIKING ARMOUR,Y79G54,3,0.3944
LLO0L0FAZ0,24 A 47,activo,,#N/D,VIKING ARMOUR,B92375,#N/D,0.0683
L9FA94FA04,00 A 06,ACTIVO,127269.785,GOLD,VIKING ARMOUR,JSF89A,N,0.8366
LLOV8FAZL9,12 A 23,ACTIVO,140212.475,0,DRAGONS,B92375,1,0.1827
L880FA4L9,00 A 06,ACTIVO,99227.29,#N/D,DRAGONS,B92375,N,0.8442
L9FA00LO09,07 A 11,ACTIVO,129426.9,0,DRAGONS,JSF89A,N,0.1601
L9VFAFA9V0,00 A 06,ACTIVO,,#N/D,SPURS,Y79G54,#N/D,0.8282
LV9ZMFA98,07 A 11,ACTIVO,273953.605,BITCOIN,VIKING ARMOUR,B92375,2,0.7719
LLO0400V0,24 A 47,ACTIVO,276110.72,0,VIKING ARMOUR,Y79G54,2,0.7501
Z0LVZ4V8,60 Y MAS,ACTIVO,138486.783,0,SOIL,90LD2,2,0.2476
L9FA4LO800,00 A 06,ACTIVO,187669.005,#N/D,SOIL,Y79G54,N,0.7356
L8L0FAZZ8,12 A 23,ACTIVO,273953.605,#N/D,VIKING ARMOUR,B92375,2,0.4886
L9LLO8VZ0,00 A 06,ACTIVO,480605.222,#N/D,VIKING ARMOUR,Y79G54,N,0.3028
LLOFAL0LO04,12 A 23,ACTIVO,189826.12,USD,SPURS,Y79G54,2,0.9814
V09L8LOFAL,60 Y MAS,ACTIVO,286896.295,BITCOIN,VIKING ARMOUR,B92375,4,0.4179
ZZL909LO0,60 Y MAS,ACTIVO,347295.515,GOLD,VIKING ARMOUR,B92375,4,0.3717
Z04V90V0,60 Y MAS,BAJA,189826.12,GOLD,DRAGONS,Y79G54,2,0.9481
L0VL04LO8,48 A 60,ACTIVO,228654.19,0,NAVAL,B92375,1,0.2139
LVFAFAZZLO0,12 A 23,ACTIVO,276110.72,BITCOIN,VIKING ARMOUR,Y79G54,1,0.1709
9004FAL89,48 A 60,ACTIVO,,#N/D,VIKING ARMOUR,90LD2,#N/D,0.4635
L9LLOZ88V,07 A 11,ACTIVO,273953.605,#N/D,VIKING ARMOUR,B92375,N,0.0456
LLLO940L0,24 A 47,ACTIVO,207083.04,BITCOIN,SPURS,Y79G54,4,0.0042
L9L04Z40,07 A 11,IMPAGO,99227.29,0,DRAGONS,JSF89A,N,0.7977
LFA44V48L,24 A 47,ACTIVO,,#N/D,NAVAL,B92375,#N/D,0.9726
L90ZV40LO,00 A 06,ACTIVO,150998.05,#N/D,SOIL,Y79G54,N,0.1609
L909FA04FA,07 A 11,ACTIVO,194140.35,BITCOIN,SOIL,Y79G54,N,0.3836
L8FALO00ZL,12 A 23,ACTIVO,120798.44,GOLD,SPURS,Y79G54,1,0.3807
L90L044V,00 A 06,ACTIVO,125112.67,#N/D,SPURS,Y79G54,N,0.2536
LLO040044,12 A 23,ACTIVO,215711.5,0,VIKING ARMOUR,B92375,2,0.6964
LL800LLFA,24 A 47,IMPAGO,295524.755,GOLD,VIKING ARMOUR,Y79G54,4,0.3058
LO0ZZ4V88,48 A 60,ACTIVO,347295.515,GOLD,VIKING ARMOUR,Y79G54,4,0.1191
V0080LOVFA,60 Y MAS,ACTIVO,132015.438,0,DRAGONS,90LD2,2,0.0736
L9LVZFAZ4,07 A 11,ACTIVO,237282.65,0,VIKING ARMOUR,B92375,N,0.7091
L89ZZMZV,00 A 06,ACTIVO,181197.66,GOLD,SPURS,Y79G54,N,0.066
L94LOFA900,00 A 06,ACTIVO,232968.42,0,#N/D,#N/D,N,0.7053
LFAFAZLO4FAL,24 A 47,ACTIVO,159626.51,BITCOIN,SOIL,Y79G54,2,0.4852
98V404Z,60 Y MAS,ACTIVO,301996.1,GOLD,VIKING ARMOUR,B92375,4,0.0023
L8LZM000,07 A 11,ACTIVO,509079.14,BITCOIN,VIKING ARMOUR,Y79G54,4,0.2071
LLFA00VFA9,24 A 47,ACTIVO,189826.12,0,SPURS,Y79G54,3,0.9593
L9FAFA9VZ8,00 A 06,ACTIVO,196297.465,GOLD,SOIL,Y79G54,N,0.1834
L80ZLO08Z,12 A 23,activo,187669.005,GOLD,SOIL,Y79G54,2,0.0593
L9LZLZ8FA,00 A 06,ACTIVO,,#N/D,SPURS,Y79G54,#N/D,0.5092
L400LO00LO,24 A 47,activo,,#N/D,SPURS,Y79G54,#N/D,0.4699
Z09LV8LFA,60 Y MAS,activo,,#N/D,VIKING ARMOUR,Y79G54,#N/D,0.1164
L40LOZLVV,24 A 47,ACTIVO,196297.465,0,#N/D,#N/D,1,0.0295
L94Z088L,07 A 11,ACTIVO,230811.305,TYP2,SOIL,Y79G54,N,0.2755
LLO4L8FA89,24 A 47,ACTIVO,207083.04,GOLD,SPURS,Y79G54,2,0.8007
988V49LO,60 Y MAS,IMPAGO,207083.04,TYP2,SPURS,Y79G54,4,0.0094
LLOL9000V,24 A 47,ACTIVO,509079.14,BITCOIN,VIKING ARMOUR,Y79G54,4,0.0019
L90VZ8LLO,00 A 06,ACTIVO,150998.05,#N/D,SPURS,Y79G54,N,0.3632
LLO4Z0L04,12 A 23,ACTIVO,,#N/D,VIKING ARMOUR,B92375,#N/D,0.4887
LLO0FA4VLO9,24 A 47,ACTIVO,396909.16,0,VIKING ARMOUR,Y79G54,3,0.6097
L00Z80LOZ,60 Y MAS,BAJA,431423,0,VIKING ARMOUR,Y79G54,6,0.696
LZ00409FA,24 A 47,IMPAGO,,#N/D,VIKING ARMOUR,JSF89A,#N/D,0.6534
LLO04LZ,12 A 23,ACTIVO,286896.295,0,VIKING ARMOUR,B92375,4,0.4519
L9FALFA044,07 A 11,ACTIVO,150998.05,#N/D,SOIL,Y79G54,N,0.233
L9L08ZZ0,00 A 06,ACTIVO,207083.04,#N/D,VIKING ARMOUR,B92375,N,0.6808
L08LO0LVFA,60 Y MAS,ACTIVO,103541.52,0,DRAGONS,B92375,2,0.0264
L8L4000FA,07 A 11,ACTIVO,237282.65,#N/D,VIKING ARMOUR,B92375,2,0.9795
LV0094V4,12 A 23,ACTIVO,250225.34,0,VIKING ARMOUR,B92375,2,0.2026
LFA0LZ0LO0,24 A 47,ACTIVO,207083.04,GOLD,SPURS,Y79G54,4,0.0981
V0009V00,24 A 47,ACTIVO,427108.77,TYP2,VIKING ARMOUR,Y79G54,4,0.4639
L9ZLOZ49L,00 A 06,ACTIVO,150998.05,ETHER,SOIL,Y79G54,N,0.7616
L4LLLO89Z,24 A 47,IMPAGO,196297.465,TYP2,SOIL,Y79G54,2,0.6835
L880ZMFA4,00 A 06,ACTIVO,273953.605,#N/D,VIKING ARMOUR,B92375,N,0.182
L9FA8Z8Z0,00 A 06,ACTIVO,237282.65,BITCOIN,VIKING ARMOUR,B92375,N,0.7581
LFA4ZZL00,24 A 47,ACTIVO,,#N/D,NAVAL,B92375,#N/D,0.5182
LO04Z0LOZLO,48 A 60,ACTIVO,177746.276,0,DRAGONS,90LD2,2,0.3683
L8FALLOZ,12 A 23,ACTIVO,237282.65,#N/D,VIKING ARMOUR,B92375,2,0.5231
L9090VZLO,07 A 11,ACTIVO,,#N/D,VIKING ARMOUR,Y79G54,#N/D,0.8129
80LZMZZM,48 A 60,ACTIVO,171706.354,0,SOIL,90LD2,1,0.802
LLO04FAFA04,24 A 47,ACTIVO,250225.34,TYP2,VIKING ARMOUR,B92375,2,0.3101
LVV909FA0,12 A 23,ACTIVO,198454.58,0,VIKING ARMOUR,B92375,0,0.0159
L9ZFA0FA4Z,07 A 11,ACTIVO,237282.65,BITCOIN,VIKING ARMOUR,B92375,N,0.7817
ZVLOZLOL40,24 A 47,ACTIVO,119504.171,BITCOIN,SOIL,90LD2,2,0.6758
L0040VV0,60 Y MAS,ACTIVO,314938.79,0,VIKING ARMOUR,Y79G54,4,0.868
LLO00ZFA89,24 A 47,IMPAGO,,#N/D,VIKING ARMOUR,B92375,#N/D,0.6781
LV8VLOL00,07 A 11,ACTIVO,150998.05,0,VIKING ARMOUR,JSF89A,2,0.5841
LO0LOLLOZZ0,60 Y MAS,IMPAGO,,#N/D,DRAGONS,90LD2,#N/D,0.6756
L88Z0LFAL,07 A 11,activo,334352.825,GOLD,VIKING ARMOUR,Y79G54,N,0.1028
L8FAFAFA084,12 A 23,ACTIVO,,#N/D,SPURS,Y79G54,#N/D,0.2305
L908FAFAVV,07 A 11,ACTIVO,273953.605,#N/D,VIKING ARMOUR,B92375,N,0.8868
L80FA0LZ9,07 A 11,ACTIVO,310624.56,#N/D,VIKING ARMOUR,B92375,1,0.4706
LLO9FAVL80,12 A 23,ACTIVO,250225.34,TYP2,VIKING ARMOUR,B92375,2,0.9862
L08VV04Z,48 A 60,ACTIVO,431423,0,VIKING ARMOUR,Y79G54,6,0.6339
L09ZL80FA,48 A 60,ACTIVO,235125.535,0,SPURS,Y79G54,4,0.3185
LO0LO0LLO09,60 Y MAS,activo,,#N/D,DRAGONS,90LD2,#N/D,0.2538
L809FAL0LO,12 A 23,ACTIVO,150998.05,GOLD,SOIL,Y79G54,1,0.856
L0Z80LO04,60 Y MAS,ACTIVO,103541.52,GOLD,DRAGONS,B92375,2,0.3684
L9LLOFA8LO9,07 A 11,ACTIVO,159626.51,GOLD,SPURS,Y79G54,N,0.4189
L904VZVLO,07 A 11,IMPAGO,282150.642,0,VIKING ARMOUR,JSF89A,N,0.2949
LFALOV4V,24 A 47,ACTIVO,207083.04,0,SPURS,Y79G54,3,0.4309
V0Z4FAZLFA,48 A 60,ACTIVO,176883.43,GOLD,DRAGONS,B92375,2,0.9206
L80LO4FAL4,07 A 11,ACTIVO,198454.58,#N/D,SPURS,Y79G54,2,0.4319
L4LLV9VZ,24 A 47,ACTIVO,323567.25,GOLD,VIKING ARMOUR,B92375,4,0.031
L9LOLZ094,00 A 06,activo,260148.069,0,VIKING ARMOUR,JSF89A,N,0.7142
LLLO9VVZL,48 A 60,ACTIVO,327881.48,BITCOIN,VIKING ARMOUR,Y79G54,4,0.0606
LLO448L9Z,24 A 47,activo,250225.34,0,VIKING ARMOUR,B92375,1,0.0875
L9Z80Z04,07 A 11,IMPAGO,265325.145,GOLD,SPURS,Y79G54,N,0.4955
LLOZV9V8V,12 A 23,ACTIVO,487507.99,TYP2,VIKING ARMOUR,Y79G54,4,0.7015
L809V984,12 A 23,ACTIVO,273953.605,#N/D,VIKING ARMOUR,B92375,2,0.3488
LL9LV8FA9,24 A 47,ACTIVO,207083.04,0,SPURS,Y79G54,4,0.0927
L9L0FALV0,00 A 06,ACTIVO,168254.97,GOLD,VIKING ARMOUR,JSF89A,N,0.3027
LFALO4Z880,24 A 47,ACTIVO,176883.43,ETHER,DRAGONS,B92375,2,0.0827
FA00VV48V,00 A 06,activo,189826.12,0,SPURS,Y79G54,N,0.7884
LZZ48Z40,24 A 47,ACTIVO,189826.12,ETHER,#N/D,#N/D,4,0.9507
L8LOFA04ZFA,07 A 11,ACTIVO,237282.65,GOLD,VIKING ARMOUR,B92375,1,0.8103
L8LZV8LLO,07 A 11,ACTIVO,,#N/D,VIKING ARMOUR,Y79G54,#N/D,0.7623
LV48FA009,12 A 23,ACTIVO,276110.72,ETHER,VIKING ARMOUR,Y79G54,2,0.1266
L908FALO0V,00 A 06,ACTIVO,150998.05,BITCOIN,SOIL,Y79G54,N,0.579
L484LOFA0Z,24 A 47,ACTIVO,241596.88,TYP2,VIKING ARMOUR,B92375,4,0.4445
L9LOLZ0V0,00 A 06,activo,286896.295,#N/D,VIKING ARMOUR,B92375,N,0.5678
L4FALO4048,24 A 47,ACTIVO,334352.825,0,VIKING ARMOUR,Y79G54,3,0.391
L804V9ZV,07 A 11,IMPAGO,,#N/D,VIKING ARMOUR,B92375,#N/D,0.616
FA0VLO9LZ4,00 A 06,ACTIVO,,#N/D,VIKING ARMOUR,B92375,#N/D,0.3568
LZL0V449,24 A 47,ACTIVO,103541.52,GOLD,DRAGONS,B92375,2,0.5724
LL0LOL94Z,48 A 60,ACTIVO,235125.535,GOLD,SPURS,Y79G54,4,0.7371
FA044FAZFA0,00 A 06,activo,,#N/D,VIKING ARMOUR,JSF89A,#N/D,0.3728
LV09FA984,12 A 23,ACTIVO,286896.295,GOLD,VIKING ARMOUR,B92375,2,0.2388
L9VZ0LFA0,00 A 06,ACTIVO,172569.2,0,SPURS,JSF89A,N,0.0275
L80FAFA0FA0,07 A 11,ACTIVO,350315.476,#N/D,VIKING ARMOUR,Y79G54,4,0.4946
LFAVZ09LO8,24 A 47,ACTIVO,207083.04,BITCOIN,SPURS,Y79G54,3,0.4867
L890VVLO0,00 A 06,ACTIVO,181197.66,#N/D,SPURS,Y79G54,N,0.6493
L8V0088Z,00 A 06,IMPAGO,,#N/D,SOIL,Y79G54,#N/D,0.4596
L0FA44LOZ9,60 Y MAS,ACTIVO,487507.99,0,VIKING ARMOUR,Y79G54,6,0.4581
LV90FA40V,12 A 23,BAJA,230811.305,0,VIKING ARMOUR,B92375,1,0.5426
L980Z04FA,00 A 06,activo,157469.395,#N/D,SPURS,Y79G54,N,0.5748
L8VZ98V4,00 A 06,ACTIVO,187669.005,#N/D,SOIL,Y79G54,N,0.4184
LLOL0FALO00,24 A 47,ACTIVO,168254.97,0,DRAGONS,JSF89A,2,0.0518
8004089,60 Y MAS,ACTIVO,470251.07,BITCOIN,VIKING ARMOUR,Y79G54,4,0.3508
L9404LO8FA,00 A 06,IMPAGO,237282.65,#N/D,VIKING ARMOUR,B92375,N,0.8978
LLV008V8,48 A 60,ACTIVO,207083.04,0,SPURS,Y79G54,4,0.1447
V040LO0LO8,60 Y MAS,BAJA,250225.34,0,VIKING ARMOUR,B92375,3,0.3149
LLO4Z98,24 A 47,ACTIVO,146683.82,GOLD,NAVAL,JSF89A,2,0.9349
LLO0LOZLLLO,12 A 23,ACTIVO,250225.34,0,VIKING ARMOUR,B92375,2,0.3815
80LLOVFAZLO,60 Y MAS,ACTIVO,301564.677,0,SOIL,90LD2,3,0.8238
L9LO40L48,00 A 06,IMPAGO,,#N/D,SPURS,Y79G54,#N/D,0.5552
8L88VFAL,60 Y MAS,ACTIVO,319253.02,BITCOIN,VIKING ARMOUR,Y79G54,4,0.4983
FA00FA8V44,00 A 06,ACTIVO,189826.12,#N/D,SPURS,Y79G54,N,0.1782
FA04VFALO80,00 A 06,activo,,#N/D,VIKING ARMOUR,JSF89A,#N/D,0.1384
L8L0LLOVL,12 A 23,ACTIVO,273953.605,#N/D,VIKING ARMOUR,B92375,2,0.5528
L800ZMFAFA,07 A 11,ACTIVO,356786.821,BITCOIN,VIKING ARMOUR,Y79G54,2,0.9817
L4FA0LO090,24 A 47,ACTIVO,207083.04,0,SPURS,Y79G54,3,0.8512
L8L09FA8V,07 A 11,ACTIVO,416323.195,TYP2,VIKING ARMOUR,Y79G54,4,0.4115
LL80L00LO,48 A 60,ACTIVO,299838.985,ETHER,VIKING ARMOUR,B92375,3,0.2383
L8VFAV4,07 A 11,ACTIVO,194140.35,BITCOIN,VIKING ARMOUR,B92375,N,0.2267
94Z4988,60 Y MAS,IMPAGO,412008.965,0,VIKING ARMOUR,B92375,4,0.3114
L94FAV809,00 A 06,ACTIVO,345138.4,BITCOIN,SPURS,Y79G54,N,0.4863
LLOZ00LO0L,12 A 23,ACTIVO,,#N/D,SPURS,Y79G54,#N/D,0.5425
LV848ZVLO,12 A 23,ACTIVO,,#N/D,VIKING ARMOUR,B92375,#N/D,0.1324
L4Z90L8LO,24 A 47,ACTIVO,388280.7,0,VIKING ARMOUR,Y79G54,3,0.3235
LO0LOFA40FAFA,12 A 23,ACTIVO,102678.674,0,NAVAL,90LD2,1,0.2601
LV9Z0Z,12 A 23,ACTIVO,237282.65,0,VIKING ARMOUR,B92375,1,0.6151
LLO08ZLZ4,12 A 23,ACTIVO,189826.12,0,DRAGONS,Y79G54,1,0.785
LV804VZ0,07 A 11,ACTIVO,327881.48,BITCOIN,VIKING ARMOUR,Y79G54,2,0.7816
L89ZZ890,00 A 06,ACTIVO,181197.66,#N/D,SPURS,Y79G54,N,0.8915
LL80LL9V,48 A 60,ACTIVO,159626.51,0,SOIL,Y79G54,1,0.7737
LLOZZL04V,12 A 23,ACTIVO,295524.755,ETHER,VIKING ARMOUR,Y79G54,2,0.6793
L488L9LLO,24 A 47,ACTIVO,310624.56,0,VIKING ARMOUR,Y79G54,4,0.8229
V00LO0098,60 Y MAS,ACTIVO,270933.644,0,NAVAL,90LD2,4,0.402
LLO040FA08,12 A 23,ACTIVO,207083.04,BITCOIN,SPURS,Y79G54,1,0.3954
L9ZVV4Z0,00 A 06,ACTIVO,237282.65,#N/D,VIKING ARMOUR,B92375,N,0.4766
ZZLOLFA009,60 Y MAS,ACTIVO,245911.11,BITCOIN,VIKING ARMOUR,Y79G54,4,0.6439
ZZLLOZ90L,60 Y MAS,ACTIVO,286896.295,0,VIKING ARMOUR,B92375,4,0.6383
L0490LOL8,48 A 60,ACTIVO,159626.51,0,SOIL,Y79G54,1,0.363
L9L0LO049,00 A 06,ACTIVO,120798.44,GOLD,SPURS,Y79G54,N,0.3387
LLO0Z4Z94,12 A 23,ACTIVO,390437.815,ETHER,VIKING ARMOUR,Y79G54,4,0.5377
L4V00ZLV,24 A 47,ACTIVO,365415.281,ETHER,VIKING ARMOUR,Y79G54,4,0.5049
L0V00L40,48 A 60,activo,,#N/D,VIKING ARMOUR,B92375,#N/D,0.0136
L8ZZ9LL9,07 A 11,ACTIVO,226497.075,GOLD,SPURS,Y79G54,1,0.9035
L9L9Z08FA,00 A 06,ACTIVO,273953.605,#N/D,VIKING ARMOUR,B92375,N,0.802
LV0FA808V,12 A 23,ACTIVO,226497.075,TYP2,SPURS,Y79G54,2,0.2999
L80FA0V9LO,12 A 23,activo,,#N/D,DRAGONS,JSF89A,#N/D,0.2489
FA0V44L,00 A 06,activo,,#N/D,VIKING ARMOUR,B92375,#N/D,0.9546
LZ9804FAV,24 A 47,ACTIVO,131584.015,#N/D,DRAGONS,JSF89A,2,0.3602
L9Z0Z080,07 A 11,activo,187669.005,ETHER,SOIL,Y79G54,N,0.4386
LLO400VZ0,12 A 23,ACTIVO,250225.34,#N/D,VIKING ARMOUR,B92375,2,0.1974
L880LFA08,00 A 06,ACTIVO,150998.05,TYP2,SOIL,Y79G54,N,0.7442
LV8FA0ZFALO,12 A 23,ACTIVO,371023.78,0,VIKING ARMOUR,Y79G54,2,0.3605
L8008L0Z,12 A 23,activo,237282.65,#N/D,VIKING ARMOUR,B92375,2,0.3075
LL48040V,48 A 60,ACTIVO,276110.72,#N/D,NAVAL,B92375,4,0.0432
FA00FA8FALOL,00 A 06,IMPAGO,215711.5,GOLD,VIKING ARMOUR,B92375,N,0.9684
9V08V0L,60 Y MAS,ACTIVO,207083.04,BITCOIN,SPURS,Y79G54,4,0.3254
L4849L40,24 A 47,ACTIVO,286896.295,0,VIKING ARMOUR,B92375,4,0.1089
LZ8890ZV,24 A 47,ACTIVO,530650.29,GOLD,VIKING ARMOUR,Y79G54,4,0.4618
L8VZM8LO0,00 A 06,ACTIVO,237282.65,#N/D,VIKING ARMOUR,B92375,N,0.1957
LZ9LO8V,24 A 47,ACTIVO,172569.2,GOLD,SPURS,JSF89A,2,0.2873
L48FAVLO94,24 A 47,ACTIVO,440051.46,BITCOIN,VIKING ARMOUR,Y79G54,4,0.0755
LLZZ44L0,24 A 47,ACTIVO,228654.19,GOLD,NAVAL,B92375,2,0.7513
L80LOZ0LV,07 A 11,ACTIVO,258853.8,ETHER,VIKING ARMOUR,Y79G54,2,0.3409
L84040L0,12 A 23,IMPAGO,172569.2,0,SPURS,JSF89A,2,0.8076
L04040VV,48 A 60,ACTIVO,207083.04,0,SPURS,Y79G54,4,0.1341
L890FAL0L,00 A 06,ACTIVO,187669.005,GOLD,SOIL,Y79G54,N,0.045
LZVLOZFA44,24 A 47,IMPAGO,286896.295,0,VIKING ARMOUR,B92375,3,0.8317
L9FA90Z90,07 A 11,ACTIVO,224339.96,0,VIKING ARMOUR,JSF89A,N,0.51
LV89LOZ88,07 A 11,ACTIVO,112169.98,GOLD,SPURS,Y79G54,2,0.4301
ZZZ4L44FA,60 Y MAS,ACTIVO,530650.29,BITCOIN,VIKING ARMOUR,Y79G54,6,0.7322
FA00V9LL0,00 A 06,ACTIVO,250225.34,#N/D,VIKING ARMOUR,B92375,N,0.9057
LLFA4FA9ZM,24 A 47,ACTIVO,414166.08,GOLD,VIKING ARMOUR,Y79G54,4,0.8661
L9L9LO4FA0,00 A 06,ACTIVO,150998.05,GOLD,SOIL,Y79G54,N,0.8872
L840Z909,12 A 23,ACTIVO,198454.58,GOLD,DRAGONS,Y79G54,2,0.255
L9FA00040,00 A 06,activo,,#N/D,DRAGONS,JSF89A,#N/D,0.9027
8FA9FAL9LO,60 Y MAS,ACTIVO,358081.09,BITCOIN,VIKING ARMOUR,Y79G54,4,0.4976
L8L4VLOL0,12 A 23,ACTIVO,565164.13,BITCOIN,VIKING ARMOUR,Y79G54,4,0.5904
LV9ZLO04LO,12 A 23,ACTIVO,,#N/D,VIKING ARMOUR,B92375,#N/D,0.9017
LVL0LO89LO,12 A 23,ACTIVO,347295.515,TYP2,VIKING ARMOUR,Y79G54,4,0.4126
LVZZ8Z,12 A 23,ACTIVO,286896.295,BITCOIN,VIKING ARMOUR,B92375,2,0.0718
L8LVZFAL8,12 A 23,ACTIVO,366709.55,#N/D,SPURS,Y79G54,4,0.2061
LLO80LFA0L,12 A 23,ACTIVO,103541.52,0,DRAGONS,B92375,1,0.4077
L80FALO09L,12 A 23,ACTIVO,245479.687,0,VIKING ARMOUR,JSF89A,2,0.0978
LZM8LV0L,12 A 23,ACTIVO,207083.04,BITCOIN,SPURS,Y79G54,2,0.7296
LLLV4LL0,24 A 47,ACTIVO,207083.04,0,SPURS,Y79G54,3,0.9514
LLO4ZZV04,12 A 23,ACTIVO,189826.12,0,SPURS,Y79G54,1,0.9205
LLOL9ZL04,24 A 47,ACTIVO,,#N/D,SPURS,Y79G54,#N/D,0.1574
L80FALOV8FA,12 A 23,ACTIVO,237282.65,BITCOIN,VIKING ARMOUR,B92375,1,0.0601
LLO490L09,12 A 23,ACTIVO,250225.34,0,VIKING ARMOUR,B92375,1,0.9215
L9LOVFA04LO,00 A 06,activo,120798.44,#N/D,SPURS,Y79G54,N,0.4933
LVLOFA4Z89,12 A 23,ACTIVO,159626.51,0,SOIL,Y79G54,2,0.2985
LLZVL404,48 A 60,ACTIVO,103541.52,0,DRAGONS,B92375,2,0.8155
LV8Z0ZL4,12 A 23,ACTIVO,99227.29,0,DRAGONS,B92375,0,0.5097
L849LOLZ0,07 A 11,activo,172569.2,0,SPURS,JSF89A,2,0.3469
FA0FAL4LO4L,00 A 06,ACTIVO,224339.96,0,VIKING ARMOUR,JSF89A,N,0.3335
LLFA8ZVL4,48 A 60,ACTIVO,159626.51,GOLD,SOIL,Y79G54,2,0.0433
L808FA0FA0,12 A 23,ACTIVO,349021.207,ETHER,VIKING ARMOUR,Y79G54,2,0.1653
L94ZZFALO0,07 A 11,ACTIVO,150998.05,GOLD,SOIL,Y79G54,N,0.0216
ZVZ0VV09,60 Y MAS,ACTIVO,502176.372,GOLD,VIKING ARMOUR,Y79G54,4,0.6702
ZVZFA0808,48 A 60,ACTIVO,356786.821,BITCOIN,NAVAL,90LD2,4,0.0183
LLOVL40L4,12 A 23,ACTIVO,317095.905,BITCOIN,VIKING ARMOUR,B92375,4,0.7923
LV40LLOZV,12 A 23,ACTIVO,243753.995,GOLD,SPURS,Y79G54,4,0.6002
L00LLO8FAV,60 Y MAS,ACTIVO,347295.515,GOLD,VIKING ARMOUR,Y79G54,4,0.2908
LLO009VLZ,12 A 23,ACTIVO,189826.12,0,SPURS,Y79G54,2,0.0462
LZZ8FALOL4,24 A 47,ACTIVO,481036.645,BITCOIN,VIKING ARMOUR,Y79G54,6,0.0464
L8LOFAVLOV9,07 A 11,IMPAGO,258853.8,TYP2,SPURS,Y79G54,4,0.6493
L90V804LO,00 A 06,ACTIVO,289053.41,#N/D,VIKING ARMOUR,Y79G54,N,0.2067
L8VVFA98L,07 A 11,activo,,#N/D,VIKING ARMOUR,B92375,#N/D,0.3135
L80ZL9LO0,12 A 23,ACTIVO,273953.605,#N/D,VIKING ARMOUR,B92375,2,0.4355
FA0400980,00 A 06,activo,,#N/D,VIKING ARMOUR,Y79G54,#N/D,0.1448
9000440LO,12 A 23,activo,,#N/D,VIKING ARMOUR,90LD2,#N/D,0.6892
LFAV80ZFA8,24 A 47,ACTIVO,,#N/D,VIKING ARMOUR,Y79G54,#N/D,0.9085
V00LOVFAFA4,48 A 60,ACTIVO,132015.438,0,DRAGONS,90LD2,2,0.0683
L800FALLOV,12 A 23,activo,,#N/D,DRAGONS,B92375,#N/D,0.1921
LLO080LO48,12 A 23,ACTIVO,286896.295,GOLD,VIKING ARMOUR,B92375,2,0.0467
V0ZLOFA8LO4,60 Y MAS,ACTIVO,396909.16,BITCOIN,VIKING ARMOUR,Y79G54,4,0.9703
L94V88FA0,07 A 11,ACTIVO,120798.44,GOLD,SPURS,Y79G54,N,0.3214
LVL0FAZ9FA,12 A 23,ACTIVO,366278.127,TYP2,VIKING ARMOUR,Y79G54,4,0.4068
L49V4VFAL,24 A 47,ACTIVO,250225.34,GOLD,VIKING ARMOUR,B92375,4,0.586
L90L4FA0Z,07 A 11,ACTIVO,,#N/D,SOIL,Y79G54,#N/D,0.0618
LLO8FA0FA0Z,12 A 23,ACTIVO,159626.51,0,SOIL,Y79G54,1,0.3431
L9FAVZLVV,00 A 06,ACTIVO,120798.44,0,DRAGONS,JSF89A,N,0.5347
LV84LZMLO,12 A 23,ACTIVO,,#N/D,DRAGONS,B92375,#N/D,0.5602
L908LOFALOZ,07 A 11,ACTIVO,209240.155,0,SPURS,JSF89A,N,0.7755
LV88ZFAFAV,12 A 23,activo,209240.155,TYP2,SPURS,JSF89A,1,0.6633
9498V0V,60 Y MAS,ACTIVO,,#N/D,VIKING ARMOUR,B92375,#N/D,0.4259
V009Z8VL,48 A 60,ACTIVO,95344.483,0,DRAGONS,90LD2,2,0.4762
L8LO8V4LOL,00 A 06,ACTIVO,245479.687,0,VIKING ARMOUR,JSF89A,N,0.6834
L90FA044FA,07 A 11,ACTIVO,237282.65,GOLD,VIKING ARMOUR,B92375,N,0.5816
L809L8FA0,12 A 23,ACTIVO,150998.05,ETHER,SOIL,Y79G54,1,0.2552
80ZFA0LOL,60 Y MAS,BAJA,379652.24,USD,NAVAL,Y79G54,4,0.3088
L4L8009Z,24 A 47,ACTIVO,,#N/D,SPURS,Y79G54,#N/D,0.6781
L9LL0V09,07 A 11,ACTIVO,181197.66,#N/D,SPURS,Y79G54,N,0.2507
L8089V0Z,07 A 11,ACTIVO,187669.005,0,SPURS,JSF89A,2,0.3985
LV4LFAV8FA,12 A 23,activo,,#N/D,SPURS,Y79G54,#N/D,0.9791
Z09LO9LZV,60 Y MAS,ACTIVO,133741.13,0,DRAGONS,90LD2,1,0.6067
L8ZZ0FAZ8,07 A 11,BAJA,364552.435,GOLD,VIKING ARMOUR,Y79G54,4,0.7948
9000V804,60 Y MAS,activo,,#N/D,VIKING ARMOUR,90LD2,#N/D,0.3205
ZZ0Z4VLO8,60 Y MAS,ACTIVO,,#N/D,DRAGONS,90LD2,#N/D,0.9808
LLOL0VVLLO,24 A 47,ACTIVO,198454.58,BITCOIN,VIKING ARMOUR,JSF89A,2,0.9561
L8009800,12 A 23,ACTIVO,289053.41,BITCOIN,VIKING ARMOUR,Y79G54,2,0.5372
LLOL0LO00L,12 A 23,ACTIVO,103541.52,0,DRAGONS,B92375,2,0.6538
L940VLO08,07 A 11,ACTIVO,345138.4,ETHER,SPURS,Y79G54,N,0.4197
L49V8000,24 A 47,ACTIVO,314938.79,0,VIKING ARMOUR,B92375,4,0.2758
900V04L,60 Y MAS,ACTIVO,241596.88,BITCOIN,SPURS,Y79G54,4,0.7285
FA0LLZ4Z8,00 A 06,ACTIVO,189826.12,0,SPURS,Y79G54,N,0.7882
LZFA090LO0,24 A 47,ACTIVO,393457.776,GOLD,VIKING ARMOUR,Y79G54,4,0.9679
L9000ZFA0,00 A 06,ACTIVO,237282.65,GOLD,VIKING ARMOUR,B92375,N,0.5285
L8004004,07 A 11,ACTIVO,181197.66,BITCOIN,SPURS,Y79G54,2,0.9573
LVLOLZV44,12 A 23,ACTIVO,353766.86,0,VIKING ARMOUR,Y79G54,2,0.743
LO0V400LZ,60 Y MAS,ACTIVO,371023.78,GOLD,VIKING ARMOUR,Y79G54,4,0.3762
L84V909Z,07 A 11,ACTIVO,243753.995,TYP2,VIKING ARMOUR,B92375,2,0.0248
L90ZLLOFAL,00 A 06,IMPAGO,127269.785,GOLD,VIKING ARMOUR,JSF89A,N,0.996
LL4ZZ0Z8,48 A 60,ACTIVO,,#N/D,SPURS,Y79G54,#N/D,0.4548
L4LFA98L0,24 A 47,ACTIVO,243753.995,GOLD,SPURS,Y79G54,4,0.7882
FA0Z4049L,00 A 06,ACTIVO,,#N/D,VIKING ARMOUR,B92375,#N/D,0.1195
L90V08FALO,00 A 06,ACTIVO,129426.9,0,DRAGONS,JSF89A,N,0.752
LLLOV880LO,48 A 60,activo,304153.215,0,VIKING ARMOUR,B92375,3,0.8856
ZVLOL9ZMV,24 A 47,ACTIVO,267050.837,GOLD,VIKING ARMOUR,JSF89A,4,0.722
L0LOLL9FALO,48 A 60,ACTIVO,196297.465,GOLD,SOIL,Y79G54,2,0.3524
L9FAFA0FAFAV,00 A 06,ACTIVO,99227.29,#N/D,SPURS,Y79G54,N,0.8869
L0VV0FALO9,48 A 60,IMPAGO,,#N/D,VIKING ARMOUR,B92375,#N/D,0.4578
L08ZFA0LO0,48 A 60,ACTIVO,228654.19,GOLD,NAVAL,B92375,2,0.4728
LFA49VLO0L,24 A 47,ACTIVO,140212.475,GOLD,DRAGONS,B92375,2,0.7475
LLVV00Z0,24 A 47,ACTIVO,286896.295,GOLD,VIKING ARMOUR,B92375,4,0.6815
LZ08V0L0,24 A 47,ACTIVO,196297.465,0,SOIL,Y79G54,1,0.8181
L90FA04LOV,00 A 06,ACTIVO,284739.18,BITCOIN,VIKING ARMOUR,Y79G54,N,0.9279
900VZM0Z,60 Y MAS,activo,,#N/D,VIKING ARMOUR,90LD2,#N/D,0.1333
V09LLOFAFAL,24 A 47,ACTIVO,228222.767,GOLD,NAVAL,90LD2,4,0.7182
LLOV00ZM4,12 A 23,ACTIVO,94913.06,0,DRAGONS,JSF89A,1,0.7786
L49LLZ84,24 A 47,ACTIVO,314938.79,0,VIKING ARMOUR,B92375,4,0.6329
L904LO00Z,07 A 11,ACTIVO,120798.44,ETHER,SPURS,Y79G54,N,0.8839
V00L44LO8,48 A 60,ACTIVO,111307.134,0,DRAGONS,90LD2,2,0.264
L89LOFAZFAV,07 A 11,ACTIVO,237282.65,GOLD,VIKING ARMOUR,B92375,N,0.9001
L9FAVFALL0,00 A 06,ACTIVO,198454.58,GOLD,DRAGONS,Y79G54,N,0.6545
LV8ZFA0VL,12 A 23,ACTIVO,273953.605,GOLD,VIKING ARMOUR,B92375,2,0.1958
L8LOFAVLLO9,07 A 11,activo,,#N/D,DRAGONS,JSF89A,#N/D,0.6795
L8L8ZZ40,12 A 23,ACTIVO,273953.605,#N/D,VIKING ARMOUR,B92375,2,0.8332
L00Z9ZLO0,60 Y MAS,ACTIVO,250225.34,GOLD,VIKING ARMOUR,B92375,4,0.6503
L08008VLO,60 Y MAS,ACTIVO,241596.88,0,SPURS,Y79G54,6,0.7793
LFA9Z8898,24 A 47,ACTIVO,375338.01,TYP2,VIKING ARMOUR,Y79G54,4,0.8004
L9LO0L48L,07 A 11,ACTIVO,,#N/D,SPURS,Y79G54,#N/D,0.8747
LLOFAVV44L,12 A 23,ACTIVO,250225.34,0,VIKING ARMOUR,B92375,2,0.5811
V09V0VL9,60 Y MAS,ACTIVO,167823.547,0,DRAGONS,90LD2,2,0.7318
LLO00LO0ZFA,12 A 23,ACTIVO,207083.04,ETHER,SPURS,Y79G54,2,0.6714
L9FA40L89,07 A 11,ACTIVO,150998.05,#N/D,SOIL,Y79G54,N,0.9153
ZZFALFAVV0,60 Y MAS,ACTIVO,207083.04,ETHER,SPURS,Y79G54,2,0.3444
L8L4L098,12 A 23,ACTIVO,172569.2,BITCOIN,SPURS,Y79G54,2,0.9619
Z04Z0009,60 Y MAS,ACTIVO,295524.755,TYP2,NAVAL,B92375,4,0.0822
LLLO4LLLFA,24 A 47,ACTIVO,163940.74,GOLD,DRAGONS,Y79G54,2,0.596
V0VVLO88Z,24 A 47,ACTIVO,134172.553,USD,SPURS,90LD2,4,0.2679
L9Z0V9FA4,00 A 06,activo,,#N/D,SPURS,Y79G54,#N/D,0.4407
LVZFAZ44L,12 A 23,IMPAGO,,#N/D,VIKING ARMOUR,Y79G54,#N/D,0.5114
L80Z9480,07 A 11,ACTIVO,303721.792,0,VIKING ARMOUR,JSF89A,4,0.3589
LLO4VLO9FALO,12 A 23,IMPAGO,,#N/D,SPURS,Y79G54,#N/D,0.773
LLO9FAVLO04,12 A 23,ACTIVO,250225.34,0,VIKING ARMOUR,B92375,2,0.0979
LL04LOL84,48 A 60,ACTIVO,476722.415,BITCOIN,VIKING ARMOUR,Y79G54,4,0.9607
L904Z0Z0,07 A 11,ACTIVO,273953.605,#N/D,VIKING ARMOUR,B92375,N,0.3731
L8V900LV,00 A 06,ACTIVO,120798.44,#N/D,SPURS,Y79G54,N,0.4876
L9LO0LO09LO,00 A 06,ACTIVO,230811.305,#N/D,SOIL,Y79G54,N,0.1489
LFA0FALFA80,24 A 47,IMPAGO,196297.465,USD,SOIL,Y79G54,1,0.9806
LVZLO0V9L,12 A 23,ACTIVO,250225.34,0,VIKING ARMOUR,B92375,1,0.8562
L0Z0ZFA48,48 A 60,activo,,#N/D,VIKING ARMOUR,Y79G54,#N/D,0.5189
L90L48LL,00 A 06,ACTIVO,172569.2,BITCOIN,SPURS,JSF89A,N,0.6658
L0LOLL8V8,48 A 60,ACTIVO,345138.4,GOLD,DRAGONS,Y79G54,2,0.6251
L8LOZZ8L9,07 A 11,activo,243753.995,#N/D,VIKING ARMOUR,B92375,2,0.1214
L9ZZ04L4,00 A 06,ACTIVO,405537.62,#N/D,VIKING ARMOUR,Y79G54,N,0.9619
8FAZ8VLO9,60 Y MAS,activo,86284.6,0,SOIL,90LD2,2,0.4811
LFA0404ZFA,24 A 47,ACTIVO,250225.34,BITCOIN,VIKING ARMOUR,B92375,3,0.9744
L8LO4LOVV0,07 A 11,ACTIVO,273953.605,#N/D,VIKING ARMOUR,B92375,2,0.0353
FA008988V,00 A 06,ACTIVO,310624.56,#N/D,VIKING ARMOUR,Y79G54,N,0.5717
L9LVVLO40,07 A 11,ACTIVO,209240.155,GOLD,SPURS,JSF89A,N,0.7672
LVLOLFAL0V,12 A 23,ACTIVO,711416.527,BITCOIN,VIKING ARMOUR,Y79G54,2,0.1676
LV8LVV,07 A 11,ACTIVO,245911.11,0,SOIL,Y79G54,2,0.0815
900ZMLOZLO,48 A 60,activo,,#N/D,SPURS,90LD2,#N/D,0.1188
L4ZL8L89,24 A 47,ACTIVO,250225.34,GOLD,VIKING ARMOUR,B92375,4,0.2077
V008Z09V,12 A 23,ACTIVO,344275.554,0,VIKING ARMOUR,90LD2,4,0.0032
9009FA04L,48 A 60,ACTIVO,,#N/D,SPURS,90LD2,#N/D,0.9312
L9Z9FA009,07 A 11,ACTIVO,237282.65,BITCOIN,VIKING ARMOUR,B92375,N,0.8763
L94LOZFA90,00 A 06,ACTIVO,129426.9,0,DRAGONS,JSF89A,N,0.9944
V0VZLOL00,60 Y MAS,ACTIVO,396909.16,GOLD,VIKING ARMOUR,Y79G54,4,0.7614
L90LLOV4LO,00 A 06,ACTIVO,418480.31,BITCOIN,VIKING ARMOUR,Y79G54,N,0.5122
900040LV,48 A 60,ACTIVO,,#N/D,SPURS,90LD2,#N/D,0.373
L880VLO4Z,07 A 11,activo,,#N/D,VIKING ARMOUR,B92375,#N/D,0.1595
L98Z0L0LO,00 A 06,ACTIVO,237282.65,#N/D,VIKING ARMOUR,B92375,N,0.049
Z0LZFA0LOV,60 Y MAS,ACTIVO,207083.04,BITCOIN,DRAGONS,B92375,2,0.3763
LLLLO40VZ,48 A 60,ACTIVO,319253.02,TYP2,VIKING ARMOUR,Y79G54,4,0.7449
L90ZV90L,00 A 06,activo,,#N/D,VIKING ARMOUR,Y79G54,#N/D,0.9591
LLO4FA844L,12 A 23,ACTIVO,207083.04,0,SPURS,Y79G54,2,0.5964
LV98VLO80,12 A 23,ACTIVO,407694.735,TYP2,VIKING ARMOUR,Y79G54,4,0.3542
LZVLO40VV,24 A 47,ACTIVO,371023.78,0,VIKING ARMOUR,Y79G54,4,0.574
LZ9L8L8L,24 A 47,ACTIVO,358081.09,BITCOIN,VIKING ARMOUR,Y79G54,3,0.5453
LLO4FAZL0FA,24 A 47,ACTIVO,273953.605,0,VIKING ARMOUR,B92375,0,0.3721
LFALO9LO80LO,24 A 47,ACTIVO,241596.88,0,VIKING ARMOUR,B92375,4,0.9244
L4LOL00,00 A 06,ACTIVO,215711.5,#N/D,SPURS,Y79G54,N,0.9592
LFAFA4L8L8,24 A 47,ACTIVO,207083.04,BITCOIN,SPURS,Y79G54,3,0.7005
ZZ0LLO8L0,60 Y MAS,ACTIVO,128995.477,GOLD,DRAGONS,90LD2,2,0.746
LV9FA40FAV,12 A 23,BAJA,289053.41,BITCOIN,VIKING ARMOUR,Y79G54,2,0.8594
FA04LO80LO4,00 A 06,IMPAGO,,#N/D,VIKING ARMOUR,B92375,#N/D,0.7083
90L0FA090,24 A 47,ACTIVO,196728.888,BITCOIN,SPURS,90LD2,2,0.6966
L4404V8LO,24 A 47,ACTIVO,161783.625,GOLD,VIKING ARMOUR,JSF89A,2,0.8049
L8L40Z49,07 A 11,ACTIVO,371023.78,#N/D,VIKING ARMOUR,Y79G54,2,0.9868
L9FAZ0VFAL,07 A 11,ACTIVO,194140.35,ETHER,SOIL,Y79G54,N,0.5264
LLOLZV0LO0,24 A 47,activo,207083.04,GOLD,SPURS,Y79G54,1,0.9255
L9V4LZLO0,00 A 06,ACTIVO,304153.215,0,VIKING ARMOUR,JSF89A,N,0.6208
Z044FAZ80,60 Y MAS,ACTIVO,189826.12,GOLD,DRAGONS,90LD2,2,0.7026
LLO00FAV00,24 A 47,ACTIVO,159626.51,0,SOIL,Y79G54,1,0.3119
L9FA888FA0,00 A 06,ACTIVO,237282.65,#N/D,VIKING ARMOUR,B92375,N,0.8906
LL4Z40FA0,48 A 60,ACTIVO,241596.88,0,VIKING ARMOUR,B92375,4,0.6102
L8898VLO9,00 A 06,ACTIVO,150998.05,#N/D,SOIL,Y79G54,N,0.0998
LLZLO4909,48 A 60,ACTIVO,278267.835,0,SOIL,Y79G54,4,0.2931
L0LOFALOZFA0,60 Y MAS,ACTIVO,323567.25,0,VIKING ARMOUR,B92375,4,0.2695
V0404498,60 Y MAS,ACTIVO,228654.19,BITCOIN,NAVAL,B92375,2,0.4837
L9Z009FA0,00 A 06,ACTIVO,209240.155,0,SPURS,JSF89A,N,0.0306
L940LOV9LO,07 A 11,ACTIVO,237282.65,GOLD,VIKING ARMOUR,B92375,N,0.0862
FA0449FALFA,00 A 06,ACTIVO,,#N/D,VIKING ARMOUR,B92375,#N/D,0.5401
L08008VLO,48 A 60,ACTIVO,241596.88,0,SPURS,Y79G54,6,0.1551
L94LLOL0FA,07 A 11,ACTIVO,150998.05,BITCOIN,SOIL,Y79G54,N,0.1922
ZVLOFA0V0LO,48 A 60,ACTIVO,204063.079,BITCOIN,NAVAL,90LD2,2,0.2031
V0LVLOV40,24 A 47,ACTIVO,126838.362,0,DRAGONS,90LD2,2,0.1118
LL8LOFAZVLO,24 A 47,ACTIVO,,#N/D,SOIL,Y79G54,#N/D,0.5619
L88ZZVFA4,00 A 06,ACTIVO,237282.65,TYP2,VIKING ARMOUR,Y79G54,N,0.659
L900ZM04,00 A 06,ACTIVO,187669.005,TYP2,SOIL,Y79G54,N,0.7417
FA0ZV9ZL8,00 A 06,activo,,#N/D,SOIL,Y79G54,#N/D,0.8109
L94Z4VFALO,00 A 06,activo,317095.905,#N/D,VIKING ARMOUR,Y79G54,N,0.9448
LV0LZ08L,12 A 23,ACTIVO,243753.995,0,SPURS,Y79G54,4,0.4826
V0LOV4488,48 A 60,ACTIVO,340824.17,BITCOIN,VIKING ARMOUR,Y79G54,4,0.2098
L909V9LOL,00 A 06,activo,,#N/D,SPURS,Y79G54,#N/D,0.2076
LLO00FAL89,24 A 47,ACTIVO,189826.12,GOLD,SPURS,Y79G54,1,0.3398
L94LL0LO0,07 A 11,ACTIVO,181197.66,TYP2,SPURS,Y79G54,N,0.7601
LLO09Z9LO8,24 A 47,ACTIVO,103541.52,0,DRAGONS,B92375,1,0.6519
LO0VLO04LO0,60 Y MAS,activo,,#N/D,SOIL,90LD2,#N/D,0.1234
LO0LOVLO00FA,60 Y MAS,activo,,#N/D,DRAGONS,90LD2,#N/D,0.431
LV9LOLL90,12 A 23,ACTIVO,353766.86,0,VIKING ARMOUR,Y79G54,3,0.6957
V0490FAL4,60 Y MAS,IMPAGO,,#N/D,DRAGONS,Y79G54,#N/D,0.9573
L9LVL90LO,00 A 06,ACTIVO,237282.65,BITCOIN,VIKING ARMOUR,Y79G54,N,0.0847
LLLLOZFA0Z,24 A 47,ACTIVO,207083.04,GOLD,SPURS,Y79G54,4,0.5024
L9LOFAVLO09,07 A 11,ACTIVO,157469.395,#N/D,SPURS,Y79G54,N,0.3994
FA0LOFA9008,00 A 06,activo,,#N/D,VIKING ARMOUR,B92375,#N/D,0.9884
FA0LLZZ88,00 A 06,ACTIVO,250225.34,0,VIKING ARMOUR,B92375,N,0.5206
L9LFA0LO8V,00 A 06,ACTIVO,181197.66,#N/D,SPURS,Y79G54,N,0.8384
LLO4FAZ04Z,12 A 23,ACTIVO,541004.442,BITCOIN,VIKING ARMOUR,Y79G54,4,0.4133
L9Z4LZ00,00 A 06,ACTIVO,181197.66,GOLD,SPURS,Y79G54,N,0.7153
L80400FA0,07 A 11,IMPAGO,181197.66,#N/D,SPURS,Y79G54,2,0.5912
L940FAZ,07 A 11,ACTIVO,,#N/D,SPURS,Y79G54,#N/D,0.6453
LZ9LZ98V,24 A 47,activo,,#N/D,VIKING ARMOUR,B92375,#N/D,0.4995
VLO090Z0,60 Y MAS,ACTIVO,314507.367,BITCOIN,DRAGONS,Y79G54,2,0.5026
V8000Z8,60 Y MAS,ACTIVO,474565.3,BITCOIN,VIKING ARMOUR,Y79G54,6,0.6977
FA0LLOFAL0Z,00 A 06,activo,189826.12,0,SPURS,Y79G54,N,0.8128
LLO44VZLOV,24 A 47,ACTIVO,353766.86,BITCOIN,VIKING ARMOUR,B92375,4,0.6024
LO0LO4VLOFA8,48 A 60,ACTIVO,88441.715,0,DRAGONS,90LD2,2,0.9518
LLOL0LO0L4,24 A 47,ACTIVO,358081.09,BITCOIN,VIKING ARMOUR,Y79G54,4,0.823
LO0ZVL08FA,24 A 47,ACTIVO,174726.315,0,NAVAL,90LD2,2,0.3414
LZFA0ZVZZ,24 A 47,ACTIVO,254539.57,0,SPURS,Y79G54,3,0.943
LVVLZ0LV,12 A 23,ACTIVO,207083.04,0,SPURS,Y79G54,2,0.0157
L00V4L9LO,60 Y MAS,ACTIVO,171706.354,0,SPURS,90LD2,3,0.2363
L804404L,12 A 23,ACTIVO,258853.8,BITCOIN,VIKING ARMOUR,Y79G54,2,0.5907
LLLO0LOFA00,48 A 60,ACTIVO,207083.04,0,SPURS,Y79G54,4,0.4564
LLOFAFAFAFALO8,12 A 23,ACTIVO,450405.612,GOLD,VIKING ARMOUR,Y79G54,4,0.4011
L0LOZLLOFAFA,48 A 60,ACTIVO,207083.04,0,SPURS,Y79G54,3,0.4326
FA0LLO90LL,00 A 06,activo,103541.52,0,DRAGONS,B92375,N,0.8887
L898FA8V4,07 A 11,ACTIVO,150998.05,ETHER,SOIL,Y79G54,N,0.339
L4LFAV844,24 A 47,ACTIVO,170412.085,0,DRAGONS,B92375,2,0.8033
V00LO080LO,12 A 23,ACTIVO,154018.011,0,SOIL,90LD2,2,0.8289
LLV89FA44,48 A 60,ACTIVO,198454.58,0,SPURS,Y79G54,3,0.5644
LLO904LO0L,12 A 23,ACTIVO,,#N/D,VIKING ARMOUR,B92375,#N/D,0.5378
LLO0L0FAZ4,12 A 23,ACTIVO,207083.04,GOLD,SPURS,Y79G54,2,0.9808
L4FALO8VZ9,24 A 47,IMPAGO,176883.43,0,DRAGONS,B92375,1,0.5101
L80949Z8,12 A 23,ACTIVO,99227.29,GOLD,DRAGONS,B92375,2,0.4494
LLFALO9FALO0,48 A 60,ACTIVO,286896.295,0,VIKING ARMOUR,B92375,3,0.4334
LV0Z4FAFA4,12 A 23,IMPAGO,347295.515,ETHER,SOIL,Y79G54,4,0.4359
FA04LOZ0ZL,00 A 06,ACTIVO,,#N/D,SPURS,Y79G54,#N/D,0.6375
FA000980V,00 A 06,ACTIVO,99227.29,BITCOIN,DRAGONS,JSF89A,N,0.3063
L9FALO0FA,00 A 06,IMPAGO,,#N/D,SOIL,Y79G54,#N/D,0.8038
L9LFAZ8LZ,00 A 06,activo,,#N/D,SOIL,Y79G54,#N/D,0.2014
FA0FAFA80LO8,00 A 06,IMPAGO,245479.687,0,VIKING ARMOUR,JSF89A,N,0.3415
LLOFAZ80V8,12 A 23,ACTIVO,286896.295,GOLD,VIKING ARMOUR,B92375,4,0.5409
LLV49ZZ9,24 A 47,ACTIVO,317095.905,0,VIKING ARMOUR,B92375,4,0.6663
L9LO000FAZ,07 A 11,ACTIVO,187669.005,TYP2,VIKING ARMOUR,B92375,N,0.4498
L8FA8L4Z9,07 A 11,ACTIVO,163940.74,ETHER,VIKING ARMOUR,B92375,1,0.1415
L84L0FA8V,07 A 11,ACTIVO,237282.65,#N/D,VIKING ARMOUR,B92375,2,0.3017
FA0480V84,00 A 06,activo,,#N/D,SPURS,Y79G54,#N/D,0.9275
L9LFA8V0LO,00 A 06,ACTIVO,181197.66,GOLD,SPURS,Y79G54,N,0.7328
L8L0LZL0,12 A 23,ACTIVO,237282.65,#N/D,VIKING ARMOUR,B92375,2,0.472
LZLVFAL00,24 A 47,activo,,#N/D,NAVAL,B92375,#N/D,0.0227
L800L4V4,12 A 23,ACTIVO,157469.395,GOLD,SPURS,Y79G54,2,0.0031
ZZLL00VZ,60 Y MAS,ACTIVO,172569.2,GOLD,SPURS,JSF89A,4,0.4047
L0FAVZZ0L,48 A 60,ACTIVO,228654.19,0,NAVAL,B92375,1,0.9981
V00LOVFAFA4,24 A 47,ACTIVO,132015.438,0,DRAGONS,90LD2,2,0.7583
ZVZLZVZ0,48 A 60,ACTIVO,713573.642,0,VIKING ARMOUR,Y79G54,6,0.542
ZZLOZ9FA89,60 Y MAS,ACTIVO,90598.83,GOLD,SOIL,90LD2,2,0.0717
L8LO000,00 A 06,ACTIVO,237282.65,GOLD,VIKING ARMOUR,B92375,N,0.2698
LV89ZZ4L,07 A 11,ACTIVO,237282.65,BITCOIN,VIKING ARMOUR,B92375,2,0.4989
8LO40FALO0,60 Y MAS,ACTIVO,,#N/D,VIKING ARMOUR,90LD2,#N/D,0.0642
L8FALO44L9,07 A 11,ACTIVO,303721.792,0,VIKING ARMOUR,JSF89A,4,0.9868
L9LOFAFALOZL,07 A 11,ACTIVO,159626.51,BITCOIN,VIKING ARMOUR,B92375,N,0.1287
LVLO98LO,12 A 23,ACTIVO,,#N/D,VIKING ARMOUR,Y79G54,#N/D,0.15
L8V980LLO,07 A 11,IMPAGO,,#N/D,DRAGONS,JSF89A,#N/D,0.5083
V0V0LFAV8,24 A 47,ACTIVO,310624.56,GOLD,VIKING ARMOUR,Y79G54,4,0.7337
L094LOVZ9,48 A 60,IMPAGO,265325.145,ETHER,NAVAL,B92375,4,0.1135
L9ZV8V8LO,07 A 11,ACTIVO,150998.05,#N/D,SOIL,Y79G54,N,0.3519
L0Z90FAVLO,48 A 60,ACTIVO,207083.04,ETHER,SPURS,Y79G54,4,0.8167
L94LFAZML,07 A 11,IMPAGO,129426.9,0,DRAGONS,JSF89A,N,0.3619
L808LZVFA,07 A 11,ACTIVO,245479.687,0,VIKING ARMOUR,JSF89A,2,0.4494
L90400L0,07 A 11,ACTIVO,181197.66,#N/D,SPURS,Y79G54,N,0.5408
L88LFAV,00 A 06,ACTIVO,157469.395,GOLD,SPURS,Y79G54,N,0.2748
L9FA890VV,07 A 11,BAJA,176883.43,ETHER,VIKING ARMOUR,JSF89A,N,0.2471
L0FALOZ4VV,48 A 60,ACTIVO,388280.7,BITCOIN,VIKING ARMOUR,Y79G54,6,0.1812
LLO09FA80V,24 A 47,ACTIVO,286896.295,0,VIKING ARMOUR,B92375,1,0.4214
LLZL08FA0,24 A 47,ACTIVO,278267.835,GOLD,SPURS,Y79G54,6,0.7944
LV80004Z,07 A 11,ACTIVO,215711.5,TYP2,VIKING ARMOUR,B92375,2,0.9924
L908L9VL,00 A 06,ACTIVO,129426.9,0,DRAGONS,JSF89A,N,0.2024
L8FA0FA49LO,07 A 11,activo,,#N/D,VIKING ARMOUR,B92375,#N/D,0.6202
L88LO04,00 A 06,IMPAGO,,#N/D,SPURS,Y79G54,#N/D,0.336
L8VFA8FALO4,00 A 06,ACTIVO,237282.65,0,VIKING ARMOUR,B92375,N,0.2447
L88LO4Z4FA,00 A 06,ACTIVO,237282.65,BITCOIN,VIKING ARMOUR,B92375,N,0.5254
V408FALOL,60 Y MAS,BAJA,470251.07,BITCOIN,VIKING ARMOUR,Y79G54,4,0.7555
L80V0L9Z,07 A 11,ACTIVO,237282.65,GOLD,SOIL,Y79G54,2,0.5162
LLZZVL09,24 A 47,ACTIVO,196297.465,0,SOIL,Y79G54,2,0.427
L90FA9LLO0,00 A 06,activo,,#N/D,VIKING ARMOUR,JSF89A,#N/D,0.06
ZVLO0Z0LV,48 A 60,ACTIVO,125112.67,GOLD,DRAGONS,90LD2,2,0.6888
L9FA40ZL0,00 A 06,ACTIVO,120798.44,#N/D,VIKING ARMOUR,Y79G54,N,0.8829
Z0VLOV9Z0,60 Y MAS,ACTIVO,250225.34,0,VIKING ARMOUR,B92375,4,0.3584
L8V0VV,00 A 06,activo,,#N/D,SOIL,Y79G54,#N/D,0.415
LFAV0LO9FALO,24 A 47,ACTIVO,276110.72,0,VIKING ARMOUR,Y79G54,3,0.832
L9FA0LFAZZ,07 A 11,ACTIVO,181197.66,BITCOIN,SPURS,Y79G54,N,0.6732
LLOFALOVL,00 A 06,ACTIVO,159626.51,#N/D,SOIL,Y79G54,N,0.7665
L8FAZLO0L4,07 A 11,ACTIVO,207083.04,#N/D,VIKING ARMOUR,B92375,2,0.2387
LFAL8908L,24 A 47,ACTIVO,265325.145,0,NAVAL,B92375,4,0.9422
LVFAVLOZ,07 A 11,ACTIVO,99227.29,0,DRAGONS,JSF89A,1,0.5793
ZZZ98V8L,60 Y MAS,ACTIVO,125112.67,GOLD,DRAGONS,90LD2,2,0.61
LL0FA04VV,48 A 60,ACTIVO,332195.71,0,NAVAL,B92375,4,0.8663
L8000LO00,07 A 11,activo,,#N/D,VIKING ARMOUR,B92375,#N/D,0.6743
L00V04V8,48 A 60,ACTIVO,140212.475,GOLD,DRAGONS,B92375,2,0.706
L9ZLVVVLO,07 A 11,ACTIVO,150998.05,#N/D,VIKING ARMOUR,Y79G54,N,0.7595
LV4ZLO9L4,12 A 23,ACTIVO,,#N/D,SOIL,Y79G54,#N/D,0.8455
L8V00LZV,07 A 11,ACTIVO,120798.44,0,SPURS,Y79G54,N,0.0571
800VVLZL,60 Y MAS,ACTIVO,286896.295,0,VIKING ARMOUR,B92375,4,0.1847
L0LO8L444,48 A 60,IMPAGO,103541.52,0,DRAGONS,B92375,2,0.6363
L0898FAV0,48 A 60,ACTIVO,254539.57,0,SPURS,Y79G54,4,0.3848
L90FAFAZ0LO,07 A 11,ACTIVO,125112.67,#N/D,VIKING ARMOUR,JSF89A,N,0.7229
LL40Z800,48 A 60,ACTIVO,373180.895,0,VIKING ARMOUR,Y79G54,3,0.5044
LV449008,12 A 23,IMPAGO,207083.04,0,SPURS,Y79G54,1,0.5539
LV9V0LZ4,12 A 23,ACTIVO,,#N/D,VIKING ARMOUR,JSF89A,#N/D,0.7639
L9Z0LO9LOV,00 A 06,activo,,#N/D,VIKING ARMOUR,B92375,#N/D,0.546
FA009804Z,00 A 06,activo,250225.34,0,VIKING ARMOUR,B92375,N,0.6239
LVL9VZZFA,12 A 23,ACTIVO,325724.365,0,SPURS,Y79G54,3,0.042
L8FA0Z0VLO,12 A 23,BAJA,394752.045,#N/D,VIKING ARMOUR,Y79G54,4,0.1157
900FAV0V8,12 A 23,activo,254539.57,0,SPURS,90LD2,2,0.0947
L80LOVZ8FA,12 A 23,ACTIVO,,#N/D,VIKING ARMOUR,Y79G54,#N/D,0.7928
V0ZLOZ894,60 Y MAS,BAJA,103541.52,GOLD,DRAGONS,B92375,2,0.6369
L4L80FALZ,24 A 47,ACTIVO,258853.8,0,VIKING ARMOUR,Y79G54,2,0.2737
FA049L4VFA,00 A 06,activo,,#N/D,SOIL,Y79G54,#N/D,0.7654
LVLOFAZ4,07 A 11,ACTIVO,280424.95,GOLD,SOIL,Y79G54,2,0.9993
LFAZ00ZLL,24 A 47,ACTIVO,189826.12,0,SPURS,Y79G54,4,0.8351
LV840FA0Z,12 A 23,ACTIVO,295524.755,ETHER,SOIL,Y79G54,2,0.5004
L9L000ZV,00 A 06,ACTIVO,427108.77,USD,VIKING ARMOUR,Y79G54,N,0.0813
LZFAV00FAFA,24 A 47,ACTIVO,159626.51,ETHER,SOIL,Y79G54,2,0.9385
LLOZZZ8LZ,12 A 23,ACTIVO,340392.747,BITCOIN,VIKING ARMOUR,JSF89A,4,0.3829
L00FA8ZL9,60 Y MAS,ACTIVO,405537.62,TYP2,VIKING ARMOUR,Y79G54,4,0.6222
90049409,12 A 23,ACTIVO,,#N/D,SPURS,90LD2,#N/D,0.2522
V0LO0FA408,60 Y MAS,ACTIVO,270933.644,BITCOIN,VIKING ARMOUR,90LD2,4,0.6045
LLO940Z0Z,12 A 23,ACTIVO,286896.295,BITCOIN,VIKING ARMOUR,B92375,4,0.7314
L9LOFA8ZM0,07 A 11,ACTIVO,187669.005,0,SOIL,Y79G54,N,0.7355
L80ZFA9FAV,12 A 23,ACTIVO,647565.923,#N/D,VIKING ARMOUR,Y79G54,4,0.3095
LLLO00LO80,24 A 47,ACTIVO,353766.86,0,VIKING ARMOUR,Y79G54,3,0.3641
LL4Z80LO9,24 A 47,ACTIVO,,#N/D,VIKING ARMOUR,B92375,#N/D,0.7579
LFALO48FAZ8,24 A 47,ACTIVO,,#N/D,DRAGONS,Y79G54,#N/D,0.3914
V0LV0LV0,60 Y MAS,ACTIVO,147115.243,0,#N/D,#N/D,2,0.4511
LLOFALOFA9FALO,24 A 47,ACTIVO,159626.51,BITCOIN,SOIL,Y79G54,2,0.5432
LL44000LO,24 A 47,ACTIVO,466799.686,0,VIKING ARMOUR,Y79G54,4,0.5384
LVZ090LO4,12 A 23,ACTIVO,353766.86,ETHER,VIKING ARMOUR,Y79G54,4,0.0077
LZ44V9Z0,24 A 47,ACTIVO,500882.103,GOLD,VIKING ARMOUR,Y79G54,4,0.5437
LVLLO8L0FA,12 A 23,ACTIVO,226497.075,0,SPURS,Y79G54,0,0.0905
L90LO84FAL,00 A 06,ACTIVO,267482.26,GOLD,VIKING ARMOUR,JSF89A,N,0.3931
LO0ZL8Z88,24 A 47,ACTIVO,143663.859,0,DRAGONS,JSF89A,1,0.5341
V909L88,60 Y MAS,ACTIVO,,#N/D,VIKING ARMOUR,Y79G54,#N/D,0.9358
LVFALO0LO,12 A 23,ACTIVO,353766.86,BITCOIN,VIKING ARMOUR,Y79G54,4,0.2154
L0LO48LOZ4,48 A 60,ACTIVO,159626.51,BITCOIN,SOIL,Y79G54,2,0.8201
LLO49V44LO,12 A 23,ACTIVO,159626.51,BITCOIN,SOIL,Y79G54,2,0.8068
L9Z0FALO,07 A 11,ACTIVO,237282.65,#N/D,VIKING ARMOUR,B92375,N,0.049
LV8L0LO00,07 A 11,ACTIVO,245911.11,BITCOIN,SPURS,Y79G54,2,0.1378
L0Z9FA980,60 Y MAS,IMPAGO,,#N/D,VIKING ARMOUR,B92375,#N/D,0.5436
V00Z4VLOL,24 A 47,ACTIVO,129426.9,BITCOIN,DRAGONS,JSF89A,2,0.9223
L9FAL984L,07 A 11,IMPAGO,150998.05,0,SOIL,Y79G54,N,0.0082
L9FA0ZL8FA,00 A 06,ACTIVO,399066.275,#N/D,VIKING ARMOUR,Y79G54,N,0.4239
L9LOFALZM9,07 A 11,ACTIVO,150998.05,#N/D,SOIL,Y79G54,N,0.0547
L80VLLOFA0,07 A 11,ACTIVO,273953.605,ETHER,VIKING ARMOUR,B92375,2,0.6077
LVLOZLOZVL,12 A 23,IMPAGO,,#N/D,VIKING ARMOUR,B92375,#N/D,0.2986
Z004VLO80,60 Y MAS,IMPAGO,,#N/D,DRAGONS,B92375,#N/D,0.3555
L4L904L9,24 A 47,ACTIVO,196297.465,0,SOIL,Y79G54,1,0.1597
LFAV908ZLO,24 A 47,IMPAGO,207083.04,0,DRAGONS,B92375,1,0.207
LLO0ZL0Z9,12 A 23,ACTIVO,207083.04,BITCOIN,SPURS,Y79G54,2,0.8423
LV9LO9098,12 A 23,ACTIVO,,#N/D,DRAGONS,B92375,#N/D,0.243
L94LZ0Z0,00 A 06,ACTIVO,,#N/D,VIKING ARMOUR,B92375,#N/D,0.1394
FA04049FA0,00 A 06,activo,,#N/D,VIKING ARMOUR,B92375,#N/D,0.9248
L80L8V,12 A 23,ACTIVO,347295.515,ETHER,VIKING ARMOUR,Y79G54,4,0.5135
LO0LO0FA949,60 Y MAS,ACTIVO,95344.483,0,DRAGONS,90LD2,2,0.7814
LVV9V8VFA,07 A 11,ACTIVO,129426.9,0,DRAGONS,B92375,0,0.4368
L90LO0FA98,00 A 06,ACTIVO,500450.68,#N/D,VIKING ARMOUR,Y79G54,N,0.3574
FA08Z0FAVL,00 A 06,activo,,#N/D,DRAGONS,JSF89A,#N/D,0.9352
L84400VZ,07 A 11,IMPAGO,524178.945,USD,VIKING ARMOUR,Y79G54,4,0.8696
LVV0LLFAL,12 A 23,ACTIVO,196297.465,0,SOIL,Y79G54,2,0.6982
LLV0FALV4,48 A 60,ACTIVO,,#N/D,DRAGONS,B92375,#N/D,0.8597
L8L0V9VFA,07 A 11,ACTIVO,209240.155,#N/D,SPURS,Y79G54,1,0.6594
90004Z8V,12 A 23,ACTIVO,,#N/D,VIKING ARMOUR,90LD2,#N/D,0.2808
L9LLOL98V,00 A 06,ACTIVO,150998.05,#N/D,SOIL,Y79G54,N,0.5476
LLOLLL44V,12 A 23,ACTIVO,250225.34,GOLD,VIKING ARMOUR,B92375,1,0.1362
L8VVFA98L,07 A 11,IMPAGO,,#N/D,VIKING ARMOUR,B92375,#N/D,0.365
LFALOL9FA40,24 A 47,ACTIVO,371023.78,BITCOIN,VIKING ARMOUR,Y79G54,4,0.9595
800FAZ0Z,60 Y MAS,ACTIVO,597089.432,0,VIKING ARMOUR,Y79G54,6,0.83
LLO89LO449,12 A 23,ACTIVO,189826.12,0,SPURS,Y79G54,1,0.8455
L90LO008LO,07 A 11,ACTIVO,237282.65,#N/D,VIKING ARMOUR,B92375,N,0.5773
L9FA8V0L0,00 A 06,ACTIVO,273953.605,#N/D,VIKING ARMOUR,B92375,N,0.2245
L0L0Z4V0,48 A 60,activo,,#N/D,SOIL,Y79G54,#N/D,0.4153
L90940L0,00 A 06,ACTIVO,150998.05,#N/D,SOIL,Y79G54,N,0.5219
LLOV00FA89,12 A 23,ACTIVO,286896.295,0,VIKING ARMOUR,B92375,2,0.7498
LV9V894LO,12 A 23,IMPAGO,325724.365,GOLD,VIKING ARMOUR,Y79G54,3,0.1326
LLOVLO0FA0LO,12 A 23,ACTIVO,215711.5,BITCOIN,NAVAL,JSF89A,2,0.8427
L8VLO049V,07 A 11,ACTIVO,237282.65,GOLD,VIKING ARMOUR,Y79G54,N,0.8012
LLLO984LOV,48 A 60,ACTIVO,226497.075,BITCOIN,SPURS,Y79G54,4,0.9283
L88L0LO0LO,00 A 06,ACTIVO,120798.44,#N/D,SPURS,Y79G54,N,0.4585
LL0L90L8,48 A 60,ACTIVO,,#N/D,VIKING ARMOUR,Y79G54,#N/D,0.8479
88VVFAV0,60 Y MAS,ACTIVO,323567.25,GOLD,VIKING ARMOUR,Y79G54,4,0.6911
L9FAL904Z,07 A 11,ACTIVO,181197.66,BITCOIN,SPURS,Y79G54,N,0.0621
LLFA0449Z,48 A 60,ACTIVO,673019.88,BITCOIN,VIKING ARMOUR,Y79G54,6,0.018
LV9LOZ00LO,07 A 11,ACTIVO,198454.58,0,SPURS,Y79G54,2,0.0299
L8LOZLL0FA,07 A 11,activo,135898.245,#N/D,DRAGONS,B92375,1,0.6462
LFA9VZ40LO,24 A 47,ACTIVO,189826.12,#N/D,SPURS,Y79G54,4,0.8128
FA0VLV0LO0,00 A 06,ACTIVO,,#N/D,SPURS,JSF89A,#N/D,0.5788
L9FAZFAZZV,07 A 11,activo,239439.765,GOLD,VIKING ARMOUR,B92375,N,0.1942
LLOZFA00FA9,12 A 23,ACTIVO,140212.475,0,DRAGONS,B92375,2,0.3185
LLOFA9L0ZV,24 A 47,ACTIVO,487507.99,TYP2,VIKING ARMOUR,Y79G54,4,0.2831
L90FA0809,07 A 11,ACTIVO,273953.605,TYP2,VIKING ARMOUR,B92375,N,0.6776
LLOL9ZL04,24 A 47,IMPAGO,,#N/D,SPURS,Y79G54,#N/D,0.5551
LLO000LO0L,12 A 23,ACTIVO,196297.465,0,SOIL,Y79G54,1,0.7136
LV90FA40V,07 A 11,ACTIVO,230811.305,0,VIKING ARMOUR,B92375,1,0.7779
LV848ZVLO,12 A 23,IMPAGO,,#N/D,VIKING ARMOUR,B92375,#N/D,0.5653
LL494FALLO,24 A 47,ACTIVO,159626.51,0,SOIL,Y79G54,1,0.4792
LV4FA80VL,12 A 23,IMPAGO,,#N/D,SPURS,Y79G54,#N/D,0.9347
L8940848,07 A 11,ACTIVO,237282.65,BITCOIN,VIKING ARMOUR,B92375,N,0.1732
LFALOZLLO8L,24 A 47,ACTIVO,207083.04,GOLD,SPURS,Y79G54,4,0.4168
9FA40VV9,60 Y MAS,ACTIVO,,#N/D,SPURS,Y79G54,#N/D,0.1845
LFAVLO8VFA0,24 A 47,ACTIVO,289053.41,0,VIKING ARMOUR,B92375,4,0.9147
L90LOLLO8V,07 A 11,ACTIVO,150998.05,BITCOIN,SPURS,JSF89A,N,0.2554
LZLOVL440,24 A 47,ACTIVO,364552.435,BITCOIN,VIKING ARMOUR,Y79G54,3,0.7808
FA0LZ9804,00 A 06,activo,267482.26,0,VIKING ARMOUR,JSF89A,N,0.1593
L90L0LO88,00 A 06,ACTIVO,187669.005,#N/D,SOIL,Y79G54,N,0.0044
LVFA4LLO,12 A 23,ACTIVO,445228.536,0,VIKING ARMOUR,Y79G54,3,0.7865
LVFAZ44,00 A 06,IMPAGO,,#N/D,SOIL,Y79G54,#N/D,0.1927
90LFA0L8LO,12 A 23,BAJA,,#N/D,SPURS,90LD2,#N/D,0.6264
L80909Z9,07 A 11,ACTIVO,198454.58,#N/D,SPURS,Y79G54,2,0.2623
FA009Z498,00 A 06,IMPAGO,250225.34,#N/D,VIKING ARMOUR,B92375,N,0.2052
LFA8LLO8FA0,24 A 47,IMPAGO,485350.875,GOLD,VIKING ARMOUR,Y79G54,3,0.801
L8FA09V04,07 A 11,IMPAGO,295524.755,#N/D,VIKING ARMOUR,Y79G54,2,0.0723
L80Z90LO8,12 A 23,ACTIVO,217868.615,ETHER,SPURS,Y79G54,2,0.4904
L94LO088L,00 A 06,ACTIVO,230811.305,#N/D,SOIL,Y79G54,N,0.4211
L89V0VLLO,07 A 11,ACTIVO,237282.65,#N/D,VIKING ARMOUR,B92375,N,0.005
ZZVZ0Z98,60 Y MAS,ACTIVO,435737.23,GOLD,VIKING ARMOUR,B92375,6,0.6124
L84LO0ZLOZ,07 A 11,ACTIVO,230811.305,ETHER,SOIL,Y79G54,2,0.1298
L8ZV0LO08,07 A 11,IMPAGO,,#N/D,SOIL,Y79G54,#N/D,0.1092
L8004988,12 A 23,BAJA,237282.65,GOLD,VIKING ARMOUR,B92375,2,0.7932
LLZL00L4,24 A 47,ACTIVO,207083.04,BITCOIN,SPURS,Y79G54,2,0.7176
LZ9VFALOFAZ,24 A 47,IMPAGO,286896.295,0,VIKING ARMOUR,B92375,0,0.2004
L88ZFA49L,00 A 06,ACTIVO,273953.605,#N/D,VIKING ARMOUR,B92375,N,0.7784
Z00L88L4,60 Y MAS,ACTIVO,278267.835,0,VIKING ARMOUR,B92375,3,0.1193
LZ000V0V,24 A 47,ACTIVO,623406.235,0,SPURS,Y79G54,3,0.1415
LV8LO98V8,07 A 11,ACTIVO,267482.26,BITCOIN,VIKING ARMOUR,Y79G54,2,0.4059
L0ZZMLZV,60 Y MAS,ACTIVO,250225.34,BITCOIN,VIKING ARMOUR,B92375,2,0.404
LO0LOV0LO8L,48 A 60,ACTIVO,210103.001,0,VIKING ARMOUR,90LD2,4,0.4735
L9LOLFAL8V,07 A 11,ACTIVO,258853.8,BITCOIN,SPURS,Y79G54,N,0.9587
LZ40FA8V4,24 A 47,BAJA,189826.12,ETHER,SPURS,Y79G54,4,0.1756
LO04FA4V00,24 A 47,ACTIVO,50476.491,0,SPURS,90LD2,2,0.9472
L8VLOL0Z4,00 A 06,ACTIVO,237282.65,#N/D,VIKING ARMOUR,B92375,N,0.1323
L8LO9LVZZ,07 A 11,activo,,#N/D,SOIL,Y79G54,#N/D,0.5324
LLLOZZVZ8,24 A 47,activo,,#N/D,SPURS,Y79G54,#N/D,0.0152
ZZVZZ88Z,60 Y MAS,ACTIVO,444365.69,BITCOIN,VIKING ARMOUR,Y79G54,6,0.0671
V0004880,12 A 23,IMPAGO,158763.664,0,SOIL,90LD2,2,0.7981
L80FALOV8FA,07 A 11,ACTIVO,237282.65,BITCOIN,VIKING ARMOUR,B92375,1,0.2761
L9LV9LO0LO,00 A 06,ACTIVO,120798.44,#N/D,SPURS,Y79G54,N,0.9815
L94089FA0,07 A 11,ACTIVO,237282.65,#N/D,VIKING ARMOUR,B92375,N,0.8101
L940FA9LO0,00 A 06,ACTIVO,356786.821,BITCOIN,VIKING ARMOUR,Y79G54,N,0.7477
9ZZMFAL4,60 Y MAS,ACTIVO,510373.409,TYP2,SPURS,Y79G54,4,0.5471
LV9V894LO,12 A 23,ACTIVO,325724.365,GOLD,VIKING ARMOUR,Y79G54,3,0.4682
L8LLO8FA8FA,07 A 11,ACTIVO,172569.2,#N/D,SPURS,Y79G54,2,0.3325
Z004FAFALO0,60 Y MAS,ACTIVO,120367.017,BITCOIN,DRAGONS,90LD2,2,0.5738
L80L0L9L,12 A 23,ACTIVO,273953.605,TYP2,VIKING ARMOUR,B92375,2,0.9273
L800FAFA40,07 A 11,activo,,#N/D,VIKING ARMOUR,B92375,#N/D,0.049
L8FAZ0V,07 A 11,ACTIVO,310624.56,ETHER,VIKING ARMOUR,Y79G54,2,0.5814
L09LOFA0ZL,48 A 60,ACTIVO,351609.745,0,VIKING ARMOUR,Y79G54,3,0.7286
L0V4FAVVL,48 A 60,ACTIVO,103541.52,0,DRAGONS,B92375,2,0.0155
L8L0940V,12 A 23,ACTIVO,209240.155,#N/D,VIKING ARMOUR,B92375,2,0.2289
ZZLOLFAZ08,60 Y MAS,ACTIVO,392594.93,BITCOIN,VIKING ARMOUR,Y79G54,4,0.4238
LO09FA0VZFA,60 Y MAS,IMPAGO,332195.71,#N/D,NAVAL,B92375,4,0.2799
94Z40ZZ,60 Y MAS,ACTIVO,396909.16,BITCOIN,VIKING ARMOUR,Y79G54,4,0.6853
L9ZVZ4,07 A 11,ACTIVO,181197.66,#N/D,SPURS,Y79G54,N,0.9849
FA00LZ900,00 A 06,IMPAGO,172569.2,0,SPURS,JSF89A,N,0.3949
LZL0ZLLOFA,24 A 47,ACTIVO,159626.51,0,SOIL,Y79G54,1,0.6143
90094VFA9,48 A 60,ACTIVO,,#N/D,SPURS,90LD2,#N/D,0.6026
L9V0ZM00,00 A 06,ACTIVO,187669.005,#N/D,SOIL,Y79G54,N,0.7526
L089VVL9,48 A 60,ACTIVO,140212.475,0,DRAGONS,B92375,1,0.5446
8009LZ,60 Y MAS,ACTIVO,353766.86,0,VIKING ARMOUR,Y79G54,4,0.3283
L90FA4084,07 A 11,ACTIVO,327881.48,BITCOIN,VIKING ARMOUR,Y79G54,N,0.6236
LLO9Z9004,12 A 23,activo,,#N/D,SPURS,Y79G54,#N/D,0.6164
L4LO8FAV88,24 A 47,ACTIVO,286896.295,0,VIKING ARMOUR,B92375,4,0.5604
L8ZVFALZLO,07 A 11,ACTIVO,217868.615,0,SPURS,Y79G54,2,0.2246
L0LOFA4Z00,48 A 60,ACTIVO,196297.465,GOLD,SOIL,Y79G54,2,0.4919
L40FA0090,24 A 47,ACTIVO,207083.04,BITCOIN,SPURS,Y79G54,4,0.8163
9009L4Z8,48 A 60,ACTIVO,,#N/D,VIKING ARMOUR,90LD2,#N/D,0.5573
Z0LVL40L,60 Y MAS,ACTIVO,433580.115,ETHER,VIKING ARMOUR,Y79G54,6,0.9902
LLO04FA9FALO,12 A 23,ACTIVO,583283.896,0,VIKING ARMOUR,Y79G54,4,0.7075
LV8FALFA9V,12 A 23,ACTIVO,235125.535,0,SPURS,Y79G54,1,0.5943
L900ZFAL0,00 A 06,activo,273953.605,GOLD,VIKING ARMOUR,B92375,N,0.5829
LLO0L0VZFA,12 A 23,ACTIVO,250225.34,0,VIKING ARMOUR,B92375,1,0.098
L8804LO4L,00 A 06,ACTIVO,237282.65,#N/D,VIKING ARMOUR,B92375,N,0.9792
L9ZMZ98LO,00 A 06,ACTIVO,204925.925,ETHER,VIKING ARMOUR,JSF89A,N,0.3961
900VZ,60 Y MAS,ACTIVO,229948.459,BITCOIN,DRAGONS,90LD2,2,0.7147
L8FALLO8V0,07 A 11,ACTIVO,237282.65,GOLD,VIKING ARMOUR,B92375,2,0.11
L8LO8FAZ88,00 A 06,ACTIVO,187669.005,TYP2,SOIL,Y79G54,N,0.6217
LFA0044LO9,24 A 47,ACTIVO,140212.475,GOLD,DRAGONS,B92375,2,0.6702
80LL04VLO,60 Y MAS,ACTIVO,185511.89,0,DRAGONS,JSF89A,2,0.7592
LLO0FA888V,12 A 23,ACTIVO,159626.51,ETHER,SOIL,Y79G54,2,0.5773
L9ZV04V0,07 A 11,ACTIVO,150998.05,#N/D,SOIL,Y79G54,N,0.8722
L900LOZZL,00 A 06,ACTIVO,237282.65,BITCOIN,SPURS,Y79G54,N,0.769
L9FA9ZLO84,00 A 06,ACTIVO,168254.97,#N/D,VIKING ARMOUR,JSF89A,N,0.392
L8FA4FAZZL,12 A 23,ACTIVO,237282.65,TYP2,VIKING ARMOUR,B92375,2,0.1024
LLOVFA80FA0,12 A 23,activo,,#N/D,VIKING ARMOUR,JSF89A,#N/D,0.6981
LV8048FA8,07 A 11,ACTIVO,172569.2,BITCOIN,VIKING ARMOUR,B92375,2,0.9518
9VV9FA00,60 Y MAS,ACTIVO,437894.345,GOLD,VIKING ARMOUR,B92375,4,0.2653
L90LO9048,00 A 06,ACTIVO,237282.65,#N/D,VIKING ARMOUR,B92375,N,0.4918
L90FAV90L,00 A 06,ACTIVO,150998.05,#N/D,SOIL,Y79G54,N,0.5118
L9040V08,07 A 11,ACTIVO,273953.605,#N/D,VIKING ARMOUR,B92375,N,0.6853
LFA00VLOZ4,24 A 47,activo,,#N/D,SOIL,Y79G54,#N/D,0.9366
LV840Z49,12 A 23,ACTIVO,273953.605,0,VIKING ARMOUR,B92375,1,0.2729
LFA9ZLVZ0,24 A 47,ACTIVO,286896.295,GOLD,VIKING ARMOUR,B92375,4,0.1522
LVFALVLZLO,12 A 23,IMPAGO,448679.92,ETHER,VIKING ARMOUR,Y79G54,4,0.0769
LO00LL884,60 Y MAS,ACTIVO,386986.431,BITCOIN,VIKING ARMOUR,Y79G54,4,0.1317
L9LOL09VL,07 A 11,ACTIVO,273953.605,#N/D,VIKING ARMOUR,B92375,N,0.1244
LV80Z8LOL,07 A 11,ACTIVO,237282.65,ETHER,VIKING ARMOUR,B92375,1,0.6562
FA0V40LVFA,00 A 06,ACTIVO,,#N/D,VIKING ARMOUR,B92375,#N/D,0.4319
L900LO08L,07 A 11,ACTIVO,187669.005,TYP2,SOIL,Y79G54,N,0.5402
L9FAVLL,00 A 06,ACTIVO,,#N/D,SPURS,JSF89A,#N/D,0.3047
LV9LO0FA4LO,12 A 23,activo,135898.245,GOLD,VIKING ARMOUR,B92375,2,0.1358
L9004848,07 A 11,ACTIVO,250225.34,#N/D,VIKING ARMOUR,B92375,N,0.6832
V00Z04VV,60 Y MAS,IMPAGO,707102.297,GOLD,NAVAL,90LD2,6,0.2599
L890Z4ZV,07 A 11,ACTIVO,273953.605,#N/D,VIKING ARMOUR,B92375,N,0.2615
LFA8LOFA0LOL,24 A 47,ACTIVO,358081.09,BITCOIN,VIKING ARMOUR,Y79G54,4,0.5796
LLOL098LOL,12 A 23,ACTIVO,250225.34,0,VIKING ARMOUR,B92375,1,0.1945
L80LL800,07 A 11,ACTIVO,172569.2,ETHER,SPURS,Y79G54,2,0.9875
L0V0FAZLFA,48 A 60,ACTIVO,103541.52,GOLD,DRAGONS,B92375,2,0.1643
LV9LZ944,07 A 11,ACTIVO,198454.58,0,SPURS,Y79G54,2,0.3084
LLOFA0FAZ04,24 A 47,ACTIVO,103541.52,BITCOIN,DRAGONS,B92375,2,0.0898
LVLOFAZ8VL,12 A 23,activo,159626.51,BITCOIN,SOIL,Y79G54,2,0.6614
L8V0FALFAL,07 A 11,ACTIVO,135898.245,#N/D,VIKING ARMOUR,B92375,N,0.8709
LO0LO040ZFA,60 Y MAS,ACTIVO,95344.483,GOLD,DRAGONS,90LD2,2,0.8605
Z04080LV,60 Y MAS,ACTIVO,327881.48,BITCOIN,VIKING ARMOUR,Y79G54,4,0.7819
LFAV04ZVZ,24 A 47,ACTIVO,314938.79,TYP2,VIKING ARMOUR,Y79G54,4,0.8048
LZ40V484,24 A 47,BAJA,319253.02,0,VIKING ARMOUR,Y79G54,4,0.3789
LL4V4ZFAZ,48 A 60,activo,,#N/D,SPURS,Y79G54,#N/D,0.5058
L4ZFA8VFAFA,24 A 47,ACTIVO,422794.54,#N/D,VIKING ARMOUR,Y79G54,4,0.2038
LV9LO04LO0,12 A 23,ACTIVO,,#N/D,VIKING ARMOUR,B92375,#N/D,0.592
L9Z09VVL,00 A 06,ACTIVO,181197.66,#N/D,SPURS,Y79G54,N,0.9264
L0LO4ZLOVV,48 A 60,ACTIVO,198454.58,0,SPURS,Y79G54,4,0.8731
V0LO090L0,60 Y MAS,ACTIVO,323567.25,USD,VIKING ARMOUR,B92375,4,0.4186
L908ZFA08,00 A 06,ACTIVO,273953.605,#N/D,VIKING ARMOUR,B92375,N,0.3993
LLOFA0FAZ04,12 A 23,ACTIVO,103541.52,BITCOIN,DRAGONS,B92375,2,0.3698
FA0FA0FALLZ,00 A 06,ACTIVO,125112.67,0,SPURS,Y79G54,N,0.9693
LLO04Z0L0,24 A 47,IMPAGO,194140.35,GOLD,DRAGONS,Y79G54,2,0.3994
L48LLZZL,24 A 47,ACTIVO,196297.465,0,SOIL,Y79G54,1,0.1686
L09ZML,48 A 60,BAJA,226497.075,GOLD,DRAGONS,Y79G54,2,0.7898
L8V0LFA0Z,00 A 06,ACTIVO,273953.605,#N/D,VIKING ARMOUR,B92375,N,0.425
L8FA0V8LOZ,07 A 11,IMPAGO,,#N/D,SPURS,Y79G54,#N/D,0.0785
L8V90ZFALO,00 A 06,ACTIVO,207083.04,TYP2,VIKING ARMOUR,B92375,N,0.2505
L08LO0Z,60 Y MAS,ACTIVO,159626.51,ETHER,SOIL,Y79G54,2,0.775
L848LLO80,07 A 11,activo,,#N/D,SPURS,Y79G54,#N/D,0.3467
L9L8FAVLZ,00 A 06,IMPAGO,243753.995,#N/D,VIKING ARMOUR,B92375,N,0.5106
L9LOV49Z9,00 A 06,BAJA,245479.687,0,VIKING ARMOUR,JSF89A,N,0.1649
LLO0FAZLO80,12 A 23,ACTIVO,358081.09,BITCOIN,VIKING ARMOUR,Y79G54,4,0.3199
LVVL008L,12 A 23,IMPAGO,,#N/D,VIKING ARMOUR,Y79G54,#N/D,0.9436
L0Z0Z00V,60 Y MAS,ACTIVO,140212.475,BITCOIN,DRAGONS,B92375,2,0.756
L89LO0FAFAL,07 A 11,ACTIVO,261010.915,GOLD,SPURS,Y79G54,N,0.5188
900FA980FA,60 Y MAS,activo,,#N/D,SPURS,90LD2,#N/D,0.4558
FA00LOLL9FA,00 A 06,ACTIVO,159626.51,0,SOIL,Y79G54,N,0.941
LLZL0LOZ9,24 A 47,ACTIVO,159626.51,USD,SOIL,Y79G54,2,0.2083
L80FA4900,12 A 23,ACTIVO,224339.96,#N/D,SPURS,Y79G54,2,0.7333
FA00FA8VLLO,00 A 06,ACTIVO,250225.34,0,VIKING ARMOUR,B92375,N,0.9604
Z0ZL0LO0V,60 Y MAS,BAJA,293367.64,TYP2,VIKING ARMOUR,B92375,4,0.2564
L804LLO8Z,12 A 23,ACTIVO,336078.517,BITCOIN,DRAGONS,Y79G54,2,0.7814
LLO0L0L40,12 A 23,ACTIVO,189826.12,ETHER,SPURS,Y79G54,2,0.4034
L9ZL8404,07 A 11,ACTIVO,393457.776,#N/D,VIKING ARMOUR,Y79G54,N,0.8498
L9L090Z0,00 A 06,activo,120798.44,#N/D,SPURS,Y79G54,N,0.0055
LLOFA0Z00LO,24 A 47,ACTIVO,250225.34,USD,VIKING ARMOUR,B92375,2,0.4541
FA0FALOZ09V,00 A 06,activo,237282.65,0,SOIL,Y79G54,N,0.5715
L00V0FAFA9,48 A 60,ACTIVO,243753.995,ETHER,SPURS,Y79G54,4,0.3454
LLV00VZ0,24 A 47,ACTIVO,159626.51,0,SOIL,Y79G54,1,0.6117
FA000LVZ0,00 A 06,IMPAGO,215711.5,#N/D,SPURS,Y79G54,N,0.1467
LFALO8LLOFA4,24 A 47,IMPAGO,543592.98,GOLD,VIKING ARMOUR,Y79G54,6,0.8375
LVFA4L9VFA,12 A 23,ACTIVO,226497.075,ETHER,SPURS,Y79G54,2,0.2729
LV90LOL0Z,12 A 23,IMPAGO,248068.225,0,SPURS,Y79G54,0,0.6444
L840VZ00,07 A 11,ACTIVO,150998.05,BITCOIN,SOIL,Y79G54,2,0.8264
L9LO00090,00 A 06,IMPAGO,194140.35,ETHER,SOIL,Y79G54,N,0.4495
LL49L40L,24 A 47,ACTIVO,,#N/D,SPURS,Y79G54,#N/D,0.9226
L0ZMLOV04,48 A 60,ACTIVO,243753.995,0,SPURS,Y79G54,3,0.073
LLL0Z0LOV,48 A 60,ACTIVO,228654.19,ETHER,NAVAL,B92375,2,0.6432
FA0LZ0804,00 A 06,activo,125112.67,0,SPURS,Y79G54,N,0.4592
LZLOFA0880,24 A 47,ACTIVO,351609.745,TYP2,VIKING ARMOUR,Y79G54,6,0.9243
LLO080Z9Z,12 A 23,ACTIVO,250225.34,0,VIKING ARMOUR,B92375,2,0.366
L0LO4ZLOVV,60 Y MAS,ACTIVO,198454.58,0,SPURS,Y79G54,4,0.2064
L80V984Z,12 A 23,ACTIVO,172569.2,GOLD,SPURS,Y79G54,2,0.196
V0ZV8VZ,60 Y MAS,ACTIVO,392594.93,BITCOIN,DRAGONS,Y79G54,2,0.2487
L84FA4LLO0,07 A 11,ACTIVO,217868.615,#N/D,SPURS,Y79G54,2,0.029
LLO4LO40FA8,12 A 23,ACTIVO,,#N/D,VIKING ARMOUR,B92375,#N/D,0.6514
LLO08FAVZ0,24 A 47,ACTIVO,327881.48,BITCOIN,VIKING ARMOUR,Y79G54,4,0.6941
L9FA8ZFA0FA,07 A 11,ACTIVO,150998.05,BITCOIN,SOIL,Y79G54,N,0.0216
LV8LLLZM,07 A 11,ACTIVO,174726.315,GOLD,DRAGONS,B92375,2,0.156
90LFA88V9,00 A 06,activo,,#N/D,SPURS,90LD2,#N/D,0.6788
LLFAZ9080,48 A 60,ACTIVO,159626.51,TYP2,SOIL,Y79G54,2,0.211
LO0LOV0FA4Z,48 A 60,ACTIVO,88441.715,0,DRAGONS,90LD2,2,0.5671
LL0LVLZLO,48 A 60,BAJA,241596.88,GOLD,VIKING ARMOUR,B92375,4,0.9003
ZVZ98Z49,48 A 60,IMPAGO,,#N/D,NAVAL,90LD2,#N/D,0.6012
LZMLZ4FA0,12 A 23,ACTIVO,196297.465,0,SOIL,Y79G54,1,0.3418
LLOFAFA4V00,24 A 47,IMPAGO,207083.04,BITCOIN,SPURS,Y79G54,1,0.2624
LV909VV4,12 A 23,ACTIVO,273953.605,0,VIKING ARMOUR,B92375,1,0.6182
L9V00V,00 A 06,ACTIVO,237282.65,GOLD,VIKING ARMOUR,B92375,N,0.3974
LO0900V9LO,60 Y MAS,ACTIVO,286896.295,BITCOIN,VIKING ARMOUR,B92375,4,0.6152
L880ZLO09,00 A 06,ACTIVO,237282.65,GOLD,VIKING ARMOUR,B92375,N,0.5696
L90L0V89,00 A 06,ACTIVO,211397.27,TYP2,SPURS,Y79G54,N,0.9288
LLO0094ZLO,24 A 47,ACTIVO,125112.67,BITCOIN,VIKING ARMOUR,JSF89A,2,0.5717
L0LO0ZM09,48 A 60,ACTIVO,310624.56,ETHER,VIKING ARMOUR,B92375,4,0.1958
LLOZ00FAVL,24 A 47,ACTIVO,353766.86,BITCOIN,SOIL,Y79G54,4,0.5007
L90LO4V40,00 A 06,ACTIVO,217868.615,#N/D,SPURS,Y79G54,N,0.0373
L9L40FALZ,07 A 11,ACTIVO,237282.65,#N/D,VIKING ARMOUR,B92375,N,0.0545
LV9FA4L8LO,07 A 11,ACTIVO,273953.605,0,VIKING ARMOUR,B92375,2,0.7968
V0ZLLZ,60 Y MAS,ACTIVO,131584.015,GOLD,DRAGONS,JSF89A,2,0.1364
LV48L890,12 A 23,activo,,#N/D,VIKING ARMOUR,B92375,#N/D,0.0334
LVV9LOVV9,07 A 11,ACTIVO,280424.95,GOLD,VIKING ARMOUR,B92375,2,0.8149
800VLO4LO0,60 Y MAS,ACTIVO,124249.824,ETHER,NAVAL,90LD2,2,0.5269
LV9FAVZV9,12 A 23,ACTIVO,176883.43,TYP2,VIKING ARMOUR,JSF89A,2,0.5809
L880FA4L9,07 A 11,ACTIVO,99227.29,#N/D,DRAGONS,B92375,N,0.6225
L9ZL98L4,00 A 06,IMPAGO,,#N/D,SPURS,Y79G54,#N/D,0.0162
ZZ48LO48LO,60 Y MAS,ACTIVO,236419.804,BITCOIN,DRAGONS,90LD2,2,0.7546
LFA48FA8FA8,24 A 47,ACTIVO,237282.65,BITCOIN,VIKING ARMOUR,B92375,2,0.978
L8LO90LO40,00 A 06,ACTIVO,230811.305,GOLD,SOIL,Y79G54,N,0.7325
L8VLO40LO0,07 A 11,activo,181197.66,BITCOIN,SPURS,Y79G54,N,0.3059
L9Z09LO40,07 A 11,ACTIVO,150998.05,GOLD,SOIL,Y79G54,N,0.5429
LLOZ4Z00LO,24 A 47,ACTIVO,189826.12,0,SPURS,Y79G54,1,0.8705
LLO0V049V,24 A 47,ACTIVO,401223.39,USD,VIKING ARMOUR,Y79G54,4,0.7752
LFAL4ZLO,24 A 47,ACTIVO,286896.295,ETHER,VIKING ARMOUR,B92375,4,0.4519
L8L0L80LO,12 A 23,ACTIVO,,#N/D,VIKING ARMOUR,B92375,#N/D,0.096
9L40404,60 Y MAS,ACTIVO,198454.58,0,SPURS,Y79G54,3,0.6501
L9Z0FAFAFA0,00 A 06,activo,,#N/D,VIKING ARMOUR,JSF89A,#N/D,0.1641
800VV408,60 Y MAS,ACTIVO,318821.597,0,VIKING ARMOUR,90LD2,3,0.7176
L48LOVLFAFA,24 A 47,ACTIVO,189826.12,0,SPURS,Y79G54,3,0.8166
FA0V000FALO,00 A 06,ACTIVO,,#N/D,SPURS,Y79G54,#N/D,0.6308
LL00LLZ4,48 A 60,IMPAGO,,#N/D,NAVAL,B92375,#N/D,0.287
LLO4LVVZM,12 A 23,ACTIVO,286896.295,0,VIKING ARMOUR,B92375,3,0.4688
L90ZFAFA44,00 A 06,ACTIVO,273953.605,0,VIKING ARMOUR,B92375,N,0.4777
L9ZFA0ZFA0,00 A 06,IMPAGO,304153.215,0,VIKING ARMOUR,JSF89A,N,0.4411
LL400889,24 A 47,ACTIVO,310624.56,0,VIKING ARMOUR,Y79G54,4,0.0351
L94Z00FAV,00 A 06,IMPAGO,289053.41,#N/D,SPURS,Y79G54,N,0.0899
L0FALOLLOL0,48 A 60,ACTIVO,159626.51,BITCOIN,SOIL,Y79G54,2,0.3293
L0VV0440,60 Y MAS,ACTIVO,250225.34,ETHER,VIKING ARMOUR,B92375,4,0.3057
90LO08VLO,60 Y MAS,ACTIVO,250225.34,GOLD,VIKING ARMOUR,B92375,4,0.1441
L9898LO88,00 A 06,ACTIVO,250225.34,GOLD,VIKING ARMOUR,B92375,N,0.0224
LLO00909V,24 A 47,ACTIVO,211397.27,GOLD,VIKING ARMOUR,Y79G54,2,0.1997
L4ZL4009,24 A 47,ACTIVO,286896.295,ETHER,VIKING ARMOUR,B92375,4,0.2024
LV89L40LO,12 A 23,ACTIVO,,#N/D,SOIL,Y79G54,#N/D,0.1257
L8Z0L4VZ,07 A 11,IMPAGO,187669.005,GOLD,SOIL,Y79G54,1,0.714
FA00ZLZZ9,00 A 06,ACTIVO,189826.12,GOLD,SPURS,Y79G54,N,0.8611
V8Z0LZZ,60 Y MAS,IMPAGO,,#N/D,VIKING ARMOUR,90LD2,#N/D,0.3082
V00LO09LOFA,12 A 23,activo,,#N/D,NAVAL,90LD2,#N/D,0.7051
L8L0Z480,12 A 23,IMPAGO,209240.155,GOLD,SPURS,Y79G54,1,0.6841
LV90Z000,12 A 23,ACTIVO,211397.27,ETHER,SPURS,Y79G54,2,0.5962
LZ48900FA,24 A 47,activo,250225.34,0,VIKING ARMOUR,B92375,3,0.564
8004FAZ9V,60 Y MAS,ACTIVO,323567.25,0,VIKING ARMOUR,B92375,4,0.9005
LL4FAV9FAV,24 A 47,ACTIVO,159626.51,GOLD,SOIL,Y79G54,2,0.4045
LL8ZZ9V9,24 A 47,ACTIVO,207083.04,TYP2,SPURS,Y79G54,4,0.4857
L88VLOVFA9,07 A 11,IMPAGO,345138.4,#N/D,VIKING ARMOUR,B92375,N,0.8177
L0LO90LOFAL,60 Y MAS,ACTIVO,323567.25,0,VIKING ARMOUR,B92375,4,0.8872
LLOFA8Z8L4,24 A 47,ACTIVO,286896.295,ETHER,VIKING ARMOUR,B92375,1,0.6574
L80094,12 A 23,ACTIVO,194140.35,#N/D,VIKING ARMOUR,B92375,2,0.671
L04FA00,48 A 60,ACTIVO,500450.68,BITCOIN,SPURS,Y79G54,6,0.8075
L94900FAFA,07 A 11,ACTIVO,217868.615,#N/D,VIKING ARMOUR,B92375,N,0.0212
90044FA9Z,60 Y MAS,IMPAGO,,#N/D,VIKING ARMOUR,90LD2,#N/D,0.7388
L0LZM9LO8,60 Y MAS,ACTIVO,207083.04,BITCOIN,SPURS,Y79G54,4,0.2576
FA0FAL00,00 A 06,ACTIVO,,#N/D,SPURS,JSF89A,#N/D,0.6166
LVV9LOZZ0,07 A 11,ACTIVO,150998.05,0,SOIL,Y79G54,0,0.2666
L00Z8800,48 A 60,ACTIVO,412008.965,ETHER,VIKING ARMOUR,B92375,6,0.8801
L90ZLLOFAL,07 A 11,ACTIVO,127269.785,GOLD,VIKING ARMOUR,JSF89A,N,0.8106
LV9FA0Z0LO,07 A 11,ACTIVO,,#N/D,VIKING ARMOUR,B92375,#N/D,0.4929
ZZ44V8L4,60 Y MAS,IMPAGO,,#N/D,#N/D,#N/D,#N/D,0.6949
LFA09V09LO,24 A 47,ACTIVO,159626.51,0,SOIL,Y79G54,1,0.7841
L8098040,07 A 11,ACTIVO,273953.605,0,VIKING ARMOUR,B92375,2,0.3976
LLOV980ZFA,12 A 23,ACTIVO,390437.815,TYP2,VIKING ARMOUR,Y79G54,4,0.5485
800LLVZ,60 Y MAS,ACTIVO,383966.47,TYP2,VIKING ARMOUR,Y79G54,4,0.1752
LL04V8,24 A 47,ACTIVO,,#N/D,NAVAL,B92375,#N/D,0.9467
LV0L4LO0LO,12 A 23,ACTIVO,243753.995,ETHER,SPURS,Y79G54,4,0.1803
FA04008L8,00 A 06,activo,,#N/D,VIKING ARMOUR,B92375,#N/D,0.2473
V0LO800FA,60 Y MAS,ACTIVO,159626.51,BITCOIN,SOIL,Y79G54,2,0.4454
L84Z9Z9V,07 A 11,activo,,#N/D,DRAGONS,JSF89A,#N/D,0.4067
L4L004,24 A 47,ACTIVO,159626.51,BITCOIN,SOIL,Y79G54,2,0.1513
LVV890LL,12 A 23,BAJA,284739.18,0,VIKING ARMOUR,Y79G54,2,0.2711
90084LOL0,48 A 60,ACTIVO,254539.57,0,SPURS,90LD2,2,0.4032
Z09ZL0LO0,60 Y MAS,IMPAGO,407694.735,GOLD,VIKING ARMOUR,Y79G54,6,0.9218
L9L04Z40,07 A 11,activo,99227.29,0,DRAGONS,JSF89A,N,0.5822
LV80LLO90,07 A 11,ACTIVO,224339.96,GOLD,VIKING ARMOUR,JSF89A,2,0.9273
L90ZFA0,00 A 06,ACTIVO,157469.395,#N/D,SPURS,Y79G54,N,0.7049
LZLOVVLOFAV,24 A 47,ACTIVO,226497.075,ETHER,SPURS,Y79G54,4,0.9879
L8490Z0LO,07 A 11,ACTIVO,273953.605,#N/D,VIKING ARMOUR,B92375,2,0.0222
ZZZZ09LOV,60 Y MAS,ACTIVO,323567.25,0,VIKING ARMOUR,B92375,4,0.4084
LZ00Z08LO,24 A 47,ACTIVO,314938.79,0,VIKING ARMOUR,Y79G54,4,0.0248
L9Z8FA48FA,07 A 11,ACTIVO,237282.65,GOLD,VIKING ARMOUR,B92375,N,0.9651
L0Z08LVZ,48 A 60,ACTIVO,491822.22,0,VIKING ARMOUR,Y79G54,4,0.2556
L890ZM9V,00 A 06,IMPAGO,,#N/D,SPURS,JSF89A,#N/D,0.644
L8LLO8FA8FA,12 A 23,activo,172569.2,#N/D,SPURS,Y79G54,2,0.658
L900V0ZV,07 A 11,BAJA,168254.97,BITCOIN,VIKING ARMOUR,JSF89A,N,0.2579
L8FA8FA4VL,12 A 23,ACTIVO,250225.34,GOLD,VIKING ARMOUR,B92375,1,0.8476
LZ94VFAFA9,24 A 47,IMPAGO,,#N/D,VIKING ARMOUR,B92375,#N/D,0.5963
L0LO4LO0,48 A 60,activo,,#N/D,SPURS,Y79G54,#N/D,0.741
LLOFAZ4LZ9,24 A 47,ACTIVO,125112.67,0,VIKING ARMOUR,JSF89A,2,0.7227
L8V9004V,00 A 06,ACTIVO,446522.805,ETHER,VIKING ARMOUR,Y79G54,N,0.9772
L9ZZVZLO0,00 A 06,ACTIVO,325724.365,#N/D,VIKING ARMOUR,Y79G54,N,0.9112
L90480LLO,00 A 06,activo,,#N/D,VIKING ARMOUR,JSF89A,#N/D,0.1636
LLO0FA8Z40,12 A 23,ACTIVO,276110.72,0,VIKING ARMOUR,Y79G54,1,0.5128
L8FA84ZLOFA,12 A 23,ACTIVO,613914.929,BITCOIN,VIKING ARMOUR,Y79G54,4,0.7604
L8L0Z890,12 A 23,ACTIVO,237282.65,ETHER,VIKING ARMOUR,B92375,1,0.6354
LLZLO0400,48 A 60,ACTIVO,250225.34,GOLD,VIKING ARMOUR,B92375,4,0.599
LLZ04L8V,48 A 60,ACTIVO,159626.51,USD,SOIL,Y79G54,2,0.4772
V04Z0ZZFA,60 Y MAS,ACTIVO,161783.625,0,DRAGONS,90LD2,2,0.8682
LVZ0ZV0Z,12 A 23,ACTIVO,243753.995,TYP2,SPURS,Y79G54,4,0.582
L80LOZ04Z,12 A 23,ACTIVO,150998.05,GOLD,SOIL,Y79G54,2,0.0585
L8LO4FA008,07 A 11,ACTIVO,150998.05,#N/D,SOIL,Y79G54,1,0.5715
LLOL0VFA89,12 A 23,ACTIVO,286896.295,BITCOIN,VIKING ARMOUR,B92375,4,0.3635
L9LZV08L,07 A 11,ACTIVO,99227.29,#N/D,DRAGONS,B92375,N,0.9401
L0ZMZ9FA9,48 A 60,ACTIVO,353766.86,0,VIKING ARMOUR,Y79G54,4,0.4144
L8FA404,00 A 06,ACTIVO,187669.005,0,DRAGONS,JSF89A,N,0.2908
L89LLOZL8,00 A 06,ACTIVO,217868.615,BITCOIN,SPURS,Y79G54,N,0.2763
L90LOZ040,07 A 11,IMPAGO,,#N/D,VIKING ARMOUR,B92375,#N/D,0.6186
L9FA44LOLLO,00 A 06,ACTIVO,282150.642,0,VIKING ARMOUR,JSF89A,N,0.5114
LZFA80489,24 A 47,ACTIVO,170412.085,BITCOIN,DRAGONS,B92375,2,0.2446
L0LOLLZML,60 Y MAS,ACTIVO,491822.22,GOLD,VIKING ARMOUR,Y79G54,4,0.9142
LV0V44V9,12 A 23,ACTIVO,353766.86,GOLD,VIKING ARMOUR,Y79G54,4,0.2375
LLO4LFALO4FA,24 A 47,activo,103541.52,GOLD,DRAGONS,B92375,2,0.1344
Z00Z940Z,60 Y MAS,ACTIVO,140212.475,GOLD,DRAGONS,B92375,2,0.643
FA0LOL049V,00 A 06,activo,,#N/D,SOIL,Y79G54,#N/D,0.7634
LZ0V9LO0V,24 A 47,ACTIVO,314938.79,GOLD,VIKING ARMOUR,B92375,4,0.2323
LO0Z4LVFA4,48 A 60,ACTIVO,91893.099,0,DRAGONS,90LD2,2,0.0954
900Z89FAFA,60 Y MAS,BAJA,,#N/D,SPURS,90LD2,#N/D,0.1803
L8VFAZ980,07 A 11,ACTIVO,217868.615,TYP2,SPURS,Y79G54,N,0.9575
L904VL0L,07 A 11,ACTIVO,150998.05,GOLD,SPURS,JSF89A,N,0.3185
L408049V,24 A 47,ACTIVO,345138.4,0,VIKING ARMOUR,Y79G54,4,0.1857
LLOLFAZ48Z,12 A 23,ACTIVO,243753.995,TYP2,SPURS,Y79G54,4,0.4947
V00080FA9,48 A 60,activo,,#N/D,DRAGONS,90LD2,#N/D,0.1447
L0V908LOFA,60 Y MAS,ACTIVO,189826.12,ETHER,SPURS,Y79G54,4,0.7378
Z09098LV,60 Y MAS,ACTIVO,295524.755,GOLD,VIKING ARMOUR,Y79G54,4,0.2819
L8LOV9ZVLO,00 A 06,ACTIVO,245479.687,0,VIKING ARMOUR,JSF89A,N,0.35
L88LO0FA9L,00 A 06,ACTIVO,282150.642,0,VIKING ARMOUR,JSF89A,N,0.3552
LLFA9ZM00,24 A 47,ACTIVO,228654.19,0,NAVAL,B92375,1,0.52
L9FAL0L04,07 A 11,ACTIVO,150998.05,ETHER,SOIL,Y79G54,N,0.5742
FA00FA90LL,00 A 06,ACTIVO,261010.915,0,VIKING ARMOUR,JSF89A,N,0.014
V0089V9L,24 A 47,ACTIVO,125112.67,0,DRAGONS,90LD2,2,0.8989
L8LL00LO8,07 A 11,ACTIVO,,#N/D,VIKING ARMOUR,Y79G54,#N/D,0.9021
L90ZLLOFAL,00 A 06,ACTIVO,127269.785,GOLD,VIKING ARMOUR,JSF89A,N,0.6474
L9FA8FA808,07 A 11,ACTIVO,189826.12,0,SPURS,Y79G54,N,0.9042
L8FAFALO9FA8,07 A 11,ACTIVO,280424.95,BITCOIN,VIKING ARMOUR,Y79G54,2,0.5916
L0FAL04Z8,60 Y MAS,ACTIVO,478879.53,0,VIKING ARMOUR,Y79G54,6,0.4422
ZZ4Z8LO80,60 Y MAS,ACTIVO,392594.93,GOLD,VIKING ARMOUR,Y79G54,6,0.9066
L90LO008LO,00 A 06,ACTIVO,237282.65,#N/D,VIKING ARMOUR,B92375,N,0.7506
LLOFAVLOZ84,24 A 47,ACTIVO,243753.995,ETHER,SPURS,Y79G54,4,0.5139
LLZ8Z09FA,48 A 60,ACTIVO,588892.395,USD,VIKING ARMOUR,Y79G54,6,0.6842
LZV0FAZFAFA,24 A 47,IMPAGO,,#N/D,VIKING ARMOUR,B92375,#N/D,0.8354
L90VLO9V4,00 A 06,ACTIVO,217868.615,#N/D,SPURS,Y79G54,N,0.2459
L9LOLLO0VZ,07 A 11,ACTIVO,237282.65,#N/D,VIKING ARMOUR,B92375,N,0.9826
LLOZZFAZLOV,12 A 23,ACTIVO,394752.045,0,VIKING ARMOUR,Y79G54,3,0.6823
L9LLOLZFA8,00 A 06,ACTIVO,237282.65,#N/D,VIKING ARMOUR,B92375,N,0.8419
L0948Z88,48 A 60,ACTIVO,250225.34,ETHER,VIKING ARMOUR,B92375,2,0.9311
L8000LOZV,12 A 23,ACTIVO,,#N/D,DRAGONS,JSF89A,#N/D,0.1735
L840LL90,12 A 23,ACTIVO,99227.29,GOLD,DRAGONS,B92375,2,0.3793
LV04LZML,12 A 23,BAJA,250225.34,GOLD,VIKING ARMOUR,B92375,2,0.9797
LFAZ90FAVLO,24 A 47,ACTIVO,254539.57,USD,SPURS,Y79G54,4,0.1375
LZ44LLOFA0,24 A 47,activo,286896.295,TYP2,VIKING ARMOUR,B92375,4,0.2718
L894FALO,07 A 11,activo,187669.005,#N/D,SOIL,Y79G54,N,0.5763
ZZV84L89,60 Y MAS,BAJA,332195.71,BITCOIN,NAVAL,B92375,4,0.8154
LV40040LO,12 A 23,ACTIVO,,#N/D,VIKING ARMOUR,B92375,#N/D,0.4681
L8FALOFA088,07 A 11,ACTIVO,129426.9,0,DRAGONS,JSF89A,2,0.0786
L9000FAL9,07 A 11,IMPAGO,,#N/D,SPURS,Y79G54,#N/D,0.3035
900FAFAFALOZ,24 A 47,activo,,#N/D,SPURS,90LD2,#N/D,0.6837
L8LFAFA0Z0,12 A 23,IMPAGO,,#N/D,DRAGONS,Y79G54,#N/D,0.0924
L8040444,12 A 23,ACTIVO,211397.27,GOLD,SPURS,Y79G54,2,0.8237
L8LOZ9LOL0,07 A 11,ACTIVO,120798.44,ETHER,SPURS,Y79G54,N,0.6819
L90L8FAZ4,00 A 06,ACTIVO,273953.605,GOLD,VIKING ARMOUR,B92375,N,0.5246
L8ZLO8LZ8,07 A 11,ACTIVO,273953.605,ETHER,VIKING ARMOUR,B92375,1,0.3928
L80Z9VLO4,12 A 23,ACTIVO,,#N/D,SPURS,Y79G54,#N/D,0.828
LLO8L80LLO,12 A 23,activo,,#N/D,VIKING ARMOUR,Y79G54,#N/D,0.5027
L089FAZ4Z,48 A 60,BAJA,159626.51,0,SOIL,Y79G54,1,0.0174
V00900FAV,12 A 23,ACTIVO,286896.295,0,VIKING ARMOUR,B92375,2,0.9389
L9ZZ8LO4FA,07 A 11,ACTIVO,273953.605,GOLD,VIKING ARMOUR,B92375,N,0.5397
900V4LOVL,12 A 23,activo,,#N/D,SPURS,90LD2,#N/D,0.4076
LV9FA9000,12 A 23,activo,245479.687,GOLD,VIKING ARMOUR,JSF89A,2,0.7483
LV90VV0V,12 A 23,ACTIVO,135898.245,0,DRAGONS,B92375,2,0.1384
9Z4VVFAFA,60 Y MAS,ACTIVO,198454.58,BITCOIN,SPURS,Y79G54,4,0.2093
LLFAZ8L0Z,24 A 47,ACTIVO,276110.72,0,VIKING ARMOUR,Y79G54,4,0.3037
L8080V88,12 A 23,ACTIVO,198454.58,#N/D,SPURS,Y79G54,2,0.0155
L88VL0LOV,07 A 11,activo,237282.65,GOLD,VIKING ARMOUR,B92375,N,0.3465
V044FA090,60 Y MAS,ACTIVO,286896.295,0,VIKING ARMOUR,B92375,4,0.8839
L80LLO904,07 A 11,activo,235125.535,0,DRAGONS,Y79G54,1,0.4338
L9ZLFA0LO0,07 A 11,ACTIVO,237282.65,GOLD,VIKING ARMOUR,B92375,N,0.4799
80Z4LOV8,60 Y MAS,BAJA,424951.655,BITCOIN,VIKING ARMOUR,Y79G54,6,0.1927
L900Z900,07 A 11,ACTIVO,150998.05,BITCOIN,SOIL,Y79G54,N,0.325
FA0LLLO9LO4,00 A 06,IMPAGO,189826.12,0,SPURS,Y79G54,N,0.954
900V49V4,12 A 23,activo,,#N/D,VIKING ARMOUR,90LD2,#N/D,0.1558
L9FAZML9Z,07 A 11,ACTIVO,150998.05,#N/D,SOIL,Y79G54,N,0.8516
L8040044,07 A 11,ACTIVO,248068.225,TYP2,SPURS,Y79G54,4,0.8088
LO0LZ008Z,60 Y MAS,ACTIVO,286896.295,0,VIKING ARMOUR,B92375,3,0.8641
L0ZLLV94,48 A 60,ACTIVO,297681.87,0,VIKING ARMOUR,Y79G54,4,0.4246
FA0L909Z9,00 A 06,activo,150998.05,0,SPURS,JSF89A,N,0.9744
LV8FALFA9V,07 A 11,ACTIVO,235125.535,0,SPURS,Y79G54,1,0.5331
L890Z0,00 A 06,ACTIVO,207083.04,#N/D,VIKING ARMOUR,B92375,N,0.3504
L0V44000,48 A 60,ACTIVO,274385.028,BITCOIN,SOIL,Y79G54,4,0.5633
Z0FA0V00V,60 Y MAS,ACTIVO,694159.607,BITCOIN,VIKING ARMOUR,Y79G54,4,0.8979
L0VV4FAZ8,48 A 60,ACTIVO,241596.88,GOLD,SPURS,Y79G54,6,0.7682
LLFAFA4400,48 A 60,ACTIVO,278267.835,TYP2,VIKING ARMOUR,B92375,4,0.5328
94LZ000,60 Y MAS,activo,,#N/D,SOIL,Y79G54,#N/D,0.0237
L8FA49L0Z,12 A 23,ACTIVO,245911.11,BITCOIN,VIKING ARMOUR,Y79G54,2,0.0268
LVLZZ4LO0,12 A 23,ACTIVO,,#N/D,VIKING ARMOUR,B92375,#N/D,0.0284
L9Z84ZLLO,07 A 11,ACTIVO,209240.155,0,SPURS,JSF89A,N,0.1275
LFA0L89Z4,24 A 47,ACTIVO,159626.51,TYP2,SOIL,Y79G54,1,0.8443
LLOZZL90FA,12 A 23,ACTIVO,189826.12,ETHER,SPURS,Y79G54,2,0.6109
LZ0FA08FA0,24 A 47,ACTIVO,103541.52,TYP2,DRAGONS,B92375,2,0.0013
L80FALO000,12 A 23,ACTIVO,402086.236,#N/D,VIKING ARMOUR,Y79G54,4,0.1561
LZZ04FA0LO,24 A 47,ACTIVO,430128.731,BITCOIN,VIKING ARMOUR,Y79G54,4,0.1049
LLO00FAFA09,12 A 23,ACTIVO,323567.25,ETHER,VIKING ARMOUR,B92375,4,0.3464
LV800000,07 A 11,ACTIVO,273953.605,0,VIKING ARMOUR,B92375,2,0.2334
FA00088Z4,00 A 06,ACTIVO,189826.12,#N/D,SPURS,Y79G54,N,0.9983
LV00VZ,12 A 23,BAJA,487507.99,USD,VIKING ARMOUR,Y79G54,4,0.1254
ZZLO00V00,60 Y MAS,BAJA,314938.79,GOLD,VIKING ARMOUR,B92375,4,0.0163
L889LLV9,00 A 06,ACTIVO,519433.292,BITCOIN,VIKING ARMOUR,Y79G54,N,0.9441
L90LO0L90,07 A 11,ACTIVO,150998.05,GOLD,SOIL,Y79G54,N,0.5781
LLOFA0L98LO,12 A 23,ACTIVO,243753.995,TYP2,SPURS,Y79G54,4,0.0547
L8LFA84V0,07 A 11,ACTIVO,99227.29,BITCOIN,DRAGONS,JSF89A,2,0.3845
L0FALOVFAZ0,48 A 60,ACTIVO,522021.83,0,VIKING ARMOUR,Y79G54,4,0.3089
L4V8LO4VZ,24 A 47,ACTIVO,444365.69,ETHER,VIKING ARMOUR,Y79G54,6,0.4393
LLOLZ0LOZFA,12 A 23,ACTIVO,582421.05,ETHER,VIKING ARMOUR,Y79G54,4,0.1009
LO0ZLZLO80,24 A 47,IMPAGO,172569.2,0,DRAGONS,90LD2,2,0.5351
80LV8FAZ0,48 A 60,ACTIVO,185943.313,0,DRAGONS,90LD2,2,0.4585
V0LO808LOV,24 A 47,activo,,#N/D,DRAGONS,90LD2,#N/D,0.297
L80LZLVZ,12 A 23,ACTIVO,273953.605,TYP2,VIKING ARMOUR,B92375,2,0.0571
L8VV0L0L,00 A 06,ACTIVO,120798.44,#N/D,SPURS,Y79G54,N,0.5843
L90900LV,07 A 11,ACTIVO,430128.731,BITCOIN,VIKING ARMOUR,Y79G54,N,0.2559
V0LL00ZFA,60 Y MAS,IMPAGO,340824.17,0,VIKING ARMOUR,Y79G54,4,0.7778
L98Z84,00 A 06,ACTIVO,176883.43,#N/D,VIKING ARMOUR,JSF89A,N,0.7599
L9L00090,07 A 11,ACTIVO,207083.04,GOLD,VIKING ARMOUR,B92375,N,0.7746
FA00LOL09Z,00 A 06,IMPAGO,224339.96,0,VIKING ARMOUR,JSF89A,N,0.9791
L890Z4ZV,00 A 06,ACTIVO,273953.605,#N/D,VIKING ARMOUR,B92375,N,0.0994
L9408448,07 A 11,ACTIVO,323567.25,#N/D,VIKING ARMOUR,B92375,N,0.3116
LLOZLV8LO9,12 A 23,ACTIVO,196297.465,GOLD,SOIL,Y79G54,2,0.1933
LLO00LV9L,24 A 47,IMPAGO,181197.66,0,DRAGONS,Y79G54,2,0.2213
V0LL0L98,48 A 60,ACTIVO,99227.29,0,DRAGONS,90LD2,2,0.1043
L8L0LZFAFA,12 A 23,ACTIVO,273953.605,#N/D,#N/D,#N/D,2,0.4214
L80LOVZ8FA,07 A 11,ACTIVO,,#N/D,VIKING ARMOUR,Y79G54,#N/D,0.9814
LZMLOFA9LO9,12 A 23,ACTIVO,353766.86,0,VIKING ARMOUR,Y79G54,3,0.0114
LV904009,12 A 23,ACTIVO,135898.245,0,DRAGONS,B92375,1,0.4904
L800FA0FA4,12 A 23,ACTIVO,,#N/D,VIKING ARMOUR,B92375,#N/D,0.2517
L0Z9LLO8LO,60 Y MAS,ACTIVO,237282.65,GOLD,VIKING ARMOUR,B92375,2,0.3002
L94V88FA0,00 A 06,ACTIVO,120798.44,GOLD,SPURS,Y79G54,N,0.4692
LL49LZLFA,48 A 60,ACTIVO,159626.51,0,SOIL,Y79G54,1,0.1922
VZMFALFA8,60 Y MAS,ACTIVO,500450.68,BITCOIN,VIKING ARMOUR,Y79G54,4,0.3849
LV490L48,12 A 23,ACTIVO,157469.395,0,DRAGONS,JSF89A,1,0.9063
L4044Z8Z,24 A 47,ACTIVO,228654.19,BITCOIN,NAVAL,B92375,1,0.9475
L8LLVL4FA,12 A 23,ACTIVO,150998.05,#N/D,SOIL,Y79G54,1,0.4478
LLO0984Z0,12 A 23,ACTIVO,103541.52,GOLD,DRAGONS,B92375,1,0.912
FA0FALO00V4,00 A 06,ACTIVO,,#N/D,SPURS,Y79G54,#N/D,0.6984
L94904L8,07 A 11,ACTIVO,228654.19,BITCOIN,SOIL,Y79G54,N,0.1303
V0V0LZFA4,48 A 60,ACTIVO,278267.835,GOLD,VIKING ARMOUR,B92375,4,0.7165
L94940LFA,00 A 06,ACTIVO,327881.48,BITCOIN,VIKING ARMOUR,Y79G54,N,0.6923
L9Z8FA8ZLO,07 A 11,ACTIVO,150998.05,BITCOIN,SOIL,Y79G54,N,0.7231
LLOLFAFA09Z,24 A 47,ACTIVO,401223.39,0,VIKING ARMOUR,Y79G54,3,0.5595
LLO000ZVZ,12 A 23,ACTIVO,250225.34,0,VIKING ARMOUR,B92375,2,0.2025
L949V488,07 A 11,ACTIVO,,#N/D,SOIL,JSF89A,#N/D,0.746
L8LLO0LFA0,12 A 23,ACTIVO,172569.2,ETHER,SPURS,Y79G54,2,0.6611
ZVLOFAL9VZ,48 A 60,ACTIVO,125112.67,GOLD,DRAGONS,90LD2,2,0.7643
L9FA00FA4L,00 A 06,ACTIVO,273953.605,GOLD,VIKING ARMOUR,B92375,N,0.6582
L908FAFAVV,00 A 06,ACTIVO,273953.605,#N/D,VIKING ARMOUR,B92375,N,0.4166
LFALO0VVLO9,24 A 47,ACTIVO,159626.51,0,SOIL,Y79G54,2,0.2799
90L00ZMV,60 Y MAS,activo,,#N/D,VIKING ARMOUR,90LD2,#N/D,0.2755
L9LOFA48L0,00 A 06,ACTIVO,457308.38,BITCOIN,VIKING ARMOUR,Y79G54,N,0.5297
800VVL00,48 A 60,ACTIVO,237282.65,0,DRAGONS,Y79G54,2,0.5972
L09L40ZZ,48 A 60,ACTIVO,509941.986,0,VIKING ARMOUR,Y79G54,4,0.5728
L0Z88FALL,48 A 60,ACTIVO,250225.34,0,VIKING ARMOUR,B92375,4,0.1314
LLFA00VFA9,48 A 60,ACTIVO,189826.12,0,SPURS,Y79G54,3,0.2123
LLOLZV0LO0,12 A 23,ACTIVO,207083.04,GOLD,SPURS,Y79G54,1,0.1675
L80FALO09L,07 A 11,ACTIVO,245479.687,0,VIKING ARMOUR,JSF89A,2,0.7735
LFALO44LOZ0,24 A 47,ACTIVO,202768.81,GOLD,NAVAL,B92375,2,0.111
LV8ZVL40,07 A 11,ACTIVO,237282.65,BITCOIN,VIKING ARMOUR,B92375,1,0.6159
LVFA8LVFAL,12 A 23,ACTIVO,207083.04,ETHER,SPURS,Y79G54,2,0.2937
LLO08LO8FAL,24 A 47,ACTIVO,323567.25,ETHER,VIKING ARMOUR,B92375,3,0.1138
L94900ZM,07 A 11,ACTIVO,181197.66,#N/D,SPURS,Y79G54,N,0.1336
LV89Z8Z4,12 A 23,IMPAGO,273953.605,0,VIKING ARMOUR,B92375,2,0.7917
LV4LOLV04,12 A 23,ACTIVO,310624.56,0,VIKING ARMOUR,Y79G54,3,0.0848
L4L0908Z,24 A 47,ACTIVO,295524.755,TYP2,NAVAL,B92375,4,0.3442
Z00VV009,60 Y MAS,ACTIVO,286896.295,GOLD,VIKING ARMOUR,B92375,4,0.5514
L9V4909V,00 A 06,IMPAGO,150998.05,ETHER,SOIL,Y79G54,N,0.7279
ZZ00LO0FA4,60 Y MAS,ACTIVO,103541.52,GOLD,DRAGONS,B92375,2,0.6916
L080LV04,48 A 60,ACTIVO,474565.3,USD,VIKING ARMOUR,Y79G54,6,0.4442
LV44LO89FA,12 A 23,ACTIVO,327881.48,0,VIKING ARMOUR,Y79G54,4,0.8773
L908LO0L4,07 A 11,ACTIVO,194140.35,#N/D,VIKING ARMOUR,B92375,N,0.772
90L4V0FALO,60 Y MAS,activo,,#N/D,VIKING ARMOUR,90LD2,#N/D,0.1548
L84VZLO,00 A 06,ACTIVO,181197.66,#N/D,SPURS,Y79G54,N,0.9648
LO0ZMZL9FA,60 Y MAS,ACTIVO,143663.859,0,NAVAL,90LD2,2,0.7429
LZ0ZML00,24 A 47,ACTIVO,103541.52,BITCOIN,DRAGONS,B92375,2,0.4747
L4LL0FAFA9,24 A 47,ACTIVO,243753.995,ETHER,SPURS,Y79G54,4,0.6202
90LLZFA4Z,12 A 23,activo,,0,VIKING ARMOUR,90LD2,2,0.0474
V0098V09,48 A 60,ACTIVO,232968.42,0,#N/D,#N/D,2,0.4621
V0FA9040V,60 Y MAS,ACTIVO,202768.81,0,SOIL,Y79G54,2,0.507
L94FA9FA08,07 A 11,ACTIVO,181197.66,GOLD,SPURS,Y79G54,N,0.0748
L89FA0LLO0,07 A 11,ACTIVO,120798.44,GOLD,SPURS,Y79G54,N,0.9882
V089LZ90,24 A 47,ACTIVO,229517.036,GOLD,VIKING ARMOUR,90LD2,4,0.9678
FA008LO0LZ,00 A 06,IMPAGO,129426.9,0,DRAGONS,JSF89A,N,0.4933
LLOL0L4L8,12 A 23,IMPAGO,,#N/D,VIKING ARMOUR,Y79G54,#N/D,0.7671
L0444ZM9,48 A 60,ACTIVO,140212.475,GOLD,DRAGONS,B92375,1,0.0507
LVLO4L0L9,12 A 23,ACTIVO,176883.43,GOLD,DRAGONS,B92375,2,0.0958
V0V90809,24 A 47,ACTIVO,360238.205,GOLD,VIKING ARMOUR,B92375,4,0.7868
L4V44LV8,24 A 47,ACTIVO,286896.295,BITCOIN,VIKING ARMOUR,B92375,3,0.9333
L4FAV4V08,24 A 47,IMPAGO,267482.26,GOLD,VIKING ARMOUR,B92375,4,0.6142
L89009LOL,00 A 06,ACTIVO,157469.395,#N/D,SPURS,Y79G54,N,0.5039
L00944Z4,48 A 60,ACTIVO,159626.51,0,SOIL,Y79G54,2,0.1823
LLO4ZLO0V4,24 A 47,ACTIVO,487507.99,0,VIKING ARMOUR,Y79G54,4,0.236
L90V08FALO,07 A 11,ACTIVO,129426.9,0,DRAGONS,JSF89A,N,0.5204
L4VVLOZ90,24 A 47,IMPAGO,,#N/D,VIKING ARMOUR,B92375,#N/D,0.3123
LLFAZ9L90,24 A 47,ACTIVO,196297.465,USD,SOIL,Y79G54,2,0.7383
L8Z4L000,07 A 11,IMPAGO,99227.29,GOLD,DRAGONS,JSF89A,2,0.4632
LO008VZ04,60 Y MAS,ACTIVO,198454.58,0,SPURS,Y79G54,4,0.4733
LV4Z0FAV0,12 A 23,ACTIVO,,#N/D,SOIL,Y79G54,#N/D,0.4299
L9Z0FALOV4,07 A 11,ACTIVO,237282.65,#N/D,VIKING ARMOUR,B92375,N,0.0435
L800V80Z,12 A 23,ACTIVO,172569.2,#N/D,SPURS,Y79G54,1,0.679
LV98LLLV,07 A 11,ACTIVO,172569.2,0,VIKING ARMOUR,B92375,2,0.5973
L4FAFA0Z,24 A 47,ACTIVO,398203.429,USD,SPURS,Y79G54,6,0.8264
LLO489L,12 A 23,ACTIVO,286896.295,0,VIKING ARMOUR,B92375,2,0.6032
L94L0080,07 A 11,ACTIVO,120798.44,GOLD,SPURS,Y79G54,N,0.4792
LV8VFAL00,07 A 11,ACTIVO,297681.87,0,VIKING ARMOUR,Y79G54,2,0.6961
LZLOZL40Z,24 A 47,ACTIVO,159626.51,BITCOIN,SOIL,Y79G54,1,0.2524
L9040V08,00 A 06,ACTIVO,273953.605,#N/D,VIKING ARMOUR,B92375,N,0.9004
L80L9LOV8,07 A 11,activo,,#N/D,VIKING ARMOUR,B92375,#N/D,0.9929
L809L480,12 A 23,ACTIVO,293367.64,USD,VIKING ARMOUR,Y79G54,2,0.8731
L8FA88LOFA4,07 A 11,activo,150998.05,GOLD,SOIL,Y79G54,2,0.6315
LV90LOL0Z,07 A 11,ACTIVO,248068.225,0,SPURS,Y79G54,0,0.9488
V0FAFA00,60 Y MAS,ACTIVO,280424.95,BITCOIN,DRAGONS,B92375,4,0.1468
L9VZ00V9,00 A 06,IMPAGO,172569.2,0,SPURS,JSF89A,N,0.0532
LLZV0LO9V,24 A 47,ACTIVO,481036.645,ETHER,VIKING ARMOUR,Y79G54,6,0.2256
LV4V088V,12 A 23,ACTIVO,,#N/D,SPURS,Y79G54,#N/D,0.7133
L9LO0LV48,00 A 06,ACTIVO,159626.51,BITCOIN,VIKING ARMOUR,B92375,N,0.7037
ZVZ0VV09,48 A 60,ACTIVO,502176.372,GOLD,VIKING ARMOUR,Y79G54,4,0.5028
LFA09V8FALO,24 A 47,ACTIVO,418480.31,0,VIKING ARMOUR,Y79G54,6,0.8712
ZZV4Z484,60 Y MAS,ACTIVO,257559.531,BITCOIN,SPURS,90LD2,4,0.1333
LV8ZFA0VL,07 A 11,ACTIVO,273953.605,GOLD,VIKING ARMOUR,B92375,2,0.0582
LLO09VVFALO,12 A 23,ACTIVO,401223.39,BITCOIN,VIKING ARMOUR,Y79G54,4,0.8171
L8884980,07 A 11,ACTIVO,181197.66,TYP2,SPURS,Y79G54,N,0.1503
FA008800LO,00 A 06,ACTIVO,310624.56,#N/D,VIKING ARMOUR,Y79G54,N,0.9469
LVL4V0,00 A 06,ACTIVO,250225.34,#N/D,VIKING ARMOUR,B92375,N,0.6158
L08FA8L9Z,48 A 60,ACTIVO,497862.142,0,VIKING ARMOUR,Y79G54,6,0.593
900V0Z44,12 A 23,ACTIVO,,#N/D,SPURS,90LD2,#N/D,0.6159
L89LO8FAFA4,00 A 06,ACTIVO,187669.005,GOLD,SPURS,JSF89A,N,0.7926
L8V4008L,00 A 06,ACTIVO,120798.44,#N/D,SPURS,Y79G54,N,0.3453
LLZ8049V,24 A 47,IMPAGO,323567.25,BITCOIN,VIKING ARMOUR,B92375,4,0.6278
LLOFAVZ90FA,24 A 47,ACTIVO,207083.04,ETHER,SPURS,Y79G54,2,0.4148
LFALOLFAV90,24 A 47,ACTIVO,189826.12,BITCOIN,SPURS,Y79G54,4,0.0201
FA00LOFAZVLO,00 A 06,ACTIVO,129426.9,0,DRAGONS,JSF89A,N,0.1185
L8094FA44,07 A 11,ACTIVO,273953.605,#N/D,VIKING ARMOUR,B92375,1,0.3483
LLO4VV9FA8,24 A 47,ACTIVO,491822.22,BITCOIN,VIKING ARMOUR,Y79G54,3,0.1876
L8VV9L4Z,00 A 06,activo,,#N/D,VIKING ARMOUR,Y79G54,#N/D,0.2124
V00LO09LOFA,24 A 47,IMPAGO,,#N/D,NAVAL,90LD2,#N/D,0.7258
LV8ZM80L,12 A 23,ACTIVO,99227.29,GOLD,DRAGONS,B92375,1,0.5974
L9ZZ0Z09,07 A 11,ACTIVO,237282.65,GOLD,VIKING ARMOUR,B92375,N,0.8112
L8LO80VZ9,00 A 06,ACTIVO,237282.65,0,VIKING ARMOUR,B92375,N,0.6755
LLLOLFAFALO0,48 A 60,ACTIVO,207083.04,BITCOIN,SPURS,Y79G54,4,0.1183
L09048LO0,60 Y MAS,ACTIVO,198454.58,0,SPURS,Y79G54,3,0.626
L8LZ98FAL,12 A 23,ACTIVO,237282.65,ETHER,VIKING ARMOUR,B92375,2,0.7038
L9L0LZ98,07 A 11,ACTIVO,250225.34,USD,VIKING ARMOUR,B92375,N,0.0569
L89Z8948,00 A 06,ACTIVO,230811.305,TYP2,SOIL,Y79G54,N,0.574
FA0809VLOV,00 A 06,activo,,#N/D,VIKING ARMOUR,JSF89A,#N/D,0.0798
L8LLO4L90,07 A 11,ACTIVO,172569.2,ETHER,SPURS,Y79G54,2,0.7467
L9LOV449Z,00 A 06,IMPAGO,237282.65,#N/D,VIKING ARMOUR,B92375,N,0.0619
L04L40ZM,48 A 60,BAJA,,#N/D,SOIL,Y79G54,#N/D,0.047
L9FA400,00 A 06,ACTIVO,301564.677,GOLD,VIKING ARMOUR,JSF89A,N,0.7758
L8FA000V4,07 A 11,ACTIVO,258853.8,#N/D,VIKING ARMOUR,Y79G54,2,0.7243
V09ZLO9Z0,24 A 47,ACTIVO,347295.515,0,VIKING ARMOUR,B92375,4,0.4801
V00FAZ9VLO,60 Y MAS,ACTIVO,207514.463,GOLD,DRAGONS,90LD2,2,0.2086
L9ZLLO0V9,07 A 11,ACTIVO,237282.65,#N/D,VIKING ARMOUR,B92375,N,0.9535
L9488FAL9,00 A 06,BAJA,,#N/D,VIKING ARMOUR,B92375,#N/D,0.4292
9008940Z,60 Y MAS,activo,,#N/D,SPURS,90LD2,#N/D,0.1015
LZVLOZVV8,24 A 47,IMPAGO,323567.25,ETHER,VIKING ARMOUR,B92375,4,0.7735
L8098ZZ9,12 A 23,ACTIVO,172569.2,BITCOIN,SPURS,Y79G54,1,0.932
L9ZFAV0FA0,00 A 06,activo,,#N/D,SPURS,JSF89A,#N/D,0.4653
L800V809,12 A 23,activo,289053.41,BITCOIN,VIKING ARMOUR,Y79G54,2,0.5226
90048LLOL,60 Y MAS,ACTIVO,,#N/D,VIKING ARMOUR,90LD2,#N/D,0.2433
L90FAVL00,00 A 06,ACTIVO,217868.615,GOLD,#N/D,#N/D,N,0.5334
L8L8Z4Z4,07 A 11,ACTIVO,,#N/D,SPURS,Y79G54,#N/D,0.534
LV800Z00,12 A 23,ACTIVO,327881.48,BITCOIN,VIKING ARMOUR,Y79G54,1,0.1933
L90L0LO88,07 A 11,IMPAGO,187669.005,#N/D,SOIL,Y79G54,N,0.9739
L808LO0VFA,07 A 11,ACTIVO,304153.215,0,VIKING ARMOUR,JSF89A,3,0.4583
L8FAV9LZV,12 A 23,ACTIVO,150998.05,#N/D,SOIL,Y79G54,2,0.4703
L9VZVZZM,00 A 06,IMPAGO,245479.687,BITCOIN,VIKING ARMOUR,JSF89A,N,0.5355
LV9LOVZLLO,07 A 11,ACTIVO,245911.11,TYP2,SPURS,Y79G54,2,0.9548
L940LOFAVV,07 A 11,ACTIVO,237282.65,GOLD,VIKING ARMOUR,B92375,N,0.2978
LO000VVVFA,60 Y MAS,ACTIVO,97070.175,GOLD,DRAGONS,90LD2,2,0.9894
L9Z0VLO08,00 A 06,ACTIVO,99227.29,0,DRAGONS,JSF89A,N,0.2992
L49V0Z8FA,24 A 47,ACTIVO,314938.79,GOLD,VIKING ARMOUR,B92375,4,0.8019
LV9LO09FA0,07 A 11,ACTIVO,332195.71,ETHER,VIKING ARMOUR,Y79G54,2,0.3585
LLO0LO9LO44,12 A 23,ACTIVO,159626.51,TYP2,SOIL,Y79G54,2,0.866
LZL90Z4Z,24 A 47,ACTIVO,232968.42,BITCOIN,DRAGONS,Y79G54,2,0.1135
L9FAL984L,07 A 11,ACTIVO,150998.05,0,SOIL,Y79G54,N,0.7718
LL48Z804,48 A 60,ACTIVO,159626.51,0,SOIL,Y79G54,1,0.3208
LZZ0V44Z,24 A 47,BAJA,,#N/D,SPURS,Y79G54,#N/D,0.4582
ZZL984Z8,60 Y MAS,BAJA,358943.936,GOLD,VIKING ARMOUR,90LD2,6,0.1107
L8L4L098,07 A 11,ACTIVO,172569.2,BITCOIN,SPURS,Y79G54,2,0.5165
ZZLOV9LOL0,60 Y MAS,activo,,#N/D,SPURS,Y79G54,#N/D,0.2962
LL0ZFALL9,48 A 60,IMPAGO,159626.51,0,SOIL,Y79G54,2,0.1956
L800L809,12 A 23,activo,,#N/D,SPURS,Y79G54,#N/D,0.5899
LLO098040,12 A 23,ACTIVO,443934.267,TYP2,VIKING ARMOUR,Y79G54,4,0.974
L0V4004FA,48 A 60,ACTIVO,267482.26,BITCOIN,VIKING ARMOUR,B92375,4,0.7091
LVZ04ZLO4,12 A 23,BAJA,,#N/D,DRAGONS,JSF89A,#N/D,0.1696
L80LLFALOZ,07 A 11,activo,,#N/D,SOIL,Y79G54,#N/D,0.551
9LOL00LO4,60 Y MAS,activo,442208.575,ETHER,SOIL,Y79G54,6,0.5549
L880ZMFA4,07 A 11,ACTIVO,273953.605,#N/D,VIKING ARMOUR,B92375,N,0.0904
V0LO0LZFA9,60 Y MAS,ACTIVO,207083.04,GOLD,VIKING ARMOUR,B92375,2,0.5226
L4L80844,24 A 47,ACTIVO,196297.465,0,SOIL,Y79G54,1,0.7995
L8V80FA90,00 A 06,ACTIVO,295524.755,GOLD,SOIL,Y79G54,N,0.3469
L9FAV00Z8,00 A 06,ACTIVO,364552.435,#N/D,VIKING ARMOUR,Y79G54,N,0.7087
L94V40LO0,07 A 11,ACTIVO,418480.31,TYP2,VIKING ARMOUR,Y79G54,N,0.5577
80FA0400LO,12 A 23,ACTIVO,154018.011,0,SOIL,90LD2,1,0.8998
L9LL84L4,00 A 06,ACTIVO,157469.395,BITCOIN,SPURS,Y79G54,N,0.7363
L88ZFA94Z,00 A 06,ACTIVO,157469.395,#N/D,SPURS,Y79G54,N,0.3744
FA0Z0L0Z0,00 A 06,ACTIVO,,#N/D,VIKING ARMOUR,Y79G54,#N/D,0.995
LO00ZVL9LO,60 Y MAS,ACTIVO,189826.12,BITCOIN,DRAGONS,Y79G54,2,0.18
FA04Z000LO,00 A 06,ACTIVO,,#N/D,SOIL,Y79G54,#N/D,0.1896
LV8LOFAL88,07 A 11,ACTIVO,99227.29,0,DRAGONS,B92375,1,0.3398
LV8ZVL40,12 A 23,ACTIVO,237282.65,BITCOIN,VIKING ARMOUR,B92375,1,0.4068
90LFA88V9,07 A 11,ACTIVO,,#N/D,SPURS,90LD2,#N/D,0.6709
LZ098VVZ,24 A 47,IMPAGO,254539.57,#N/D,SPURS,Y79G54,4,0.199
L9LZLO490,00 A 06,ACTIVO,435737.23,#N/D,VIKING ARMOUR,Y79G54,N,0.1228
L88FA00LZ,00 A 06,ACTIVO,237282.65,GOLD,VIKING ARMOUR,B92375,N,0.1974
LZ89LOLFAZ,24 A 47,ACTIVO,241596.88,0,SPURS,Y79G54,3,0.744
L0VFAVV4Z,48 A 60,ACTIVO,198454.58,0,SPURS,Y79G54,4,0.2024
LLO4ZLO08FA,24 A 47,ACTIVO,189826.12,0,SPURS,Y79G54,1,0.0756
L8004988,07 A 11,ACTIVO,237282.65,GOLD,VIKING ARMOUR,B92375,2,0.9264
LV09049Z,12 A 23,ACTIVO,,#N/D,VIKING ARMOUR,B92375,#N/D,0.5847
LVLO8LLO8FA,12 A 23,activo,,#N/D,VIKING ARMOUR,JSF89A,#N/D,0.1987
LFAZ0LOFA90,24 A 47,ACTIVO,265325.145,0,NAVAL,B92375,3,0.0024
L00ZLO0LOV,60 Y MAS,ACTIVO,207083.04,0,SPURS,Y79G54,3,0.2159
ZZ8L8LOFALO,60 Y MAS,ACTIVO,251519.609,GOLD,VIKING ARMOUR,JSF89A,4,0.7704
LVV9ZLL8,07 A 11,ACTIVO,198454.58,BITCOIN,SPURS,Y79G54,2,0.5039
L9LFA988Z,07 A 11,ACTIVO,150998.05,0,SOIL,Y79G54,N,0.8293
L90LO9Z04,00 A 06,ACTIVO,250225.34,BITCOIN,VIKING ARMOUR,B92375,N,0.9946
L89FA9LO00,00 A 06,ACTIVO,213554.385,GOLD,VIKING ARMOUR,JSF89A,N,0.5063
FA0FAV04Z4,00 A 06,activo,,#N/D,SPURS,Y79G54,#N/D,0.7003
L044FA4FAL,48 A 60,ACTIVO,207083.04,GOLD,SPURS,Y79G54,2,0.4819
LZ9V840LO,24 A 47,ACTIVO,468525.378,TYP2,VIKING ARMOUR,Y79G54,4,0.3316
L0ZLFA0VZ,60 Y MAS,ACTIVO,345138.4,GOLD,VIKING ARMOUR,Y79G54,4,0.579
L80LO9ZL4,07 A 11,ACTIVO,371023.78,ETHER,VIKING ARMOUR,Y79G54,2,0.3045
LLVFA4LO84,48 A 60,ACTIVO,189826.12,BITCOIN,SPURS,Y79G54,4,0.6779
LFAV0VFALO0,24 A 47,ACTIVO,159626.51,BITCOIN,SOIL,Y79G54,2,0.6445
L9FAVLOV8FA,00 A 06,ACTIVO,172569.2,#N/D,DRAGONS,B92375,N,0.8347
LO0V9FAL98,60 Y MAS,ACTIVO,301996.1,BITCOIN,VIKING ARMOUR,B92375,4,0.5432
LLZML084,48 A 60,ACTIVO,396909.16,BITCOIN,VIKING ARMOUR,Y79G54,4,0.2605
800FA0L89,48 A 60,activo,121229.863,0,DRAGONS,90LD2,2,0.9898
LO04LZ4LOFA,60 Y MAS,ACTIVO,,#N/D,DRAGONS,90LD2,#N/D,0.408
LLOLFA000FA,24 A 47,ACTIVO,437894.345,0,VIKING ARMOUR,Y79G54,4,0.7405
LLZLO0L0V,24 A 47,ACTIVO,314938.79,BITCOIN,VIKING ARMOUR,Y79G54,4,0.1892
L940V8FAZ,00 A 06,ACTIVO,99227.29,#N/D,DRAGONS,B92375,N,0.842
FA0V8LLO4Z,00 A 06,activo,,#N/D,VIKING ARMOUR,B92375,#N/D,0.7404
L9V88L0LO,00 A 06,ACTIVO,237282.65,#N/D,VIKING ARMOUR,B92375,N,0.0696
L900ZM04,07 A 11,IMPAGO,187669.005,TYP2,SOIL,Y79G54,N,0.0319
L80FA49V8,12 A 23,ACTIVO,371023.78,#N/D,VIKING ARMOUR,Y79G54,2,0.0066
L800FAFA40,07 A 11,IMPAGO,,#N/D,VIKING ARMOUR,B92375,#N/D,0.0147
L8048Z84,07 A 11,ACTIVO,150998.05,#N/D,SOIL,Y79G54,1,0.88
L900880LO,00 A 06,ACTIVO,155312.28,#N/D,VIKING ARMOUR,Y79G54,N,0.18
LLOFA808L4,12 A 23,ACTIVO,323567.25,GOLD,VIKING ARMOUR,B92375,4,0.4089
LZ9L49ZV,24 A 47,IMPAGO,159626.51,GOLD,SOIL,Y79G54,1,0.8561
L9LO44044,07 A 11,ACTIVO,150998.05,#N/D,SOIL,Y79G54,N,0.8285
LLOZZ9844,24 A 47,ACTIVO,,#N/D,SPURS,Y79G54,#N/D,0.7091
L90ZLLFALO,00 A 06,ACTIVO,243753.995,#N/D,VIKING ARMOUR,B92375,N,0.6017
L9809LOL8,00 A 06,activo,217868.615,#N/D,SPURS,Y79G54,N,0.0476
L90V00LOFA,07 A 11,ACTIVO,273953.605,#N/D,VIKING ARMOUR,B92375,N,0.0794
LLO00V8FA9,12 A 23,ACTIVO,250225.34,0,VIKING ARMOUR,B92375,2,0.6719
L980VZFA8,00 A 06,ACTIVO,237282.65,#N/D,VIKING ARMOUR,B92375,N,0.3881
FA0LOZ9840,00 A 06,activo,,#N/D,DRAGONS,B92375,#N/D,0.1915
L800FA9,00 A 06,ACTIVO,181197.66,ETHER,SPURS,Y79G54,N,0.0939
LVVFAZML4,12 A 23,ACTIVO,390437.815,BITCOIN,VIKING ARMOUR,Y79G54,4,0.3765
L80Z0L9V,12 A 23,ACTIVO,99227.29,#N/D,DRAGONS,B92375,2,0.1568
L8049800,07 A 11,activo,223477.114,0,VIKING ARMOUR,JSF89A,2,0.3137
L90ZMV,00 A 06,ACTIVO,237282.65,#N/D,VIKING ARMOUR,B92375,N,0.929
LVZMV9Z0,12 A 23,ACTIVO,135898.245,0,DRAGONS,JSF89A,2,0.0228
LZ08LO0,24 A 47,IMPAGO,405537.62,TYP2,VIKING ARMOUR,Y79G54,4,0.0179
V0V0LZ98,24 A 47,ACTIVO,375338.01,BITCOIN,VIKING ARMOUR,Y79G54,4,0.321
LV9V00LLO,12 A 23,ACTIVO,198454.58,BITCOIN,VIKING ARMOUR,B92375,1,0.1855
L8L80L80,12 A 23,ACTIVO,150998.05,GOLD,SOIL,Y79G54,2,0.1919
L84L0440,12 A 23,ACTIVO,150998.05,#N/D,SOIL,Y79G54,2,0.7131
8LFA44VLO,60 Y MAS,ACTIVO,237282.65,BITCOIN,VIKING ARMOUR,B92375,2,0.4794
L909LOFAL4,00 A 06,ACTIVO,235125.535,#N/D,DRAGONS,Y79G54,N,0.2277
LLO8040Z4,12 A 23,activo,,#N/D,VIKING ARMOUR,Y79G54,#N/D,0.2325
LL90Z4FA0,24 A 47,ACTIVO,196297.465,USD,SOIL,Y79G54,2,0.5102
LZFAZZLV0,24 A 47,ACTIVO,440051.46,BITCOIN,VIKING ARMOUR,Y79G54,3,0.5495
L9L409ZM,07 A 11,ACTIVO,258853.8,BITCOIN,SPURS,Y79G54,N,0.2213
L9498FA84,07 A 11,ACTIVO,159626.51,ETHER,VIKING ARMOUR,B92375,N,0.0843
LLOFA4FA490,12 A 23,ACTIVO,250225.34,ETHER,VIKING ARMOUR,B92375,2,0.0112
L80LZLVZ,12 A 23,BAJA,273953.605,TYP2,VIKING ARMOUR,B92375,2,0.431
L9ZVL0,07 A 11,activo,,#N/D,SOIL,Y79G54,#N/D,0.954
FA048FA088,00 A 06,ACTIVO,,#N/D,SOIL,Y79G54,#N/D,0.2326
L8090Z0L,07 A 11,ACTIVO,579832.512,#N/D,VIKING ARMOUR,Y79G54,4,0.3438
L9LZ4VLLO,00 A 06,activo,,#N/D,SPURS,Y79G54,#N/D,0.7471
ZVLOFA0FA0LO,24 A 47,IMPAGO,491822.22,BITCOIN,VIKING ARMOUR,Y79G54,4,0.2662
LLVFAFALOL4,48 A 60,activo,286896.295,0,VIKING ARMOUR,B92375,3,0.3757
LO0LO0VLV0,60 Y MAS,ACTIVO,194571.773,BITCOIN,VIKING ARMOUR,90LD2,4,0.4842
L8FA4FA040,07 A 11,ACTIVO,150998.05,#N/D,SOIL,Y79G54,1,0.9349
LLOZLOLLOZ9,24 A 47,activo,,#N/D,VIKING ARMOUR,B92375,#N/D,0.3816
L0LOL0LOVV,48 A 60,ACTIVO,198454.58,0,SPURS,Y79G54,3,0.4058
LLO4FA4909,12 A 23,ACTIVO,176883.43,GOLD,DRAGONS,B92375,2,0.225
L8VV9FAFAV,00 A 06,ACTIVO,273953.605,#N/D,VIKING ARMOUR,B92375,N,0.819
Z0FAL9FAV0,60 Y MAS,BAJA,189826.12,BITCOIN,DRAGONS,Y79G54,2,0.6074
LO0Z00L4L,48 A 60,ACTIVO,169549.239,0,VIKING ARMOUR,JSF89A,4,0.7544
L940LOLFAZ,07 A 11,ACTIVO,237282.65,BITCOIN,VIKING ARMOUR,B92375,N,0.1662
90L000FA8,48 A 60,activo,,#N/D,SPURS,90LD2,#N/D,0.0113
8004L00FA,60 Y MAS,ACTIVO,200180.272,0,DRAGONS,90LD2,2,0.2232
L88LO4LFA8,00 A 06,ACTIVO,237282.65,BITCOIN,VIKING ARMOUR,B92375,N,0.4197
80040Z94,60 Y MAS,ACTIVO,317095.905,BITCOIN,DRAGONS,90LD2,4,0.2616
LFAVL00LOL,24 A 47,ACTIVO,207083.04,ETHER,SPURS,Y79G54,4,0.814
V00Z9VVLO,12 A 23,ACTIVO,237282.65,BITCOIN,VIKING ARMOUR,B92375,2,0.8039
L88FAV04V,00 A 06,ACTIVO,209240.155,#N/D,SPURS,JSF89A,N,0.2483
V0ZLO89LFA,48 A 60,ACTIVO,344275.554,GOLD,VIKING ARMOUR,90LD2,6,0.8549
L900LOL0LO,00 A 06,ACTIVO,187669.005,GOLD,SOIL,Y79G54,N,0.882
L90L8LO00,00 A 06,ACTIVO,237282.65,GOLD,VIKING ARMOUR,B92375,N,0.2206
L8L48FA4Z,07 A 11,ACTIVO,245911.11,ETHER,SOIL,Y79G54,1,0.2975
L9L8Z8VL,00 A 06,ACTIVO,726947.755,#N/D,VIKING ARMOUR,Y79G54,N,0.4605
L90FAVL00,07 A 11,ACTIVO,217868.615,GOLD,#N/D,#N/D,N,0.4873
LLZFAFA890,24 A 47,ACTIVO,140212.475,BITCOIN,DRAGONS,B92375,1,0.67
LVZLO0L9V,12 A 23,ACTIVO,250225.34,0,VIKING ARMOUR,B92375,1,0.8897
LVVFA0LO89,12 A 23,ACTIVO,399066.275,0,VIKING ARMOUR,B92375,4,0.5038
LFALZFA8Z0,24 A 47,ACTIVO,459465.495,ETHER,VIKING ARMOUR,Y79G54,6,0.8036
LVFALOZFALO8,12 A 23,ACTIVO,353766.86,BITCOIN,VIKING ARMOUR,Y79G54,4,0.0417
LLO0LFALO0FA,12 A 23,ACTIVO,159626.51,0,SOIL,Y79G54,1,0.5531
LZLO04FAL0,24 A 47,ACTIVO,286896.295,0,VIKING ARMOUR,B92375,4,0.9544
L900094Z,00 A 06,activo,,#N/D,VIKING ARMOUR,B92375,#N/D,0.9852
L9LZV090,00 A 06,ACTIVO,185511.89,GOLD,SPURS,JSF89A,N,0.6356
L9ZFAZ0L0,07 A 11,ACTIVO,340824.17,#N/D,VIKING ARMOUR,Y79G54,N,0.5711
L80VV048,07 A 11,ACTIVO,380515.086,#N/D,VIKING ARMOUR,Y79G54,4,0.178
LLOL9VFA04,24 A 47,ACTIVO,388280.7,BITCOIN,VIKING ARMOUR,Y79G54,4,0.3077
L94LL00LO,00 A 06,ACTIVO,,#N/D,VIKING ARMOUR,JSF89A,#N/D,0.474
FA00L4LV4,00 A 06,ACTIVO,125112.67,#N/D,SPURS,Y79G54,N,0.4527
LL40LFAVFA,24 A 47,ACTIVO,301996.1,ETHER,NAVAL,B92375,4,0.7213
L9890LO09,00 A 06,ACTIVO,189826.12,#N/D,SPURS,Y79G54,N,0.0794
Z0V98LZLO,60 Y MAS,ACTIVO,131152.592,BITCOIN,DRAGONS,90LD2,2,0.2157
L9FALO9FA00,07 A 11,ACTIVO,237282.65,BITCOIN,VIKING ARMOUR,B92375,N,0.5145
L90V889Z,00 A 06,activo,,#N/D,VIKING ARMOUR,B92375,#N/D,0.9159
LFA9Z0ZZLO,24 A 47,ACTIVO,228654.19,0,NAVAL,B92375,1,0.6488
L900890LO,07 A 11,IMPAGO,,#N/D,VIKING ARMOUR,B92375,#N/D,0.5732
90L4L0VFA,12 A 23,activo,,#N/D,SPURS,90LD2,#N/D,0.0849
94FAZ0,60 Y MAS,ACTIVO,431423,GOLD,VIKING ARMOUR,Y79G54,6,0.4413
L8LV098Z,12 A 23,ACTIVO,273953.605,GOLD,VIKING ARMOUR,B92375,2,0.1495
L88004FA8,00 A 06,ACTIVO,194140.35,#N/D,SOIL,Y79G54,N,0.9475
L90LOVL90,00 A 06,ACTIVO,237282.65,BITCOIN,VIKING ARMOUR,B92375,N,0.691
L900L4FA4,07 A 11,activo,209240.155,0,SPURS,JSF89A,N,0.1315
LFA0LO98FAZ,24 A 47,IMPAGO,159626.51,0,SOIL,Y79G54,1,0.8742
L8L80LO40,12 A 23,ACTIVO,,0,SOIL,90LD2,2,0.6847
L90FALO094,00 A 06,ACTIVO,245479.687,GOLD,VIKING ARMOUR,JSF89A,N,0.6444
900FAFA90L,48 A 60,BAJA,,#N/D,SPURS,90LD2,#N/D,0.7291
LV9FA9408,07 A 11,ACTIVO,429265.885,BITCOIN,VIKING ARMOUR,Y79G54,2,0.4106
FA00L4Z4Z,00 A 06,ACTIVO,250225.34,#N/D,VIKING ARMOUR,B92375,N,0.1795
L88V8VLLO,00 A 06,ACTIVO,332195.71,0,SPURS,Y79G54,N,0.5723
LVZLO9FAL0,12 A 23,ACTIVO,176883.43,0,VIKING ARMOUR,JSF89A,1,0.5282
LLOL0FAFA8L,12 A 23,ACTIVO,286896.295,BITCOIN,VIKING ARMOUR,B92375,2,0.9363
L9FA0LLZ9,07 A 11,ACTIVO,181197.66,#N/D,SPURS,Y79G54,N,0.3284
LVV94VLFA,07 A 11,ACTIVO,306310.33,0,VIKING ARMOUR,Y79G54,2,0.0341
LLO08ZZZZ,12 A 23,ACTIVO,325724.365,0,VIKING ARMOUR,Y79G54,4,0.0519
L8V8490FA,00 A 06,ACTIVO,260148.069,#N/D,VIKING ARMOUR,JSF89A,N,0.9701
L8LO8V800,07 A 11,ACTIVO,273953.605,ETHER,VIKING ARMOUR,B92375,N,0.76
L09VL0V0,60 Y MAS,ACTIVO,513393.37,GOLD,VIKING ARMOUR,Y79G54,6,0.7519
Z0404049,60 Y MAS,BAJA,183786.198,BITCOIN,DRAGONS,90LD2,2,0.7281
L909V00Z,00 A 06,ACTIVO,273953.605,#N/D,VIKING ARMOUR,B92375,N,0.496
L80LLOZFA9,07 A 11,ACTIVO,194140.35,BITCOIN,VIKING ARMOUR,B92375,2,0.1508
L840FA0LO9,12 A 23,ACTIVO,239008.342,BITCOIN,VIKING ARMOUR,JSF89A,4,0.1612
L88ZLO90LO,00 A 06,ACTIVO,181197.66,GOLD,VIKING ARMOUR,Y79G54,N,0.4849
L9FA8LO008,07 A 11,ACTIVO,181197.66,BITCOIN,SPURS,Y79G54,N,0.0449
LV90V490,07 A 11,ACTIVO,245911.11,ETHER,SPURS,Y79G54,2,0.5191
900LO0LO4Z,24 A 47,ACTIVO,506059.179,ETHER,VIKING ARMOUR,Y79G54,2,0.6561
90004LO0Z,12 A 23,activo,248068.225,0,VIKING ARMOUR,90LD2,1,0.5218
L9LV0Z4Z,07 A 11,IMPAGO,159626.51,#N/D,SPURS,Y79G54,N,0.5358
L80944,12 A 23,ACTIVO,237282.65,#N/D,VIKING ARMOUR,B92375,1,0.7874
L94V8LO04,07 A 11,ACTIVO,217868.615,ETHER,SPURS,Y79G54,N,0.2944
L090VLO00,60 Y MAS,ACTIVO,159626.51,ETHER,SOIL,Y79G54,2,0.321
L04LOVVFAL,48 A 60,ACTIVO,207083.04,0,SPURS,Y79G54,4,0.6546
L8LO09V90,07 A 11,IMPAGO,217868.615,#N/D,SPURS,Y79G54,2,0.7017
LLOZZMFA04,24 A 47,ACTIVO,563007.015,TYP2,VIKING ARMOUR,Y79G54,6,0.5666
L0VV8LO40,60 Y MAS,ACTIVO,159626.51,0,SOIL,Y79G54,1,0.6717
LL40FAL0L,24 A 47,activo,,#N/D,SOIL,Y79G54,#N/D,0.2646
Z0L09V44,60 Y MAS,ACTIVO,295524.755,BITCOIN,VIKING ARMOUR,Y79G54,4,0.8475
L4FA09VFA0,24 A 47,IMPAGO,295524.755,0,NAVAL,B92375,3,0.4829
LLO0LO9LO44,24 A 47,ACTIVO,159626.51,TYP2,SOIL,Y79G54,2,0.1042
FA0ZFAVLV4,00 A 06,activo,,#N/D,VIKING ARMOUR,Y79G54,#N/D,0.3528
L8LOLLFAV0,07 A 11,ACTIVO,135898.245,0,DRAGONS,JSF89A,1,0.729
90LLFAZ09,07 A 11,activo,,#N/D,SPURS,90LD2,#N/D,0.3345
LO0LOFALO84Z,60 Y MAS,ACTIVO,,#N/D,DRAGONS,90LD2,#N/D,0.8317
L8FA0ZFA0LO,12 A 23,ACTIVO,150998.05,BITCOIN,SPURS,Y79G54,2,0.6814
L8000908,12 A 23,ACTIVO,418480.31,GOLD,VIKING ARMOUR,Y79G54,4,0.7772
L9L000ZV,07 A 11,ACTIVO,427108.77,USD,VIKING ARMOUR,Y79G54,N,0.6486
Z0ZZLO480,60 Y MAS,activo,,#N/D,DRAGONS,90LD2,#N/D,0.0642
L9094V,00 A 06,activo,,#N/D,VIKING ARMOUR,B92375,#N/D,0.0877
L0LOZ09Z4,48 A 60,ACTIVO,511667.678,BITCOIN,VIKING ARMOUR,Y79G54,6,0.3321
Z0LZ000Z,60 Y MAS,ACTIVO,312781.675,GOLD,VIKING ARMOUR,Y79G54,4,0.4237
L9L00090,00 A 06,ACTIVO,207083.04,GOLD,VIKING ARMOUR,B92375,N,0.5017
L8949LO09,00 A 06,ACTIVO,181197.66,BITCOIN,SPURS,Y79G54,N,0.8028
L8VFA0LL8,00 A 06,ACTIVO,237282.65,#N/D,VIKING ARMOUR,B92375,N,0.6073
LLOZ4L8FA0,12 A 23,ACTIVO,213554.385,GOLD,DRAGONS,B92375,2,0.3403
LFA000L00,24 A 47,ACTIVO,176883.43,0,DRAGONS,B92375,2,0.3967
FA0FA000LFA,00 A 06,activo,232968.42,0,SPURS,Y79G54,N,0.1041
LLOLZZ0FA8,24 A 47,ACTIVO,250225.34,0,VIKING ARMOUR,B92375,0,0.3945
L90L04LOZ,00 A 06,ACTIVO,217868.615,GOLD,VIKING ARMOUR,B92375,N,0.9827
800FA8LZ0,60 Y MAS,ACTIVO,203200.233,0,SPURS,90LD2,3,0.8149
L88FA844FA,00 A 06,ACTIVO,237282.65,#N/D,VIKING ARMOUR,B92375,N,0.5177
LFA9FAZLO0LO,24 A 47,ACTIVO,170412.085,0,DRAGONS,B92375,2,0.9719
LLOFA80048,24 A 47,ACTIVO,286896.295,0,VIKING ARMOUR,B92375,4,0.9545
LV80LZV4,07 A 11,ACTIVO,150998.05,GOLD,SPURS,JSF89A,1,0.2287
LLZML084,48 A 60,BAJA,396909.16,BITCOIN,VIKING ARMOUR,Y79G54,4,0.5985
L9LVLZZ9,07 A 11,ACTIVO,187669.005,#N/D,SOIL,Y79G54,N,0.6522
L889V9Z9,00 A 06,ACTIVO,237282.65,#N/D,VIKING ARMOUR,B92375,N,0.9162
L0FA8900LO,48 A 60,ACTIVO,368866.665,0,VIKING ARMOUR,B92375,4,0.5824
L80LO8Z0V,07 A 11,ACTIVO,273953.605,TYP2,VIKING ARMOUR,B92375,1,0.923
90L009FA8,24 A 47,ACTIVO,,#N/D,SPURS,90LD2,#N/D,0.8064
L8LLOZ80FA,12 A 23,ACTIVO,452994.15,#N/D,VIKING ARMOUR,Y79G54,2,0.0242
LLO0ZMLOFAL,12 A 23,ACTIVO,323567.25,0,SOIL,Y79G54,4,0.4109
L88LLOLZ8,00 A 06,ACTIVO,194140.35,#N/D,SOIL,Y79G54,N,0.7316
L80LOVVZFA,12 A 23,ACTIVO,267050.837,0,VIKING ARMOUR,JSF89A,3,0.8099
LFALZZFAZM,24 A 47,IMPAGO,,#N/D,SOIL,Y79G54,#N/D,0.1377
FA00LZ488,00 A 06,activo,,#N/D,VIKING ARMOUR,JSF89A,#N/D,0.1963
V0L0Z9LO4,24 A 47,ACTIVO,107855.75,0,DRAGONS,90LD2,2,0.7269
L9ZZLV4L,07 A 11,ACTIVO,,#N/D,VIKING ARMOUR,B92375,#N/D,0.6361
V00LO09LOFA,24 A 47,activo,,#N/D,NAVAL,90LD2,#N/D,0.4635
LZ9VVFAFA9,24 A 47,ACTIVO,207083.04,ETHER,SPURS,Y79G54,2,0.0183
LZ44Z0,00 A 06,ACTIVO,125112.67,#N/D,SPURS,Y79G54,N,0.7419
L9LLL040,00 A 06,activo,215711.5,TYP2,SPURS,Y79G54,N,0.8006
9008LO0LOL,60 Y MAS,activo,,#N/D,VIKING ARMOUR,90LD2,#N/D,0.4747
L9Z8LO0LLO,00 A 06,ACTIVO,261010.915,0,VIKING ARMOUR,JSF89A,N,0.0242
900Z004V,24 A 47,ACTIVO,,#N/D,VIKING ARMOUR,90LD2,#N/D,0.6234
L8VFA4LO8L,07 A 11,ACTIVO,273953.605,#N/D,VIKING ARMOUR,B92375,N,0.459
90LLLLOFAL,07 A 11,activo,,#N/D,VIKING ARMOUR,90LD2,#N/D,0.3659
L8LL4LVZ,12 A 23,ACTIVO,172569.2,BITCOIN,SPURS,Y79G54,1,0.6007
L9FAZM49LO,07 A 11,activo,243753.995,#N/D,VIKING ARMOUR,B92375,N,0.9878
L949LLO8LO,00 A 06,ACTIVO,330038.595,#N/D,VIKING ARMOUR,B92375,N,0.3872
8009084,60 Y MAS,ACTIVO,159626.51,BITCOIN,SOIL,Y79G54,2,0.3703
L8LV0VZZ,12 A 23,ACTIVO,,#N/D,DRAGONS,B92375,#N/D,0.6538
LL00L8Z0,48 A 60,ACTIVO,474565.3,0,VIKING ARMOUR,Y79G54,6,0.9626
8Z4ZZM8,60 Y MAS,ACTIVO,325724.365,ETHER,VIKING ARMOUR,Y79G54,4,0.1672
LV988LO,00 A 06,ACTIVO,159626.51,#N/D,SOIL,Y79G54,N,0.0171
L9V0FA8,00 A 06,ACTIVO,181197.66,GOLD,SPURS,Y79G54,N,0.9914
L94VFA8ZL,07 A 11,activo,,#N/D,DRAGONS,Y79G54,#N/D,0.2204
FA0ZZ4LZLO,00 A 06,ACTIVO,,#N/D,SPURS,JSF89A,#N/D,0.2349
L0LZZ44L,48 A 60,ACTIVO,207083.04,GOLD,SPURS,Y79G54,4,0.1356
LLOL9VFA04,12 A 23,ACTIVO,388280.7,BITCOIN,VIKING ARMOUR,Y79G54,4,0.4537
LO0Z9FAFALOFA,60 Y MAS,IMPAGO,,#N/D,DRAGONS,90LD2,#N/D,0.1696
FA0LL8LO0LO,00 A 06,IMPAGO,159626.51,0,VIKING ARMOUR,B92375,N,0.9088
LZ8FAFALLO0,24 A 47,ACTIVO,258853.8,ETHER,VIKING ARMOUR,B92375,4,0.2583
LVFA04L,07 A 11,ACTIVO,198454.58,BITCOIN,SPURS,Y79G54,1,0.4891
L80VV048,12 A 23,activo,380515.086,#N/D,VIKING ARMOUR,Y79G54,4,0.5798
L0V00V00,60 Y MAS,ACTIVO,170412.085,0,DRAGONS,B92375,2,0.0637
L0VFALL80,48 A 60,ACTIVO,103541.52,0,DRAGONS,B92375,1,0.9251
FA0ZVZFALFA,00 A 06,activo,,#N/D,VIKING ARMOUR,Y79G54,#N/D,0.9846
800VLV0LO,24 A 47,activo,,#N/D,SOIL,90LD2,#N/D,0.5808
L8804940,07 A 11,ACTIVO,444365.69,#N/D,VIKING ARMOUR,Y79G54,N,0.1721
L9L9Z08FA,07 A 11,ACTIVO,273953.605,#N/D,VIKING ARMOUR,B92375,N,0.9579
L8LO9L909,00 A 06,ACTIVO,310624.56,#N/D,VIKING ARMOUR,B92375,N,0.202
L940L4LO8,07 A 11,ACTIVO,237282.65,BITCOIN,VIKING ARMOUR,B92375,N,0.6511
LLVFA808FA,48 A 60,ACTIVO,310624.56,TYP2,VIKING ARMOUR,Y79G54,4,0.923
LV9FALOFA0L,12 A 23,ACTIVO,198454.58,0,SPURS,Y79G54,2,0.1204
LVFAL00,12 A 23,ACTIVO,310624.56,GOLD,VIKING ARMOUR,Y79G54,4,0.5031
L80LOLL4LO,07 A 11,ACTIVO,209240.155,ETHER,VIKING ARMOUR,B92375,2,0.6532
LO0FAFAV9FALO,60 Y MAS,ACTIVO,237282.65,BITCOIN,VIKING ARMOUR,B92375,2,0.2917
L80FA90ZM,07 A 11,ACTIVO,327881.48,USD,VIKING ARMOUR,Y79G54,2,0.6192
LLOZLO0ZFA8,12 A 23,IMPAGO,189826.12,0,SPURS,Y79G54,2,0.136
90080880,12 A 23,activo,,#N/D,VIKING ARMOUR,90LD2,#N/D,0.4271
L900L0ZZ,00 A 06,ACTIVO,267482.26,ETHER,VIKING ARMOUR,B92375,N,0.1043
V00Z4FAL8,48 A 60,ACTIVO,198886.003,0,DRAGONS,90LD2,2,0.8776
L8LO8V4FA0,00 A 06,ACTIVO,273953.605,TYP2,VIKING ARMOUR,B92375,N,0.1813
L800400L,12 A 23,IMPAGO,198454.58,#N/D,SPURS,Y79G54,1,0.8319
L8009404,12 A 23,ACTIVO,129426.9,0,DRAGONS,JSF89A,2,0.0998
L9ZLOZ980,00 A 06,ACTIVO,340824.17,0,VIKING ARMOUR,Y79G54,N,0.8971
LFAFA9ZM,24 A 47,IMPAGO,,#N/D,NAVAL,B92375,#N/D,0.8071
LLOFAFALOV9L,12 A 23,ACTIVO,232968.42,BITCOIN,DRAGONS,Y79G54,1,0.9041
L8FA89FA4Z,12 A 23,ACTIVO,327881.48,BITCOIN,VIKING ARMOUR,Y79G54,2,0.7786
L8LO9LL98,00 A 06,ACTIVO,99227.29,TYP2,DRAGONS,JSF89A,N,0.706
LV900FAZ0,12 A 23,BAJA,,#N/D,VIKING ARMOUR,Y79G54,#N/D,0.0505
L8L940L8,12 A 23,ACTIVO,209240.155,#N/D,SPURS,Y79G54,2,0.1721
LFA40LZ89,24 A 47,ACTIVO,267482.26,0,VIKING ARMOUR,B92375,2,0.6308
L8Z84LLO4,07 A 11,ACTIVO,243753.995,0,VIKING ARMOUR,B92375,1,0.1918
L8V4ZVZZ,00 A 06,ACTIVO,155312.28,#N/D,DRAGONS,Y79G54,N,0.2726
LLO4VV0L4,12 A 23,ACTIVO,286896.295,0,VIKING ARMOUR,B92375,1,0.7443
LLZ4LO48Z,24 A 47,ACTIVO,301996.1,0,VIKING ARMOUR,B92375,4,0.4293
90L48VFA8,24 A 47,ACTIVO,,#N/D,SPURS,90LD2,#N/D,0.0745
L80V8880,07 A 11,ACTIVO,150998.05,BITCOIN,SOIL,Y79G54,1,0.6847
LLOFAFA0V,24 A 47,ACTIVO,250225.34,0,VIKING ARMOUR,B92375,0,0.4365
L9LO0V90FA,07 A 11,ACTIVO,159626.51,GOLD,VIKING ARMOUR,B92375,N,0.5939
L88ZMV04,00 A 06,ACTIVO,273953.605,GOLD,VIKING ARMOUR,B92375,N,0.6695
L8LO8V800,00 A 06,ACTIVO,273953.605,ETHER,VIKING ARMOUR,B92375,N,0.6512
LV8LO490LO,12 A 23,activo,,#N/D,DRAGONS,B92375,#N/D,0.4152
L9ZLO8LO8V,00 A 06,ACTIVO,176883.43,#N/D,DRAGONS,B92375,N,0.8917
L084V00Z,60 Y MAS,ACTIVO,379220.817,ETHER,DRAGONS,Y79G54,2,0.6141
L898V0FALO,00 A 06,ACTIVO,289053.41,GOLD,VIKING ARMOUR,Y79G54,N,0.3484
L0ZFA00VFA,48 A 60,IMPAGO,159626.51,GOLD,SOIL,Y79G54,2,0.2829
LVLL80,07 A 11,ACTIVO,150998.05,GOLD,SOIL,Y79G54,2,0.9906
L80LOZ0LV,12 A 23,activo,258853.8,ETHER,VIKING ARMOUR,Y79G54,2,0.0846
LVVL408Z,12 A 23,ACTIVO,140212.475,0,DRAGONS,B92375,2,0.6784
V00LO9LZZ,48 A 60,ACTIVO,298113.293,0,VIKING ARMOUR,90LD2,6,0.8463
L80VLLO,12 A 23,ACTIVO,172569.2,ETHER,SPURS,Y79G54,2,0.5683
L8L0L488,12 A 23,ACTIVO,155312.28,BITCOIN,VIKING ARMOUR,Y79G54,2,0.8601
L9L84LOFAZ,07 A 11,ACTIVO,157469.395,#N/D,VIKING ARMOUR,B92375,N,0.6748
L88LO08FAZ,00 A 06,ACTIVO,477153.838,#N/D,VIKING ARMOUR,Y79G54,N,0.1541
LLL8048Z,24 A 47,ACTIVO,396909.16,GOLD,VIKING ARMOUR,Y79G54,4,0.529
FA0ZMLO9L8,00 A 06,activo,,#N/D,VIKING ARMOUR,B92375,#N/D,0.242
L9FAZLLLFA,07 A 11,ACTIVO,245479.687,BITCOIN,VIKING ARMOUR,JSF89A,N,0.4582
LLOVZ940LO,12 A 23,ACTIVO,286896.295,TYP2,VIKING ARMOUR,B92375,2,0.658
L9L009FA0,07 A 11,ACTIVO,,#N/D,VIKING ARMOUR,B92375,#N/D,0.7809
LLOFA949LO9,12 A 23,ACTIVO,189826.12,BITCOIN,SPURS,Y79G54,2,0.0937
L88ZFAFA0V,07 A 11,activo,237282.65,GOLD,VIKING ARMOUR,B92375,N,0.4371
V09FA4FA4FA,60 Y MAS,ACTIVO,,#N/D,VIKING ARMOUR,90LD2,#N/D,0.2882
L80LOZ0,07 A 11,ACTIVO,237282.65,GOLD,VIKING ARMOUR,B92375,2,0.7953
9FAZ8V0V,60 Y MAS,ACTIVO,396909.16,TYP2,VIKING ARMOUR,Y79G54,6,0.3016
LO0Z4889FA,24 A 47,IMPAGO,171274.931,GOLD,DRAGONS,90LD2,2,0.7028
Z00ZVFAL0,60 Y MAS,ACTIVO,323567.25,ETHER,VIKING ARMOUR,B92375,4,0.2433
L004ZV0V,48 A 60,ACTIVO,176883.43,0,DRAGONS,B92375,2,0.6644
LV9FA40FAV,07 A 11,ACTIVO,289053.41,BITCOIN,VIKING ARMOUR,Y79G54,2,0.573
80LLOZ4L4,48 A 60,ACTIVO,396909.16,0,VIKING ARMOUR,Y79G54,4,0.5245
L9L9840V,07 A 11,ACTIVO,181197.66,GOLD,SPURS,Y79G54,N,0.163
L8FA4Z0,12 A 23,ACTIVO,241596.88,GOLD,DRAGONS,Y79G54,2,0.3827
L80LOLL0L,12 A 23,IMPAGO,172569.2,ETHER,SPURS,Y79G54,1,0.2733
L89FA0LFA0,00 A 06,ACTIVO,194140.35,#N/D,SOIL,Y79G54,N,0.4224
L09LO8LO4L,60 Y MAS,ACTIVO,265325.145,0,NAVAL,B92375,3,0.1567
L94ZZ908,00 A 06,activo,181197.66,#N/D,SPURS,Y79G54,N,0.2646
LVFA0V0ZM,12 A 23,ACTIVO,207083.04,ETHER,SPURS,Y79G54,1,0.9706
L9L0FALV0,07 A 11,ACTIVO,168254.97,GOLD,VIKING ARMOUR,JSF89A,N,0.1565
L4LO84988,24 A 47,IMPAGO,,#N/D,DRAGONS,B92375,#N/D,0.3969
LLOZLO8LOZ0,24 A 47,IMPAGO,250225.34,0,VIKING ARMOUR,B92375,1,0.4608
V0LO08FAFALO,60 Y MAS,ACTIVO,414166.08,ETHER,VIKING ARMOUR,Y79G54,4,0.3238
L89ZVLV8,00 A 06,ACTIVO,187669.005,#N/D,SOIL,Y79G54,N,0.3129
L9004LV0,07 A 11,ACTIVO,187669.005,#N/D,SOIL,Y79G54,N,0.6561
VFAFALOZ0LO,60 Y MAS,ACTIVO,232968.42,BITCOIN,DRAGONS,Y79G54,2,0.5953
L8L4FA4LOV,07 A 11,ACTIVO,289053.41,GOLD,VIKING ARMOUR,Y79G54,1,0.781
L040FA8LO0,48 A 60,activo,310624.56,GOLD,VIKING ARMOUR,B92375,4,0.7221
LLV8ZVLOZ,24 A 47,ACTIVO,207083.04,0,SPURS,Y79G54,4,0.0455
L88LOFAL90,00 A 06,ACTIVO,181197.66,BITCOIN,SPURS,Y79G54,N,0.7771
L9FAL0V0V,07 A 11,ACTIVO,207083.04,#N/D,VIKING ARMOUR,B92375,N,0.0136
L898800V,07 A 11,IMPAGO,,#N/D,SPURS,Y79G54,#N/D,0.3122
80044,60 Y MAS,BAJA,250225.34,ETHER,VIKING ARMOUR,B92375,4,0.7692
L9L0FA4Z8,07 A 11,ACTIVO,120798.44,0,SPURS,Y79G54,N,0.3408
LL4900FAL,24 A 47,ACTIVO,575949.705,BITCOIN,VIKING ARMOUR,Y79G54,6,0.5128
L8898LO88,00 A 06,ACTIVO,157469.395,GOLD,SPURS,Y79G54,N,0.3282
LVV0FALOV9,12 A 23,BAJA,189826.12,0,SPURS,Y79G54,2,0.2782
L00ZZ0Z0,48 A 60,IMPAGO,228654.19,USD,NAVAL,B92375,2,0.8381
L800LO0VL,12 A 23,ACTIVO,159626.51,BITCOIN,SPURS,Y79G54,2,0.5494
L900FA0V0,00 A 06,ACTIVO,237282.65,BITCOIN,VIKING ARMOUR,B92375,N,0.1398
L89VVFAFA4,00 A 06,activo,,#N/D,SPURS,Y79G54,#N/D,0.8597
908FA9LLO,60 Y MAS,ACTIVO,189826.12,GOLD,SPURS,Y79G54,2,0.2147
L8940LOLL,07 A 11,ACTIVO,237282.65,GOLD,VIKING ARMOUR,B92375,N,0.5718
L9LVLZZ9,00 A 06,ACTIVO,187669.005,#N/D,SOIL,Y79G54,N,0.0455
L400ZLOZV,24 A 47,ACTIVO,170412.085,GOLD,DRAGONS,B92375,2,0.9354
L88VL0LOV,00 A 06,ACTIVO,237282.65,GOLD,VIKING ARMOUR,B92375,N,0.4128
Z0Z0Z40V,60 Y MAS,ACTIVO,243753.995,GOLD,SPURS,Y79G54,4,0.1208
LZ00LO4,24 A 47,ACTIVO,,#N/D,VIKING ARMOUR,Y79G54,#N/D,0.5544
LLV49ZMZ,48 A 60,ACTIVO,,#N/D,VIKING ARMOUR,Y79G54,#N/D,0.7484
900ZZFAFA9,24 A 47,ACTIVO,,#N/D,SPURS,90LD2,#N/D,0.4361
L4Z90LV8,24 A 47,activo,,#N/D,SPURS,Y79G54,#N/D,0.4856
LLV00ZZ0,24 A 47,ACTIVO,334352.825,0,VIKING ARMOUR,Y79G54,6,0.0785
LZ8FA9ZLO0,24 A 47,ACTIVO,286896.295,0,VIKING ARMOUR,B92375,3,0.7049
L900094Z,07 A 11,ACTIVO,,#N/D,VIKING ARMOUR,B92375,#N/D,0.4143
LLO0LZ9LOZ,12 A 23,ACTIVO,207083.04,GOLD,SPURS,Y79G54,2,0.2631
900ZLO0LO0,48 A 60,activo,,#N/D,SPURS,90LD2,#N/D,0.3016
L9FAVLL,07 A 11,ACTIVO,,#N/D,SPURS,JSF89A,#N/D,0.6828
L4008FA0V,24 A 47,IMPAGO,170412.085,TYP2,DRAGONS,B92375,2,0.4458
8V8LO9LO0,60 Y MAS,ACTIVO,314938.79,0,VIKING ARMOUR,Y79G54,4,0.4257
L9LO0VZM9,07 A 11,ACTIVO,237282.65,#N/D,VIKING ARMOUR,B92375,N,0.6202
8LOLL4,60 Y MAS,ACTIVO,440051.46,BITCOIN,VIKING ARMOUR,Y79G54,4,0.5342
LVFAVLOZ,12 A 23,ACTIVO,99227.29,0,DRAGONS,JSF89A,1,0.6856
LLOVLZFA0LO,12 A 23,ACTIVO,271796.49,#N/D,VIKING ARMOUR,B92375,4,0.8416
V0VLZ4LOFA,60 Y MAS,ACTIVO,246342.533,BITCOIN,DRAGONS,90LD2,2,0.8177
LV9L90Z9,07 A 11,ACTIVO,273953.605,0,VIKING ARMOUR,B92375,1,0.6861
L9LOFAVFA9V,00 A 06,ACTIVO,237282.65,0,VIKING ARMOUR,B92375,N,0.7504
ZZFA0LOFAVL,60 Y MAS,ACTIVO,189826.12,TYP2,SPURS,Y79G54,4,0.5778
L8L08ZLO8,12 A 23,ACTIVO,273953.605,#N/D,VIKING ARMOUR,B92375,2,0.1871
L4V4L4LO0,24 A 47,IMPAGO,103541.52,0,DRAGONS,B92375,2,0.6104
LZM840V0,12 A 23,ACTIVO,207083.04,TYP2,SPURS,Y79G54,2,0.9046
L4L4FAZ88,24 A 47,IMPAGO,237282.65,0,NAVAL,B92375,1,0.5122
L9FA9ZV4V,00 A 06,ACTIVO,194140.35,#N/D,SOIL,Y79G54,N,0.7942
LO0ZFA8ZFAFA,24 A 47,ACTIVO,88441.715,0,DRAGONS,90LD2,2,0.3197
LV8400Z4,12 A 23,activo,,#N/D,SOIL,Y79G54,#N/D,0.3434
FA048L4,00 A 06,ACTIVO,,#N/D,SOIL,Y79G54,#N/D,0.68
L9FAFA0000,07 A 11,ACTIVO,,#N/D,VIKING ARMOUR,Y79G54,#N/D,0.4466
ZVLO080LO0,24 A 47,ACTIVO,150998.05,GOLD,DRAGONS,90LD2,2,0.6874
L80LLO9LOV,12 A 23,ACTIVO,,#N/D,VIKING ARMOUR,B92375,#N/D,0.18
L88FA9LO0V,00 A 06,ACTIVO,181197.66,#N/D,SPURS,Y79G54,N,0.502
L9Z04ZV0,00 A 06,IMPAGO,237282.65,#N/D,VIKING ARMOUR,B92375,N,0.7276
L9LOVV0L8,00 A 06,ACTIVO,150998.05,GOLD,SOIL,Y79G54,N,0.8236
L9L984FAV,00 A 06,ACTIVO,181197.66,TYP2,SPURS,Y79G54,N,0.9184
L9L09LLV,07 A 11,ACTIVO,172569.2,0,SPURS,JSF89A,N,0.1306
LLOL0L4L8,24 A 47,ACTIVO,,#N/D,VIKING ARMOUR,Y79G54,#N/D,0.6002
L94VL09V,07 A 11,ACTIVO,150998.05,BITCOIN,SOIL,Y79G54,N,0.478
LV8ZV008,07 A 11,ACTIVO,313644.521,0,VIKING ARMOUR,Y79G54,2,0.7125
LLO0Z448V,12 A 23,ACTIVO,161783.625,GOLD,VIKING ARMOUR,JSF89A,2,0.9032
LLOLFA0V80,12 A 23,ACTIVO,401223.39,ETHER,VIKING ARMOUR,Y79G54,3,0.9103
LV90FAFAZ9,12 A 23,ACTIVO,282150.642,0,VIKING ARMOUR,JSF89A,3,0.7265
LLL98Z04,24 A 47,ACTIVO,198454.58,0,SPURS,Y79G54,3,0.5491
L8LL4FAFAL,12 A 23,ACTIVO,267050.837,0,VIKING ARMOUR,JSF89A,2,0.1145
LLV98FA8V,48 A 60,ACTIVO,276110.72,BITCOIN,VIKING ARMOUR,Y79G54,4,0.6959
L940LOZZM,00 A 06,IMPAGO,,#N/D,VIKING ARMOUR,B92375,#N/D,0.4782
LO00FAZ090,60 Y MAS,ACTIVO,228654.19,BITCOIN,NAVAL,B92375,2,0.3892
LV9FAVLOVLO,12 A 23,activo,129426.9,0,DRAGONS,JSF89A,2,0.0255
L80ZLO08Z,07 A 11,ACTIVO,187669.005,GOLD,SOIL,Y79G54,2,0.7041
LZM0FAFA9FA,12 A 23,IMPAGO,,#N/D,VIKING ARMOUR,B92375,#N/D,0.0066
LL8LZM4Z,24 A 47,activo,,#N/D,VIKING ARMOUR,B92375,#N/D,0.4699
89Z00FA9,60 Y MAS,ACTIVO,250225.34,0,VIKING ARMOUR,B92375,3,0.3582
LLO0ZVVFA0,12 A 23,ACTIVO,196297.465,0,VIKING ARMOUR,B92375,1,0.9542
V0FA9VV,60 Y MAS,ACTIVO,375338.01,0,VIKING ARMOUR,Y79G54,4,0.8894
LLOFAL0LO9FA,24 A 47,activo,358081.09,BITCOIN,SPURS,Y79G54,4,0.7891
L0800LZ9,60 Y MAS,ACTIVO,362395.32,GOLD,DRAGONS,Y79G54,2,0.9057
L9Z8L904,07 A 11,ACTIVO,289053.41,#N/D,VIKING ARMOUR,Y79G54,N,0.5087
L084V8LOV,48 A 60,ACTIVO,181197.66,0,SPURS,Y79G54,3,0.9763
FA0ZL00,00 A 06,IMPAGO,,#N/D,SOIL,Y79G54,#N/D,0.7463
LLOZ40ZL9,24 A 47,ACTIVO,286896.295,BITCOIN,VIKING ARMOUR,B92375,4,0.0568
L8VLO049LO,00 A 06,ACTIVO,157469.395,#N/D,SPURS,Y79G54,N,0.6954
900FALOZ00,12 A 23,activo,,#N/D,SPURS,90LD2,#N/D,0.4648
LFALFA9098,24 A 47,ACTIVO,273953.605,GOLD,VIKING ARMOUR,B92375,4,0.9716
LLOLLO909Z,24 A 47,ACTIVO,94913.06,GOLD,DRAGONS,JSF89A,1,0.8255
LL490VZLO,48 A 60,ACTIVO,,#N/D,VIKING ARMOUR,B92375,#N/D,0.2673
LV4FAFAZ04,12 A 23,ACTIVO,260148.069,GOLD,VIKING ARMOUR,JSF89A,4,0.0456
LVV8LV4V,07 A 11,ACTIVO,304153.215,0,VIKING ARMOUR,JSF89A,4,0.8372
L9FAZL0ZL,07 A 11,ACTIVO,187669.005,#N/D,SOIL,Y79G54,N,0.6873
LLOFALVVVLO,24 A 47,ACTIVO,323567.25,0,VIKING ARMOUR,B92375,4,0.6313
LZ4FAZFAZM,24 A 47,IMPAGO,450837.035,USD,VIKING ARMOUR,Y79G54,6,0.0141
L8VV0ZVZ,00 A 06,ACTIVO,237282.65,GOLD,VIKING ARMOUR,B92375,N,0.7858
L90ZLO4LOZ,00 A 06,ACTIVO,273953.605,#N/D,VIKING ARMOUR,B92375,N,0.0265
V0LFA8LOFAZ,24 A 47,ACTIVO,126838.362,0,DRAGONS,90LD2,2,0.7163
LO08LO0LLZ,60 Y MAS,ACTIVO,308898.868,GOLD,DRAGONS,90LD2,4,0.4497
LV0L4V0LO,12 A 23,ACTIVO,,#N/D,#N/D,#N/D,#N/D,0.2004
L94LVV94,07 A 11,ACTIVO,181197.66,#N/D,SPURS,Y79G54,N,0.1226
9ZLO49VFA,60 Y MAS,ACTIVO,243753.995,ETHER,SPURS,Y79G54,4,0.9341
L800V8L8,07 A 11,activo,327881.48,BITCOIN,VIKING ARMOUR,Y79G54,2,0.9104
V004049LO,60 Y MAS,BAJA,170412.085,GOLD,DRAGONS,B92375,2,0.2478
ZZZ040LOV,48 A 60,activo,140643.898,GOLD,DRAGONS,90LD2,2,0.2043
Z0VZ4LFAL,60 Y MAS,ACTIVO,241596.88,GOLD,SPURS,Y79G54,6,0.4235
L8V00LZV,00 A 06,ACTIVO,120798.44,0,SPURS,Y79G54,N,0.6874
Z04LO40V4,60 Y MAS,ACTIVO,364552.435,GOLD,VIKING ARMOUR,Y79G54,6,0.603
9L9ZLO80,60 Y MAS,ACTIVO,286896.295,GOLD,VIKING ARMOUR,B92375,4,0.8945
Z000VZFAV,60 Y MAS,BAJA,265325.145,0,NAVAL,B92375,4,0.5272
L8FA0LOL80,12 A 23,ACTIVO,,#N/D,DRAGONS,B92375,#N/D,0.1741
LLLO4LO9LV,24 A 47,ACTIVO,250225.34,0,VIKING ARMOUR,B92375,3,0.8716
LZV0840Z,24 A 47,ACTIVO,286896.295,TYP2,VIKING ARMOUR,B92375,4,0.8722
L9L9L40V,00 A 06,ACTIVO,267482.26,#N/D,VIKING ARMOUR,Y79G54,N,0.6685
L9040FA9FA,00 A 06,ACTIVO,267482.26,BITCOIN,VIKING ARMOUR,JSF89A,N,0.9663
LV90FA40V,12 A 23,ACTIVO,230811.305,0,VIKING ARMOUR,B92375,1,0.4963
L8LLOFALOZ0,12 A 23,ACTIVO,347295.515,GOLD,VIKING ARMOUR,Y79G54,4,0.2043
L8VZ800V,07 A 11,IMPAGO,187669.005,BITCOIN,SOIL,Y79G54,N,0.1887
FA0Z088V0,00 A 06,ACTIVO,,#N/D,DRAGONS,JSF89A,#N/D,0.5486
L8Z9Z0FA0,07 A 11,ACTIVO,340824.17,#N/D,VIKING ARMOUR,B92375,4,0.5398
LLO0LV90FA,24 A 47,ACTIVO,286896.295,0,VIKING ARMOUR,B92375,1,0.586
L8LVZFAL8,07 A 11,activo,366709.55,#N/D,SPURS,Y79G54,4,0.827
LVFA8FALO00,12 A 23,ACTIVO,194140.35,0,DRAGONS,Y79G54,1,0.4353
LLO0FA98L8,12 A 23,ACTIVO,323567.25,0,VIKING ARMOUR,B92375,3,0.9692
900LO4L89,60 Y MAS,activo,,#N/D,VIKING ARMOUR,90LD2,#N/D,0.9163
L0L4V0L4,60 Y MAS,ACTIVO,159626.51,0,SOIL,Y79G54,1,0.256
L09FA804FA,60 Y MAS,ACTIVO,241596.88,BITCOIN,SPURS,Y79G54,6,0.4975
L8LL4884,12 A 23,ACTIVO,237282.65,ETHER,VIKING ARMOUR,B92375,2,0.3069
LLO0Z0FALO0,12 A 23,ACTIVO,455151.265,0,VIKING ARMOUR,Y79G54,4,0.4964
L9FAFA0000,00 A 06,activo,,#N/D,VIKING ARMOUR,Y79G54,#N/D,0.415
L048LO98LO,48 A 60,ACTIVO,301996.1,ETHER,VIKING ARMOUR,B92375,4,0.3856
L908L8LO8,07 A 11,ACTIVO,157469.395,#N/D,SPURS,Y79G54,N,0.8606
LV498VLFA,12 A 23,ACTIVO,276110.72,BITCOIN,VIKING ARMOUR,Y79G54,2,0.9851
LLZLOFAV0Z,48 A 60,ACTIVO,196297.465,0,SOIL,Y79G54,1,0.0667
LO04Z94LO9,60 Y MAS,ACTIVO,97070.175,0,DRAGONS,90LD2,2,0.7927
LLLO4LOZL0,48 A 60,ACTIVO,379652.24,BITCOIN,VIKING ARMOUR,Y79G54,4,0.6468
LV98VLO80,12 A 23,IMPAGO,407694.735,TYP2,VIKING ARMOUR,Y79G54,4,0.0669
L800L809,07 A 11,IMPAGO,,#N/D,SPURS,Y79G54,#N/D,0.9538
L9ZLZZL0,07 A 11,ACTIVO,245479.687,BITCOIN,VIKING ARMOUR,JSF89A,N,0.4402
L94800V8,00 A 06,activo,,#N/D,SOIL,Y79G54,#N/D,0.954
L9LLZZML,00 A 06,ACTIVO,261010.915,0,VIKING ARMOUR,JSF89A,N,0.0594
L8809VZ9,00 A 06,ACTIVO,323567.25,0,VIKING ARMOUR,Y79G54,N,0.2537
L8VFA8VL0,00 A 06,activo,237282.65,GOLD,VIKING ARMOUR,B92375,N,0.0761
L00900L9,48 A 60,ACTIVO,263168.03,BITCOIN,DRAGONS,Y79G54,2,0.4972
L8LV89VL,07 A 11,activo,,#N/D,VIKING ARMOUR,B92375,#N/D,0.6155
LVZ08408,12 A 23,ACTIVO,159626.51,GOLD,SOIL,Y79G54,2,0.6509
LL400889,48 A 60,ACTIVO,310624.56,0,VIKING ARMOUR,Y79G54,4,0.6371
LFALO88L8L,24 A 47,ACTIVO,,#N/D,VIKING ARMOUR,Y79G54,#N/D,0.075
900FA08LO9,48 A 60,activo,,#N/D,SPURS,90LD2,#N/D,0.0892
V8894LL,60 Y MAS,ACTIVO,353766.86,GOLD,VIKING ARMOUR,Y79G54,4,0.1959
FA044FALO89,00 A 06,activo,,#N/D,VIKING ARMOUR,JSF89A,#N/D,0.673
LL4ZZ0Z8,24 A 47,activo,,#N/D,SPURS,Y79G54,#N/D,0.7023
L0LLOLFAZ8,60 Y MAS,ACTIVO,159626.51,BITCOIN,SOIL,Y79G54,2,0.2879
L9V4VZ80,00 A 06,activo,,#N/D,SOIL,Y79G54,#N/D,0.2112
L49LZ80L,24 A 47,activo,,#N/D,VIKING ARMOUR,JSF89A,#N/D,0.5519
L94Z0V08,00 A 06,ACTIVO,230811.305,#N/D,SOIL,Y79G54,N,0.1301
LFA408LO9FA,24 A 47,ACTIVO,496999.296,ETHER,VIKING ARMOUR,Y79G54,4,0.0261
L8L80LO0FA,12 A 23,ACTIVO,273953.605,#N/D,VIKING ARMOUR,B92375,2,0.617
L9LOLLO84FA,07 A 11,ACTIVO,245479.687,#N/D,SPURS,JSF89A,N,0.9329
L90Z40LZ,00 A 06,ACTIVO,120798.44,BITCOIN,SPURS,Y79G54,N,0.9919
LLL40908,48 A 60,ACTIVO,378357.971,0,VIKING ARMOUR,Y79G54,4,0.2764
LLOFA40FA40,24 A 47,ACTIVO,358081.09,ETHER,VIKING ARMOUR,Y79G54,4,0.0553
LFA0LLOVLO4,24 A 47,IMPAGO,,#N/D,SOIL,Y79G54,#N/D,0.3018
L9ZZZZZ4,07 A 11,ACTIVO,273953.605,#N/D,VIKING ARMOUR,B92375,N,0.5125
L048940LO,48 A 60,ACTIVO,207083.04,0,SPURS,Y79G54,3,0.8818
L9V04004,00 A 06,activo,245479.687,0,VIKING ARMOUR,JSF89A,N,0.0616
L40Z88L9,24 A 47,ACTIVO,207083.04,0,SPURS,Y79G54,3,0.6538
9V4V4L8,60 Y MAS,ACTIVO,340824.17,ETHER,VIKING ARMOUR,B92375,4,0.2259
ZZFA8Z0VFA,60 Y MAS,IMPAGO,128995.477,GOLD,DRAGONS,90LD2,2,0.9916
LL490VZLO,24 A 47,activo,,#N/D,VIKING ARMOUR,B92375,#N/D,0.5611
LLO440VVFA,24 A 47,ACTIVO,511236.255,ETHER,VIKING ARMOUR,Y79G54,4,0.191
L90V804LO,07 A 11,ACTIVO,289053.41,#N/D,VIKING ARMOUR,Y79G54,N,0.8385
L8040VZL,07 A 11,ACTIVO,327881.48,#N/D,VIKING ARMOUR,Y79G54,2,0.4339
L494LO0FA9,24 A 47,ACTIVO,265325.145,USD,NAVAL,B92375,4,0.486
L8FALO0ZMFA,07 A 11,ACTIVO,176883.43,GOLD,VIKING ARMOUR,JSF89A,2,0.8033
L08ZLFA0V,48 A 60,ACTIVO,407694.735,0,VIKING ARMOUR,Y79G54,6,0.8508
L0L4ZM00,48 A 60,ACTIVO,267482.26,0,VIKING ARMOUR,B92375,3,0.8738
L8LLOZFA0L,12 A 23,ACTIVO,,#N/D,VIKING ARMOUR,Y79G54,#N/D,0.2112
L0800ZLO9,60 Y MAS,activo,,#N/D,SOIL,Y79G54,#N/D,0.7756
L940FALO9FA,07 A 11,ACTIVO,99227.29,0,DRAGONS,JSF89A,N,0.2058
LFA44V04LO,24 A 47,IMPAGO,,#N/D,SOIL,Y79G54,#N/D,0.4808
LV9V0LZ4,07 A 11,IMPAGO,,#N/D,VIKING ARMOUR,JSF89A,#N/D,0.3837
FA0VZ89ZLO,00 A 06,activo,,#N/D,DRAGONS,JSF89A,#N/D,0.8722
LV8FA90L8,07 A 11,ACTIVO,99227.29,0,DRAGONS,JSF89A,2,0.4976
L9444VFA0,07 A 11,ACTIVO,237282.65,ETHER,VIKING ARMOUR,B92375,N,0.9384
L9LO04V84,07 A 11,ACTIVO,150998.05,GOLD,SOIL,Y79G54,N,0.1457
LZ0VLOFA09,24 A 47,IMPAGO,237282.65,TYP2,VIKING ARMOUR,B92375,2,0.7227
9V0Z0LOFA,60 Y MAS,ACTIVO,159626.51,GOLD,SOIL,Y79G54,2,0.9076
L80FA0VFA9,07 A 11,ACTIVO,347295.515,GOLD,VIKING ARMOUR,Y79G54,4,0.1359
L9FAVFA4LO8,00 A 06,ACTIVO,187669.005,#N/D,SOIL,Y79G54,N,0.4562
L8VZLFAV4,00 A 06,ACTIVO,150998.05,GOLD,SOIL,Y79G54,N,0.6735
LLO48L449,24 A 47,ACTIVO,250225.34,0,VIKING ARMOUR,B92375,2,0.9586
L4984ZV0,24 A 47,IMPAGO,,#N/D,NAVAL,B92375,#N/D,0.9213
Z0488ZL0,60 Y MAS,ACTIVO,364552.435,BITCOIN,VIKING ARMOUR,Y79G54,6,0.6709
V00Z4FAL8,60 Y MAS,IMPAGO,198886.003,0,DRAGONS,90LD2,2,0.8778
LV0Z000Z,12 A 23,ACTIVO,310624.56,USD,VIKING ARMOUR,Y79G54,4,0.3734
L88LO00LFA,00 A 06,ACTIVO,150998.05,GOLD,SOIL,Y79G54,N,0.1922
L8800VL4,00 A 06,ACTIVO,237282.65,BITCOIN,VIKING ARMOUR,B92375,N,0.5722
L9L0V0L0,07 A 11,ACTIVO,237282.65,GOLD,VIKING ARMOUR,B92375,N,0.7645
L8L9VLVZ,12 A 23,ACTIVO,267050.837,#N/D,VIKING ARMOUR,JSF89A,2,0.0837
LFAFA49FA94,24 A 47,ACTIVO,,#N/D,VIKING ARMOUR,B92375,#N/D,0.076
L90L40V0,00 A 06,ACTIVO,181197.66,ETHER,SPURS,Y79G54,N,0.0855
LFAV9Z4V4,24 A 47,ACTIVO,237282.65,GOLD,VIKING ARMOUR,B92375,2,0.3007
LO0ZZ080FA,24 A 47,ACTIVO,122092.709,0,SOIL,90LD2,2,0.5152
L809L480,07 A 11,ACTIVO,293367.64,USD,VIKING ARMOUR,Y79G54,2,0.7652
LLO890Z9FA,12 A 23,ACTIVO,207083.04,BITCOIN,SPURS,Y79G54,1,0.0083
LLZZ09V9,48 A 60,IMPAGO,140212.475,0,DRAGONS,B92375,2,0.4289
90LFA9FALO0,00 A 06,activo,,#N/D,VIKING ARMOUR,90LD2,#N/D,0.9784
LZ9LV400,24 A 47,activo,,#N/D,VIKING ARMOUR,B92375,#N/D,0.4115
L0444800,48 A 60,ACTIVO,286896.295,0,VIKING ARMOUR,B92375,4,0.6095
L89004LOZ,00 A 06,ACTIVO,273953.605,GOLD,VIKING ARMOUR,B92375,N,0.1586
Z04LOL48Z,60 Y MAS,activo,,#N/D,VIKING ARMOUR,90LD2,#N/D,0.2938
L90LO0L90,07 A 11,IMPAGO,150998.05,GOLD,SOIL,Y79G54,N,0.3243
L80LO80FA0,07 A 11,ACTIVO,258853.8,USD,SPURS,Y79G54,2,0.3691
L88004FA8,07 A 11,IMPAGO,194140.35,#N/D,SOIL,Y79G54,N,0.8711
8000Z80,60 Y MAS,BAJA,204063.079,GOLD,DRAGONS,90LD2,2,0.9049
L9L8LLO4LO,07 A 11,IMPAGO,,#N/D,SPURS,Y79G54,#N/D,0.4122
L9Z0LO9LOV,07 A 11,ACTIVO,,#N/D,VIKING ARMOUR,B92375,#N/D,0.2027
L904VL0L,00 A 06,IMPAGO,150998.05,GOLD,SPURS,JSF89A,N,0.1741
L8FAFAFA0LFA,12 A 23,IMPAGO,181197.66,GOLD,SPURS,Y79G54,2,0.0382
LLZLO0V48,48 A 60,ACTIVO,310624.56,ETHER,VIKING ARMOUR,Y79G54,4,0.8955
LLO4VV0L4,12 A 23,IMPAGO,286896.295,0,VIKING ARMOUR,B92375,1,0.1274
LZ8008,24 A 47,ACTIVO,323135.827,0,VIKING ARMOUR,B92375,4,0.4827
L9004V8V,07 A 11,ACTIVO,,#N/D,SPURS,Y79G54,#N/D,0.9448
L8ZZ0FA0Z,07 A 11,ACTIVO,150998.05,0,SPURS,JSF89A,2,0.8411
LVLO9VFA88,12 A 23,activo,698473.837,ETHER,VIKING ARMOUR,Y79G54,4,0.6801
L840ZV90,12 A 23,ACTIVO,327881.48,#N/D,VIKING ARMOUR,Y79G54,2,0.4297
L88LL4Z9,00 A 06,ACTIVO,237282.65,BITCOIN,VIKING ARMOUR,B92375,N,0.4482
L9LOLFALOV4,07 A 11,ACTIVO,150998.05,GOLD,SOIL,Y79G54,N,0.796
LVV9LFAZZ,12 A 23,ACTIVO,166097.855,0,DRAGONS,JSF89A,2,0.6325
LV9LO0V,12 A 23,ACTIVO,310624.56,#N/D,VIKING ARMOUR,Y79G54,2,0.1881
L9ZMV04FA,00 A 06,ACTIVO,196297.465,#N/D,VIKING ARMOUR,B92375,N,0.9783
L8VLO049V,00 A 06,ACTIVO,237282.65,GOLD,VIKING ARMOUR,Y79G54,N,0.7222
LFAFA800ZLO,24 A 47,ACTIVO,575949.705,GOLD,VIKING ARMOUR,Y79G54,6,0.695
LZZZ8LOZ0,24 A 47,activo,,#N/D,DRAGONS,B92375,#N/D,0.8828
L9VLOV948,00 A 06,IMPAGO,273953.605,#N/D,VIKING ARMOUR,B92375,N,0.5985
LV8VLOFALO0,07 A 11,ACTIVO,99227.29,0,DRAGONS,B92375,1,0.8048
FA0FA0LOVZL,00 A 06,IMPAGO,250225.34,0,VIKING ARMOUR,B92375,N,0.3347
L90LO9048,07 A 11,IMPAGO,237282.65,#N/D,VIKING ARMOUR,B92375,N,0.3966
LFA0804,00 A 06,IMPAGO,237282.65,GOLD,VIKING ARMOUR,B92375,N,0.8357
L9ZFA0904,07 A 11,ACTIVO,,#N/D,VIKING ARMOUR,B92375,#N/D,0.03
LV8VLO004,07 A 11,ACTIVO,181197.66,GOLD,SPURS,Y79G54,2,0.9085
FA0Z44FA84,00 A 06,activo,,#N/D,SPURS,Y79G54,#N/D,0.4947
L888LVZL,07 A 11,ACTIVO,,#N/D,VIKING ARMOUR,B92375,#N/D,0.8842
LZ48490LO,24 A 47,ACTIVO,243753.995,GOLD,SPURS,Y79G54,4,0.2143
L84880ZFA,07 A 11,ACTIVO,360238.205,#N/D,VIKING ARMOUR,Y79G54,4,0.1582
L9LOLZLO0V,00 A 06,ACTIVO,301564.677,#N/D,VIKING ARMOUR,Y79G54,N,0.4417
L049LOZ,48 A 60,ACTIVO,159626.51,GOLD,SOIL,Y79G54,2,0.4518
LLO00L049,12 A 23,ACTIVO,383966.47,BITCOIN,VIKING ARMOUR,Y79G54,4,0.8138
LV0ZL8FALO,12 A 23,ACTIVO,444365.69,0,VIKING ARMOUR,Y79G54,4,0.599
L89VLOL40,00 A 06,ACTIVO,181197.66,0,SPURS,Y79G54,N,0.8489
804ZFAZ0,60 Y MAS,ACTIVO,345138.4,USD,VIKING ARMOUR,Y79G54,4,0.8141
L90V0Z4L,07 A 11,ACTIVO,243753.995,GOLD,VIKING ARMOUR,B92375,N,0.979
L9090VZLO,00 A 06,activo,,#N/D,VIKING ARMOUR,Y79G54,#N/D,0.0822
L49FA0LOVLO,24 A 47,ACTIVO,286896.295,GOLD,VIKING ARMOUR,B92375,4,0.969
80L48400,60 Y MAS,IMPAGO,215280.077,0,DRAGONS,90LD2,2,0.014
L9FA9FAFA,07 A 11,ACTIVO,150998.05,#N/D,SOIL,Y79G54,N,0.8087
L8FA04FA40,07 A 11,IMPAGO,237282.65,#N/D,VIKING ARMOUR,B92375,2,0.9812
LZ940048,24 A 47,ACTIVO,159626.51,TYP2,SOIL,Y79G54,2,0.2775
FA0LO849V8,00 A 06,ACTIVO,,#N/D,VIKING ARMOUR,B92375,#N/D,0.3406
LZM0FA4V0,12 A 23,ACTIVO,250225.34,0,VIKING ARMOUR,B92375,2,0.511
LV8Z9LLO4,12 A 23,ACTIVO,560849.9,TYP2,VIKING ARMOUR,Y79G54,2,0.9705
894FAL9V,60 Y MAS,ACTIVO,250225.34,BITCOIN,VIKING ARMOUR,B92375,4,0.7939
Z0LOLZ08Z,60 Y MAS,ACTIVO,534964.52,BITCOIN,VIKING ARMOUR,Y79G54,4,0.7361
L9Z49890,07 A 11,ACTIVO,181197.66,BITCOIN,SPURS,Y79G54,N,0.0061
L88Z0LFAL,00 A 06,ACTIVO,334352.825,GOLD,VIKING ARMOUR,Y79G54,N,0.6124
L0LZ00FA0,48 A 60,ACTIVO,,#N/D,DRAGONS,B92375,#N/D,0.9358
900000FA4,60 Y MAS,activo,325292.942,0,SPURS,90LD2,1,0.6452
8008VLO8,60 Y MAS,ACTIVO,338667.055,0,VIKING ARMOUR,Y79G54,4,0.2743
L9FA0LLLO9,07 A 11,ACTIVO,224339.96,TYP2,SPURS,Y79G54,N,0.8802
ZZLLO9040,60 Y MAS,ACTIVO,189826.12,BITCOIN,SPURS,Y79G54,4,0.4404
L8009L,00 A 06,ACTIVO,215711.5,#N/D,VIKING ARMOUR,B92375,N,0.7324
L9L08ZFAL,07 A 11,ACTIVO,157469.395,TYP2,SPURS,Y79G54,N,0.4337
L890ZM9V,07 A 11,IMPAGO,,#N/D,SPURS,JSF89A,#N/D,0.243
LO0ZZLOFAFAZ,48 A 60,ACTIVO,232968.42,GOLD,VIKING ARMOUR,B92375,4,0.3096
LZLOVLOZFAL,24 A 47,ACTIVO,,#N/D,SPURS,Y79G54,#N/D,0.2356
L04LO4988,48 A 60,ACTIVO,375338.01,0,VIKING ARMOUR,B92375,3,0.0762
L0LOLL9FALO,60 Y MAS,IMPAGO,196297.465,GOLD,SOIL,Y79G54,2,0.8686
LV8088LO4,07 A 11,ACTIVO,181197.66,TYP2,SPURS,Y79G54,2,0.7507
L90FAZMFALO,00 A 06,ACTIVO,534964.52,BITCOIN,VIKING ARMOUR,Y79G54,N,0.0111
LLLO48LFA0,48 A 60,ACTIVO,196297.465,0,SOIL,Y79G54,2,0.6782
LLO04LO08LO,12 A 23,ACTIVO,226497.075,#N/D,SPURS,Y79G54,1,0.8076
FA0FA44Z04,00 A 06,activo,,#N/D,VIKING ARMOUR,B92375,#N/D,0.2764
L9LLOL98V,07 A 11,activo,150998.05,#N/D,SOIL,Y79G54,N,0.4286
LV8FAZZV0,07 A 11,ACTIVO,237282.65,0,VIKING ARMOUR,B92375,1,0.7075
LVVFA8LLO9,12 A 23,ACTIVO,226497.075,0,SPURS,Y79G54,2,0.4866
LVV89ZLO4,12 A 23,ACTIVO,251519.609,0,VIKING ARMOUR,JSF89A,1,0.1926
LVLLO4V4V,12 A 23,ACTIVO,232968.42,0,NAVAL,JSF89A,2,0.6222
FA0V04984,00 A 06,activo,,#N/D,DRAGONS,JSF89A,#N/D,0.2202
L44LO0LLOL,24 A 47,ACTIVO,396909.16,TYP2,VIKING ARMOUR,Y79G54,4,0.3246
L8ZLV0LO8,07 A 11,ACTIVO,230811.305,0,SOIL,Y79G54,0,0.9401
L9ZZ08LO0,00 A 06,ACTIVO,273953.605,#N/D,VIKING ARMOUR,B92375,N,0.0217
FA009ZLOZZ,00 A 06,activo,,#N/D,SPURS,JSF89A,#N/D,0.6117
L0VFAVV4Z,60 Y MAS,ACTIVO,198454.58,0,SPURS,Y79G54,4,0.8519
LZ94ZL08,24 A 47,ACTIVO,140212.475,GOLD,DRAGONS,B92375,2,0.3855
L9Z0L8ZFA,07 A 11,ACTIVO,349452.63,#N/D,VIKING ARMOUR,Y79G54,N,0.009
L880VLOFAV,00 A 06,ACTIVO,273953.605,#N/D,VIKING ARMOUR,B92375,N,0.9226
FA00FA00FA0,00 A 06,ACTIVO,159626.51,#N/D,SOIL,Y79G54,N,0.7915
L9L40840,00 A 06,ACTIVO,217868.615,#N/D,SPURS,Y79G54,N,0.5244
LL49Z8Z8,24 A 47,ACTIVO,465936.84,BITCOIN,VIKING ARMOUR,Y79G54,4,0.5859
L90480LLO,07 A 11,activo,,#N/D,VIKING ARMOUR,JSF89A,#N/D,0.8516
LLO9V8LO44,12 A 23,ACTIVO,312781.675,0,VIKING ARMOUR,Y79G54,4,0.9197
L80849FAFA,07 A 11,ACTIVO,327881.48,BITCOIN,VIKING ARMOUR,Y79G54,1,0.4466
L09L0LO94,60 Y MAS,ACTIVO,267482.26,0,VIKING ARMOUR,B92375,4,0.8358
L0LO08LOLZ,48 A 60,ACTIVO,140212.475,0,DRAGONS,B92375,2,0.1364
L80LO9ZL4,12 A 23,ACTIVO,371023.78,ETHER,VIKING ARMOUR,Y79G54,2,0.0496
LZ80FAV04,24 A 47,ACTIVO,189826.12,0,SPURS,Y79G54,4,0.6293
LV89VVV4,07 A 11,ACTIVO,122955.555,0,VIKING ARMOUR,JSF89A,2,0.7228
900V4LOFA4,24 A 47,activo,,#N/D,SPURS,90LD2,#N/D,0.9962
LLZ49FAFAL,24 A 47,ACTIVO,196297.465,BITCOIN,SOIL,Y79G54,2,0.6697
L0ZFA0VFA0,60 Y MAS,IMPAGO,189826.12,ETHER,SPURS,Y79G54,4,0.6698
V00L88LL,60 Y MAS,IMPAGO,188531.851,0,NAVAL,JSF89A,2,0.5432
LZ948080,24 A 47,IMPAGO,286896.295,0,VIKING ARMOUR,B92375,1,0.2256
LLOZ008LOL,24 A 47,ACTIVO,286896.295,BITCOIN,VIKING ARMOUR,B92375,4,0.4524
LL4VZZ0FA,24 A 47,ACTIVO,103541.52,0,DRAGONS,B92375,2,0.2327
LO0ZFAV9L4,60 Y MAS,ACTIVO,286896.295,GOLD,VIKING ARMOUR,B92375,4,0.3093
LZ980V8LO,24 A 47,ACTIVO,103541.52,BITCOIN,DRAGONS,B92375,2,0.3931
LV0VVLLO8,12 A 23,ACTIVO,291210.525,0,SPURS,Y79G54,0,0.3923
L4LVZVLOZ,24 A 47,ACTIVO,332195.71,0,NAVAL,B92375,3,0.5486
L9FA40LL4,07 A 11,activo,,#N/D,SPURS,Y79G54,#N/D,0.0377
LLLVLO0VFA,48 A 60,ACTIVO,103541.52,GOLD,DRAGONS,B92375,2,0.9002
L80LO884LO,07 A 11,ACTIVO,350315.476,#N/D,VIKING ARMOUR,Y79G54,3,0.886
L8LOV800LO,00 A 06,ACTIVO,237282.65,#N/D,VIKING ARMOUR,B92375,N,0.0286
L88FALOFALFA,00 A 06,ACTIVO,196297.465,0,SOIL,Y79G54,N,0.864
L8LL8440,12 A 23,ACTIVO,209240.155,GOLD,SPURS,Y79G54,1,0.8701
L8VL0FA04,07 A 11,activo,289053.41,#N/D,VIKING ARMOUR,Y79G54,N,0.6946
L880LFA40,00 A 06,ACTIVO,181197.66,TYP2,SPURS,Y79G54,N,0.3581
L9Z9LOV8Z,07 A 11,ACTIVO,237282.65,#N/D,VIKING ARMOUR,B92375,N,0.2791
9L4FAFALOV,60 Y MAS,ACTIVO,159626.51,0,SOIL,Y79G54,2,0.7235
L8V980LLO,07 A 11,activo,,#N/D,DRAGONS,JSF89A,#N/D,0.2297
LVZ480FA4,12 A 23,ACTIVO,,#N/D,VIKING ARMOUR,Y79G54,#N/D,0.0212
L9FAVLOV8FA,07 A 11,activo,172569.2,#N/D,DRAGONS,B92375,N,0.2178
L8LO89490,00 A 06,ACTIVO,150998.05,GOLD,SOIL,Y79G54,N,0.3406
LLOZLOLLOZ9,12 A 23,ACTIVO,,#N/D,VIKING ARMOUR,B92375,#N/D,0.9417
L90ZFA9LZ,00 A 06,IMPAGO,,#N/D,VIKING ARMOUR,B92375,#N/D,0.0482
V0040LO44,24 A 47,ACTIVO,181197.66,0,NAVAL,90LD2,2,0.8188
L9LO89LO44,00 A 06,ACTIVO,286896.295,#N/D,VIKING ARMOUR,B92375,N,0.0777
L8L89FA08,07 A 11,ACTIVO,254539.57,#N/D,VIKING ARMOUR,B92375,2,0.5561
L88VFA089,07 A 11,ACTIVO,,#N/D,VIKING ARMOUR,B92375,#N/D,0.5495
L80LLFALOZ,12 A 23,ACTIVO,,#N/D,SOIL,Y79G54,#N/D,0.0511
L94LZ4Z4,07 A 11,ACTIVO,157469.395,#N/D,SPURS,Y79G54,N,0.6253
LLO4Z9LL4,12 A 23,IMPAGO,,#N/D,VIKING ARMOUR,JSF89A,#N/D,0.8869
LFALOVL9Z0,24 A 47,IMPAGO,347295.515,0,VIKING ARMOUR,B92375,4,0.9533
L9409V08,07 A 11,ACTIVO,120798.44,#N/D,SPURS,Y79G54,N,0.2786
L9000Z0V,00 A 06,IMPAGO,,#N/D,SOIL,Y79G54,#N/D,0.252
L04L40ZM,48 A 60,activo,,#N/D,SOIL,Y79G54,#N/D,0.0429
LLO4ZZ48L,24 A 47,ACTIVO,345138.4,GOLD,VIKING ARMOUR,B92375,4,0.0922
LLO04LOL8FA,12 A 23,ACTIVO,172569.2,BITCOIN,SPURS,JSF89A,1,0.9868
L9FAFA80LOFA,00 A 06,ACTIVO,273953.605,#N/D,VIKING ARMOUR,B92375,N,0.5249
L040FAFA4LO,48 A 60,activo,103541.52,GOLD,DRAGONS,B92375,2,0.4583
L94LFA4L9,07 A 11,ACTIVO,211397.27,#N/D,DRAGONS,B92375,N,0.1062
LO0ZLV49Z,24 A 47,ACTIVO,226497.075,0,NAVAL,90LD2,4,0.0988
LLV8ZL0Z,48 A 60,ACTIVO,351609.745,0,VIKING ARMOUR,Y79G54,6,0.5361
LV9LO04LO0,07 A 11,activo,,#N/D,VIKING ARMOUR,B92375,#N/D,0.9926
FA0LZL9LO0,00 A 06,IMPAGO,207083.04,0,DRAGONS,Y79G54,N,0.9246
LLVVFAZ9Z,48 A 60,ACTIVO,207083.04,BITCOIN,SPURS,Y79G54,4,0.5906
V0LFA0Z90,60 Y MAS,ACTIVO,144526.705,0,DRAGONS,90LD2,2,0.3246
L9VZVLV0,00 A 06,IMPAGO,327881.48,ETHER,VIKING ARMOUR,Y79G54,N,0.1671
LO0LOFA0VFAL,12 A 23,IMPAGO,158763.664,0,SOIL,90LD2,2,0.9859
L4988Z,24 A 47,activo,,#N/D,VIKING ARMOUR,Y79G54,#N/D,0.5929
L94Z9890,07 A 11,ACTIVO,250225.34,#N/D,VIKING ARMOUR,B92375,N,0.8006
L89V8088,07 A 11,activo,273953.605,#N/D,VIKING ARMOUR,B92375,N,0.5451
L4VL9LFA4,24 A 47,ACTIVO,196297.465,GOLD,SOIL,Y79G54,2,0.4883
L8VFA09V0,00 A 06,ACTIVO,239439.765,#N/D,VIKING ARMOUR,B92375,N,0.8333
L000LVLO0,60 Y MAS,ACTIVO,213554.385,TYP2,DRAGONS,B92375,2,0.9261
LVZL80FA0,12 A 23,ACTIVO,241596.88,GOLD,SPURS,Y79G54,3,0.1241
LLV4LZZM,48 A 60,ACTIVO,258853.8,0,NAVAL,B92375,3,0.9199
V0L9VVZ,60 Y MAS,ACTIVO,399929.121,TYP2,VIKING ARMOUR,Y79G54,4,0.1584
L8849FA8L,00 A 06,ACTIVO,150998.05,#N/D,SOIL,Y79G54,N,0.218
L80V0LO0Z,12 A 23,IMPAGO,211397.27,BITCOIN,SPURS,Y79G54,1,0.1245
L9L00V0FA,00 A 06,ACTIVO,181197.66,#N/D,SPURS,Y79G54,N,0.8712
L8V40840,00 A 06,ACTIVO,237282.65,BITCOIN,VIKING ARMOUR,B92375,N,0.0952
L89L9LO89,00 A 06,ACTIVO,261010.915,GOLD,SPURS,Y79G54,N,0.1862
L44L0404,24 A 47,BAJA,250225.34,BITCOIN,VIKING ARMOUR,B92375,2,0.8619
L9LO40L48,07 A 11,IMPAGO,,#N/D,SPURS,Y79G54,#N/D,0.9978
L9ZZ8FAZL,07 A 11,ACTIVO,323567.25,#N/D,VIKING ARMOUR,Y79G54,N,0.1301
LLOFA949LO9,24 A 47,ACTIVO,189826.12,BITCOIN,SPURS,Y79G54,2,0.0783
L9V88489,00 A 06,ACTIVO,120798.44,#N/D,SPURS,Y79G54,N,0.9857
LL908FAZM,24 A 47,IMPAGO,295524.755,0,NAVAL,B92375,4,0.9856
LLO08404V,12 A 23,ACTIVO,286896.295,GOLD,VIKING ARMOUR,B92375,2,0.3415
LLZMLO0V9,48 A 60,ACTIVO,207083.04,ETHER,SPURS,Y79G54,4,0.3665
L09LO9LOFAV,60 Y MAS,ACTIVO,323567.25,TYP2,VIKING ARMOUR,B92375,4,0.4975
L90LOLV0Z,00 A 06,ACTIVO,189826.12,#N/D,SPURS,Y79G54,N,0.72
LLOFA009Z0,24 A 47,ACTIVO,243753.995,ETHER,SPURS,Y79G54,4,0.5849
L944LO84V,00 A 06,ACTIVO,377495.125,ETHER,#N/D,#N/D,N,0.3169
LLO400080,12 A 23,ACTIVO,207083.04,0,SPURS,Y79G54,1,0.1421
L8LZV8LLO,12 A 23,ACTIVO,,#N/D,VIKING ARMOUR,Y79G54,#N/D,0.0885
L9L04VLO4,00 A 06,activo,,#N/D,SPURS,Y79G54,#N/D,0.2005
80L80LO0FA,24 A 47,IMPAGO,,#N/D,VIKING ARMOUR,JSF89A,#N/D,0.5818
L890L804,00 A 06,ACTIVO,295524.755,USD,SPURS,Y79G54,N,0.7541
L4V9FAFAZZ,24 A 47,ACTIVO,228654.19,0,NAVAL,B92375,1,0.5937
LV9V894LO,07 A 11,ACTIVO,325724.365,GOLD,VIKING ARMOUR,Y79G54,3,0.4202
L9LLOFAVV8,00 A 06,ACTIVO,120798.44,GOLD,SPURS,Y79G54,N,0.2929
LL4LO4VFAL,24 A 47,IMPAGO,399066.275,0,VIKING ARMOUR,Y79G54,3,0.5971
L940FA0VL,00 A 06,ACTIVO,,#N/D,SPURS,Y79G54,#N/D,0.1621
L9LOVZFALZ,00 A 06,ACTIVO,282150.642,GOLD,VIKING ARMOUR,JSF89A,N,0.7095
L890L0L9,00 A 06,ACTIVO,237282.65,GOLD,VIKING ARMOUR,B92375,N,0.0058
V0LO090L,60 Y MAS,BAJA,360238.205,BITCOIN,VIKING ARMOUR,B92375,4,0.3416
L9L8L88LO,00 A 06,IMPAGO,157469.395,#N/D,SPURS,Y79G54,N,0.7831
LV0L8FAFA9,12 A 23,ACTIVO,278267.835,BITCOIN,SPURS,Y79G54,4,0.4122
L90Z0FA08,00 A 06,ACTIVO,332195.71,#N/D,VIKING ARMOUR,Y79G54,N,0.1099
8LO4LOFA44,60 Y MAS,ACTIVO,433580.115,0,VIKING ARMOUR,Y79G54,4,0.5052
989FAZ40,60 Y MAS,ACTIVO,207083.04,ETHER,SPURS,Y79G54,4,0.0452
FA0Z49Z0L,00 A 06,IMPAGO,,#N/D,VIKING ARMOUR,B92375,#N/D,0.7838
LLO008ZZL,12 A 23,ACTIVO,250225.34,0,VIKING ARMOUR,B92375,1,0.4753
LVFA4494LO,12 A 23,IMPAGO,250225.34,0,VIKING ARMOUR,B92375,2,0.0008
L9ZLFA0ZZ,07 A 11,ACTIVO,,#N/D,SPURS,Y79G54,#N/D,0.6164
L404ZVLO0,24 A 47,ACTIVO,353766.86,GOLD,VIKING ARMOUR,B92375,4,0.8049
L08FA9LO89,60 Y MAS,ACTIVO,420637.425,0,VIKING ARMOUR,Y79G54,4,0.7742
LZMZM89LO,12 A 23,ACTIVO,232968.42,BITCOIN,SPURS,Y79G54,2,0.3504
L94ZV484,07 A 11,ACTIVO,412008.965,TYP2,VIKING ARMOUR,Y79G54,N,0.6744
L8L940LO9,07 A 11,IMPAGO,261010.915,GOLD,VIKING ARMOUR,JSF89A,4,0.483
LLFA4FA904,24 A 47,ACTIVO,228654.19,0,NAVAL,B92375,2,0.486
V0VFA40V0,24 A 47,ACTIVO,323567.25,BITCOIN,VIKING ARMOUR,B92375,4,0.1521
9L9VFA9L,60 Y MAS,ACTIVO,243753.995,0,SPURS,Y79G54,3,0.1742
LLOZFA8LOZZ,24 A 47,ACTIVO,461191.187,BITCOIN,VIKING ARMOUR,Y79G54,4,0.4312
LV9FA4080,12 A 23,ACTIVO,181197.66,GOLD,SPURS,Y79G54,2,0.8912
LO08080VL,60 Y MAS,BAJA,206220.194,GOLD,DRAGONS,90LD2,4,0.0331
L0V00Z,00 A 06,ACTIVO,250225.34,#N/D,VIKING ARMOUR,B92375,N,0.3828
LV9FA9000,07 A 11,ACTIVO,245479.687,GOLD,VIKING ARMOUR,JSF89A,2,0.1606
L8909094,00 A 06,ACTIVO,,0,VIKING ARMOUR,B92375,N,0.4678
L8ZM4008,00 A 06,ACTIVO,224339.96,GOLD,VIKING ARMOUR,JSF89A,N,0.9749
L90L088L,07 A 11,ACTIVO,150998.05,#N/D,SOIL,Y79G54,N,0.3035
V0Z00FA00,60 Y MAS,ACTIVO,194140.35,GOLD,DRAGONS,Y79G54,2,0.0849
L00L4ZZZ,60 Y MAS,ACTIVO,424951.655,0,VIKING ARMOUR,Y79G54,0,0.029
L9LLL040,00 A 06,IMPAGO,215711.5,TYP2,SPURS,Y79G54,N,0.6771
L80V40ZLO,12 A 23,ACTIVO,235125.535,#N/D,SPURS,Y79G54,2,0.7774
L9LVLZZ9,00 A 06,IMPAGO,187669.005,#N/D,SOIL,Y79G54,N,0.788
LLO4ZVLV8,12 A 23,IMPAGO,,#N/D,VIKING ARMOUR,B92375,#N/D,0.858
L94Z00FAV,07 A 11,activo,289053.41,#N/D,SPURS,Y79G54,N,0.8507
L88VLL48,00 A 06,ACTIVO,237282.65,#N/D,VIKING ARMOUR,B92375,N,0.5568
L8888LOZLO,00 A 06,ACTIVO,155312.28,#N/D,DRAGONS,Y79G54,N,0.1402
L88LO0FA9L,07 A 11,IMPAGO,282150.642,0,VIKING ARMOUR,JSF89A,N,0.4991
L84L0V94,12 A 23,ACTIVO,237282.65,#N/D,VIKING ARMOUR,B92375,1,0.582
L98ZMZZ4,00 A 06,ACTIVO,250225.34,#N/D,VIKING ARMOUR,B92375,N,0.1335
LO0Z0FA000,48 A 60,ACTIVO,275679.297,ETHER,NAVAL,90LD2,4,0.1198
FA00V00L4,00 A 06,IMPAGO,250225.34,#N/D,VIKING ARMOUR,B92375,N,0.3397
L9LZ90,07 A 11,ACTIVO,159626.51,BITCOIN,SPURS,Y79G54,N,0.4854
LLO89FA9,00 A 06,ACTIVO,159626.51,GOLD,SOIL,Y79G54,N,0.0736
L9Z4FA800,00 A 06,ACTIVO,172569.2,#N/D,DRAGONS,B92375,N,0.513
900VL044,60 Y MAS,activo,,#N/D,SPURS,90LD2,#N/D,0.1708
L9040LO00,00 A 06,ACTIVO,159626.51,#N/D,SPURS,Y79G54,N,0.3211
LZ0008L0,24 A 47,ACTIVO,155312.28,ETHER,DRAGONS,Y79G54,2,0.7801
L9LV0Z4Z,07 A 11,ACTIVO,159626.51,#N/D,SPURS,Y79G54,N,0.1822
LLFALLO00V,48 A 60,ACTIVO,159626.51,0,SOIL,Y79G54,0,0.5655
LV809LFAL,07 A 11,ACTIVO,332195.71,BITCOIN,VIKING ARMOUR,Y79G54,2,0.0951
LL40ZLFA0,24 A 47,activo,,#N/D,SPURS,Y79G54,#N/D,0.081
L9LO08V0Z,07 A 11,ACTIVO,237282.65,ETHER,SPURS,Y79G54,N,0.582
L88ZFA94Z,07 A 11,ACTIVO,157469.395,#N/D,SPURS,Y79G54,N,0.67
L904V80L,00 A 06,activo,,#N/D,DRAGONS,JSF89A,#N/D,0.2566
L9Z8984LO,07 A 11,IMPAGO,237282.65,#N/D,VIKING ARMOUR,B92375,N,0.7862
L90LOFALVV,00 A 06,ACTIVO,230811.305,TYP2,SOIL,Y79G54,N,0.5214
L89VLOZ48,00 A 06,ACTIVO,181197.66,#N/D,SPURS,Y79G54,N,0.5558
L80FA0V9LO,07 A 11,activo,,#N/D,DRAGONS,JSF89A,#N/D,0.0129
ZZVZ0VZ9,60 Y MAS,ACTIVO,267482.26,BITCOIN,VIKING ARMOUR,Y79G54,4,0.1776
LV804Z90,07 A 11,activo,,#N/D,SPURS,Y79G54,#N/D,0.7275
Z0L0L400,60 Y MAS,activo,250225.34,BITCOIN,DRAGONS,B92375,4,0.14
L9LO080ZFA,00 A 06,IMPAGO,340824.17,#N/D,VIKING ARMOUR,Y79G54,N,0.5544
L8ZM8LL0,00 A 06,IMPAGO,,#N/D,VIKING ARMOUR,Y79G54,#N/D,0.6331
L8LFA4ZVFA,12 A 23,ACTIVO,209240.155,GOLD,VIKING ARMOUR,B92375,1,0.1574
V008VLVFA,12 A 23,ACTIVO,,#N/D,SOIL,90LD2,#N/D,0.1368
ZZVVLLFAZ,60 Y MAS,ACTIVO,351609.745,BITCOIN,VIKING ARMOUR,JSF89A,4,0.0836
LLO44040FA,24 A 47,ACTIVO,140212.475,GOLD,DRAGONS,B92375,1,0.6993
L840LO40FA,12 A 23,ACTIVO,194140.35,#N/D,SOIL,Y79G54,2,0.1485
L8LO908LO0,00 A 06,ACTIVO,465936.84,ETHER,VIKING ARMOUR,Y79G54,N,0.498
L80ZLO0FAFA,07 A 11,IMPAGO,,#N/D,SPURS,JSF89A,#N/D,0.3109
L8804940,00 A 06,ACTIVO,444365.69,#N/D,VIKING ARMOUR,Y79G54,N,0.9741
L890LLO0Z,00 A 06,ACTIVO,168254.97,TYP2,SPURS,Y79G54,N,0.2894
LLVLOV0Z0,48 A 60,ACTIVO,207083.04,0,SPURS,Y79G54,4,0.9099
L8FAZ8LVZ,12 A 23,ACTIVO,273953.605,ETHER,VIKING ARMOUR,B92375,2,0.6257
L8LZ48FAFA,12 A 23,ACTIVO,273953.605,#N/D,VIKING ARMOUR,B92375,2,0.363
L9LO40ZM0,07 A 11,ACTIVO,181197.66,GOLD,SPURS,Y79G54,N,0.0877
L448LO0L0,24 A 47,ACTIVO,159626.51,GOLD,SOIL,Y79G54,2,0.4289
L9ZMZ8V0,00 A 06,IMPAGO,286896.295,0,VIKING ARMOUR,B92375,N,0.2325
L8FAZZLO00,12 A 23,ACTIVO,340824.17,GOLD,VIKING ARMOUR,Y79G54,2,0.2546
L9Z90VFALO,07 A 11,ACTIVO,172569.2,BITCOIN,SPURS,Y79G54,N,0.688
V8L8FA90,60 Y MAS,IMPAGO,276110.72,USD,VIKING ARMOUR,Y79G54,4,0.6918
L88L00LFA,00 A 06,ACTIVO,237282.65,#N/D,VIKING ARMOUR,B92375,N,0.6965
LZMLOVFAZ8,12 A 23,activo,250225.34,BITCOIN,VIKING ARMOUR,B92375,2,0.7605
L880Z9FA9,00 A 06,ACTIVO,181197.66,#N/D,SPURS,Y79G54,N,0.8889
LV900FAZ0,12 A 23,activo,,#N/D,VIKING ARMOUR,Y79G54,#N/D,0.0792
L04FAL0LL,48 A 60,ACTIVO,196297.465,0,SOIL,Y79G54,2,0.6283
L8890449,00 A 06,ACTIVO,168254.97,BITCOIN,VIKING ARMOUR,JSF89A,N,0.7625
LLZLO8LO4L,24 A 47,IMPAGO,295524.755,0,NAVAL,B92375,4,0.5357
LLO00FA9V4,12 A 23,ACTIVO,,#N/D,SPURS,Y79G54,#N/D,0.1209
L88LO0FA0FA,07 A 11,activo,,GOLD,VIKING ARMOUR,B92375,N,0.8808
900890LOFA,60 Y MAS,activo,,#N/D,VIKING ARMOUR,90LD2,#N/D,0.9204
L90400LOFA,00 A 06,ACTIVO,280424.95,#N/D,VIKING ARMOUR,Y79G54,N,0.0564
LZ0VFAV0L,24 A 47,IMPAGO,,#N/D,VIKING ARMOUR,B92375,#N/D,0.7143
LLLOZZVZ8,24 A 47,IMPAGO,,#N/D,SPURS,Y79G54,#N/D,0.1928
L9Z4FAZL9,00 A 06,ACTIVO,99227.29,#N/D,VIKING ARMOUR,B92375,N,0.9297
LVLOV9LO9V,12 A 23,ACTIVO,310624.56,BITCOIN,VIKING ARMOUR,Y79G54,2,0.2595
LV9FAVLOVLO,07 A 11,IMPAGO,129426.9,0,DRAGONS,JSF89A,2,0.3527
L9094888,00 A 06,ACTIVO,273953.605,#N/D,VIKING ARMOUR,B92375,N,0.9299
L9VVV4FA8,00 A 06,activo,,#N/D,VIKING ARMOUR,JSF89A,#N/D,0.5225
LV9FAVLOVLO,07 A 11,ACTIVO,129426.9,0,DRAGONS,JSF89A,2,0.6873
LZ9ZZ0L0,24 A 47,ACTIVO,291210.525,0,SPURS,Y79G54,3,0.1029
L9LOFAVL04,07 A 11,ACTIVO,159626.51,BITCOIN,VIKING ARMOUR,B92375,N,0.3757
LV8FA4400,07 A 11,ACTIVO,235125.535,0,SPURS,Y79G54,0,0.5079
L90400LOFA,07 A 11,IMPAGO,280424.95,#N/D,VIKING ARMOUR,Y79G54,N,0.0292
900LZM4,60 Y MAS,ACTIVO,246773.956,GOLD,VIKING ARMOUR,90LD2,4,0.1048
L9LO0FA884,07 A 11,ACTIVO,304153.215,0,VIKING ARMOUR,JSF89A,N,0.9633
LZ8Z880FA,24 A 47,ACTIVO,286896.295,TYP2,VIKING ARMOUR,B92375,2,0.7576
L8090094,07 A 11,ACTIVO,150998.05,GOLD,SOIL,Y79G54,1,0.4463
L90VZ00FA,00 A 06,ACTIVO,211397.27,ETHER,SPURS,Y79G54,N,0.7526
FA00ZLO00FA,00 A 06,ACTIVO,129426.9,0,DRAGONS,JSF89A,N,0.503
L90LO0Z4V,07 A 11,activo,,#N/D,SOIL,Y79G54,#N/D,0.1728
9000444V,60 Y MAS,IMPAGO,,#N/D,SPURS,90LD2,#N/D,0.3121
L8FALVZ84,12 A 23,ACTIVO,200611.695,#N/D,VIKING ARMOUR,B92375,1,0.9393
LFAZLO98FAV,24 A 47,ACTIVO,286896.295,ETHER,VIKING ARMOUR,B92375,4,0.9878
L44FA4LLO8,24 A 47,ACTIVO,327881.48,BITCOIN,VIKING ARMOUR,Y79G54,4,0.8802
LV90LFA0V,07 A 11,ACTIVO,273953.605,GOLD,VIKING ARMOUR,B92375,1,0.4619
LLLO44LO09,24 A 47,ACTIVO,243753.995,GOLD,SPURS,Y79G54,4,0.8485
L08Z8LVV,60 Y MAS,ACTIVO,358081.09,BITCOIN,VIKING ARMOUR,Y79G54,4,0.0612
L09LO0FALV,60 Y MAS,ACTIVO,189826.12,0,SPURS,Y79G54,3,0.4905
L949FAFA80,07 A 11,ACTIVO,120798.44,ETHER,SPURS,Y79G54,N,0.6544
90094L8V,60 Y MAS,activo,,#N/D,SPURS,90LD2,#N/D,0.6929
V00LZLOZ8,24 A 47,activo,213554.385,GOLD,VIKING ARMOUR,JSF89A,4,0.703
LLO04ZZFA8,12 A 23,ACTIVO,353766.86,ETHER,VIKING ARMOUR,Y79G54,4,0.5766
9000FALLLO,12 A 23,ACTIVO,367140.973,0,VIKING ARMOUR,90LD2,1,0.6278
ZVZMFAVL0,24 A 47,ACTIVO,267050.837,GOLD,VIKING ARMOUR,JSF89A,4,0.6061
900VZZLFA,07 A 11,BAJA,,#N/D,SPURS,90LD2,#N/D,0.7181
LV9FALOFA0L,07 A 11,ACTIVO,198454.58,0,SPURS,Y79G54,2,0.6146
L8ZMV9,00 A 06,ACTIVO,217868.615,ETHER,SPURS,Y79G54,N,0.0937
ZVLOL9ZMV,48 A 60,ACTIVO,267050.837,GOLD,VIKING ARMOUR,JSF89A,4,0.2198
L9004098,00 A 06,activo,,#N/D,SPURS,Y79G54,#N/D,0.6129
L8FAFA8V9LO,12 A 23,ACTIVO,522021.83,#N/D,VIKING ARMOUR,Y79G54,2,0.277
FA0VL9448,00 A 06,ACTIVO,,#N/D,DRAGONS,JSF89A,#N/D,0.0843
LLFAZMZFA8,24 A 47,ACTIVO,241596.88,BITCOIN,SPURS,Y79G54,4,0.4584
L08ZMLFA0,48 A 60,activo,,#N/D,DRAGONS,B92375,#N/D,0.1812
LLO4LL90LO,12 A 23,ACTIVO,196297.465,0,SOIL,Y79G54,1,0.9628
FA0ZVZ800,00 A 06,ACTIVO,,#N/D,#N/D,#N/D,#N/D,0.1682
494FA40,60 Y MAS,IMPAGO,229948.459,BITCOIN,DRAGONS,90LD2,2,0.4759
LO0ZV4LZ9,12 A 23,ACTIVO,135898.245,0,DRAGONS,90LD2,2,0.028
L0FAZZ80Z,48 A 60,ACTIVO,629877.58,0,VIKING ARMOUR,Y79G54,6,0.7445
L09V489FA,60 Y MAS,ACTIVO,207083.04,0,SPURS,Y79G54,3,0.0847
L9VLZ4LO9,00 A 06,activo,237282.65,#N/D,VIKING ARMOUR,B92375,N,0.1348
V04LV0LFA,60 Y MAS,ACTIVO,198454.58,GOLD,DRAGONS,90LD2,2,0.129
L94Z4VFALO,07 A 11,ACTIVO,317095.905,#N/D,VIKING ARMOUR,Y79G54,N,0.8461
L8L0V9VFA,12 A 23,ACTIVO,209240.155,#N/D,SPURS,Y79G54,1,0.6153
L8LLOZLO09,12 A 23,ACTIVO,172569.2,ETHER,SPURS,Y79G54,2,0.1609
L0FA9ZL00,48 A 60,ACTIVO,235125.535,0,SPURS,Y79G54,3,0.9492
L94FAVLOVFA,07 A 11,ACTIVO,172569.2,0,SPURS,JSF89A,N,0.4326
L9LO0FA8V8,00 A 06,activo,,#N/D,VIKING ARMOUR,B92375,#N/D,0.8857
900VL448,24 A 47,activo,,#N/D,SPURS,90LD2,#N/D,0.5029
LLV00ZL0,48 A 60,ACTIVO,237282.65,0,VIKING ARMOUR,B92375,2,0.7864
LLLOL4L,24 A 47,ACTIVO,159626.51,BITCOIN,SOIL,Y79G54,2,0.6255
L9FAZ090FA,00 A 06,ACTIVO,120798.44,#N/D,SPURS,Y79G54,N,0.8296
L8900LOZ0,00 A 06,ACTIVO,273953.605,GOLD,VIKING ARMOUR,B92375,N,0.9675
L040FAFA4LO,60 Y MAS,activo,103541.52,GOLD,DRAGONS,B92375,2,0.3224
L88ZFA988,00 A 06,ACTIVO,237282.65,#N/D,VIKING ARMOUR,B92375,N,0.4154
L890FA0L9,00 A 06,ACTIVO,187669.005,#N/D,SOIL,Y79G54,N,0.8042
L8V4LOL8FA,00 A 06,ACTIVO,125112.67,0,SOIL,JSF89A,N,0.7491
LV8LO4808,07 A 11,ACTIVO,428834.462,0,VIKING ARMOUR,Y79G54,3,0.6818
L04ZZLOFALO,48 A 60,ACTIVO,310624.56,0,VIKING ARMOUR,B92375,3,0.0623
L894VLLO0,07 A 11,ACTIVO,,#N/D,VIKING ARMOUR,B92375,#N/D,0.6825
LZLLO0098,24 A 47,IMPAGO,241596.88,0,VIKING ARMOUR,B92375,4,0.1554
V0FA9LLO4L,60 Y MAS,ACTIVO,286896.295,0,VIKING ARMOUR,B92375,4,0.2088
LZ0ZM094,24 A 47,ACTIVO,314938.79,0,VIKING ARMOUR,B92375,3,0.6452
L88VL488,00 A 06,ACTIVO,237282.65,#N/D,VIKING ARMOUR,B92375,N,0.3443
L884ZFAFAFA,00 A 06,ACTIVO,237282.65,GOLD,VIKING ARMOUR,B92375,N,0.0984
LLOZ0FALO0LO,24 A 47,ACTIVO,286896.295,TYP2,VIKING ARMOUR,B92375,4,0.4492
FA0ZLOVFA08,00 A 06,activo,,#N/D,VIKING ARMOUR,JSF89A,#N/D,0.0725
L9ZVL90V,07 A 11,ACTIVO,399929.121,#N/D,VIKING ARMOUR,Y79G54,N,0.8751
ZVZFALO0LOL,60 Y MAS,ACTIVO,172569.2,BITCOIN,SPURS,JSF89A,4,0.2511
L9LOFAZZLOFA,07 A 11,ACTIVO,237282.65,BITCOIN,VIKING ARMOUR,B92375,N,0.2367
LLO00LVLO0,12 A 23,ACTIVO,196297.465,0,SOIL,Y79G54,2,0.5385
LV4049,12 A 23,IMPAGO,,#N/D,VIKING ARMOUR,JSF89A,#N/D,0.9144
L980LOLL0,00 A 06,ACTIVO,129426.9,0,DRAGONS,JSF89A,N,0.2207
V9L0V94,60 Y MAS,ACTIVO,408557.581,BITCOIN,VIKING ARMOUR,Y79G54,4,0.2058
L9LOLZ49FA,07 A 11,ACTIVO,273953.605,GOLD,VIKING ARMOUR,B92375,N,0.8121
L84L0VL0,12 A 23,ACTIVO,273953.605,#N/D,VIKING ARMOUR,B92375,2,0.8334
L0848Z40,60 Y MAS,ACTIVO,241596.88,GOLD,SPURS,Y79G54,6,0.6733
L8ZL0V,07 A 11,IMPAGO,,#N/D,SPURS,Y79G54,#N/D,0.5927
L9VLOV808,00 A 06,IMPAGO,166097.855,0,DRAGONS,JSF89A,N,0.4571
LLOZ0FA9ZV,24 A 47,ACTIVO,250225.34,0,VIKING ARMOUR,B92375,1,0.6244
FA0ZLO8ZZFA,00 A 06,activo,,#N/D,VIKING ARMOUR,B92375,#N/D,0.9756
LLO440ZZM,12 A 23,ACTIVO,103541.52,0,DRAGONS,B92375,1,0.6005
FA0LOL40V0,00 A 06,ACTIVO,,#N/D,SPURS,Y79G54,#N/D,0.2536
LLOZ9V4FAV,12 A 23,ACTIVO,372749.472,0,VIKING ARMOUR,Y79G54,0,0.4202
LL4LLO004,24 A 47,ACTIVO,323567.25,0,VIKING ARMOUR,B92375,4,0.6472
9FAV0L44,60 Y MAS,ACTIVO,560849.9,BITCOIN,VIKING ARMOUR,Y79G54,4,0.893
LLO4ZFALL8,24 A 47,ACTIVO,125112.67,0,VIKING ARMOUR,JSF89A,1,0.1452
LLOVL804L,12 A 23,IMPAGO,286896.295,GOLD,VIKING ARMOUR,B92375,2,0.5431
L94L0FAFAL,00 A 06,IMPAGO,217868.615,#N/D,SPURS,Y79G54,N,0.8082
L8FA0V8LOZ,12 A 23,ACTIVO,,#N/D,SPURS,Y79G54,#N/D,0.4984
L9FAFAFA9Z0,00 A 06,activo,,#N/D,SPURS,Y79G54,#N/D,0.1231
L8LLO08L0,07 A 11,ACTIVO,295524.755,TYP2,VIKING ARMOUR,Y79G54,2,0.9111
LLOV9FAFAFA9,12 A 23,activo,362395.32,GOLD,VIKING ARMOUR,Y79G54,4,0.8575
LL0FALOZ00,48 A 60,ACTIVO,250225.34,0,VIKING ARMOUR,B92375,4,0.2692
L9L844,00 A 06,ACTIVO,,#N/D,SPURS,Y79G54,#N/D,0.0305
LLV0FA84L,48 A 60,ACTIVO,340824.17,0,VIKING ARMOUR,Y79G54,4,0.7036
LLO48Z8V8,24 A 47,ACTIVO,250225.34,0,VIKING ARMOUR,B92375,0,0.2224
LV8800ZLO,12 A 23,ACTIVO,237282.65,0,VIKING ARMOUR,B92375,1,0.7837
L4FAFAFA088,24 A 47,ACTIVO,258853.8,USD,NAVAL,B92375,4,0.5305
L9LO4FA4L4,07 A 11,ACTIVO,189826.12,BITCOIN,SPURS,Y79G54,N,0.64
94LZ000,60 Y MAS,IMPAGO,,#N/D,SOIL,Y79G54,#N/D,0.9316
L9V8L049,00 A 06,activo,,#N/D,SPURS,Y79G54,#N/D,0.4997
L0V0LLOVZ,48 A 60,ACTIVO,140212.475,0,DRAGONS,B92375,2,0.9472
LFA88809Z,24 A 47,ACTIVO,196297.465,USD,SOIL,Y79G54,2,0.8059
L8LO980FAV,00 A 06,ACTIVO,237282.65,#N/D,VIKING ARMOUR,B92375,N,0.1287
L9Z0000L,07 A 11,ACTIVO,159626.51,BITCOIN,VIKING ARMOUR,B92375,N,0.7347
LLOZV4000,12 A 23,IMPAGO,,#N/D,VIKING ARMOUR,B92375,#N/D,0.6603
8FA04LOVL,60 Y MAS,IMPAGO,401223.39,TYP2,VIKING ARMOUR,Y79G54,4,0.3601
LV8800ZLO,07 A 11,ACTIVO,237282.65,0,VIKING ARMOUR,B92375,1,0.5595
LLO00LO00L,12 A 23,ACTIVO,437894.345,TYP2,VIKING ARMOUR,Y79G54,4,0.0174
LLOFAFAFAFALO8,24 A 47,ACTIVO,450405.612,GOLD,VIKING ARMOUR,Y79G54,4,0.3695
FA0FAV9048,00 A 06,ACTIVO,,#N/D,VIKING ARMOUR,B92375,#N/D,0.3867
L9LLL8VFA,00 A 06,IMPAGO,260148.069,#N/D,VIKING ARMOUR,JSF89A,N,0.0502
L08LO94,60 Y MAS,ACTIVO,196297.465,BITCOIN,SOIL,Y79G54,2,0.0898
L90ZMV4Z,00 A 06,ACTIVO,237282.65,GOLD,VIKING ARMOUR,B92375,N,0.401
L08LO8L,48 A 60,activo,140212.475,0,DRAGONS,B92375,1,0.1546
LLOZLL8ZFA,24 A 47,ACTIVO,323567.25,0,VIKING ARMOUR,B92375,4,0.5734
FA0440Z0LO,00 A 06,activo,,#N/D,SPURS,Y79G54,#N/D,0.064
L00LO0VFA9,60 Y MAS,IMPAGO,243753.995,0,SPURS,Y79G54,4,0.8643
ZZV0VVLO4,60 Y MAS,ACTIVO,101815.828,0,SOIL,90LD2,2,0.6931
L8009VZV,07 A 11,BAJA,191983.235,0,DRAGONS,Y79G54,2,0.7388
L8LOZZM8L,07 A 11,ACTIVO,,#N/D,VIKING ARMOUR,B92375,#N/D,0.5973
LLZ00Z0V,24 A 47,ACTIVO,155312.28,BITCOIN,SOIL,B92375,2,0.8684
L944V0Z0,07 A 11,ACTIVO,273953.605,#N/D,VIKING ARMOUR,B92375,N,0.0409
80L8Z4FALO,24 A 47,IMPAGO,,#N/D,NAVAL,90LD2,#N/D,0.3075
LLOFAZ80V8,24 A 47,ACTIVO,286896.295,GOLD,VIKING ARMOUR,B92375,4,0.3454
L8FA909Z0,12 A 23,ACTIVO,401223.39,ETHER,VIKING ARMOUR,Y79G54,2,0.306
L800L4V4,07 A 11,ACTIVO,157469.395,GOLD,SPURS,Y79G54,2,0.8076
LLOV0VLOL9,12 A 23,ACTIVO,189826.12,BITCOIN,SPURS,Y79G54,1,0.0231
L8FAZ00FAFA,12 A 23,IMPAGO,157469.395,TYP2,SPURS,Y79G54,1,0.4704
LL00FAZ09,48 A 60,activo,250225.34,GOLD,VIKING ARMOUR,B92375,4,0.0107
LZV804,24 A 47,ACTIVO,351609.745,0,VIKING ARMOUR,Y79G54,3,0.9001
L8VFA4LO8L,00 A 06,ACTIVO,273953.605,#N/D,VIKING ARMOUR,B92375,N,0.9543
L9L04LO4V,07 A 11,IMPAGO,120798.44,#N/D,SPURS,Y79G54,N,0.1079
L8FAFALLL0,07 A 11,ACTIVO,258853.8,TYP2,SPURS,Y79G54,2,0.6144
L940004Z,07 A 11,ACTIVO,237282.65,#N/D,VIKING ARMOUR,B92375,N,0.968
L8FAL0004,07 A 11,activo,,#N/D,SOIL,Y79G54,#N/D,0.6367
LLVVFAZM8,48 A 60,ACTIVO,159626.51,ETHER,SOIL,Y79G54,2,0.8405
LLFA00000,24 A 47,ACTIVO,207083.04,TYP2,SPURS,Y79G54,4,0.076
L8V0ZVV4,00 A 06,ACTIVO,237282.65,#N/D,VIKING ARMOUR,B92375,N,0.7722
LLOZ4098FA,24 A 47,ACTIVO,176883.43,0,DRAGONS,B92375,2,0.468
LZMLOLL4LO,12 A 23,ACTIVO,159626.51,BITCOIN,SOIL,Y79G54,1,0.6987
LVVLO9898,12 A 23,ACTIVO,129426.9,0,DRAGONS,JSF89A,2,0.9437
L8ZLOZ8V0,07 A 11,IMPAGO,237282.65,#N/D,VIKING ARMOUR,B92375,2,0.5438
L880LO8L8,07 A 11,activo,,#N/D,SPURS,Y79G54,#N/D,0.7696
L94000,07 A 11,ACTIVO,273953.605,#N/D,VIKING ARMOUR,B92375,N,0.5253
L840LLFAFA,07 A 11,IMPAGO,,#N/D,VIKING ARMOUR,Y79G54,#N/D,0.6913
FA09L80VLO,00 A 06,activo,,#N/D,VIKING ARMOUR,JSF89A,#N/D,0.0874
LVV9LFAZZ,07 A 11,ACTIVO,166097.855,0,DRAGONS,JSF89A,2,0.6976
LV908000,07 A 11,ACTIVO,198454.58,0,SPURS,Y79G54,0,0.0936
V4V000LO,60 Y MAS,BAJA,207083.04,BITCOIN,SPURS,Y79G54,4,0.5051
L94L9L88,07 A 11,ACTIVO,237282.65,#N/D,VIKING ARMOUR,B92375,N,0.7744
L8FAFA4000,12 A 23,ACTIVO,150998.05,#N/D,SOIL,Y79G54,1,0.5538
L88VFA089,00 A 06,activo,,#N/D,VIKING ARMOUR,B92375,#N/D,0.3225
L90LO0Z4V,07 A 11,IMPAGO,,#N/D,SOIL,Y79G54,#N/D,0.4859
V09FAV4LOZ,48 A 60,ACTIVO,228654.19,0,NAVAL,B92375,2,0.8344
4840LLV,60 Y MAS,IMPAGO,440051.46,GOLD,DRAGONS,90LD2,2,0.2471
L8LVLO944,12 A 23,ACTIVO,366709.55,#N/D,VIKING ARMOUR,Y79G54,2,0.0271
L9LO0FA840,07 A 11,ACTIVO,150998.05,#N/D,SOIL,Y79G54,N,0.1062
L0FAZ80ZFA,48 A 60,ACTIVO,235125.535,0,SPURS,Y79G54,4,0.1692
9004FA4V0,60 Y MAS,BAJA,,#N/D,VIKING ARMOUR,90LD2,#N/D,0.3667
LLO448L9Z,12 A 23,IMPAGO,250225.34,0,VIKING ARMOUR,B92375,1,0.7976
L8VL809FA,07 A 11,IMPAGO,,#N/D,VIKING ARMOUR,B92375,#N/D,0.7879
L8LLO9Z0LO,12 A 23,BAJA,172569.2,#N/D,SPURS,Y79G54,2,0.5903
L0Z8FAFA4Z,48 A 60,ACTIVO,286896.295,GOLD,VIKING ARMOUR,B92375,4,0.2137
L09LO80L0,60 Y MAS,ACTIVO,140212.475,ETHER,DRAGONS,B92375,2,0.5038
L8V4V8VV,00 A 06,ACTIVO,237282.65,#N/D,VIKING ARMOUR,B92375,N,0.8676
L08LOZ8FA9,60 Y MAS,ACTIVO,198454.58,0,SPURS,Y79G54,2,0.5397
L80LOLL0L,12 A 23,ACTIVO,172569.2,ETHER,SPURS,Y79G54,1,0.5504
FA0VFA8FA4Z,00 A 06,IMPAGO,,#N/D,DRAGONS,B92375,#N/D,0.9407
8004LFA9,60 Y MAS,IMPAGO,401223.39,GOLD,VIKING ARMOUR,B92375,6,0.3244
L8FA0FA49LO,07 A 11,IMPAGO,,#N/D,VIKING ARMOUR,B92375,#N/D,0.4728
LVFA9LZ80,12 A 23,IMPAGO,446522.805,0,VIKING ARMOUR,Y79G54,4,0.6843
LLZZM0,48 A 60,ACTIVO,353766.86,GOLD,VIKING ARMOUR,Y79G54,4,0.6724
80LV8FAZ0,24 A 47,ACTIVO,185943.313,0,DRAGONS,90LD2,2,0.3644
LV9ZLO04LO,12 A 23,IMPAGO,,#N/D,VIKING ARMOUR,B92375,#N/D,0.6203
LVZZLO40Z,12 A 23,ACTIVO,226497.075,0,SPURS,Y79G54,1,0.6351
L00L44FALO,60 Y MAS,ACTIVO,235125.535,USD,SPURS,Y79G54,4,0.815
LV9ZZ8V9,12 A 23,ACTIVO,235125.535,0,SPURS,Y79G54,1,0.8799
L8V4Z4LOV,00 A 06,ACTIVO,237282.65,#N/D,VIKING ARMOUR,B92375,N,0.3049
LLOL04FAV0,12 A 23,ACTIVO,250225.34,0,VIKING ARMOUR,B92375,0,0.7636
L0FAVLVLO9,48 A 60,ACTIVO,237282.65,0,VIKING ARMOUR,B92375,2,0.7791
L80LVFAFA4,12 A 23,ACTIVO,172569.2,#N/D,SPURS,Y79G54,1,0.1523
LV9Z9FA84,12 A 23,IMPAGO,,#N/D,DRAGONS,B92375,#N/D,0.342
LV89VZ44,07 A 11,ACTIVO,129426.9,0,DRAGONS,JSF89A,1,0.0371
V00LO0Z0LO,12 A 23,ACTIVO,276973.566,0,VIKING ARMOUR,90LD2,4,0.5403
LZZ9FA04V,24 A 47,activo,,#N/D,DRAGONS,Y79G54,#N/D,0.3495
L8LOV80V0,00 A 06,ACTIVO,237282.65,GOLD,VIKING ARMOUR,B92375,N,0.1542
L8000ZML,12 A 23,ACTIVO,237282.65,BITCOIN,VIKING ARMOUR,B92375,1,0.0446
LV8LO0V00,07 A 11,ACTIVO,146683.82,0,VIKING ARMOUR,Y79G54,1,0.9832
FA00L9FA09,00 A 06,IMPAGO,125112.67,#N/D,SPURS,Y79G54,N,0.2849
L90FAVL4L,00 A 06,ACTIVO,99227.29,#N/D,DRAGONS,B92375,N,0.6443
9008Z8VV,60 Y MAS,activo,,#N/D,VIKING ARMOUR,90LD2,#N/D,0.4093
ZZVVZ000,60 Y MAS,BAJA,161783.625,0,DRAGONS,90LD2,2,0.0453
L84Z0LLFA,07 A 11,IMPAGO,289053.41,#N/D,VIKING ARMOUR,Y79G54,2,0.7246
L9Z09Z00,00 A 06,ACTIVO,,#N/D,VIKING ARMOUR,Y79G54,#N/D,0.6128
L94LV9FA9,07 A 11,ACTIVO,258853.8,#N/D,SPURS,Y79G54,N,0.01
LLO0094ZLO,24 A 47,IMPAGO,125112.67,BITCOIN,VIKING ARMOUR,JSF89A,2,0.1057
L9LOFA4FA4LO,07 A 11,ACTIVO,252382.455,#N/D,SPURS,Y79G54,N,0.6168
LVL0LO008,12 A 23,ACTIVO,,#N/D,VIKING ARMOUR,Y79G54,#N/D,0.447
L80FAFA0FA0,07 A 11,IMPAGO,350315.476,#N/D,VIKING ARMOUR,Y79G54,4,0.8884
LLOLLZ9VL,12 A 23,ACTIVO,189826.12,BITCOIN,SPURS,Y79G54,1,0.6353
LLZ4FAFA,00 A 06,IMPAGO,194140.35,GOLD,SOIL,Y79G54,N,0.8369
ZVLOFALVFA9,24 A 47,IMPAGO,323135.827,GOLD,VIKING ARMOUR,JSF89A,4,0.4456
L8VLO40LO0,00 A 06,activo,181197.66,BITCOIN,SPURS,Y79G54,N,0.6808
LLLOZZVZ8,48 A 60,ACTIVO,,#N/D,SPURS,Y79G54,#N/D,0.5531
L9Z494FA9,07 A 11,ACTIVO,237282.65,BITCOIN,VIKING ARMOUR,B92375,N,0.8995
94FA8809,60 Y MAS,ACTIVO,140212.475,GOLD,DRAGONS,B92375,2,0.8169
LV88V844,07 A 11,ACTIVO,166097.855,0,DRAGONS,JSF89A,2,0.4233
L9408448,00 A 06,IMPAGO,323567.25,#N/D,VIKING ARMOUR,B92375,N,0.4231
LLO08LV,12 A 23,ACTIVO,286896.295,ETHER,VIKING ARMOUR,B92375,2,0.0984
LV8LOZ4LLO,07 A 11,ACTIVO,289053.41,ETHER,SOIL,Y79G54,1,0.3125
FA0FAFAL9Z9,00 A 06,IMPAGO,345138.4,0,SPURS,Y79G54,N,0.709
L8ZM09LOL,00 A 06,ACTIVO,237282.65,#N/D,VIKING ARMOUR,B92375,N,0.7955
LVV8908Z,07 A 11,ACTIVO,237282.65,ETHER,VIKING ARMOUR,B92375,2,0.9147
V09VV4ZM,48 A 60,ACTIVO,232105.574,0,VIKING ARMOUR,90LD2,4,0.6325
LV9L0FA98,07 A 11,ACTIVO,284739.18,ETHER,VIKING ARMOUR,Y79G54,2,0.5373
LO0FA0LO89L,60 Y MAS,ACTIVO,189826.12,TYP2,DRAGONS,Y79G54,2,0.0769
L04Z9V,00 A 06,ACTIVO,215711.5,#N/D,VIKING ARMOUR,B92375,N,0.2312
FA0VZ4LO0LO,00 A 06,IMPAGO,,#N/D,SPURS,Y79G54,#N/D,0.9716
L8FA90FA49,12 A 23,ACTIVO,217868.615,#N/D,SPURS,Y79G54,2,0.4879
LO0LO0VZ08,48 A 60,ACTIVO,216574.346,BITCOIN,VIKING ARMOUR,90LD2,3,0.2296
9000LV8Z,60 Y MAS,ACTIVO,1163116.408,0,VIKING ARMOUR,90LD2,2,0.5697
800V8LFA8,60 Y MAS,activo,34513.84,0,DRAGONS,90LD2,2,0.377
Z08LO94VZ,60 Y MAS,ACTIVO,207083.04,BITCOIN,DRAGONS,Y79G54,2,0.9138
LO09V8VFA9,60 Y MAS,IMPAGO,159626.51,GOLD,SOIL,Y79G54,2,0.1017
L80L0LOLFA,07 A 11,ACTIVO,245479.687,0,VIKING ARMOUR,JSF89A,2,0.4414
LVV9ZL0LO,07 A 11,activo,,#N/D,DRAGONS,Y79G54,#N/D,0.1663
LLOZ8V90V,12 A 23,ACTIVO,286896.295,BITCOIN,VIKING ARMOUR,B92375,4,0.2201
LZ4Z8FA8FA,24 A 47,ACTIVO,207083.04,0,SPURS,Y79G54,4,0.7262
LL088809,48 A 60,activo,,#N/D,VIKING ARMOUR,B92375,#N/D,0.2502
L8FAZ4ZVL,12 A 23,ACTIVO,120798.44,#N/D,SPURS,Y79G54,1,0.2518
L8080080,12 A 23,IMPAGO,420637.425,#N/D,VIKING ARMOUR,Y79G54,4,0.3447
L84LOLFA44,07 A 11,activo,,#N/D,SPURS,Y79G54,#N/D,0.4889
L8LOZL0ZFA,07 A 11,ACTIVO,237282.65,#N/D,VIKING ARMOUR,B92375,2,0.569
L8LO9FA448,00 A 06,ACTIVO,159626.51,#N/D,SOIL,Y79G54,N,0.0902
L090V4LO4,48 A 60,ACTIVO,159626.51,0,SOIL,Y79G54,2,0.0623
LO0LO4VLO0V,12 A 23,activo,,#N/D,DRAGONS,90LD2,#N/D,0.8129
L404ZL,24 A 47,ACTIVO,159626.51,BITCOIN,SOIL,Y79G54,2,0.2893
L8L8VV,12 A 23,ACTIVO,159626.51,BITCOIN,SOIL,Y79G54,2,0.4525
L8V0LOV9FA,00 A 06,ACTIVO,159626.51,0,SPURS,Y79G54,N,0.6677
L8880VLL,00 A 06,activo,,#N/D,VIKING ARMOUR,B92375,#N/D,0.6012
L9Z9ZZ4V,00 A 06,ACTIVO,207083.04,#N/D,VIKING ARMOUR,B92375,N,0.2498
V09FA0404,60 Y MAS,ACTIVO,207083.04,GOLD,DRAGONS,B92375,2,0.4377
LV9L0ZL0,07 A 11,activo,284739.18,0,VIKING ARMOUR,Y79G54,2,0.5585
LO04880V0,60 Y MAS,ACTIVO,141075.321,BITCOIN,DRAGONS,90LD2,2,0.5453
LZ00FA88FA,24 A 47,ACTIVO,228654.19,ETHER,NAVAL,B92375,2,0.7981
LLFA9LOZLV,24 A 47,ACTIVO,267482.26,BITCOIN,SPURS,Y79G54,4,0.1464
LLOL9489FA,24 A 47,ACTIVO,250225.34,ETHER,VIKING ARMOUR,B92375,2,0.3659
LLVVLOLLOL,48 A 60,ACTIVO,258853.8,BITCOIN,NAVAL,B92375,4,0.9456
L9ZLOL00V,07 A 11,activo,273953.605,#N/D,VIKING ARMOUR,B92375,N,0.6176
LL4FALOZL9,48 A 60,BAJA,314938.79,BITCOIN,VIKING ARMOUR,Y79G54,4,0.1669
L9Z00LFAZ,00 A 06,IMPAGO,,#N/D,SOIL,Y79G54,#N/D,0.9128
L004LO8,60 Y MAS,activo,,#N/D,VIKING ARMOUR,B92375,#N/D,0.9699
L898800V,00 A 06,IMPAGO,,#N/D,SPURS,Y79G54,#N/D,0.8324
L8FA0LO0FA4,12 A 23,ACTIVO,99227.29,#N/D,DRAGONS,B92375,2,0.5805
LL490VZLO,24 A 47,IMPAGO,,#N/D,VIKING ARMOUR,B92375,#N/D,0.6315
LV0L000Z,12 A 23,IMPAGO,226497.075,GOLD,SPURS,Y79G54,2,0.6111
ZZ40ZVV9,60 Y MAS,IMPAGO,138486.783,0,SOIL,90LD2,1,0.6942
FAL8LOVL,60 Y MAS,ACTIVO,133741.13,BITCOIN,DRAGONS,B92375,2,0.6634
LZ0ZZ80FA,24 A 47,ACTIVO,278267.835,GOLD,VIKING ARMOUR,B92375,4,0.9146
V0LLLV8V,60 Y MAS,ACTIVO,107855.75,0,DRAGONS,90LD2,2,0.0173
L9ZLFAL8LO,07 A 11,ACTIVO,245479.687,GOLD,VIKING ARMOUR,JSF89A,N,0.3728
L0ZFA0FA8Z,48 A 60,IMPAGO,551358.594,0,VIKING ARMOUR,Y79G54,6,0.962
L9FA4V9LO0,00 A 06,ACTIVO,217868.615,#N/D,SPURS,Y79G54,N,0.1931
LO0LOL8LOVFA,60 Y MAS,ACTIVO,169117.816,0,NAVAL,90LD2,2,0.3689
LZ0LO8FALOFA,24 A 47,IMPAGO,103541.52,GOLD,DRAGONS,B92375,2,0.6421
LO0LOZ00LO9,12 A 23,ACTIVO,88441.715,0,DRAGONS,90LD2,2,0.6682
L8L004FA0,12 A 23,ACTIVO,237282.65,BITCOIN,VIKING ARMOUR,B92375,2,0.6933
L08V49ZM,60 Y MAS,ACTIVO,198454.58,BITCOIN,SPURS,Y79G54,4,0.6954
80LO9LO40,60 Y MAS,ACTIVO,133741.13,ETHER,DRAGONS,B92375,2,0.5013
L094LL09,60 Y MAS,ACTIVO,267482.26,ETHER,VIKING ARMOUR,B92375,4,0.3167
LLO89ZLOFA8,12 A 23,ACTIVO,286896.295,BITCOIN,VIKING ARMOUR,B92375,4,0.5138
L88909LO0,00 A 06,ACTIVO,180766.237,TYP2,SPURS,JSF89A,N,0.2704
LZ09Z4ZFA,24 A 47,IMPAGO,,#N/D,VIKING ARMOUR,B92375,#N/D,0.8155
LLO00FAFA09,24 A 47,BAJA,323567.25,ETHER,VIKING ARMOUR,B92375,4,0.5734
8009FAZFA9,48 A 60,activo,,#N/D,VIKING ARMOUR,JSF89A,#N/D,0.6935
L8L09Z00,07 A 11,IMPAGO,,#N/D,VIKING ARMOUR,Y79G54,#N/D,0.6802
L90LFA4ZLO,07 A 11,IMPAGO,370592.357,#N/D,VIKING ARMOUR,Y79G54,N,0.7932
LZ00LZFA4,24 A 47,activo,,#N/D,VIKING ARMOUR,B92375,#N/D,0.8924
L944Z0LLO,00 A 06,IMPAGO,181197.66,#N/D,SPURS,Y79G54,N,0.878
L9Z088LV,07 A 11,ACTIVO,258853.8,ETHER,SPURS,Y79G54,N,0.6629
LVV0049Z,12 A 23,IMPAGO,310624.56,BITCOIN,VIKING ARMOUR,Y79G54,2,0.0717
LV8FA80LZ,07 A 11,ACTIVO,245911.11,BITCOIN,SPURS,Y79G54,0,0.1686
V0880V40,60 Y MAS,activo,,#N/D,VIKING ARMOUR,JSF89A,#N/D,0.4402
L4Z4FA900,24 A 47,activo,,#N/D,VIKING ARMOUR,B92375,#N/D,0.5153
L9ZVFA00L,07 A 11,ACTIVO,,#N/D,VIKING ARMOUR,B92375,#N/D,0.4332
L90FALLOFAL,00 A 06,ACTIVO,468093.955,#N/D,VIKING ARMOUR,Y79G54,N,0.8064
LV8894LOZ,07 A 11,ACTIVO,217868.615,ETHER,SPURS,Y79G54,2,0.6284
L8V80FA04,00 A 06,ACTIVO,150998.05,GOLD,SPURS,JSF89A,N,0.1718
LV90FAFAZ9,07 A 11,ACTIVO,282150.642,0,VIKING ARMOUR,JSF89A,3,0.2048
FA0ZL9ZVL,00 A 06,IMPAGO,,#N/D,SPURS,Y79G54,#N/D,0.7625
L94Z0LL9,07 A 11,ACTIVO,237282.65,#N/D,VIKING ARMOUR,B92375,N,0.7382
LL4L9VFA0,24 A 47,activo,,#N/D,VIKING ARMOUR,B92375,#N/D,0.353
L9Z8LL44,07 A 11,ACTIVO,159626.51,GOLD,VIKING ARMOUR,B92375,N,0.5777
L89094ZV,00 A 06,ACTIVO,181197.66,#N/D,SPURS,Y79G54,N,0.7552
LLO9LOV09FA,12 A 23,ACTIVO,286896.295,0,VIKING ARMOUR,B92375,2,0.2158
LVZM0000,12 A 23,IMPAGO,312781.675,GOLD,VIKING ARMOUR,Y79G54,4,0.1853
L8VLOL0LFA,07 A 11,activo,,#N/D,VIKING ARMOUR,B92375,#N/D,0.2681
LL889LOFAL,24 A 47,ACTIVO,207083.04,ETHER,SPURS,Y79G54,2,0.4332
L8LO8LVVL,00 A 06,ACTIVO,325724.365,#N/D,VIKING ARMOUR,Y79G54,N,0.6921
FA0V9Z0,00 A 06,activo,,#N/D,SPURS,JSF89A,#N/D,0.1478
FA004ZLLFA,00 A 06,ACTIVO,215711.5,#N/D,VIKING ARMOUR,B92375,N,0.6314
L9L009FA0,07 A 11,IMPAGO,,#N/D,VIKING ARMOUR,B92375,#N/D,0.4337
9ZZ98,60 Y MAS,ACTIVO,412008.965,0,VIKING ARMOUR,B92375,4,0.0692
LVL4V0VFA,12 A 23,IMPAGO,286896.295,0,VIKING ARMOUR,B92375,0,0.2904
L8V0LFA0Z,07 A 11,ACTIVO,273953.605,#N/D,VIKING ARMOUR,B92375,N,0.1721
L9ZZ44LOZ,07 A 11,ACTIVO,159626.51,BITCOIN,SPURS,Y79G54,N,0.2024
L9ZFAV448,07 A 11,ACTIVO,325724.365,GOLD,VIKING ARMOUR,Y79G54,N,0.4747
L8LLOV0VZ,12 A 23,ACTIVO,150998.05,#N/D,SOIL,Y79G54,2,0.3541
L8Z4FAV00,07 A 11,IMPAGO,,#N/D,SPURS,Y79G54,#N/D,0.1222
L808LO444,12 A 23,activo,,#N/D,SPURS,Y79G54,#N/D,0.4692
LV909VV4,07 A 11,ACTIVO,273953.605,0,VIKING ARMOUR,B92375,1,0.002
L0ZMLFA9Z,48 A 60,ACTIVO,241596.88,0,SPURS,Y79G54,3,0.4622
L8LOZ90FAZ,00 A 06,ACTIVO,269639.375,0,NAVAL,JSF89A,N,0.6362
L9FAFA09ZL,07 A 11,ACTIVO,,#N/D,SOIL,Y79G54,#N/D,0.396
L94LFAV09,07 A 11,ACTIVO,237282.65,#N/D,VIKING ARMOUR,B92375,N,0.3502
L8LO9FAV00,00 A 06,ACTIVO,150998.05,BITCOIN,SOIL,Y79G54,N,0.7959
LFALO0LZ0Z,24 A 47,ACTIVO,103541.52,0,DRAGONS,B92375,1,0.9386
LLOZ88900,12 A 23,IMPAGO,,#N/D,DRAGONS,B92375,#N/D,0.8842
L9489489,07 A 11,ACTIVO,295524.755,#N/D,SPURS,Y79G54,N,0.7799
L908V9FAL,00 A 06,ACTIVO,237282.65,#N/D,VIKING ARMOUR,B92375,N,0.0426
LFA809LLV,24 A 47,ACTIVO,250225.34,GOLD,VIKING ARMOUR,B92375,4,0.3517
LLOLZFA0LO0,24 A 47,ACTIVO,286896.295,0,VIKING ARMOUR,B92375,1,0.4145
L8440FALOV,07 A 11,ACTIVO,482762.337,0,VIKING ARMOUR,Y79G54,2,0.9292
L9LOLZ094,00 A 06,IMPAGO,260148.069,0,VIKING ARMOUR,JSF89A,N,0.6555
L8909LO0V,00 A 06,ACTIVO,224339.96,BITCOIN,SPURS,Y79G54,N,0.4298
L9Z0LOLZL,07 A 11,ACTIVO,506922.025,#N/D,VIKING ARMOUR,Y79G54,N,0.3484
LLOL00ZLOZ,12 A 23,ACTIVO,,#N/D,DRAGONS,Y79G54,#N/D,0.3143
90ZZ89FA,60 Y MAS,BAJA,286896.295,ETHER,VIKING ARMOUR,B92375,4,0.3888
LV09FALFAZ,12 A 23,IMPAGO,273953.605,0,VIKING ARMOUR,B92375,2,0.4088
LLOZZ9844,12 A 23,activo,,#N/D,SPURS,Y79G54,#N/D,0.2059
LV984LOVZ,07 A 11,ACTIVO,99227.29,0,VIKING ARMOUR,B92375,0,0.3615
LZZV8LOFA9,24 A 47,ACTIVO,286896.295,0,VIKING ARMOUR,B92375,3,0.5883
LVLOVVFALO0,12 A 23,activo,,#N/D,SOIL,Y79G54,#N/D,0.3182
LLO00FA0LL,12 A 23,ACTIVO,267482.26,BITCOIN,SPURS,Y79G54,4,0.7033
L0V4Z0LZ,48 A 60,ACTIVO,664391.42,BITCOIN,VIKING ARMOUR,Y79G54,4,0.3331
L09LO49FA4,48 A 60,ACTIVO,323567.25,0,VIKING ARMOUR,B92375,3,0.3376
L90VZL09,00 A 06,ACTIVO,224339.96,0,VIKING ARMOUR,JSF89A,N,0.7681
L8VV9FAFAV,07 A 11,ACTIVO,273953.605,#N/D,VIKING ARMOUR,B92375,N,0.736
L98VLO90V,00 A 06,ACTIVO,189826.12,#N/D,SPURS,Y79G54,N,0.7714
LL40Z00LO,24 A 47,ACTIVO,377495.125,0,VIKING ARMOUR,Y79G54,4,0.7672
L98LOL9,00 A 06,IMPAGO,159626.51,ETHER,SOIL,Y79G54,N,0.6081
LVV8ZLLOV,07 A 11,ACTIVO,237282.65,BITCOIN,VIKING ARMOUR,B92375,1,0.9353
LV9FALO4L0,12 A 23,IMPAGO,150998.05,0,SOIL,Y79G54,0,0.8654
LVL0V0VFA,12 A 23,ACTIVO,396909.16,GOLD,VIKING ARMOUR,Y79G54,3,0.4217
LLFAV9480,24 A 47,ACTIVO,159626.51,BITCOIN,SOIL,Y79G54,2,0.7578
FA0FA8ZMLLO,00 A 06,activo,250225.34,0,VIKING ARMOUR,B92375,N,0.6242
900ZLO0FAL,24 A 47,BAJA,,#N/D,SPURS,90LD2,#N/D,0.4841
LLZ04VLOL,24 A 47,ACTIVO,377495.125,BITCOIN,VIKING ARMOUR,B92375,6,0.8682
L9LO09VFA8,07 A 11,ACTIVO,150998.05,#N/D,SOIL,Y79G54,N,0.292
L9LOLLOL8FA,00 A 06,BAJA,209240.155,TYP2,SPURS,JSF89A,N,0.3783
LLFA0Z4LLO,24 A 47,ACTIVO,159626.51,0,SOIL,Y79G54,2,0.8394
LVV989LO9,12 A 23,BAJA,241596.88,BITCOIN,DRAGONS,Y79G54,1,0.5765
ZZ0LVV8LO,60 Y MAS,ACTIVO,280424.95,ETHER,VIKING ARMOUR,Y79G54,2,0.089
L8FAFAL0FA9,12 A 23,ACTIVO,282150.642,#N/D,VIKING ARMOUR,JSF89A,4,0.1894
LVVLOFAFALOL,12 A 23,BAJA,150998.05,0,SOIL,Y79G54,2,0.333
FA0909LOV4,00 A 06,activo,,#N/D,SPURS,JSF89A,#N/D,0.5584
V0ZL098Z,60 Y MAS,ACTIVO,140212.475,0,DRAGONS,B92375,2,0.486
ZLO4ZM40FA,48 A 60,ACTIVO,278267.835,0,VIKING ARMOUR,B92375,3,0.9266
LO0ZLZLO80,24 A 47,ACTIVO,172569.2,0,DRAGONS,90LD2,2,0.9669
V0Z0Z449,60 Y MAS,ACTIVO,351609.745,0,VIKING ARMOUR,Y79G54,6,0.5902
LLOZV4000,24 A 47,ACTIVO,,#N/D,VIKING ARMOUR,B92375,#N/D,0.8472
L9LLLO00Z,07 A 11,activo,181197.66,GOLD,SPURS,Y79G54,N,0.3582
LFA8LO0LL0,24 A 47,IMPAGO,176883.43,ETHER,DRAGONS,B92375,2,0.0208
LLLVZMFA8,24 A 47,ACTIVO,241596.88,BITCOIN,SOIL,Y79G54,4,0.8736
ZVZFA8FAL0,60 Y MAS,ACTIVO,172569.2,BITCOIN,SPURS,JSF89A,4,0.3602
L94Z08LO4,07 A 11,ACTIVO,181197.66,0,SPURS,Y79G54,N,0.0904
90LZLO00LO,24 A 47,activo,,#N/D,SPURS,90LD2,#N/D,0.0598
L9LO40LLV,00 A 06,ACTIVO,237282.65,#N/D,VIKING ARMOUR,B92375,N,0.0196
LLV9LOLZM,48 A 60,ACTIVO,323567.25,ETHER,VIKING ARMOUR,B92375,4,0.295
LVZFAVFAFALO,12 A 23,IMPAGO,688119.685,0,VIKING ARMOUR,Y79G54,3,0.1114
V0LZLZ90,60 Y MAS,IMPAGO,126838.362,0,DRAGONS,90LD2,2,0.8672
L9FAFA0000,07 A 11,IMPAGO,,#N/D,VIKING ARMOUR,Y79G54,#N/D,0.7286
L8890449,07 A 11,IMPAGO,168254.97,BITCOIN,VIKING ARMOUR,JSF89A,N,0.4611
LV80FAL8V,07 A 11,ACTIVO,407694.735,GOLD,VIKING ARMOUR,Y79G54,4,0.4927
LV90Z084,07 A 11,ACTIVO,273953.605,TYP2,VIKING ARMOUR,B92375,2,0.9115
LV9LO04LO0,12 A 23,IMPAGO,,#N/D,VIKING ARMOUR,B92375,#N/D,0.7529
LV8LO490LO,07 A 11,IMPAGO,,#N/D,DRAGONS,B92375,#N/D,0.5879
L9ZLOVLO80,07 A 11,ACTIVO,217868.615,ETHER,SPURS,Y79G54,N,0.6637
ZZFA980L4,60 Y MAS,ACTIVO,414166.08,GOLD,VIKING ARMOUR,Y79G54,4,0.4835
L80LFAFAZZ,07 A 11,ACTIVO,187669.005,ETHER,SOIL,Y79G54,1,0.7331
LV90LZMZ,07 A 11,ACTIVO,349452.63,0,VIKING ARMOUR,B92375,4,0.8309
LLV089V4,48 A 60,ACTIVO,159626.51,0,SOIL,Y79G54,2,0.8277
L9Z04008,07 A 11,ACTIVO,120798.44,GOLD,SPURS,Y79G54,N,0.6073
LL0V4FA0Z,48 A 60,ACTIVO,440051.46,ETHER,VIKING ARMOUR,Y79G54,6,0.2409
LVV89VV0,07 A 11,ACTIVO,198454.58,0,SPURS,Y79G54,1,0.9016
L9Z08LFA0,07 A 11,IMPAGO,,#N/D,VIKING ARMOUR,Y79G54,#N/D,0.9989
L8VFA0VZL,00 A 06,ACTIVO,237282.65,GOLD,VIKING ARMOUR,B92375,N,0.1153
80LZM90Z,60 Y MAS,ACTIVO,143663.859,0,SPURS,90LD2,4,0.008
LVFAZ8VZM,12 A 23,IMPAGO,286896.295,TYP2,VIKING ARMOUR,B92375,2,0.3043
L9FAVV9FA9,07 A 11,ACTIVO,150998.05,ETHER,SOIL,Y79G54,N,0.6417
LLFALLO00V,24 A 47,ACTIVO,159626.51,0,SOIL,Y79G54,0,0.9734
L80LL800,12 A 23,ACTIVO,172569.2,ETHER,SPURS,Y79G54,2,0.5758
LLOZL8ZML,12 A 23,ACTIVO,323567.25,GOLD,VIKING ARMOUR,B92375,4,0.5003
LL04L008,48 A 60,ACTIVO,189826.12,GOLD,DRAGONS,Y79G54,2,0.5478
LO0LO00Z,60 Y MAS,ACTIVO,170412.085,GOLD,DRAGONS,90LD2,2,0.021
L88ZFAFA0V,00 A 06,ACTIVO,237282.65,GOLD,VIKING ARMOUR,B92375,N,0.7491
L94LZ9L0,07 A 11,ACTIVO,202768.81,ETHER,VIKING ARMOUR,Y79G54,N,0.3257
LLO04VZL8,12 A 23,ACTIVO,273953.605,GOLD,VIKING ARMOUR,B92375,2,0.9376
LFA009FAL8,24 A 47,IMPAGO,239439.765,TYP2,NAVAL,B92375,4,0.1664
L8L4L004,12 A 23,ACTIVO,150998.05,#N/D,SPURS,Y79G54,2,0.4459
LVV94VLFA,12 A 23,ACTIVO,306310.33,0,VIKING ARMOUR,Y79G54,2,0.554
90L48404,60 Y MAS,BAJA,,#N/D,SPURS,90LD2,#N/D,0.4985
L94FALFAVL,00 A 06,IMPAGO,135898.245,GOLD,DRAGONS,B92375,N,0.4584
LV8Z008FA,07 A 11,ACTIVO,364552.435,ETHER,SOIL,Y79G54,3,0.8732
L9000FAL9,07 A 11,activo,,#N/D,SPURS,Y79G54,#N/D,0.647
L9Z09VVL,07 A 11,IMPAGO,181197.66,#N/D,SPURS,Y79G54,N,0.7083
V00FAZ40V,60 Y MAS,IMPAGO,135898.245,0,DRAGONS,90LD2,2,0.8213
L8VFA0VZL,07 A 11,ACTIVO,237282.65,GOLD,VIKING ARMOUR,B92375,N,0.8328
L409FALLO4,24 A 47,IMPAGO,,#N/D,VIKING ARMOUR,Y79G54,#N/D,0.6957
ZVLOL9L0FA,48 A 60,BAJA,223477.114,GOLD,VIKING ARMOUR,JSF89A,4,0.3203
L94Z409Z,00 A 06,IMPAGO,273953.605,#N/D,VIKING ARMOUR,B92375,N,0.377
L9480LO44,07 A 11,ACTIVO,230811.305,#N/D,SOIL,Y79G54,N,0.661
L8804FA0FA,07 A 11,IMPAGO,,#N/D,SPURS,Y79G54,#N/D,0.2132
LL948L94,24 A 47,IMPAGO,304153.215,0,VIKING ARMOUR,B92375,4,0.5097
ZVZFA0808,60 Y MAS,ACTIVO,356786.821,BITCOIN,NAVAL,90LD2,4,0.2153
L90FA0004,00 A 06,ACTIVO,373180.895,#N/D,VIKING ARMOUR,B92375,N,0.7058
V0LLO9VLFA,60 Y MAS,BAJA,297681.87,BITCOIN,VIKING ARMOUR,B92375,4,0.8037
LVV89ZLO4,07 A 11,ACTIVO,251519.609,0,VIKING ARMOUR,JSF89A,1,0.1193
LLOZZV8Z4,24 A 47,ACTIVO,286896.295,BITCOIN,VIKING ARMOUR,B92375,4,0.7304
LL0FALVV4,48 A 60,ACTIVO,,#N/D,SPURS,Y79G54,#N/D,0.8075
L9LO094L0,07 A 11,ACTIVO,150998.05,0,SOIL,Y79G54,N,0.2632
L8FALVFAVZ,12 A 23,ACTIVO,194140.35,#N/D,VIKING ARMOUR,B92375,2,0.2227
L9FA8V8LO4,00 A 06,ACTIVO,260148.069,0,VIKING ARMOUR,JSF89A,N,0.8748
L9LOZ9FAZ4,00 A 06,IMPAGO,237282.65,#N/D,VIKING ARMOUR,B92375,N,0.3063
LLO0LO0LO49,12 A 23,ACTIVO,278267.835,0,SPURS,Y79G54,3,0.9559
LLO4LFALO4FA,24 A 47,IMPAGO,103541.52,GOLD,DRAGONS,B92375,2,0.3526
L8V0LO09L,00 A 06,ACTIVO,150998.05,#N/D,SOIL,Y79G54,N,0.2653
LL84FA40FA,24 A 47,activo,,#N/D,SPURS,Y79G54,#N/D,0.7883
L94V4FA0L,07 A 11,ACTIVO,187669.005,#N/D,SOIL,Y79G54,N,0.8288
L800V809,12 A 23,IMPAGO,289053.41,BITCOIN,VIKING ARMOUR,Y79G54,2,0.1755
L880VLO4Z,00 A 06,IMPAGO,,#N/D,VIKING ARMOUR,B92375,#N/D,0.178
LLO0980Z0,12 A 23,ACTIVO,207083.04,0,SPURS,Y79G54,1,0.2946
LLLO4LLLFA,48 A 60,activo,163940.74,GOLD,DRAGONS,Y79G54,2,0.992
LFAL8908L,24 A 47,IMPAGO,265325.145,0,NAVAL,B92375,4,0.6454
LLO00L049,24 A 47,BAJA,383966.47,BITCOIN,VIKING ARMOUR,Y79G54,4,0.5216
FA0FAV9048,00 A 06,IMPAGO,,#N/D,VIKING ARMOUR,B92375,#N/D,0.3154
LLOZFAFA0,12 A 23,IMPAGO,,#N/D,SPURS,Y79G54,#N/D,0.3124
L94LFA0FALO,00 A 06,IMPAGO,,#N/D,DRAGONS,JSF89A,N,0.8154
L9VFA0L0FA,00 A 06,ACTIVO,237282.65,BITCOIN,VIKING ARMOUR,B92375,N,0.4215
L9LLL8VFA,00 A 06,activo,260148.069,#N/D,VIKING ARMOUR,JSF89A,N,0.7825
8LOLL4,60 Y MAS,BAJA,440051.46,BITCOIN,VIKING ARMOUR,Y79G54,4,0.3878
LV4LFAV8FA,12 A 23,IMPAGO,,#N/D,SPURS,Y79G54,#N/D,0.7732
LFA00LLZV,24 A 47,BAJA,237282.65,BITCOIN,SOIL,Y79G54,2,0.7363
LLOFA09FA,00 A 06,IMPAGO,159626.51,#N/D,SOIL,Y79G54,N,0.4206
L800ZLO,07 A 11,IMPAGO,135898.245,#N/D,DRAGONS,B92375,2,0.3188
80LFA00LOZ,60 Y MAS,IMPAGO,317095.905,0,VIKING ARMOUR,Y79G54,4,0.2589
LVLFAZML0,12 A 23,activo,,#N/D,VIKING ARMOUR,Y79G54,#N/D,0.7039
VFAZ0LO0Z,60 Y MAS,BAJA,358081.09,ETHER,VIKING ARMOUR,Y79G54,4,0.853
LO0FA80V4LO,24 A 47,BAJA,,#N/D,#N/D,#N/D,#N/D,0.2224
V04ZVZ89,48 A 60,IMPAGO,239439.765,GOLD,NAVAL,B92375,4,0.8814
L8V4ZVZZ,07 A 11,ACTIVO,155312.28,#N/D,DRAGONS,Y79G54,N,0.3902
LFALOZLLO8L,24 A 47,BAJA,207083.04,GOLD,SPURS,Y79G54,4,0.5289
L8LLO9Z0LO,07 A 11,activo,172569.2,#N/D,SPURS,Y79G54,2,0.1849
LVLOZZ809,12 A 23,IMPAGO,273953.605,0,VIKING ARMOUR,B92375,2,0.4028
L9890LO09,00 A 06,IMPAGO,189826.12,#N/D,SPURS,Y79G54,N,0.9807
FA0LZ90FA8,00 A 06,activo,125112.67,0,SPURS,Y79G54,N,0.5903
FA0FAV0LO40,00 A 06,IMPAGO,267050.837,0,VIKING ARMOUR,JSF89A,N,0.0487
849LV49,60 Y MAS,BAJA,237282.65,BITCOIN,VIKING ARMOUR,B92375,2,0.2394
88Z80V8,60 Y MAS,activo,235988.381,GOLD,VIKING ARMOUR,B92375,4,0.6611
LZM8LV0L,12 A 23,BAJA,207083.04,BITCOIN,SPURS,Y79G54,2,0.0672
L9FAFA0V98,00 A 06,IMPAGO,,#N/D,#N/D,#N/D,#N/D,0.3235
LLOL9ZL04,12 A 23,IMPAGO,,#N/D,SPURS,Y79G54,#N/D,0.6285
V088LFAZ9,24 A 47,ACTIVO,192846.081,GOLD,VIKING ARMOUR,90LD2,4,0.2957
LL49LZLFA,48 A 60,IMPAGO,159626.51,0,SOIL,Y79G54,1,0.0312
L0VLOVFA00,48 A 60,activo,241596.88,TYP2,SPURS,Y79G54,6,0.3198
V0VLOL4VL,60 Y MAS,IMPAGO,,#N/D,#N/D,#N/D,#N/D,0.4954
L8L89FA08,12 A 23,IMPAGO,254539.57,#N/D,VIKING ARMOUR,B92375,2,0.8647
L4L98V,00 A 06,IMPAGO,159626.51,#N/D,SOIL,Y79G54,N,0.248
LLOLFAFA09Z,24 A 47,IMPAGO,401223.39,0,VIKING ARMOUR,Y79G54,3,0.243
LV400L8LO,12 A 23,BAJA,,#N/D,#N/D,#N/D,#N/D,0.173
FA0Z088V0,00 A 06,IMPAGO,,#N/D,DRAGONS,JSF89A,#N/D,0.5399
LV84LZFA0,07 A 11,IMPAGO,,#N/D,#N/D,#N/D,#N/D,0.1789
L840LLFAFA,07 A 11,activo,,#N/D,VIKING ARMOUR,Y79G54,#N/D,0.449
90L4V0FALO,60 Y MAS,BAJA,,#N/D,VIKING ARMOUR,90LD2,#N/D,0.4302
L880VLOFA0,00 A 06,IMPAGO,,#N/D,#N/D,#N/D,#N/D,0.0231
L8L804VFA,07 A 11,ACTIVO,176883.43,#N/D,VIKING ARMOUR,JSF89A,2,0.0028
L80LLO9LOV,12 A 23,IMPAGO,,#N/D,VIKING ARMOUR,B92375,#N/D,0.71
LZLO000LO0,24 A 47,IMPAGO,,#N/D,#N/D,#N/D,#N/D,0.1774
ZZZ98V8L,60 Y MAS,BAJA,125112.67,GOLD,DRAGONS,90LD2,2,0.9508
800V9408,60 Y MAS,ACTIVO,250225.34,BITCOIN,VIKING ARMOUR,B92375,4,0.1422
LVV9ZLL8,12 A 23,BAJA,198454.58,BITCOIN,SPURS,Y79G54,2,0.0394
L90ZVLO00,00 A 06,IMPAGO,273953.605,#N/D,VIKING ARMOUR,B92375,N,0.3631
L84FA9LV4,07 A 11,BAJA,,#N/D,SPURS,Y79G54,#N/D,0.1239
LV4LOLV04,12 A 23,IMPAGO,310624.56,0,VIKING ARMOUR,Y79G54,3,0.077
FA0LOVFALO00,00 A 06,ACTIVO,,#N/D,VIKING ARMOUR,B92375,#N/D,0.7565
L849LOLZ0,07 A 11,IMPAGO,172569.2,0,SPURS,JSF89A,2,0.4405
LFALO8LLOFA4,24 A 47,activo,543592.98,GOLD,VIKING ARMOUR,Y79G54,6,0.6724
L80V40ZLO,12 A 23,IMPAGO,235125.535,#N/D,SPURS,Y79G54,2,0.5013
LLZZ44L0,48 A 60,ACTIVO,228654.19,GOLD,NAVAL,B92375,2,0.9548
L90L0FALO9,07 A 11,activo,181197.66,BITCOIN,SPURS,Y79G54,N,0.5751
LFAV0LOFA80,24 A 47,ACTIVO,237282.65,GOLD,VIKING ARMOUR,B92375,2,0.6188
L9FAVV9FA9,07 A 11,IMPAGO,150998.05,ETHER,SOIL,Y79G54,N,0.969
FA0ZZ4LZLO,00 A 06,IMPAGO,,#N/D,SPURS,JSF89A,#N/D,0.7685
L90FALFA8L,00 A 06,IMPAGO,,#N/D,#N/D,#N/D,#N/D,0.1812
L80LO8Z0V,12 A 23,IMPAGO,273953.605,TYP2,VIKING ARMOUR,B92375,1,0.4413
LVFA04L,12 A 23,activo,198454.58,BITCOIN,SPURS,Y79G54,1,0.6202
L88VFA089,07 A 11,IMPAGO,,#N/D,VIKING ARMOUR,B92375,#N/D,0.6245
88VVFAV0,60 Y MAS,BAJA,323567.25,GOLD,VIKING ARMOUR,Y79G54,4,0.3328
80ZFAFA,60 Y MAS,BAJA,,#N/D,#N/D,#N/D,#N/D,0.9493
L4LOL00,00 A 06,IMPAGO,215711.5,#N/D,SPURS,Y79G54,N,0.0239
FA00FA00FA0,00 A 06,IMPAGO,159626.51,#N/D,SOIL,Y79G54,N,0.4895
FA0ZLO080Z,00 A 06,IMPAGO,,#N/D,SPURS,Y79G54,#N/D,0.4464
FA009Z498,00 A 06,ACTIVO,250225.34,#N/D,VIKING ARMOUR,B92375,N,0.4047
Z004FA4LFA,60 Y MAS,ACTIVO,323567.25,GOLD,VIKING ARMOUR,B92375,4,0.3779
Z0LO000LO0,60 Y MAS,ACTIVO,405537.62,0,VIKING ARMOUR,Y79G54,3,0.0236
ZZFA8Z0VFA,60 Y MAS,ACTIVO,128995.477,GOLD,DRAGONS,90LD2,2,0.7918
L94FAV809,00 A 06,ACTIVO,345138.4,BITCOIN,SPURS,Y79G54,N,0.4864
ZZLLL8LOZ,60 Y MAS,ACTIVO,250225.34,0,VIKING ARMOUR,B92375,2,0.6215
V0004044,60 Y MAS,ACTIVO,440051.46,GOLD,VIKING ARMOUR,Y79G54,4,0.2484
LLOL04FAV0,12 A 23,ACTIVO,250225.34,0,VIKING ARMOUR,B92375,0,0.2766
FA0V8Z498,00 A 06,ACTIVO,,#N/D,SPURS,Y79G54,#N/D,0.3358
L88FA844FA,07 A 11,ACTIVO,237282.65,#N/D,VIKING ARMOUR,B92375,N,0.7112
LFA0LLZFAV,24 A 47,ACTIVO,198454.58,GOLD,SPURS,Y79G54,4,0.8798
LO0VL0004,60 Y MAS,ACTIVO,176883.43,BITCOIN,DRAGONS,B92375,2,0.8906
L80V8880,07 A 11,ACTIVO,150998.05,BITCOIN,SOIL,Y79G54,1,0.0071
LO0Z80LO,60 Y MAS,ACTIVO,196297.465,BITCOIN,VIKING ARMOUR,B92375,4,0.9392
L0V0V000,48 A 60,ACTIVO,502176.372,GOLD,VIKING ARMOUR,Y79G54,4,0.1279
L9LO094L0,07 A 11,ACTIVO,150998.05,0,SOIL,Y79G54,N,0.3397
V000FA9ZLO,60 Y MAS,ACTIVO,140212.475,0,DRAGONS,B92375,1,0.8138
V00LO0LFA8,60 Y MAS,ACTIVO,129426.9,0,DRAGONS,JSF89A,2,0.5191
80809LLO,60 Y MAS,ACTIVO,323567.25,0,VIKING ARMOUR,B92375,4,0.1529
V00FA0Z0Z,60 Y MAS,ACTIVO,129426.9,0,DRAGONS,JSF89A,2,0.4119
LZ80FA8FA0,24 A 47,ACTIVO,323567.25,0,VIKING ARMOUR,B92375,3,0.2803
V0LOZFA8Z,60 Y MAS,ACTIVO,474565.3,BITCOIN,VIKING ARMOUR,Y79G54,6,0.5559
FA0L9LO40Z,00 A 06,ACTIVO,159626.51,0,SOIL,Y79G54,N,0.1249
8L0LOFA00,60 Y MAS,ACTIVO,250225.34,GOLD,VIKING ARMOUR,B92375,4,0.9588
L4480409,24 A 47,ACTIVO,189826.12,0,SPURS,Y79G54,3,0.3977
900LLZ0V,60 Y MAS,ACTIVO,,#N/D,VIKING ARMOUR,Y79G54,#N/D,0.9679
L8FA4FAZZL,07 A 11,ACTIVO,237282.65,TYP2,VIKING ARMOUR,B92375,2,0.6389
Z0FAZ9Z0FA,60 Y MAS,ACTIVO,125112.67,BITCOIN,SOIL,B92375,2,0.0491
9FAL4ZL0,60 Y MAS,ACTIVO,358081.09,GOLD,VIKING ARMOUR,Y79G54,4,0.0612
8LOLL4,60 Y MAS,ACTIVO,440051.46,BITCOIN,VIKING ARMOUR,Y79G54,4,0.8416
LV0094V4,12 A 23,ACTIVO,250225.34,0,VIKING ARMOUR,B92375,2,0.93
L4LFALZMZ,24 A 47,ACTIVO,235125.535,BITCOIN,VIKING ARMOUR,JSF89A,2,0.6589
9FAV0L44,60 Y MAS,ACTIVO,560849.9,BITCOIN,VIKING ARMOUR,Y79G54,4,0.7568
L09LVZL8,48 A 60,ACTIVO,159626.51,USD,SOIL,Y79G54,2,0.0921
L8FALVFAVZ,12 A 23,ACTIVO,194140.35,#N/D,VIKING ARMOUR,B92375,2,0.4492
8040984,60 Y MAS,ACTIVO,128132.631,GOLD,DRAGONS,90LD2,2,0.4947
FA0ZLVLL4,00 A 06,ACTIVO,,#N/D,SPURS,Y79G54,#N/D,0.6617
ZZLZZM0LO,60 Y MAS,ACTIVO,286896.295,BITCOIN,VIKING ARMOUR,B92375,4,0.0912
L8LO4FA008,07 A 11,ACTIVO,150998.05,#N/D,SOIL,Y79G54,1,0.2391
L00VFAFA8V,48 A 60,ACTIVO,198454.58,0,SPURS,Y79G54,3,0.9877
ZZ40LO0FA9,60 Y MAS,ACTIVO,258853.8,GOLD,NAVAL,B92375,4,0.0324
FA0Z8LOL8Z,00 A 06,ACTIVO,,#N/D,SPURS,JSF89A,#N/D,0.9219
FA0FAV0LO40,00 A 06,activo,267050.837,0,VIKING ARMOUR,JSF89A,N,0.4507
L8L8Z4Z4,07 A 11,ACTIVO,,#N/D,SPURS,Y79G54,#N/D,0.2855
Z0FAV9Z,60 Y MAS,ACTIVO,237282.65,GOLD,VIKING ARMOUR,B92375,2,0.0536
LZMFAL8V0,12 A 23,ACTIVO,159626.51,ETHER,SOIL,Y79G54,1,0.5642
L0FA04ZLOZ,48 A 60,ACTIVO,,#N/D,SPURS,Y79G54,#N/D,0.4776
L4L8009Z,24 A 47,activo,,#N/D,SPURS,Y79G54,#N/D,0.493
LLOVZ8Z4Z,12 A 23,ACTIVO,286896.295,0,VIKING ARMOUR,B92375,0,0.786
ZZ09L8FAL,60 Y MAS,ACTIVO,92324.522,BITCOIN,DRAGONS,JSF89A,2,0.1454
LZ00LO4,24 A 47,activo,,#N/D,VIKING ARMOUR,Y79G54,#N/D,0.0313
LO0FAZM4VV,60 Y MAS,ACTIVO,273953.605,BITCOIN,VIKING ARMOUR,B92375,2,0.0159
ZVZ44FALOV,48 A 60,ACTIVO,128995.477,GOLD,DRAGONS,90LD2,2,0.7897
L9ZVZ4,00 A 06,ACTIVO,181197.66,#N/D,SPURS,Y79G54,N,0.4742
L9FA8V8LO4,00 A 06,ACTIVO,260148.069,0,VIKING ARMOUR,JSF89A,N,0.4281
L9V94004,00 A 06,ACTIVO,237282.65,#N/D,VIKING ARMOUR,B92375,N,0.5062
L09Z8000,48 A 60,ACTIVO,286896.295,GOLD,VIKING ARMOUR,B92375,4,0.5835
L49408ZFA,24 A 47,ACTIVO,278267.835,GOLD,VIKING ARMOUR,B92375,4,0.3951
L8ZLO9LOV9,07 A 11,ACTIVO,181197.66,BITCOIN,SPURS,Y79G54,2,0.513
LO09FA0VZFA,60 Y MAS,ACTIVO,332195.71,#N/D,NAVAL,B92375,4,0.7932
LO04Z8094,60 Y MAS,ACTIVO,135898.245,0,DRAGONS,90LD2,2,0.5848
LVLOLZV44,12 A 23,ACTIVO,353766.86,0,VIKING ARMOUR,Y79G54,2,0.4859
LLOVL804L,12 A 23,ACTIVO,286896.295,GOLD,VIKING ARMOUR,B92375,2,0.5488
L9FAFA09ZL,07 A 11,ACTIVO,,#N/D,SOIL,Y79G54,#N/D,0.2761
LVLOLV0LOL,12 A 23,ACTIVO,799858.242,GOLD,VIKING ARMOUR,Y79G54,4,0.5301
LLVVV00L,24 A 47,ACTIVO,196297.465,ETHER,SOIL,Y79G54,2,0.7417
8000LO448,60 Y MAS,ACTIVO,273522.182,0,DRAGONS,JSF89A,2,0.2255
Z04L94Z4,60 Y MAS,ACTIVO,84127.485,BITCOIN,VIKING ARMOUR,90LD2,2,0.7163
L8FA9LO004,07 A 11,ACTIVO,129426.9,0,DRAGONS,JSF89A,2,0.3565
V488LZL,60 Y MAS,ACTIVO,360238.205,TYP2,VIKING ARMOUR,B92375,4,0.9523
ZFA80L,60 Y MAS,ACTIVO,430991.577,0,VIKING ARMOUR,Y79G54,4,0.2762
L4FAFAZMLZ,24 A 47,ACTIVO,159626.51,0,SOIL,Y79G54,1,0.0297
L8LOZZM8L,07 A 11,activo,,#N/D,VIKING ARMOUR,B92375,#N/D,0.1172
LZ4LZLO8L,24 A 47,ACTIVO,332195.71,0,VIKING ARMOUR,Y79G54,4,0.5797
L9LOZ9FAZ4,00 A 06,IMPAGO,237282.65,#N/D,VIKING ARMOUR,B92375,N,0.0302
LFAFA8LO4LFA,24 A 47,ACTIVO,323567.25,GOLD,VIKING ARMOUR,B92375,4,0.3288
Z0LVZ9L4,60 Y MAS,ACTIVO,250225.34,0,VIKING ARMOUR,B92375,4,0.6984
LLO0LO0LO49,12 A 23,ACTIVO,278267.835,0,SPURS,Y79G54,3,0.0364
ZZLLLLO9V,60 Y MAS,activo,245479.687,BITCOIN,SPURS,JSF89A,4,0.4432
LOZ8LO89,60 Y MAS,ACTIVO,621249.12,BITCOIN,VIKING ARMOUR,Y79G54,4,0.6133
FA0LZ4LO90,00 A 06,activo,258853.8,0,SPURS,Y79G54,N,0.16
ZVZMFAVL0,24 A 47,ACTIVO,267050.837,GOLD,VIKING ARMOUR,JSF89A,4,0.0017
800FAVFAFALO,60 Y MAS,ACTIVO,414166.08,0,DRAGONS,Y79G54,2,0.746
L8088ZML,07 A 11,ACTIVO,237282.65,#N/D,VIKING ARMOUR,B92375,1,0.6009
FA00LVLOFAL,00 A 06,ACTIVO,,#N/D,VIKING ARMOUR,B92375,#N/D,0.6496
900980Z4,48 A 60,ACTIVO,,#N/D,SPURS,90LD2,#N/D,0.5804
FA00000ZL,00 A 06,ACTIVO,189826.12,GOLD,SPURS,Y79G54,N,0.283
LLO4LFALO4FA,24 A 47,IMPAGO,103541.52,GOLD,DRAGONS,B92375,2,0.4448
L8V0LO09L,00 A 06,ACTIVO,150998.05,#N/D,SOIL,Y79G54,N,0.825
L8LFA4ZVFA,07 A 11,ACTIVO,209240.155,GOLD,VIKING ARMOUR,B92375,1,0.6368
LV8800ZLO,12 A 23,ACTIVO,237282.65,0,VIKING ARMOUR,B92375,1,0.8498
L908V9FAL,00 A 06,ACTIVO,237282.65,#N/D,VIKING ARMOUR,B92375,N,0.3509
L09L98LO8,48 A 60,ACTIVO,159626.51,TYP2,SOIL,Y79G54,2,0.5147
LLV00VZ0,24 A 47,activo,159626.51,0,SOIL,Y79G54,1,0.1141
FA0FA000LFA,00 A 06,ACTIVO,232968.42,0,SPURS,Y79G54,N,0.7179
LO0LO00V9LO,60 Y MAS,ACTIVO,216574.346,0,VIKING ARMOUR,90LD2,4,0.9114
V09LFALO49,60 Y MAS,ACTIVO,216142.923,0,NAVAL,90LD2,2,0.1489
L090800LO,48 A 60,ACTIVO,,#N/D,SPURS,Y79G54,#N/D,0.5028
LL84FA40FA,24 A 47,activo,,#N/D,SPURS,Y79G54,#N/D,0.2554
L9ZVZM8LO,00 A 06,ACTIVO,150998.05,GOLD,SOIL,Y79G54,N,0.0987
VLLOLFA0LO,60 Y MAS,ACTIVO,289053.41,BITCOIN,VIKING ARMOUR,Y79G54,4,0.5235
V0Z04LO00,48 A 60,ACTIVO,250225.34,0,VIKING ARMOUR,B92375,4,0.1018
900LO8V0,60 Y MAS,ACTIVO,286896.295,TYP2,VIKING ARMOUR,B92375,4,0.1563
L80L8V,12 A 23,ACTIVO,347295.515,ETHER,VIKING ARMOUR,Y79G54,4,0.3689
LO0ZV40VFA,24 A 47,ACTIVO,,#N/D,VIKING ARMOUR,90LD2,#N/D,0.3535
LV0LZ08L,12 A 23,ACTIVO,243753.995,0,SPURS,Y79G54,4,0.3049
LLOLZZ0FA8,24 A 47,ACTIVO,250225.34,0,VIKING ARMOUR,B92375,0,0.4766
L9FALFA9FAZ,00 A 06,ACTIVO,237282.65,GOLD,VIKING ARMOUR,B92375,N,0.4343
889LO004,60 Y MAS,ACTIVO,189826.12,GOLD,DRAGONS,Y79G54,2,0.6818
LO0LO44ZLO0,60 Y MAS,ACTIVO,126838.362,0,DRAGONS,90LD2,2,0.6373
VL904ZLO,60 Y MAS,ACTIVO,599677.97,ETHER,VIKING ARMOUR,Y79G54,6,0.9038
L94V4FA0L,07 A 11,ACTIVO,187669.005,#N/D,SOIL,Y79G54,N,0.9048
LZL8ZFA,00 A 06,ACTIVO,150998.05,USD,SPURS,JSF89A,N,0.8775
L9ZLOL00V,00 A 06,ACTIVO,273953.605,#N/D,VIKING ARMOUR,B92375,N,0.0055
L9FAL984L,00 A 06,ACTIVO,150998.05,0,SOIL,Y79G54,N,0.1225
8LZ498L,60 Y MAS,ACTIVO,198454.58,0,SPURS,Y79G54,4,0.3629
L88LO04,07 A 11,activo,,#N/D,SPURS,Y79G54,#N/D,0.6648
L9LVLOZ0Z,00 A 06,ACTIVO,420637.425,#N/D,VIKING ARMOUR,Y79G54,N,0.9708
L8ZZ9LL9,07 A 11,ACTIVO,226497.075,GOLD,SPURS,Y79G54,1,0.7749
LO0ZV4LZ9,24 A 47,ACTIVO,135898.245,0,DRAGONS,90LD2,2,0.7529
L800V809,12 A 23,IMPAGO,289053.41,BITCOIN,VIKING ARMOUR,Y79G54,2,0.7389
L84L0FA8V,07 A 11,ACTIVO,237282.65,#N/D,VIKING ARMOUR,B92375,2,0.705
L880VLO4Z,00 A 06,IMPAGO,,#N/D,VIKING ARMOUR,B92375,#N/D,0.9872
L89LOFA9FA0,07 A 11,ACTIVO,217868.615,ETHER,SPURS,Y79G54,N,0.635
LLO0980Z0,12 A 23,ACTIVO,207083.04,0,SPURS,Y79G54,1,0.3074
