PERIODO,ID,BAJA,IMPAGO,REINSTALACION,COST_X
202012,L84FA4LLO0,H,2,0,92.2
202102,LLOLFAZ48Z,0,2,2,36.6
202101,LO0FAFAV9FALO,0,3,0,79.8
202011,L9V94FA90,NULL,2,2,25.1
202102,LLLOZZVZ8,0,2,0,59.8
202012,L9L984FAV,0,2,0,27.8
202102,L90ZLO4LOZ,0,3,3,44.9
202102,LLLO4LLLFA,0,1,1,33
202011,LFAL8908L,0,2,0,96.7
202011,LLO00L049,3,0,0,36.7
202102,FA0FAV9048,0,3,0,86.1
202101,LLOZFAFA0,0,2,0,25.9
202012,L94LFA0FALO,0,1,0,87.6
202011,L9LLL8VFA,0,3,3,48
202101,8LOLL4,3,0,0,19.2
202102,LV4LFAV8FA,0,2,0,55.1
202102,LFA00LLZV,1,0,0,44.3
202012,LLOFA09FA,0,1,0,48.9
202011,L800ZLO,0,1,0,25.2
202011,80LFA00LOZ,0,3,0,3
202102,VFAZ0LO0Z,3,0,0,23
202101,V04ZVZ89,0,2,0,49.4
202101,LFALOZLLO8L,2,0,0,42.6
202101,L8LLO9Z0LO,0,2,2,94.5
202101,LVLOZZ809,0,3,0,13.9
202012,L9890LO09,0,2,0,94
202101,FA0LZ90FA8,0,2,2,3.4
202102,FA0FAV0LO40,0,3,0,0.8
202102,849LV49,3,0,0,42.2
202101,88Z80V8,0,3,3,42.9
202102,LZM8LV0L,2,0,0,55.4
202102,LL49LZLFA,0,1,0,59.6
202012,L0VLOVFA00,0,2,2,51.7
202102,L8L89FA08,0,3,0,73.3
202101,L4L98V,0,1,0,99.4
202102,LLOLFAFA09Z,0,3,0,99.9
202101,FA0Z088V0,0,1,0,80
202012,90L4V0FALO,3,0,0,84
202102,L80LLO9LOV,0,3,0,99.1
202101,ZZZ98V8L,1,0,0,39.3
202102,LVV9ZLL8,2,0,0,46.3
202011,L90ZVLO00,0,3,0,11.6
202102,L84FA9LV4,2,0,0,18.8
202101,LV4LOLV04,0,3,0,82.5
202012,L849LOLZ0,0,2,0,21
202012,LFALO8LLOFA4,0,3,3,69
202101,L80V40ZLO,0,2,0,86.9
202102,L90L0FALO9,0,2,2,47.2
202102,L9FAVV9FA9,0,1,0,5.8
202101,FA0ZZ4LZLO,0,2,0,11.9
202012,L80LO8Z0V,0,3,0,35.5
202101,LVFA04L,0,2,2,88.8
202012,L88VFA089,0,3,0,42
202011,88VVFAV0,3,0,0,26.3
202101,L4LOL00,0,2,0,66.4
202101,FA00FA00FA0,0,1,0,10
202102,FA0ZLO080Z,0,2,0,47.3
202011,LO04VLO4L0,1,1,1,47.3
202011,L8009L,0,3,0,19.9
202102,L84LO0040,0,2,0,99.9
202101,L9000V0FA,0,2,0,83.1
202101,80L0FA404,0,2,0,88.1
202101,L8040VZL,0,3,3,60.4
202102,L880LO8L8,0,2,0,45.5
202012,L8804940,0,3,0,59.3
202102,8004L00FA,H,1,0,10.6
202101,FA009L0,NULL,3,0,5.8
202102,LO0LOFA0VFAL,0,1,1,99.7
202012,LLOZZFAZLOV,0,3,0,0.1
202102,LZMLVFA0Z,0,1,1,84.8
202012,L94LFA4L9,0,1,0,29.4
202102,LZFA090LO0,0,3,0,63.3
202012,L400ZLOZV,1,0,0,42.1
202102,LZ9V840LO,0,3,0,48.2
202011,L49LOL4FAV,0,3,0,3.8
202102,FA0Z00Z98,0,1,1,72.6
202101,LFALZZFAZM,0,1,1,12.6
202102,L904Z0Z0,0,3,0,34.2
202101,L9Z0949L,0,3,3,97.5
202011,L8FAFALLL0,0,2,0,61
202101,LV4ZLO9L4,0,1,0,97.8
202012,LLZ4FAFA,0,1,1,46.4
202102,900ZMLOZLO,0,3,0,99.2
202102,800V9408,3,0,0,75.7
202012,L000490V,2,0,0,72.5
202101,LFAV08L,0,1,1,62.8
202011,LLOZV4L,0,3,0,5.7
202102,LLV00VZ0,0,1,0,12.3
202011,LL9LV8FA9,2,0,0,63.5
202102,FA0Z88980,0,2,0,86.1
202012,L809V984,0,3,3,88.7
202101,LLOV8FAZL9,0,1,0,63.9
202011,LLOV00FA89,H,3,0,66.5
202102,L9Z4FA800,0,1,0,97
202101,L9LLOL98V,0,1,0,27.4
202012,90L000FA8,2,0,0,33.2
202102,L9FALO9FA00,3,0,0,47.1
202012,800FAZ0Z,0,2,0,86.3
202101,V04L4FA00,1,0,0,96.5
202102,L9LLL040,0,2,0,17.6
202012,LVVLOZFALOL,0,2,0,57.6
202012,L9Z09VVL,0,2,0,73.6
202101,L0898FAV0,2,0,0,73.2
202012,L9V0FA8,0,2,0,99.7
202011,L8088FALOFA,0,2,0,15.2
202012,LO0VL,1,0,0,36.7
202102,FA0FA0400L,0,2,2,28
202101,FA00FA8VLLO,0,3,0,46.1
202012,LZ44LLOFA0,0,3,0,4.5
202102,LZ4LO0LOV8,3,0,0,56.6
202101,FA0Z0L0Z0,0,3,0,85
202102,LO0FAZM4VV,3,0,0,77.6
202101,LVLLOZ0LZ,0,2,2,10.5
202102,9FAV0L44,3,0,0,36.2
202102,L8FAZLO0L4,3,0,0,37.2
202011,V0LLLV8V,1,0,0,21.4
202012,FA0FA9800L,0,2,2,32
202012,LLOV9L00FA,0,3,0,6.2
202011,L00L08LOFA,0,2,0,21.1
202012,L0800ZLO9,0,1,1,32.3
202102,L80Z0L9V,1,0,0,30.7
202102,FA0Z0LOFALZ,0,2,0,7.1
202012,LZLO04FAL0,3,0,0,93.1
202102,L9VV09L0,0,2,2,30.1
202101,L8Z9Z0FA0,0,3,0,86.5
202102,9L40404,2,0,0,92.6
202011,LLOLZV0LO0,0,2,0,70.8
202102,V08904V0,0,3,0,28
202012,L9Z04ZV0,0,3,3,89.4
202101,LLO0ZV4VL,0,1,1,65.4
202011,L98LVV0Z,0,3,0,98.3
202102,L9V94004,NULL,3,0,56.9
202012,L0FA0Z0ZLO,0,3,0,6.2
202101,LFA4ZVL40,0,3,3,32.8
202011,LO04880V0,1,0,0,72.1
202012,L4ZL0080,0,3,3,4.3
202102,L40FAVVZ4,0,1,0,80
202101,VVFAFALV9,0,2,0,15.8
202012,LVV9LFAZZ,0,1,0,52.3
202012,LL0LOL94Z,0,2,0,79.1
202101,LO09FA0VZFA,0,2,2,26.3
202102,LLOV0LO0LO0,2,0,0,17.8
202012,LFA80ZZLO9,0,3,0,76.3
202012,L980Z04FA,0,2,0,2.7
202012,L94VFA8ZL,0,1,0,62.2
202102,LV90LFA0V,0,3,3,61.6
202011,L4044Z8Z,2,0,0,27.7
202102,Z0LOL4V49,3,0,0,81.5
202101,V00FAZ40V,0,1,1,86.8
202102,LFALFAL4,2,0,0,64.7
202102,Z04L8LVL,2,0,0,48.6
202101,LVLL80,1,0,0,55.3
202011,LV048ZV0,0,3,0,45.6
202101,LVL0090LO,2,2,2,9.9
202011,LLO9LOV09FA,0,3,0,64.2
202102,L00FA8ZL9,3,0,0,74.9
202012,LZ48900FA,0,3,0,50.8
202012,V84LOL,1,0,0,63.4
202102,L90ZLLOFAL,0,3,0,26.1
202011,VV8ZZ8V,0,1,1,32
202102,LZ80FAV04,2,0,0,48.6
202011,LVV0LLFAL,0,1,0,58.7
202012,LLOZZMFA04,0,3,3,8
202011,LO04Z8094,0,1,1,84.1
202012,8000LFAFAFA,3,3,3,81.6
202102,LV000LO08,0,3,3,86.1
202012,LVLOL98LV,0,1,0,74.2
202012,90L00LOFA0,0,2,2,18.3
202101,900LO4L89,0,3,0,84.1
202102,900ZZFAFA9,2,0,0,41.4
202102,L890FAL0L,0,1,1,48.8
202102,9004FAL89,0,3,0,10.6
202011,L90FA0004,0,3,0,85.3
202011,L8FA0Z0VLO,0,3,0,3.6
202011,ZZVLOFALO0L,0,2,0,96.2
202102,L4Z04LO9Z,0,2,2,57.8
202011,L9LO080ZFA,0,3,3,75.3
202101,900VZ,1,0,0,19.9
202102,FA0V8LLO4Z,0,3,0,55.5
202012,LZ4LVVLFA,0,3,0,41.3
202102,L49LO9FAFA4,1,0,0,57.6
202101,LL0904FA8,0,2,0,16.6
202102,ZZ48LO48LO,1,0,0,51
202101,LVLOLV0LOL,0,3,3,3.2
202102,LZ9LO8V,0,2,0,53.1
202012,L8VLOL0LFA,0,3,0,20.8
202101,FA0L00FAFA9,0,3,3,11
202012,LLZFAFA890,0,1,0,35.9
202011,LO0LL0LOZ9,0,1,0,80.1
202102,L88VLOVZFA,0,3,0,64.9
202102,L80L0L9L,0,3,0,93.6
202101,V0Z8ZFAL,3,0,0,11.3
202102,L9V08Z40,0,3,0,63.1
202102,L8FAFAFA4V8,0,3,0,39.7
202102,8ZV4084,3,0,0,64.5
202101,L80FAFA0FA0,0,3,666666,22.9
202102,FA04L8LZFA,0,1,1,34.7
202012,LZ90LOVLLO,0,1,0,56.8
202012,L49LLZ84,3,0,0,20.5
202012,L488L9LLO,3,0,0,50.9
202011,LVZM0000,NULL,3,3,19
202012,LZMZFA0LLO,0,3,0,99.3
202101,FA00LO8804,0,3,0,21.1
202011,V0FA9VV,3,0,0,32.7
202011,FA0FA8ZMLLO,3,0,0,1.2
202101,LZLOVLO8ZL,0,2,0,84.6
202012,LV9FA9000,0,3,0,73.9
202012,LFAL9LO9ZLO,2,0,0,88.2
202011,L80FA0LZ9,0,3,0,95.7
202011,LLLOL4L,0,1,0,30.4
202011,L9LFA8V0LO,0,2,0,94.5
202102,LZ0VFAV0L,0,3,3,23.3
202102,L8LOZZM8L,0,3,0,55.3
202011,Z0LVZ4V8,0,1,0,40.1
202011,ZZLOLFA009,3,0,0,46.7
202011,LV9LO9008,0,3,0,10.8
202101,FA00ZLO00FA,0,1,0,20
202101,LLO9ZV4,0,2,2,3.8
202102,L404FA89LO,3,0,0,87.4
202011,L0FA9ZL00,0,2,2,45.2
202011,LFALOLFAV90,2,0,0,72
202012,ZVZMFAVL0,0,3,0,93.2
202011,LV0Z000Z,0,3,0,98.8
202012,FA0FAFAL9Z9,0,2,2,86.4
202011,LZ0V08FAZ,0,3,0,48.2
202102,V0L4LFAFALO,0,1,0,22.8
202102,LLOL0L4L8,0,3,0,15.2
202012,V0LO08FAFALO,3,0,0,80.5
202102,LLOV4VFA0LO,0,1,0,19.4
202011,V00LO080LO,1,0,0,54.7
202101,90084FA,0,2,2,45.5
202102,LZ8Z4LFA4,0,3,0,96.1
202011,LFA408LO9FA,0,3,0,69.8
202011,L90ZV90L,0,3,0,73.1
202011,V0Z0Z449,0,3,0,17.2
202101,L08FA8L9Z,0,3,0,30.1
202102,L0L49000,0,1,0,23.1
202011,Z0LOLLO0VLO,0,1,1,67.6
202012,LO000L89LO,1,0,0,44.7
202102,LLO08LO8FAL,0,3,0,94.8
202012,FA00ZFA8ZFA,0,3,0,18.1
202102,L8L4L098,2,0,0,13.9
202101,LVFA8FALO00,1,0,0,25.1
202012,L9Z0900FA,0,2,0,59.1
202011,L49V0Z8FA,3,0,0,7.7
202012,LVZMV9Z0,0,1,0,58.4
202012,L9LO4080FA,0,3,0,60.6
202011,L80LOVVZFA,0,3,0,3.3
202101,V00844L8,0,3,0,55.1
202012,FA04049FA0,0,3,0,38.8
202011,L04ZZLOFALO,0,3,0,8.4
202011,Z0488ZL0,3,0,0,42.2
202011,LO0FA0LO89L,1,0,0,36
202101,LFAL4ZLO,3,0,0,68
202102,LZ08V0L0,1,0,0,97.1
202012,9L4LFA40,0,3,3,34.7
202102,LO0094VFALO,3,0,0,45.9
202012,LZ0LO8FALOFA,0,1,1,91.8
202011,LZZV8LOFA9,0,3,0,73.8
202012,90LLO0LOZ8,0,1,2,66.7
202012,LZMFA8L,0,1,1,19.5
202101,LO0ZFA09LO8,0,1,0,32.5
202012,LZ8FA9ZLO0,3,0,0,78.2
202101,L900ZFAL0,0,3,0,90
202101,L00V4L9LO,0,2,0,18.2
202011,L00L4ZZZ,3,0,0,84.4
202011,L88ZFA49L,NULL,3,0,21.5
202102,LO0ZLLOVL4,0,1,1,64.2
202012,V0FA9040V,1,0,0,88.6
202102,L08008VLO,0,2,0,43.5
202012,LLFALLO00V,0,1,0,80.4
202012,L0ZVFA84LO,3,0,0,77.1
202101,L8L0LO08Z,3,0,0,64.5
202012,FA040980FA,0,2,0,91
202102,FA0VLV0LO0,0,2,0,12.1
202012,LVLO40L0Z,2,0,0,57.1
202011,L0LOZ09Z4,0,3,0,84.9
202012,8L00LO09,0,1,0,9.6
202102,LZV88FA89,0,3,0,90.1
202012,L484LOFA0Z,0,3,0,20.6
202012,L0L4ZM00,3,0,0,41.7
202011,Z0L9LOZLL,3,0,0,13
202012,V0LO090L0,3,0,0,54.7
202011,LZ48490LO,0,2,0,85.2
202102,LO04V80Z0,0,3,0,71.5
202012,L9Z8Z00Z,0,3,0,89.1
202101,FA004LFA,0,1,0,41.9
202012,9FA0LVFALO,3,0,0,44.7
202101,LVLO84L,0,3,0,6.4
202012,LZMLOLL4LO,0,1,0,92.2
202011,Z0Z0Z40V,0,2,0,77
202102,LLOZ00848,0,2,0,99.6
202011,Z0VZ4LFAL,0,2,0,36
202102,FA00V4989,0,2,2,84.1
202102,9V894FALO,0,3,3,5.9
202011,V0L004VV,0,1,0,81.3
202012,L94Z4VFALO,0,3,0,30.7
202102,ZZZ8LO84Z,0,3,3,43.7
202011,VL80448,1,0,0,11.9
202102,ZZFAZ9800,1,0,0,46
202101,LV9LOLL90,0,3,0,50.9
202102,FA0Z98Z04,0,1,0,68.3
202011,L8880VLL,0,3,0,82.9
202102,L4VZZ0,0,2,0,13.9
202101,LL8V0VLOV,0,1,1,80.7
202012,L9LOFAVFA9V,0,3,0,70.5
202101,LLOVL98Z8,3,0,0,35.1
202012,LLO00FA9V4,0,2,0,28.7
202011,LO0Z0L9LO8,0,2,0,70.6
202101,90004Z8V,3,0,0,20.5
202102,L4FALFAL04,3,0,0,94.9
202101,LLOZV9V8V,0,3,0,12.7
202101,L9FA4LO800,0,1,0,46.7
202101,ZZ0Z4V48,0,3,0,96.7
202012,L88ZFA94Z,0,2,0,6
202011,8009Z040,0,1,0,86
202102,LLVLOZVFAFA,0,2,0,28.2
202011,LLO8VL0LOV,0,3,3,33.1
202102,L8040444,0,2,0,13.6
202102,LZL0V449,1,0,0,34.6
202012,LV4V088V,0,3,0,92.9
202102,LV0LZ08L,0,2,0,17.9
202011,L9ZLO040L,0,2,2,22.6
202012,FA0400980,0,3,0,68.7
202012,ZVLOZLOZ90,0,1,0,78.6
202102,L8ZM8LL0,0,3,0,12.3
202012,V0L9VVZ,0,3,0,28.3
202011,L0Z8FALO00,0,1,0,51.5
202101,LFA4LO8LOVL,0,2,0,31.1
202102,FA0ZLL90FA,0,3,0,1.1
202012,L90400LOFA,0,3,3,17.2
202011,L90VZL09,0,3,0,3.7
202102,L094LOVLFA,NULL,3,3,30.9
202011,Z0FAFA8LO9V,0,3,0,38.2
202012,L484LZ8V,0,3,3,59.2
202101,FA0L88LO,0,3,0,82.1
202011,LLLOZ44Z0,0,3,3,89.2
202011,L88Z4ZZLO,0,1,0,35
202011,900LZM4,3,0,0,42.6
202102,L8ZM49V9,0,2,0,21.2
202012,LVV4LO9LLO,0,3,0,42.6
202101,LZ9L9800,3,0,0,9.9
202101,FA0L0FA89Z,0,1,0,53.5
202101,LLO4ZZV04,0,2,0,71.4
202011,L8LVZFAL8,0,2,0,47.7
202101,L9V4FAFA0L,0,2,2,2
202012,L90ZFA0LOZ,0,3,0,2.8
202101,L09LO4004,3,0,0,38.8
202011,LFA88809Z,1,0,0,66.7
202011,LLO90FALOL9,0,2,0,64.4
202102,LO0ZLOFA4ZZ,0,1,1,50.3
202011,L90LOLLO,0,2,2,88.3
202102,VLLOLFA0LO,3,0,0,24.4
202102,L9L0FALV0,0,3,0,88.5
202101,L0840ZZV,2,0,0,88.9
202101,L9VFA000V,0,2,2,93.1
202101,V00900FAV,3,0,0,45.6
202101,ZZ4809ZL,0,2,0,24.3
202101,L0FAFA09FA0,2,0,0,2.4
202101,L8V400V0,0,2,0,23
202102,LFAZZZ94L,2,0,0,88.7
202012,L98VLO90V,0,2,0,7.9
202011,L4VVVZFA4,0,1,0,27.7
202102,FA0LOFA9008,0,3,0,80.3
202101,L9004LV0,0,1,0,38.4
202012,LZ8Z880FA,0,3,0,63.5
202012,LV0V44V9,3,0,0,72.2
202102,L9V00V,0,3,0,96.1
202011,V0FA9LLO4L,3,0,0,17.3
202101,L88Z0LFAL,0,3,0,25.9
202101,FA0ZZL9LL,0,1,0,9.3
202012,LZ0008L0,0,1,0,22.6
202101,LZLO8VLO,0,1,0,35.7
202102,L08894LZ,0,3,3,42.7
202012,LVL0LO89LO,0,3,0,88.8
202011,LL0FALVV4,0,2,0,30.1
202012,L9FAVFA4LO8,0,1,0,25.2
202102,800FA4ZMLO,0,2,0,5.2
202101,FA04008L8,0,3,0,28.8
202012,LVLOV9LO9V,0,3,0,25.7
202101,LZLOZ448FA,0,3,0,28.5
202011,LVZZLO40Z,0,2,0,11.1
202012,L8090094,0,1,0,40.1
202011,LFALOZLOFAL4,0,2,2,14.8
202101,L80VV048,0,3,0,27.8
202012,ZZVVLLFAZ,3,0,0,18.3
202102,LV9ZMFA98,0,3,0,28.8
202101,LZMZM89LO,2,0,0,11.6
202012,L90FA0ZM9,0,2,0,86.6
202011,ZVLOFALVFA9,0,3,3,82.2
202011,L9LO8VZ00,0,3,0,11.7
202011,L9FA8V0L0,0,3,0,4.2
202011,LZ44Z0,0,2,0,71.6
202102,V0004880,NULL,1,0,62.8
202011,L0LOL0LOVV,0,2,0,55.1
202012,LVFA4L9VFA,0,2,0,92.9
202011,L890L804,0,2,0,32.4
202012,L80048FAV,0,3,0,65
202102,FA04FAV449,0,3,0,64.6
202012,L0LOZLLOFAFA,0,2,0,86.5
202101,LV4ZMLO00,0,2,0,71.5
202102,90084FA09,0,2,0,88.3
202102,L80FALOV8FA,3,0,0,88.8
202101,L890VL,0,2,0,23.5
202011,LZVLOZFA44,0,3,3,8.5
202012,L9V88L0LO,0,3,0,73.4
202102,L8VLO8ZLOFA,0,1,0,66.1
202102,L4L88V0LO,2,0,0,99.1
202012,L09L40ZZ,0,3,0,54
202102,L8409ZFA0,3,0,0,3.6
202011,LV88ZFAFAV,0,2,0,97.7
202101,FA0LFAL9VFA,0,1,0,22.4
202011,L4LFAV844,1,0,0,31.3
202101,V0LO800FA,0,1,0,95.5
202101,L9L9FALL4,0,1,1,93.3
202012,L8LOZ9LOL0,0,2,0,1.9
202102,LLO08LV,0,3,3,13.3
202012,L4FA8LOFAV0,2,0,0,4.6
202012,L880ZMFA4,0,3,0,64.7
202101,FA0LOL40V0,0,2,0,18.5
202011,L44FA4LLO8,3,0,0,91.7
202101,848L0FAZ,1,0,0,79
202012,L4L004,1,0,0,82.4
202012,LV0ZL8FALO,0,3,0,82.3
202101,Z00VV009,3,0,0,42.3
202011,90LFA0VFA0,0,3,3,36.6
202102,ZVLOL9ZMV,0,3,0,28
202101,L448LO0L0,0,1,0,73.8
202101,L9ZLOV048,0,3,0,61.1
202101,LV498LOFALO,0,3,0,0.5
202011,LVZ8ZLO,0,3,3,88.9
202012,Z0L09V44,3,0,0,36.5
202102,L8Z0V9VLO,0,2,0,38
202011,L49FA0V0L,0,3,3,62.6
202012,LVZL0908,0,3,0,8.1
202101,90L40LOLL,2,0,0,12
202101,LLO8L4ZZ0,1,0,0,95.9
202101,FA00FA9490,0,1,0,94
202011,LVVVLOZ,0,3,0,17.5
202012,LV9LVZ0Z,0,2,0,39.9
202101,Z0LVL40L,0,3,0,94.6
202012,Z000FA80V,0,2,0,14.7
202102,LV40494FA,0,3,0,24.9
202101,LV0L0V,0,3,0,21
202102,LLO80LO89Z,0,2,0,64.6
202012,L48VLOV,0,3,0,14
202101,FA0FALOV904,0,2,2,11.3
202102,LZFAZZZ0L,2,0,0,45.3
202101,FA0480V84,0,2,0,65.1
202011,L94Z0V08,0,1,0,36.8
202012,LZ0L9VLOZ,0,3,0,3.6
202011,L44LO0LLOL,3,0,0,18.3
202101,L0Z04LO,2,0,0,62.1
202011,L9V4LO9Z0,NULL,3,3,27.6
202101,FA0FAZM098,0,1,0,67.4
202101,L8FAFAVFA,0,3,3,72.7
202101,LZV0840Z,3,0,0,55.5
202102,80LFALVVL,0,3,0,98.3
202102,L800Z09FA,1,0,0,35.9
202012,L00LLLOL4,0,3,0,36.1
202101,FA0V0Z0L8,0,1,1,65.3
202102,9FA4098FA,0,3,0,51.3
202102,LV9FA4080,2,0,0,14.8
202012,FA00V00L4,0,3,3,99.5
202102,FA00ZZFA0Z,0,1,1,77.8
202012,L04LOVVFAL,2,0,0,35.5
202011,L9LOZ00FA9,0,2,2,24.1
202012,LZZ04FA0LO,3,0,0,86.3
202102,9009VFA49,3,0,0,79.5
202101,L0LOLL8V8,1,0,0,91.2
202011,LVV9V8VFA,0,1,0,61.7
202011,L9ZFA0ZFA0,0,3,3,83.6
202102,90LFA88V9,2,0,0,62.9
202102,L90FA9004,0,2,0,12.6
202011,LZM0FA4V0,0,3,0,52
202101,L9040V08,0,3,0,51.1
202012,L90ZMV,0,3,0,1.6
202102,9V8Z4,3,0,0,54.8
202012,LL9Z8V40,0,2,2,55
202012,LLO4L9LL0,3,0,0,27.8
202011,LV90FAZLO9,3,0,0,63.5
202011,LLOZL8ZML,0,3,0,1.1
202102,L9LOFA04V8,0,2,0,29.2
202012,L904FA094,0,3,0,45.5
202012,L9FA08098,0,2,0,68.5
202101,FA048040V,0,2,0,88.6
202102,L9ZML8FA8,0,2,0,56.1
202102,L9LFAL880,0,2,2,93.3
202101,L90L08FALO,0,2,2,37.9
202012,LFA9FAZL89,0,3,0,98.8
202101,LLO8909V9,0,3,3,18.3
202011,LZ80V98L,0,3,3,49.3
202011,LLOV0VLOL9,0,2,0,68.1
202102,LFAZ00ZLL,2,0,0,53
202012,L4LOZ0L89,0,3,0,45.8
202102,L0LO0004Z,0,2,0,43.7
202101,LV80LLFAL,0,2,0,23.8
202102,8V4480L,0,3,0,46.1
202011,FA0LZ9804,0,3,0,93.2
202101,L8V89LVZ,0,1,1,87.4
202011,L4L904L9,0,1,0,23.7
202011,L09ZFA94V,0,2,0,49.4
202011,LZ4Z8FA8FA,2,0,0,38.2
202011,L8090LZZ,0,3,0,23.3
202011,LV809LFAL,3,0,0,48.3
202012,LO04FA4V00,0,2,2,24.8
202101,Z0LZ000Z,0,3,0,51.9
202102,LLOZLO00ZL,0,3,0,8.9
202012,FA0L89FA,0,3,3,29.3
202012,Z044FAZ80,0,1,0,83.6
202011,L4L84ZLOZ,0,1,0,27.2
202101,FA0ZVZ800,0,3,0,14.4
202012,LZ9804FAV,0,1,0,51
202011,LVZL80FA0,2,0,0,99.1
202102,L8LL4884,3,0,0,53.1
202101,L8490Z0LO,0,3,0,50.4
202011,LO00LL884,3,0,0,12.8
202012,ZVZMV0V4,0,2,0,25.4
202102,FA09L80VLO,0,3,0,40.6
202011,80LVFA8LL,NULL,3,0,54.7
202102,L04FAV0FA4,3,0,0,80
202101,L49FA0FAFA0,0,2,2,71
202101,FA0480FALOL,0,2,0,40
202101,L4009ZM9,0,1,0,60.8
202012,L00VFAFA8V,0,2,0,8.6
202102,LVLO08888,0,3,0,87.2
202101,900LOV0LO8,0,33,4,60.1
202101,LV0094V4,0,3,0,41.3
202102,LLOL40FA,0,3,0,47.8
202101,L80LLO904,1,0,0,11.7
202012,L844LLO98,0,1,1,66.9
202102,LVV89VV0,0,2,0,91.7
202012,L900ZM04,0,1,1,96.1
202012,LLVV00Z0,0,3,0,36.8
202011,L90L8FAZ4,0,3,0,12
202102,90LFA8LOL9,2,0,0,64.7
202102,LFAVFAFAFALOL,0,3,0,18.5
202102,L90480LLO,0,3,0,30.4
202102,LFA8880VL,0,1,0,98.8
202102,L4LV0V0FA,0,2,0,96.8
202101,L4LO08VFAZ,3,0,0,69.3
202012,V0ZFALFALL,1,0,0,37.9
202102,VLO00840,3,0,0,27
202102,L9ZVZM8LO,0,1,0,40.5
202101,FA00LOLL9FA,0,1,0,29.9
202101,LFAVV840V,2,0,0,46.4
202102,FA0Z8LOL8Z,0,2,0,35.1
202011,L4L80844,0,1,0,31.6
202102,FA0VLO9LZ4,0,3,0,1.8
202102,ZZFA4FA4,1,0,0,12.7
202101,L9VLOV808,0,1,1,78.1
202012,800VVL00,1,0,0,14.4
202102,FA0084L9V,0,3,0,5.8
202101,LLLOLVV09,1,0,0,71.3
202102,L8L4L004,0,2,0,3.7
202102,L8LFA4ZVFA,0,3,0,40.5
202101,800LLVZ,0,3,0,31.8
202011,L9LOVZFALZ,0,3,0,14.9
202011,ZZVFAL8ZV,2,0,0,42.8
202012,L89V8088,0,3,0,67.4
202011,LLLO808Z8,2,0,0,2.3
202102,FA0VZM49FA,0,3,0,49.2
202011,Z0LO08Z0Z,3,0,0,98.4
202102,LZ940048,1,0,0,85.4
202101,8004V0V0,0,1,1,89.3
202011,LLO9V8LO44,0,3,0,98.3
202012,LV808V08,3,0,0,40.5
202101,Z08Z9VLOFA,0,3,0,89.7
202102,L94FAZV0LO,0,3,0,49.2
202102,LLOZZZ8LZ,3,0,0,14.4
202012,L908V9FAL,0,3,0,52.4
202101,FA04FALO48LO,0,3,0,98.3
202101,800VLV0LO,0,1,0,91
202011,Z09LO9LZV,0,1,0,37.4
202101,FA0V9ZV,0,3,0,85.6
202011,LZMZ000FA,0,2,0,87.7
202102,LV0449,3,0,0,27.1
202101,V0Z00FA00,0,1,0,50.2
202011,V089V48LO,0,3,0,42.5
202102,FA0Z09LO08,0,3,0,95.7
202101,L0LOVZZ48,1,0,0,66.6
202012,L49V4VFAL,3,0,0,80.8
202012,V0LVLOV40,1,0,0,47.8
202011,L8V4LOL8FA,1,0,0,40.5
202012,L90LLO948,0,1,0,97.1
202011,LV490L48,0,1,0,86.7
202102,L489088LO,3,0,0,12.2
202012,LL04LOL84,0,3,0,61.9
202102,Z008Z80L,1,0,0,37.3
202012,LO0LO0FAL4LO,0,1,0,49.7
202101,L8004004,2,0,0,97.6
202012,LLO489L,0,3,0,65.8
202012,L80Z9FALV,0,3,0,92.9
202012,ZZZ00040,2,0,0,84.2
202011,LLFAFALOZLOV,2,0,0,2.7
202012,LZM44V4FA,0,1,0,66
202101,LVZLO9FAL0,3,0,0,47.5
202011,LV8ZZVLOZ,3,0,0,54.2
202101,LLO8008LLO,0,3,0,19.5
202012,LFAVZ09LO8,2,0,0,89.4
202102,FA0LO849V8,0,3,0,96.3
202012,900ZL9Z,0,2,0,98.7
202101,LVVFA800Z,0,3,3,54
202012,L4ZVLOVLOV,0,3,0,21
202012,90LZLO00LO,2,0,0,48.3
202011,LVL9L0FA4,0,3,0,40.6
202012,ZZZ04LLO8,1,0,0,77.3
202102,L9ZV0L0LO,0,2,2,29.4
202011,L008V0ZV,1,0,0,56.7
202102,L8L89VZ8,3,0,0,88.8
202012,LFAV0VFALO0,1,0,0,99.7
202101,L009FA949,2,0,0,1.5
202011,LLOFA8LVZL,3,0,0,10.7
202101,LV8ZFA0VL,0,3,0,96.8
202102,L8ZZ9LL9,0,2,0,66.3
202101,LLVVV00L,0,1,0,98
202011,L800400L,0,2,2,34
202101,900FA08LO9,2,0,0,14.4
202102,L04FA0FA0FA,0,3,0,60.4
202011,L98Z84,0,3,0,45.8
202102,LVZ0LLOV0,0,2,2,43.3
202012,ZZVZ0VZ9,3,0,0,68.7
202011,L8LOLLFAV0,0,1,0,81.4
202012,LZ404V0L,0,3,0,18.4
202101,LFALOV4V,2,0,0,88.9
202102,L49LZ80L,0,3,0,87.6
202101,LFAZZ9LZM,2,0,0,44
202011,LLO0L0FAZ4,0,2,0,21
202102,L4ZLO4FAFAL,2,0,0,33.6
202101,L8ZVLZZV,NULL,3,0,57.4
202011,L9VZ8040,0,3,0,93.6
202012,L9VLO0008,0,1,0,69.3
202012,L90L0V89,0,2,0,74.8
202011,L800LO989,0,2,0,62.1
202102,L084V8LOV,0,2,0,69.8
202012,LVZFA4FAL0,0,3,0,45.2
202102,V00LV404,1,0,0,1.8
202011,L404ZL,1,0,0,98.3
202012,L9809LOL8,0,2,0,93.5
202102,L9LO40FALFA,0,2,0,47.8
202101,LFA0FALZZ9,3,0,0,50.7
202101,LZLO9898FA,0,3,0,26.4
202012,FA0ZL0LLO4,0,1,1,84
202101,Z0L00VZ0,0,3,3,7.3
202102,Z0V9LOFALV,0,3,0,44.3
202102,LO0FAZVV9Z,0,1,0,83.8
202011,L00L44FALO,0,2,0,61.8
202102,L9LO0880LO,0,1,0,90.4
202102,80LOZ0V,2,0,0,67.4
202012,90LFA4ZZ4,3,0,0,19.6
202011,L9FA4V9LO0,0,2,0,66
202012,Z0VL000Z,0,1,1,4.2
202101,L9LOFA9ZZ0,3,0,0,12.5
202101,Z0VFA04,3,0,0,33
202102,FA0VFALO4V0,0,2,0,6.2
202011,LL0FALOZ00,3,0,0,33
202101,8FA04LOVL,0,3,3,78.8
202102,L49LO0Z90,1,0,0,13.6
202012,LLO89FA9,0,1,0,86.2
202012,8009084,1,0,0,42.7
202011,LLOL00ZLOZ,0,1,0,22.4
202011,9V0Z0LOFA,1,0,0,4.9
202101,LVFA0V0ZM,2,0,0,84.8
202101,L9LOFA4FA4LO,0,2,2,59.5
202012,FA009ZFA8LO,0,2,0,36.3
202012,FA04L0808,0,1,0,91
202102,L9LO0LO09LO,0,1,0,81.8
202012,LZ4LO98ZL,3,0,0,32.7
202102,FA0L4VZ80,0,2,2,91.7
202102,L4V040Z4,0,2,0,81
202102,LLO8FAFALO40,0,1,0,3.1
202101,L0VFALZ,0,1,0,45.1
202011,LVVL408Z,0,1,0,56.3
202102,LZZMZM09,0,3,0,89.4
202011,LZV804,0,3,0,83.3
202011,LV498VLFA,0,3,0,52.1
202012,L94V88FA0,0,2,0,37.1
202102,L9Z8000L,0,2,0,3.5
202011,LV0FA808V,0,2,0,30.2
202011,LLO4489,0,3,0,80
202011,LLZZ09V9,0,1,1,22.8
202101,L9LO949V8,0,2,0,37.8
202011,L0804VL0,0,2,0,77.9
202012,80LZMZZM,0,1,0,83.5
202101,L940V8FAZ,0,1,0,66
202102,L09V4LO04,3,0,0,55.7
202012,FA0FA8489FA,0,1,0,12.6
202101,FA0ZFAVLV4,0,3,0,8.9
202102,ZZV8ZM0V,0,2,0,60.6
202101,LLO900044,2,0,0,66.5
202102,FA0V40LVFA,0,3,0,50.2
202011,LO08LO0LLZ,1,0,0,78.9
202011,L8Z0L4VZ,0,1,1,67.4
202101,LLO94LOVVFA,0,1,0,30.6
202101,L00ZVFALLO,0,3,0,78.4
202011,L8LO088LLO,0,3,0,15.6
202011,L00Z9ZLO0,0,3,0,96.8
202011,908FA9LLO,2,0,0,40.7
202012,FA00VLO88FA,NULL,1,0,61.5
202102,LZFA9LFAFAV,3,0,0,96.2
202011,LFA4Z9090,0,3,0,93.3
202101,L0040ZVLO,0,3,0,63.9
202101,L08VV04Z,0,3,0,71.2
202012,8Z409V0,0,1,0,70.5
202102,L80FALO09L,0,3,0,40.5
202102,L9V88489,0,2,0,2.1
202011,LVVFA8LLO9,0,2,0,94.2
202012,LFA0L89Z4,0,1,0,26.6
202011,L9444LOVZ,0,2,0,39.1
202101,LV90LOL0Z,0,2,2,7.6
202011,LVL0V0VFA,0,3,0,52.2
202101,FA0L4FA00V,0,2,0,73.4
202011,LVZ00L8LO,0,3,0,53.2
202011,98V404Z,3,0,0,3.5
202101,900VL0ZL,0,3,666666,76.5
202011,LZ8FAFALLO0,0,3,0,41.9
202011,L089FAZ4Z,0,1,1,24.9
202012,L9LO9FA0,0,3,0,2.9
202102,9Z08VL4,1,0,0,99.8
202101,9000V804,3,0,0,33.6
202012,LFA9Z8898,0,3,0,73.8
202012,FA0L88L0L,0,3,0,96.1
202101,LV0L0LO00,0,3,0,72
202011,LO0LO00Z,1,0,0,81.8
202012,LO0FAZ840FA,1,0,0,13.4
202101,V0ZLOFA8LO4,3,0,0,92.1
202011,LL94VZM8,0,1,0,92.7
202011,LVVL9004,0,3,0,36.9
202012,L9ZVZ4,0,2,2,98.1
202101,FA0Z44FA84,0,2,0,20.7
202012,L8ZLOZ8V0,0,3,3,87.9
202101,900009,0,3,3,90.7
202012,L84040L0,0,2,2,96.5
202012,LL440FAZ0,0,2,0,5.4
202011,ZZVZZ88Z,3,0,0,54.1
202102,L8FALO44L9,0,3,0,13
202102,LVL0FAZ9FA,0,3,0,48.3
202012,LLOVFA044Z,0,1,0,92.9
202101,ZZ009FA0L,0,3,0,98.9
202012,LLOVLO0FA0LO,2,0,0,35.9
202102,LLOL9VFA04,3,0,0,69.8
202011,L0V4004FA,3,0,0,31.8
202102,FA0LO8FA0,3,0,0,90.9
202101,L4Z4FALO90,0,3,0,87.3
202012,ZZ0ZV4V4,0,1,1,57.5
202101,L8FALLOZVLO,0,3,0,23.9
202012,80LFA4LO9LO,0,2,0,28.3
202102,LFA88098Z,0,3,0,78.7
202102,FA00V0FA09,0,3,0,89.7
202102,Z0FALFAV8FA,0,3,0,12
202101,L0VL04LO8,0,2,0,48.4
202102,L8V4ZVZZ,0,1,0,88
202101,900040LV,2,0,0,56.1
202011,LZZ0V44Z,0,2,0,89.2
202101,L90ZMLO90,0,2,2,59.6
202101,LLOFALO0ZLO4,0,3,0,20.4
202101,900V084FA,3,0,0,8.5
202011,L909V00Z,0,3,0,34.4
202012,LLO80V0,0,3,0,94.4
202101,900Z004V,3,0,0,44.2
202012,L90Z0VFA8,0,3,0,8.9
202102,L8LO09049,0,2,2,53.4
202011,L8LOFA04ZFA,0,3,0,15.5
202012,L904V8L0,0,2,0,23.3
202102,L8L8Z4Z4,0,2,2,90.3
202102,LZL840LLO,0,3,0,44.4
202011,90LLO08FA0,0,2,2,84
202102,FA00LZ488,0,3,0,5.1
202102,V909L88,0,3,0,51.3
202102,FA08LLOFA88,0,1,1,78.5
202011,L00Z8800,3,0,0,54.4
202012,LVL4088LO,0,3,0,21.5
202012,LLOZ4FA9FA9,0,2,0,99.7
202011,L8Z0LOVV0,0,1,1,46.1
202012,L88LO0FA0FA,0,3,0,79.9
202011,LLLO44LO09,0,2,0,15.5
202101,VFA0048,1,0,0,3
202011,LLO0L0FAZ0,0,33,0,64.7
202102,L00V0FAFA9,0,2,0,83
202011,LO00ZVL9LO,1,0,0,2.6
202102,L880FA4L9,0,1,0,97
202101,V00LO9L0Z,0,1,1,73.8
202011,LLO490L09,3,0,0,80.5
202102,LZ8L8800,0,3,0,64.6
202012,LLO080Z9Z,0,3,0,61.4
202102,LVV8908Z,0,3,3,40.6
202102,FA0L000VL,0,3,3,60.6
202011,L0040VV0,3,0,0,53.3
202011,LLO4448V8,0,2,2,45.2
202101,L8V94LO0FA,0,2,0,46
202011,V09FA0404,1,0,0,81.2
202102,ZVLO84L8LO,0,2,0,55.1
202101,ZVZ4440LO,0,1,0,67.2
202012,L9VZVZZM,0,3,3,3.5
202012,FA00LOFAZVLO,0,1,0,40.6
202012,LVFAL900LO,3,0,0,61.1
202011,LFALO0VVLO9,1,0,0,82.2
202101,FA000FAFAZLO,0,2,0,55.8
202011,L8FAFAFA0LFA,0,2,0,26.9
202102,L90FA4084,0,3,0,33.4
202011,Z0LOLZ08Z,3,0,0,27.2
202102,LV90Z000,2,0,0,36
202101,FA00V8FA0L,0,3,0,82.2
202101,LLO4ZLLO09,0,3,0,87.7
202011,FA00LZ900,0,2,2,0.3
202011,V0LO0FAZ4L,2,0,0,63.8
202101,FA0FA48Z0LO,0,1,1,79.3
202011,L0988LOZ8,0,3,0,74.4
202011,LVLOVVFALO0,0,1,0,28.7
202101,LLOVFA09LOZ,0,3,0,27.4
202012,9008940Z,2,0,0,60.1
202011,L0V00Z,0,3,0,96.2
202011,94FAZ0,0,3,0,34.3
202102,L9L9Z08FA,0,3,0,48.2
202012,LFA48V8ZLO,0,3,0,9.7
202011,ZZFA980L4,3,0,0,41
202011,LO0LO0VLV0,0,3,3,47.3
202101,L4FA0ZLO9Z,0,1,0,43.5
202011,9009LOZLOL,0,2,2,77.1
202011,LVL0LO008,0,3,0,8.3
202101,900V49V4,0,3,3,6.6
202101,L9LOLZ0V0,0,3,0,6.5
202102,LZ9FA90FA4,0,2,0,32.1
202011,800VLO4LO0,2,0,0,45.7
202011,L8Z890FAL,0,1,1,40.6
202102,FA0FA9LO9LO0,0,2,0,63.2
202011,L9FAVLOV8FA,NULL,1,0,24.5
202012,FA0LFA8V4Z,0,2,0,15.9
202011,L4L0908Z,0,2,0,99.7
202101,900L0FAVL,3,0,0,57.5
202012,ZVLO0ZL04,0,1,1,56.9
202011,L4V9FAFAZZ,2,0,0,59.8
202102,L9FA00VLOV,0,3,0,78.3
202102,FA0L0ZLLO8,0,2,0,30
202012,L98FA90L8,0,3,0,36.8
202011,L90LOFALVV,0,1,0,59.4
202011,LVZLO0L9V,0,3,0,16
202101,LVLZZ4LO0,0,3,0,45.3
202012,V0ZLLZ,0,1,0,97.5
202102,9000L004,0,2,0,13.8
202011,LVFA84900,0,1,0,77.1
202101,ZVLOZLOL40,1,0,0,86.7
202012,FA00L409V,0,3,3,28.3
202011,LL04L008,1,0,0,56.6
202101,L4LVLOLVLO,0,3,3,66.3
202101,V04Z0ZZFA,1,0,0,97.8
202102,900ZL080,2,0,0,62.5
202012,LZ480ZZFA,1,0,0,2.5
202101,L0L0Z4V0,0,1,0,86.7
202012,FA044FALO89,0,3,0,80.9
202102,FA0VZ8VZM,0,1,1,67.9
202012,9ZZ98,0,3,0,1.3
202101,900409VLO,0,33,4,38.1
202011,L8L08ZLO8,0,3,0,90.2
202101,900FA80LL,0,2,0,34.3
202102,L9V44L08,0,1,0,92.9
202011,LV90LZMZ,0,3,0,42.8
202011,L9L44L90,0,1,0,30.4
202011,V0V98809,0,2,0,62
202011,LO0LOL8LOVFA,2,0,0,0.7
202102,LFA4V4V,0,3,3,85.1
202012,L800VLOL0,0,3,0,48.1
202012,48V0LZM,0,1,0,50.7
202101,L4FAZ40Z9,0,3,0,43.2
202102,900098FA,0,3,3,33.3
202102,L4849L40,3,0,0,10.8
202012,Z044FAL98,0,1,0,49.5
202101,L90LO9048,0,3,3,39.7
202101,LVZZ8Z,3,0,0,53.6
202101,L49049,0,2,0,40.9
202012,LLOLZ0LOZFA,3,0,0,98
202011,LVLO9VFA88,0,3,0,27.6
202011,ZZV0VVLO4,1,0,0,20.2
202011,LV988LO,0,1,0,78.1
202011,LZ0Z89LLO,0,2,2,46.1
202101,90Z8FA90,0,3,0,85.1
202011,LFAV9Z4V4,0,3,0,0.9
202011,V0FA98FA49,0,3,0,56.2
202102,L8LLOV008,2,0,0,84.4
202102,LV40009Z,0,3,0,10.1
202102,Z004FAFALO0,1,0,0,49.5
202101,LO04LOLVVL,1,0,0,63.9
202011,L4LOZ0Z8Z,0,3,3,12.8
202011,L8040LO4L,3,0,0,33
202011,LFAFALL009,0,2,0,80.2
202102,L09V0000,1,0,0,18
202102,L8LO4Z094,0,3,0,13.7
202012,V0VZLOL00,3,0,0,27.7
202102,LZVZL48L,0,2,0,3.1
202102,LZML0V80,0,2,0,35.5
202101,L8VV9FAFAV,0,3,0,89.6
202102,L0LZZ44L,0,2,0,94.6
202011,LLO09409LO,1,0,0,15.3
202101,L98Z0L0LO,0,3,0,75.7
202012,LFA40LZ89,3,0,0,48.7
202102,ZZL909LO0,3,0,0,27.5
202012,L98ZMZZ4,0,3,0,54.9
202101,L90ZFA0,0,2,2,29.9
202102,L8LOFAVLLO9,0,1,0,3.1
202011,LLOFAFALOV9L,0,1,0,17.8
202012,8LO4LOFA44,0,3,0,8.8
202012,8009FA9L4,0,1,0,73.9
202102,9008LO0LOL,3,0,0,66.6
202101,L9FAZLO880,0,2,0,26.8
202011,LVZMFAV90,0,3,0,98
202102,LLZL08FA0,0,2,2,81.6
202101,FA0FA400LO0,0,1,0,56.1
202011,V0FAFALO90,0,1,0,86.9
202011,LOZ89V08,1,0,0,63.8
202012,V0VVLO88Z,2,0,0,77
202012,LV89VZ44,0,1,1,4
202012,L8LO9FAV00,0,1,0,27.5
202011,Z04FA49VZ,3,0,0,17
202012,L8V0LFA0Z,0,3,0,62.6
202011,L8ZLZ88Z,0,2,2,20.8
202102,Z04080LV,3,0,0,54.2
202012,LZZ8LOFALV,3,0,0,21.1
202011,L98FA989LO,0,2,0,42.4
202011,LFA94LOVLL,0,3,0,35.4
202011,L904V80L,1,0,0,56.9
202012,L9V4LO94L,0,3,0,79
202011,L9LLZZML,0,3,0,92.6
202011,V00LO09LOFA,0,2,0,14.6
202102,L940FA0VL,0,2,0,37.6
202011,LV89ZZ4L,3,0,0,57.4
202012,L8L8ZZ40,0,3,0,21.7
202102,FA0449FALFA,0,3,0,30.7
202012,LVLFAL094,0,3,0,21.5
202101,V0890,3,0,0,60.9
202102,LO0Z984V8,0,3,0,45.2
202012,FA009804Z,0,3,0,68.9
202011,LFA49VLO0L,0,1,0,93.9
202101,890FAZ08,0,3,0,99.5
202101,L40LOFA8,0,3,0,6.9
202011,V00FA980FA,0,3,3,98.3
202101,V0ZV8VZ,1,0,0,87.2
202012,LLV8ZVLOZ,0,2,0,72.7
202101,LV0Z0ZV4,0,3,0,95.3
202101,LFALO44LOZ0,2,0,0,27.5
202012,L9LOVFAZZ4,0,3,0,6.6
202102,940LO09V,3,0,0,74.3
202101,FA0LL9VLOL,0,3,0,5.8
202101,LLLFA9ZZZ,1,1,1,5.7
202011,9L4FAFALOV,1,0,0,36.7
202011,V0080LOVFA,1,0,0,12.4
202101,L9FAZ4FAV0,0,3,0,29.4
202102,9ZM4LOZZ,3,0,0,2.3
202102,FA0V4FA408,0,3,0,76.9
202011,L09ZL80FA,0,2,0,29.5
202012,L0FA8900LO,0,3,0,10.8
202102,LLOFA949LO9,2,0,0,57.8
202101,FA008988V,0,3,0,34.4
202101,FA00V9LL0,0,3,0,9.1
202012,LLO84LO0LZ,0,3,3,9.7
202011,LLOVLZ0Z8,0,3,0,43
202102,LV8800ZLO,3,0,0,76.5
202102,LFA0404ZFA,0,3,0,83.5
202102,L4FA009FA0,0,3,0,19.5
202011,L48V04V8,0,2,2,97.1
202102,L9LZ4VLLO,0,2,0,45.3
202011,L9ZZVZLO0,0,3,0,57.2
202011,L808LO0VFA,0,3,0,51.9
202101,L9VFAZ0ZV,0,1,1,43.7
202102,ZVLOVFA494,0,3,0,32.4
202101,L9Z8984LO,0,3,3,50.6
202012,L0FAZ044V,0,2,0,60
202011,8FAZ8VLO9,0,1,0,38.8
202101,LL48040V,0,2,0,67.8
202012,LLO400080,0,2,0,34.9
202102,L0444ZM9,1,0,0,50.9
202102,L440Z8Z0,3,0,0,27.2
202011,L89LOFAL,NULL,2,0,27.1
202011,L4FALO4048,0,3,0,43.8
202102,L40Z88L9,0,2,0,21.3
202101,9L9ZLO80,3,0,0,46.3
202102,FA0FAFAFA4,0,3,0,82.8
202101,L09Z4LLO9,1,0,0,56.1
202012,LFA084LFA0,3,0,0,40.4
202012,8008VLO8,0,3,0,39.5
202101,L484ZMZL,0,1,0,30.9
202101,ZZZ040LOV,0,1,0,15.4
202011,ZZV904ZFA,0,1,0,74
202102,L9Z00LFAZ,0,1,0,77.3
202011,LLL40908,3,0,0,70.4
202101,LZ44V9Z0,0,3,0,35.6
202012,LFAV4FAVFAL,0,2,2,17.9
202011,V0ZLO89LFA,0,3,0,94.2
202011,L4LVZVLOZ,0,2,0,82.5
202012,LZFA0ZVZZ,2,0,0,61
202012,LZ00Z08LO,0,3,0,62.4
202012,LFALO88L8L,0,3,0,76.8
202011,LO0LO04Z8LO,0,1,1,98.8
202012,LL948L94,0,3,3,66.8
202012,L0ZL0LLLO,2,0,0,69.1
202011,L4LO8FAV88,0,3,0,46.3
202011,L8ZVFALZLO,0,2,0,62.1
202012,FA0Z0909LO,3,0,0,7.9
202102,LVV048LLO,2,0,0,1.6
202102,LV40040LO,0,3,0,85.9
202102,FA0ZLO9Z80,0,3,0,10.4
202102,FA0400840,0,2,0,98
202102,L9VLZ4LO9,0,3,0,75.2
202102,LVZ480FA4,0,3,0,59
202102,L840VZ00,1,0,0,45.2
202102,9009L4Z8,3,0,0,37.5
202102,FA0LOZ9840,0,1,0,69.7
202012,LO09FALOV00,0,1,0,78.2
202101,8004Z090,0,1,1,51.4
202101,LO0ZZ080FA,0,1,0,3.8
202102,L9FALLO94L,0,2,0,9.2
202101,L90FAVL00,0,33,2,72.4
202102,LLO9FAVLO04,0,3,0,17.9
202102,FA04Z04VV,0,2,2,11.4
202012,L4L4ZFAVL,0,3,0,73.6
202011,80FA0FA08,0,3,3,9.8
202102,LZ0Z400FA,0,2,0,59.3
202102,V089LZ90,0,3,0,37.9
202012,LV9VZ4FA9,3,0,0,75.6
202101,ZZ00LO0FA4,0,1,0,39.1
202012,LL0FA04VV,0,2,0,30.3
202102,L800FAFA40,0,3,0,31.8
202012,LLOZZM8Z0,0,3,0,95.9
202012,LV8FALFA9V,0,2,0,63.1
202101,L89009LOL,0,2,2,28.9
202102,ZZLL00VZ,2,0,0,25.5
202012,90LFA9FALO0,3,0,0,72.9
202102,90L00ZMV,4,0,0,5.5
202101,LO008VZ04,2,0,0,82.9
202102,FA00FALOZ49,NULL,3,0,77.1
202101,80L0FA0LO4,0,3,3,63.4
202011,800004V8,0,3,0,75.1
202102,VLO090Z0,1,0,0,0.9
202012,LO0ZL8Z88,0,1,0,68
202011,L8V80FA90,0,1,1,16.1
202011,LO0LOFALO84Z,0,1,0,85.8
202101,L9VFAFA9V0,0,2,0,4.2
202011,L9FAFA80LOFA,0,3,0,67.6
202011,L0V4Z0LZ,3,0,0,19.9
202102,LZZ8LO00FA,0,3,3,64.3
202012,LLOV980ZFA,0,3,0,43.7
202011,LLOZ40LO,0,2,0,0.5
202011,L4VL9LFA4,0,1,0,77.4
202011,L4Z90LV8,0,3,0,73.3
202012,L8000V84,0,3,3,46.3
202012,L090800LO,0,2,2,13.8
202101,FA00088Z4,0,2,0,32.1
202101,L9FALFA9FAZ,0,3,3,66.1
202101,V0ZFA0LO84,0,1,1,18.6
202102,90LLFAZ09,2,0,0,49.9
202102,LLZV0LO9V,3,0,0,5.8
202012,LVLOFA8V,0,2,0,22.5
202011,L000LVLO0,0,1,0,9
202102,L8LOL4LZM,0,2,0,23.5
202012,V00ZLOFA,0,2,0,10.8
202012,L904V4V4,0,2,2,29.1
202012,L0FAZ80LLO,0,2,0,92.4
202011,L4LOFA9VLLO,2,0,0,16.9
202011,L089VVL9,1,0,0,6
202101,FA0VZ89ZLO,0,1,0,80.5
202101,L89VZ40L,0,1,1,34.1
202101,98L4VZLO,0,2,0,84.7
202011,ZZLO09LO44,0,3,3,9.2
202012,LZ00LO4,0,3,0,99.8
202011,LFAZ90FAVLO,2,0,0,7.1
202012,LFALOL9FA40,3,0,0,55.3
202012,LV8ZVL40,0,3,0,83.1
202102,L90FA4LO9FA,0,2,2,32.9
202101,LZFAV00FAFA,1,0,0,59.7
202101,FA0FA000LFA,0,2,0,67
202102,LVFAVLOZ,1,0,0,60.6
202101,900ZLO0LO0,2,0,0,30.2
202011,L94000,0,3,0,55.4
202012,L8L804VFA,0,3,0,72.1
202011,LVFA04LOZ0,0,2,0,46.9
202011,LO0V400LZ,0,3,0,72.2
202102,LLOL4VLL0,0,3,3,59.2
202011,L9FA8V8LO4,0,3,0,95.3
202102,FA04FAFA0V9,0,3,0,84.3
202102,LZ89V80LO,3,0,0,84.1
202101,L890LO94LO,0,3,3,4.1
202102,L8V00LZV,0,2,0,52.8
202012,LFAZM90LFA,0,1,0,41.6
202011,LFAFA4L8L8,0,2,0,89.1
202011,L9FA0VZZFA,0,3,0,63.8
202011,LLO080LO48,0,3,0,53.2
202102,LVV9LOZZ0,0,1,0,69.2
202101,L9094V,0,3,0,31
202011,V89LO484,0,3,0,58.9
202011,LV9V894LO,0,3,0,25.3
202011,ZZ8L8LOFALO,0,3,0,27.2
202012,V000004Z,0,1,0,91.4
202102,L9L0LO44L,0,1,0,56.6
202101,LZLVFAL00,0,2,0,10.2
202011,L90FA9LLO0,0,3,0,4.2
202102,FA090LO809,0,2,2,29.3
202101,ZZFAVV89LO,3,0,0,2.2
202012,V088LFAZ9,3,0,0,97.3
202012,LLO9FAZ0Z0,0,3,0,52.6
202012,V044FA090,3,0,0,87
202102,LFALFA9098,0,3,0,41.4
202012,L9V4LZLO0,0,3,0,27.5
202101,LZVZZLO,0,2,0,81.4
202011,L94LOZFA90,1,0,0,62.3
202012,900FA980FA,0,2,0,75.2
202101,V09V0VL9,0,1,0,93.7
202102,L48LLZZL,0,1,0,96.4
202102,L9Z4FAZL9,3,0,0,68
202101,9000L498,0,3,3,86.1
202101,L90V0Z4L,0,3,0,12.4
202012,L49FA0LOVLO,3,0,0,11.1
202102,FA0008Z04,0,3,0,10.2
202101,9V4V4L8,0,3,0,70
202011,L9VLOV948,0,3,3,92
202012,800FA09LOL,0,1,0,3.1
202101,LL4LO4VFAL,3,0,0,67.5
202011,L4V0LLOVV,0,1,0,69.8
202011,LLO0LOZLLLO,0,3,0,19.6
202102,LLOFA808L4,0,3,0,19.3
202102,V08LOL4ZV,3,0,0,0.7
202102,V00LZLOZ8,0,3,0,68.7
202011,LOFAFALO94LO,1,0,0,88.4
202012,V04FAFALO0LO,0,1,0,80.6
202011,L94LLO49L,0,3,0,56.6
202011,90LL80ZM,2,0,0,55.2
202012,LZV090FA0,0,3,0,5.2
202012,L908FAFAVV,0,3,0,23.6
202012,LV0008LO8,0,2,2,13.9
202101,FA049L4VFA,0,1,0,94.5
202102,LVZZ09VFA,1,0,0,91.5
202012,894FAL9V,3,0,0,15.9
202012,Z00Z940Z,1,0,0,5.2
202102,L9LOZL4VL,0,3,0,25.2
202101,FA0LLL0V4,0,1,0,61.6
202102,L8LO00049,0,3,0,42.3
202011,Z09449L0,1,0,0,76.6
202011,LFA9V8L8L,3,0,0,93.2
202012,LVFA9FA840,3,0,0,2.5
202101,LO0Z00L4L,3,0,0,83.9
202101,L0LZZ84Z,0,3,0,33.1
202011,L98LLOZL0,0,1,1,11.6
202011,L94ZZ908,0,2,0,37.5
202012,L0V00L40,0,3,0,21.8
202102,LO0Z849LOFA,0,1,0,21.2
202101,L8Z4L000,0,1,1,52.9
202102,V0LLOZLOFA4,0,1,0,57.5
202102,LLO9889LO4,3,0,0,99.1
202102,LO04FAFA4Z0,0,1,0,81.9
202012,FA009Z98V,0,3,0,44.6
202012,LO0LO040ZFA,1,0,0,64
202101,LLO0Z448V,0,3,3,94.6
202102,L0LZ00FA0,0,1,0,83.3
202101,ZVLO0Z0LV,0,1,0,10.8
202011,FA000VLOV0,0,2,0,43
202011,L9LVVLO40,0,2,2,91.2
202011,LFALZFA8Z0,3,0,0,45.8
202101,LO0LOL9044,0,1,1,84.7
202102,LLO9FAVL80,0,3,0,89.2
202011,LZ0ZML00,1,0,0,2.2
202101,LV9L90Z9,0,3,3,45
202011,LVLOLFAL0V,0,3,0,91.8
202102,L9ZMFAZ80,0,3,3,12.5
202012,LVL88880,0,1,0,42
202012,V09L8LOFAL,0,3,0,68.3
202102,LLO9L4Z9L,0,3,0,77.4
202012,L84ZFA0,0,3,0,4.5
202101,89089L8,0,3,0,68.3
202102,L49V04L4,2,0,0,54.5
202011,LZZ40L9FA,0,1,0,17.5
202101,L84L0FA8V,0,3,0,45.3
202011,L0Z8FAFA4Z,3,0,0,58.8
202012,L9044V0LO,0,1,0,22.5
202011,LZVFA00ZLO,0,2,0,26.6
202011,L9FAZMZV9,0,3,0,14.9
202102,Z000LOZL9,3,0,0,37.9
202011,LL0V4FA0Z,0,3,0,91.4
202101,L9FA40LL4,0,2,0,21.1
202011,L4V8LO4VZ,3,0,0,57.2
202011,LLO4LL90LO,0,1,0,18.7
202101,L4L80FALZ,3,0,0,56.1
202101,LFA9LO0L9Z,0,2,0,87.4
202012,900FAFAFALOZ,2,0,0,83
202101,L4L4LFAL8,1,0,0,68.7
202012,LZL90Z4Z,1,0,0,20.8
202011,LV804Z90,0,2,0,60.4
202101,L9004V8V,0,2,0,8.3
202012,LV00Z80L,2,0,0,18.1
202011,800V8LFA8,1,0,0,34.5
202102,L8L4000FA,0,3,3,91
202012,900000FA4,0,2,0,7.6
202012,LV49FA0ZV,0,2,0,83.9
202101,L98L0FA49,0,3,0,6.3
202011,L98LLZFALO,0,3,0,11.5
202012,80L90040,0,3,3,76.7
202101,L9Z9Z0,0,3,0,32.4
202101,9008LO98V,0,33,4,51.9
202101,LZLZLO80LO,2,0,0,74.4
202101,L89Z809L,0,3,0,98
202101,L4ZLFALV9,0,1,1,33.6
202012,L09FA0VZ0,1,0,0,73.9
202011,L80LFAFAZZ,0,1,0,13.8
202102,LLO08ZLZ4,1,0,0,19
202012,LVZV0V0Z,0,3,0,97.3
202101,FA04ZLOL90,0,1,1,49.1
202012,L0LFAV4LOFA,2,0,0,40.3
202012,L8LFAFA0Z0,0,1,1,40.4
202011,LFALOV90,0,2,2,22.3
202012,LVL9ZLFA8,2,0,0,16.9
202101,Z0ZLL000,0,1,0,87.3
202101,LZ0Z98VZ,0,2,2,87.5
202102,L80LVFAFA4,0,2,0,97.6
202012,FA0ZLOVFA08,0,3,0,7.7
202101,L8Z84LLO4,0,3,0,72
202012,L0LO008,0,3,0,15.8
202101,V8Z08FA0,0,1,0,61.7
202101,FA0ZVZFALFA,0,3,0,7.2
202102,LZL0ZLLOFA,1,0,0,53.1
202101,LV4800ZM,0,1,0,80.6
202012,L9FAL8LV9,0,1,0,77.7
202101,FA0LOL049V,0,1,0,12.7
202101,L9Z0V9FA4,0,2,0,21.7
202011,L9LO40LLV,0,3,0,6.7
202101,9008LL0FA,0,3,3,89.8
202101,L9Z8LO0LLO,3,0,0,35
202101,L49V4LO44,0,3,0,59.9
202012,LZ084ZFA4,0,3,0,60
202102,LZ040VVL,0,1,0,69.6
202101,L94V0LO0FA,0,3,0,19.5
202012,LVVFA0LO89,0,3,0,0.9
202102,L4V88044,2,0,0,43.3
202012,LVV94VLFA,3,0,0,49.2
202101,LFAZ400LZ,0,2,0,41.1
202101,LV90FAFAZ9,0,3,0,78.9
202011,L4LFALLOZ4,0,1,0,50.8
202102,L094L04Z,0,1,1,13.2
202012,L8890449,0,0,3,33.7
202011,FA0L909Z9,0,2,0,58.2
202102,ZVZFA0808,0,2,0,84.3
202012,L9VZV0VFA,0,1,1,47.1
202012,98LOZ88Z,0,0,3,83.3
202102,LV8Z0ZL4,1,0,0,85.5
202012,ZZFALFAVV0,0,2,0,82.5
202011,V040Z040,3,0,0,50.3
202102,L8LO4FA008,0,1,0,3.6
202102,90L48404,0,2,2,59.9
202101,FA048V9FA0,0,3,3,53.6
202011,L904ZZL9,0,3,0,32.5
202012,LVLL0840,0,2,2,37.7
202011,LFA8LO0LL0,0,1,1,75.4
202102,LLO88ZVL9,0,0,2,95.1
202102,LO0LO00VLOV,0,1,0,57.5
202102,L840LOLLLO,0,2,0,77.3
202011,LV08V0Z0,0,3,3,92.2
202101,L80FA90ZM,3,0,0,91.2
202101,FA04FA0LOL0,0,2,0,57
202101,L00ZLO0LOV,2,0,0,93.2
202011,L00V04V8,0,1,0,51.8
202101,VFAFALOZ0LO,0,1,0,39.3
202102,L9VV409FA,0,1,1,40.3
202011,89Z00FA9,0,3,0,4.6
202011,989FAZ40,2,0,0,21.3
202102,FA04Z000LO,0,1,0,46.8
202012,80040Z94,1,0,0,81.9
202012,8004089,3,0,0,86.7
202102,90FALOZ0V,1,0,0,33.6
202012,FA004FAVFALO,0,3,3,60.1
202011,L49FALO4L0,2,0,0,98.1
202101,FA0ZLO90VFA,0,3,3,61.3
202011,LVL0V9LO0,0,1,1,0.7
202102,L8000L08,0,3,0,69.6
202011,9L9VFA9L,0,2,0,1.7
202102,L84L980Z,0,2,2,93.4
202102,L8VLO049V,0,3,0,51.4
202012,LZ0V9LO0V,0,3,0,35.9
202012,L8VFA0VZL,0,3,0,16.3
202101,900940FA4,0,3,0,71.5
202101,Z0V98LZLO,1,0,0,14.6
202012,L0480Z0L,0,1,0,57.4
202011,LVLO0L094,0,0,3,64.8
202012,80L800LO0,0,3,0,95.8
202101,FA00L4LV4,0,2,0,22.3
202101,9000440LO,0,3,0,97.9
202012,LL8LOLLOVV,2,0,0,31.5
202012,LFAVLO8VFA0,0,3,0,5
202102,LLZZ44L0,2,0,0,60.4
202011,V000Z944,0,1,0,75.2
202102,LFAFAZLO4FAL,1,0,0,55
202012,LO0LOVLO00FA,0,1,0,23.3
202011,L9000ZFA0,0,3,0,33.5
202012,L4808Z,0,1,0,14.6
202102,FA00FALOZ90,0,2,0,90.1
202012,ZZLOV9LOL0,0,2,0,97.3
202012,LVFAFA8Z00,0,1,1,96.3
202102,FA0FA8FALO4L,0,3,3,11.4
202101,LZ9VVFAFA9,0,2,0,47.2
202012,LFA09FAFAV4,0,3,0,85.6
202101,LFALOZ0Z8FA,0,1,0,50.3
202101,V08L8FAFAV,0,3,3,56.1
202011,L0ZLO48,0,2,2,1.5
202011,L0LO8409FA,0,2,0,66.4
202102,9004VV4LO,3,0,0,98.2
202101,FA0440Z0LO,0,2,0,67.5
202011,L8VZ800V,0,1,1,6
202012,LFA9VZ40LO,0,2,0,19.9
202012,LL8VVLZLO,0,1,0,64.7
202012,LFAV0LOFA80,0,3,0,12
202102,LZMLZ4FA0,0,1,0,11.2
202102,LZMZ9FA8FA,0,3,3,56.1
202012,LO0ZZZFAVFA,0,1,1,18.9
202101,L9488900,0,3,0,9.7
202101,FA00VV48V,0,2,0,84.1
202102,L98L0LO84,0,1,0,42.5
202011,L94V4FA0L,0,1,0,44.1
202011,LFA9Z0ZZLO,2,0,0,71.5
202011,L9ZMZ98LO,0,3,0,43.9
202011,LZ0L89VZ,0,1,0,47.7
202102,LZMLO4LOLFA,0,2,0,96.2
202102,FA0ZV9ZL8,0,1,0,0.3
202011,V8000Z8,0,3,0,99.1
202012,LLO4LVVZM,0,3,0,45.3
202102,L9VZ0LFA0,2,0,0,21.6
202102,90L4L0VFA,3,0,0,65.1
202011,LLV0FALV4,0,1,0,30.8
202011,L0Z88FALL,3,0,0,24.7
202011,L40LOFALLOL,0,3,0,47.6
202101,LLOZZL04V,0,3,0,93.2
202101,L8L0Z480,0,2,2,86.1
202102,FA0L49840,0,1,0,62.8
202102,FA04089FAV,0,2,2,92.2
202102,LVLOLZV44,3,0,0,2.8
202011,LLOVL804L,0,3,3,58.4
202102,FA0LLLO9LO4,0,2,2,60.4
202011,L90ZFAFA44,0,3,0,47.2
202101,LVZLO0V9L,3,0,0,75.8
202012,LVLO0ZLOZ4,0,1,1,13.9
202101,L088LOL,3,0,0,74.1
202101,90LZLZ00,0,33,4,42.5
202012,V09LLOFAFAL,0,2,0,63.8
202102,L84Z909L,0,3,0,60.9
202012,LVZ0LO0LO0,0,1,1,78.4
202101,FA0V04984,0,1,0,86.6
202012,V089LOFA4FA,0,3,0,82.8
202011,L9489LO80,0,3,0,5.5
202012,94FA8809,0,1,0,87.5
202102,LLFA4FA904,0,2,2,77.5
202101,FA0VV,0,1,0,47.5
202011,LLOZ9V4FAV,0,3,0,51.5
202102,LLOFAZ80V8,0,3,0,41.9
202011,LLO89ZLOFA8,3,0,0,60.1
202012,L0009LOFA8,3,0,0,89.1
202102,LVLO88L4Z,0,3,0,66.6
202011,LZLO89LO90,0,3,3,10.4
202102,L8LO8FAZ88,0,1,1,41.5
202011,Z000VLOZZ,1,0,0,72.3
202011,L9LOLZLO0V,0,3,0,43.5
202012,V008Z009,0,1,1,80.3
202102,LLOV00ZM4,1,0,0,72
202102,VLFA809LO,2,0,0,13.3
202101,ZZLOZ9FA89,0,1,0,21.8
202102,L494FA04Z,2,0,0,37.9
202102,LO0900V9LO,3,0,0,36
202012,8LO40FALO0,3,0,0,73.2
202102,L9LOLZ094,0,3,0,73.2
202101,LVL8L000,0,2,0,4.9
202101,LFA009FAL9,0,3,0,24.6
202102,LFAFAZM0Z0,0,2,2,27.2
202012,L9ZFAV0FA0,0,2,0,82.2
202101,L9FALO089V,0,3,3,36.3
202011,L08ZMLFA0,0,1,0,28.5
202102,L8ZZLO4ZL,0,1,0,84.7
202012,L80LLOFAV0,0,3,0,56.3
202101,LZLO8VLO0L,0,3,0,59
202012,LVZ40V40,0,2,2,84.6
202101,L9LZLZ8FA,0,2,0,68.6
202101,80LLOVFAZLO,0,1,0,49.8
202011,LZ4L00V9,2,0,0,75.2
202102,L40ZM4LZ,0,1,0,45.7
202102,L9LOFA9848,0,2,2,52.4
202011,V0Z88V0FA,0,3,0,40.6
202102,LLOVLOL4LLO,0,2,0,92.4
202101,Z084FA9FA8,0,3,3,9.8
202011,L8440FALOV,0,3,0,51.1
202102,V0LO0FA408,0,3,0,58.8
202101,L9LOLLO0VZ,0,3,3,65.6
202012,L4LFA98L0,0,2,0,40.4
202101,LVZ08408,1,0,0,11.3
202101,LZ9ZLOZ9L,0,2,0,7.1
202011,LFA9FA09V8,0,3,0,41
202102,9ZZMFAL4,2,0,0,47
202101,Z0FA0V00V,0,3,0,55
202102,LLOZ8000Z,0,1,0,61.9
202011,LLO90LOFAZM,0,1,0,62.1
202102,L9FA94FA04,0,3,0,83.8
202101,LO0ZMZL9FA,2,0,0,66.2
202101,L9Z80Z04,0,2,2,61.4
202102,9000FAZ9FA,3,0,0,32.4
202101,L9LO0LVL0,0,1,0,99.3
202012,LV88FAVZV,0,1,1,73.5
202101,FA0FAZ0VFA0,0,1,0,16.5
202011,V0VV0L08,1,0,0,32.9
202012,L4FA0LO090,0,2,0,3.9
202012,LLOVLZFA0LO,0,3,0,22.7
202011,LLO008LO98,3,0,0,20.6
202102,FA0FALO00V4,0,2,0,33
202102,L0LOFAZ4,0,3,0,87.3
202101,L9V0FALFA0,0,1,0,76.3
202102,LLO908LO4V,2,0,0,59.8
202101,L80FA00FAV,3,0,0,46.4
202012,800FA0L89,0,1,0,45.4
202011,LVFA4Z9VZ,2,0,0,47
202012,L88ZFAFA0V,0,3,0,69.1
202011,Z08LO94VZ,1,0,0,77.3
202102,LVV400,0,1,0,33.5
202101,LV0V00FAFA,0,1,0,7
202102,FA0ZLOZZ9V,0,1,0,62.8
202102,LLLOV880LO,0,3,0,68.6
202102,LV00L9LL,2,0,0,20.3
202101,980Z4V4,2,0,0,50.6
202102,L8VZ98V4,0,1,0,90.2
202012,L9Z9LOV8Z,0,3,0,14.7
202102,L8VFA09V0,0,3,0,92.5
202011,L08LO8L,0,1,0,65.1
202012,L0L004FAL,2,0,0,77.7
202101,90094L8V,2,0,0,50.1
202102,9000V0FA4,3,0,0,70.5
202012,L8LLO8FA8FA,0,2,0,92.1
202101,94Z40ZZ,3,0,0,75.9
202101,L0LOFA4Z00,0,1,0,65.4
202011,LVFA0FA9,0,2,0,14.7
202102,900V9LFAL,2,0,0,72.6
202101,LZ9VLZ8V,0,3,3,95
202101,ZZLLO9040,0,2,0,52.9
202011,L8VV0L0L,0,2,0,16.8
202102,LZ8808V9,0,1,1,8.8
202102,LLOZFAZL9L,0,3,0,90.7
202011,L9094888,0,3,0,66.7
202102,L90LO008LO,0,3,0,73
202012,L0V44000,0,1,0,93.2
202012,L4V0LO048,0,1,0,50.1
202011,LL0L90L8,0,3,0,48
202101,L8FALO0ZMFA,0,3,0,93
202011,L04LO4988,3,0,0,66.7
202012,L4840V8L,0,1,0,78.1
202012,L8VZM8LO0,0,3,0,51.2
202101,ZZZZ09LOV,0,3,0,33.4
202012,L9ZZLOLVFA,0,3,0,23.9
202012,L8L0884L,0,1,0,16
202102,LFAL84LO9FA,3,0,0,88.4
202011,LLO0FAZLO80,3,0,0,99.5
202011,LLOZ8V90V,3,0,0,57.3
202101,L8VFA4LO8L,0,3,0,41.8
202012,LL00L8Z0,3,0,0,50.8
202012,LLOFA04LO,0,1,1,44.7
202101,FA0FA8ZL00,0,1,1,81.5
202011,LO0ZVL08FA,2,0,0,17
202011,LZ0ZM094,0,3,0,42
202101,L840LO90V,0,1,1,90.1
202012,LLO980LO0LO,0,3,3,24.4
202011,L9LO00090,0,1,1,53.5
202102,LV4Z9FALOFA,0,3,0,64.6
202101,L88LO0FA9L,0,3,3,49.4
202012,FA0FAL4LO4L,0,3,0,90.6
202012,LV9FA0009,0,3,0,15.4
202101,L400LOVFA4,0,2,0,74.1
202012,LFA09V8FALO,0,3,0,83.4
202011,L8L940L8,0,2,0,19.3
202012,900FA4009,0,3,0,58.6
202011,LV0LZVL9,0,3,0,63.3
202102,FA0FAZ8L0Z,0,1,0,90
202012,L0V0LO004,0,1,1,60.1
202101,LL490VZLO,0,3,0,68.3
202101,900LO8V0,0,3,3,75.3
202011,LVLOFAZ8VL,0,1,0,28.7
202012,V9FA98VFA,3,0,0,2
202102,LFA808900,0,2,0,22.9
202102,LFA8LOFA0LOL,3,0,0,7.4
202012,VFALOVFALO9,0,3,0,37.7
202011,LLO888ZZV,0,1,0,75.4
202101,80LV04FAFA,0,2,0,70.4
202011,LVZ0ZLOFALO,0,2,0,41.1
202012,L80LO884LO,0,3,0,4.4
202011,V9L0V94,3,0,0,87.5
202012,LZM840V0,2,0,0,96.9
202012,LVZ408V8,0,1,1,14.5
202101,FA0L40ZVZ,0,2,0,17.9
202101,L894VLLO0,0,3,0,10.4
202011,V09VV4ZM,0,3,0,18.8
202011,LV0LL000,0,1,0,31.2
202102,LLOFALOVL,0,1,0,49.7
202101,L9ZLOZ980,0,3,0,75.7
202012,V080Z8LO8,3,0,0,81.4
202102,ZVLOVFA4Z0,0,1,0,84.5
202101,LVZ0FALLOV,2,0,0,29.2
202102,L9L00090,0,3,0,8.2
202011,9FAZ8V0V,3,0,0,68.2
202012,VFA8FA8VZ,3,0,0,80.5
202102,FA0Z98008,0,1,0,43.4
202102,V0LO80088,3,0,0,44.1
202012,L9Z88LOZFA,0,2,0,80.9
202012,LLOVLFALO80,1,0,0,44.2
202012,LV8FA8VZ8,0,3,0,49.2
202101,LV4LLOLLFA,0,3,0,98.8
202011,L0ZMLOV04,0,2,0,92
202101,94Z4988,0,3,3,44
202012,L84LOLFA44,0,2,0,17.9
202102,80LVLO9Z0,0,1,1,67.6
202011,LLO80V08V,0,3,0,97.4
202101,L040FAFA4LO,0,1,0,56.8
202101,L8LO80VZ9,0,3,0,75.9
202011,LZ9ZLO808,0,3,3,81.8
202012,LO00LLV90,1,0,0,29.5
202011,L949LLO8LO,0,33,0,62.6
202011,L8ZZLO004,0,1,0,86.9
202012,9FA89VLL,0,1,0,6.8
202101,LVLO489Z9,2,0,0,30.2
202011,FAL8LOVL,0,1,0,28.8
202012,L908VLFA4,0,3,0,63.6
202012,FA0084LFALO,0,2,2,62.7
202101,FA00VZ0VLO,0,2,2,26.5
202101,L0L4V0L4,1,0,0,16.9
202011,L84LZL8L,0,1,0,28.9
202011,L800L4V4,0,2,0,92.2
202012,LVVFAZML4,0,33,0,13.3
202101,LLO940Z0Z,0,3,0,61.1
202101,80LFALFAFAV,0,1,1,35.3
202101,LO0LOVVLLOZ,2,0,0,46.4
202011,800FA8LZ0,2,0,0,57
202101,LZLLZMFA8,0,3,0,3.2
202101,90004L,2,0,0,42.4
202011,LV9L0ZL0,0,3,0,80.2
202102,800ZVLFAL,1,0,0,56.3
202011,LZ0ZZ80FA,0,3,0,14.2
202012,LL4900FAL,0,3,0,7.3
202011,L9LOL09VL,0,3,3,19.3
202011,LV800ZMV,0,1,0,57.8
202011,L9ZMV04FA,0,3,0,63.6
202101,LV900LOLZ,0,3,0,27.7
202011,LZLFA9088,0,1,0,31.3
202011,LV8894LOZ,0,2,0,73
202101,L9VZ00V9,0,2,2,97.6
202011,L9ZMFA0Z0,0,3,0,64.3
202012,V0V40LV9,0,3,0,66.4
202102,LZM8LO984,0,3,0,8.4
202011,LV0L8FAFA9,2,0,0,72.2
202102,Z0LOZ8Z9FA,0,1,1,63.1
202102,L9V0L0V9,0,1,0,91.3
202102,900VL044,3,0,0,67.4
202012,LVLLO4V4V,0,2,0,96.6
202011,L4ZL4009,0,3,0,14.6
202102,FA008080V,0,3,0,78.7
202101,LFAZM49VZ,1,0,0,40
202102,LLOLLO909Z,0,1,0,68.4
202102,FA00984V8,0,1,1,36.4
202012,Z09098LV,3,0,0,21.5
202101,LO0V9FAL98,3,0,0,9.4
202102,90004LO0Z,3,0,0,36.7
202011,L94LO0V09,0,2,0,7.2
202011,L94ZLFA4V,0,1,1,6.1
202101,FA0049LOFA8,0,2,0,55.3
202011,LLO0Z4Z94,0,3,0,3.6
202102,LLOFA0ZLLL,3,0,0,26.2
202011,L0080VLOZ,2,2,2,49.5
202011,L9FAFA9VZ8,0,1,0,34.3
202011,LV40LLOZV,0,2,0,87.7
202011,L8Z0L404,0,1,1,3.3
202102,L8FA4Z90Z,1,0,0,64.4
202102,FA00400ZFA,0,1,0,82.7
202102,LO0LO0LLO09,0,1,0,70.8
202101,L04Z0ZVLO,1,0,0,82.1
202101,L9VV00Z4,0,1,1,78.9
202102,LVL0FALOZ8,1,0,0,20.3
202101,LL940VFA9,0,3,0,88.3
202011,L9ZZ08LO0,0,3,0,30
202011,L8LL8440,0,2,2,86.4
202102,9000444V,3,0,0,90
202102,FA044FAZFA0,0,3,0,96.8
202101,L9LO0V440,0,3,0,93.3
202012,FA0L8L90Z,0,1,0,35.4
202012,LVLO4ZLZL,0,3,0,84.3
202102,9008LO09L,0,3,3,18.9
202011,L0L8LOV,0,3,3,92.8
202012,LVLOFAZ4,0,1,0,99.7
202101,L90844,0,2,0,85.6
202101,Z00Z9Z0LO,3,0,0,2
202102,L8FAZ0V,0,3,0,21.9
202101,L4VLVZ0Z,0,1,1,9.4
202012,L0400909,0,3,0,53.2
202011,LLOVV0ZLZ,0,3,3,69.3
202011,LLO89LO449,0,2,0,40.5
202011,L98L9LO4LO,0,1,0,15.6
202102,FA0809VLOV,0,3,0,25.4
202011,V8894LL,3,0,0,87.6
202101,FA0LOFAVZ4FA,0,3,3,30.4
202102,L8L889L0,3,0,0,39
202012,L40LZL00,0,3,0,92.5
202101,L8898LO88,0,2,2,82.9
202101,LLFA00VFA9,2,0,0,84.1
202012,9004ZMV9,0,2,2,90.5
202101,80LL04VLO,1,0,0,70.5
202102,LLOL9489FA,3,0,0,52.6
202101,L00944Z4,0,1,0,70.5
202102,404Z00FA,1,0,0,95.5
202102,LVZ0FA000,3,0,0,81.6
202101,9V8FAV00,3,0,0,96.4
202102,LLOVFA00LFA,0,3,3,62.3
202012,LV8ZM80L,0,1,0,24.9
202101,V0ZMLZ40,0,3,0,21.1
202101,LLOLZFA0LO0,0,3,0,97.6
202101,V0FAFA00,0,1,0,45.9
202011,L4FAFA0Z,0,2,0,90.8
202101,900L4048,2,0,0,54.4
202101,LLOV40LV0,3,0,0,64.7
202101,FA0LLOV09L,0,3,0,57.7
202102,L80FA4VL0,0,3,0,54.4
202011,LV9Z4FA9FA,0,3,0,2.5
202102,LLO9008V0,0,1,0,33.7
202101,LV08VL,0,3,0,51.3
202011,Z0Z0V40LO,0,1,1,5.9
202101,900VL448,3,0,0,71.8
202011,LVV49LOVL,0,3,0,93
202011,LZLOVLOZFAL,0,2,0,43.9
202102,LV0LO8V49,0,3,0,61.5
202012,LFA8880VL,0,0,1,86.2
202102,9008Z8VV,3,0,0,70.6
202011,LO0LOFA04ZZ,0,1,0,28.5
202102,L4VZ0FA4Z,2,0,0,16.4
202012,LZ9L8L8L,3,0,0,65
202012,LZFAZZLV0,3,0,0,27.4
202101,L9FAVZVLFA,3,0,0,88.3
202102,L40FA0090,2,0,0,7.9
202101,FA0V9Z0,0,2,0,99.7
202101,L9LVLOZ0Z,0,3,0,13.5
202102,L8089V0Z,0,2,0,90.1
202101,800VV408,3,0,0,47
202102,L808V0VLO,0,3,3,82.6
202012,L8090Z0L,0,3,0,69.4
202102,L9LOZLLOFAZ,0,3,3,54.2
202012,LLVZ4080,0,3,0,43.4
202101,V008VLVFA,0,1,0,10
202012,LL400889,3,0,0,70.2
202102,L8FA8L4Z9,0,3,0,77.4
202102,LO0ZZ09LL,0,1,1,28.8
202011,LFA09V09LO,1,0,0,87.5
202012,L80ZLO08Z,0,1,0,71.4
202012,LFAZV8LO,0,2,0,95.9
202011,LV04LO0VV,0,1,1,88.2
202101,L4VL80,1,0,0,31.1
202102,900V04L,2,0,0,99.4
202101,L09LOVLO4V,0,3,3,92.6
202011,LO0ZVZ00Z,0,3,0,21.3
202011,L9L84LOFAZ,0,3,3,40
202011,L9V04004,0,3,0,40.1
202011,L9848LZL,0,1,1,8.6
202011,LV4Z0LO9LO,0,3,0,52.4
202011,80LO9LO40,1,0,0,31.6
202101,9VV9FA00,3,0,0,7.9
202101,LVL0L800,0,3,0,48.5
202102,LVLOZ0840,3,0,0,32.2
202102,9Z4VVFAFA,2,0,0,94.5
202102,L444L00V,0,3,3,71.5
202102,9ZL0V9Z,0,2,0,94.3
202101,LO0ZV4LZ9,1,0,0,15
202011,L8LO8V800,0,3,0,21.3
202011,L8LLO08L0,0,3,0,34.7
202102,L98LLOVVL,0,1,1,68.5
202101,LLO8FA0FA0Z,0,1,0,64.2
202012,L8LLVL4FA,0,1,1,84.9
202012,L8FAFALO9FA8,3,0,0,48.1
202011,L4Z48Z00,0,2,0,92.7
202011,LLO098040,0,3,0,15.9
202012,L894FALO,0,1,0,40.7
202012,80L08ZL9,3,0,0,75.8
202102,L408049V,3,0,0,99.8
202011,L84ZM000,0,3,0,75.9
202102,LLOZ0FA00LO,1,0,0,13.9
202012,LVLO08948,0,3,0,29.6
202101,FA0LLZZ88,0,3,0,62.1
202012,80LV8FAZ0,1,0,0,74.3
202102,LV400L,0,3,0,15.5
202101,FA008800LO,0,3,0,35.6
202012,LZ8Z09V0,0,1,1,67.7
202011,L808800Z,0,3,3,61
202101,LZVLO40VV,0,3,0,22.9
202012,L800V809,0,3,3,16.9
202102,LV9LO9098,0,1,0,52.4
202012,ZZZ4L44FA,3,0,0,2.7
202101,90094VFA9,0,3,3,68.5
202101,L080LV04,3,0,0,75
202102,L9L000ZV,0,3,0,33
202011,L04Z9V,0,3,0,36.3
202011,V0880V40,0,3,0,36.8
202102,89VLO9FAZ,3,0,0,80.9
202101,900VZM0Z,0,33,0,87.9
202102,90048LLOL,3,0,0,61.1
202011,L09LZFA,0,2,0,77.6
202102,L90ZML8L,0,3,0,18.7
202011,L004ZV0V,1,0,0,87.8
202012,LV9ZZ88LO,0,3,3,5.8
202011,L9ZFA0904,0,3,3,7.7
202011,L8LOFAVLOV9,0,2,2,4.3
202102,LVLFAVVLZ,0,1,0,10.1
202011,L89L9LO89,0,2,0,9.4
202012,L8FALOFA088,0,1,0,84
202011,L9V0ZM00,0,1,0,76.7
202102,L84LO0ZLOZ,1,0,0,87.1
202011,L8V0VV,0,1,0,66.5
202011,LV4408Z8,0,2,0,98
202011,L9FA400,0,3,0,2.9
202011,L4404V8LO,3,0,0,39.6
202012,V04LV0LFA,0,1,0,8.2
202012,L80LOVZ8FA,0,3,0,16.1
202012,LLO890Z9FA,2,0,0,96.5
202012,L4FA0ZM00,0,1,1,38
202102,LZ4FA4Z9Z,0,3,0,62.8
202101,ZZFAZLOZLO9,3,0,0,97.2
202012,V0LO808LOV,0,1,0,68.2
202012,L9L0V9LO0,0,3,0,50.9
202102,L0LO4ZLOVV,0,2,0,1.7
202102,V00V94ZM,0,2,0,66.3
202101,90049409,2,0,0,55.7
202101,FA0ZLO8ZZFA,0,3,0,3.7
202102,VLO48L0V,3,0,0,19.1
202012,V0FA9V94V,0,1,0,85.8
202012,ZZL04Z,2,0,0,58.6
202012,L890Z4ZV,0,3,0,53.3
202012,LFA0804,0,3,3,58.6
202011,L8LV89VL,0,3,0,0.6
202101,ZZFA0LOFAVL,2,0,0,53.3
202012,LZFAVFA09FA,0,1,1,66.8
202102,ZZZ90809,0,1,1,46.6
202011,LZMLZLFAL,0,3,0,6.4
202101,LV9FA0Z0LO,0,3,3,49.6
202102,8LFA44VLO,3,0,0,16.2
202101,ZZV4Z484,0,2,0,5.2
202101,V00940LO9,0,1,1,11.3
202101,L0090Z,0,1,0,20.8
202102,LLOZVLO800,3,0,0,68.5
202101,L9LOZ808L,0,1,0,39.9
202101,LO04Z80L4,0,1,1,65.8
202102,L90V08FALO,0,1,0,92.1
202101,9004040Z,0,3,3,32.3
202101,L4V000FA9,2,0,0,42.8
202101,L800FALLOV,0,1,0,68.9
202011,L094LOVLFA,0,3,3,62.9
202012,LVLO0LOVFAL,0,3,0,45.4
202011,L090V4LO4,1,0,0,91.2
202011,LLLV9Z8FA,2,0,0,65.4
202011,ZZ0LVV8LO,0,3,0,75.9
202011,LFAZ0LOFA90,0,2,0,5
202101,L9LZ4VL9,0,1,0,31.2
202011,L0Z9044Z,0,2,2,36.1
202011,L84V909Z,0,3,0,84.7
202102,L940004Z,0,3,0,55.3
202012,L94ZV484,0,3,0,28.5
202102,LO04Z0LOZLO,0,1,0,65.1
202012,8009LZ,0,3,0,26.2
202101,Z00L88L4,0,3,0,43
202011,Z04LO40V4,0,3,0,45.2
202101,800VVLZL,3,0,0,33.9
202101,LVLLO8L0FA,0,2,0,90.2
202101,Z04Z0009,2,0,0,59.5
202101,L4LOLLZLZ,0,2,2,9.2
202101,LVVLOZFALOL,0,0,2,39.6
202101,900VLZ0LO,2,0,0,54.3
202101,LLLOZLLL4,1,1,1,84.3
202012,LFAZLFAFALZ,0,2,0,36.4
202101,L4V09FA08,2,0,0,12.3
202011,LFA0044LO9,0,1,0,12.5
202102,LVFAV0L0LO,3,0,0,42.6
202102,FA0ZM900LO,0,3,0,12.4
202102,L8L0LZFAFA,0,3,0,2.6
202012,LLV00ZZ0,3,0,0,98.6
202011,LV908000,2,0,0,36.8
202101,V00440FALO,0,1,0,70.9
202101,FA0FA0LZ,0,3,0,2.6
202011,80L9FA004,0,3,3,90.8
202011,LZZ4ZM00,0,3,0,56
202012,L9FALO98ZFA,0,3,0,69.4
202011,LVZ090LO4,0,3,0,47.9
202011,LZ980V8LO,1,0,0,8.9
202011,L988LOFA0Z,0,3,0,12.1
202101,LLVFAFALOL4,0,3,0,8.2
202101,LV0LO89VZ,0,2,0,74.6
202101,L84FAFA4,0,2,0,9.4
202012,V0L0Z9LO4,1,0,0,60.1
202012,L00LV00L,0,3,0,42.4
202102,L0VFAVV4Z,2,0,0,99.6
202011,LL40FAL0L,0,1,0,46
202101,FA0FALOZ09V,0,1,0,52.3
202012,L9Z0FALOV4,0,3,0,2.5
202101,LFA0LZ0LO0,2,0,0,88.7
202101,LL908FA0L,1,0,0,24.5
202012,9ZLO49VFA,2,0,0,97.6
202101,LFALO4Z880,1,0,0,0.4
202011,LVL9VZZFA,0,2,0,93.1
202011,L489ZLO40,0,2,0,96.3
202102,LZZLOV8ZM,0,3,0,88.9
202011,LV0L4LO0LO,0,2,0,95.8
202101,LLOVL88V8,0,3,3,86.5
202012,LO0ZLV49Z,2,0,0,95.8
202012,L9ZLOVLO80,0,2,0,1.8
202011,LZ94ZL08,1,0,0,19.7
202102,LO0LO0V4,0,1,0,37.3
202101,FA04ZML90,0,1,0,17.5
202102,LO0004Z0V,1,0,0,68.2
202012,9LOL00LO4,0,1,0,55.1
202101,800LO009LO,1,0,0,18.7
202012,L9L8Z8VL,0,3,0,66.3
202011,L4ZL8L89,0,3,0,83.6
202102,LVVLZ0LV,2,0,0,28.5
202101,L9ZFAV088,0,3,0,24.4
202012,LV88V844,0,1,1,12.2
202102,LO0FA08LOFA4,0,1,1,59.8
202011,V0VLLO9FAL,0,1,0,30.2
202101,LV090944,0,3,0,35.1
202101,LO0ZV4LO00,0,3,0,82.7
202011,LLV8ZL0Z,0,3,0,18.9
202102,L8Z8ZLO,0,2,0,95.6
202012,8000Z89L,1,0,0,87.7
202012,L0LOLL9FALO,0,1,1,68.2
202101,FA0LZ9898,0,2,0,73.4
202101,LLO48VFAFA8,2,0,0,50.4
202011,L8L0V9VFA,0,2,0,21.8
202101,V00LO0098,0,2,0,60.7
202012,Z0FA000L8,3,0,0,22.8
202101,V008Z09V,0,3,0,82.1
202012,L8FAV8890,0,1,0,20.2
202012,LZ000V0V,0,2,0,27.2
202011,LL889LOFAL,0,2,0,25.6
202102,L9FAV00Z8,0,3,3,46.1
202011,LV80Z8LOL,3,0,0,21.4
202101,LV48FA009,3,0,0,3
202101,LLO00LVLO0,0,1,0,58.9
202012,FA0LLOFAL0Z,0,2,0,49.2
202102,L0LOFA988V,0,3,3,23.9
202101,LFA48FA8FA8,0,3,0,79.8
202101,FA00V04L0,0,1,0,87.3
202102,FA080FA044,0,1,0,60.4
202101,LLFALO9FALO0,3,0,0,6.4
202012,LVV89ZLO4,0,3,0,85.7
202012,LFA980Z94,0,2,0,2.9
202102,L8LOFAL900,0,1,0,52
202012,ZVZ8V890,0,1,1,5.6
202101,L9L8FAVLZ,0,3,0,46.3
202102,FA00L4Z4Z,0,3,0,24.5
202011,LLO8040Z4,0,3,0,80.9
202012,LZ0VFAV0L,0,0,3,27.4
202012,V00L44LO8,0,1,0,71.3
202101,LVVFA404LO,3,0,0,17.5
202012,LZLOLFA00L,0,1,0,39.6
202012,LVFAVFALO,3,0,0,22.4
202101,900Z89FAFA,0,2,2,29.3
202101,V0009V00,0,3,0,83.1
202012,LFALVLZFA0,1,0,0,84.4
202102,L8LVFA04LO,1,0,0,73.6
202011,L4Z00VL8,0,3,0,99.1
202011,LV8FA4FA8Z,3,0,0,35.4
202102,LLOFA0FAZ04,1,0,0,90
202011,LL00FAZ09,0,3,0,88.6
202102,FA0LFA440LO,0,1,0,48.4
202102,8040984,0,1,0,89.3
202101,8009FAZFA9,0,3,0,63.5
202012,L9L9L40V,0,3,0,95.1
202012,LVLOFA4Z89,0,1,0,8.3
202102,900890VL,0,2,0,81.1
202102,L8LOLL8LO0,0,1,0,88.5
202012,FA0FA0FALLZ,0,2,0,13
202101,V00FAZ9VLO,1,0,0,76.5
202101,LLO9Z0Z0Z,0,2,0,39.7
202011,L040FA8LO0,0,3,0,47.3
202101,LL8LOFAZVLO,0,1,0,95.9
202012,LLOVLLO88L,0,3,0,46.6
202101,88VZZ08,0,2,2,68.5
202102,LFA400888,1,0,0,99.7
202012,LFA000L00,0,1,0,84.3
202102,ZZ0LO94LLO,0,1,0,35.5
202011,FA00FA90LL,0,3,0,65
202101,LLO40ZVLO8,0,3,0,56.4
202011,LL040FA80,3,0,0,53
202101,L90FAVL4L,0,1,0,81.4
202101,LV800000,0,3,3,65.4
202011,LLZLO0L0V,0,3,0,30.5
202102,LZ404FALO9,0,3,0,85.5
202101,L8LOZL0ZFA,0,3,0,98.4
202101,L4Z08FA9Z,0,2,2,67.5
202101,L00VLO0,0,2,0,28.5
202011,LFAV0LO9FALO,3,0,0,48.2
202101,LVFA09V94,0,1,0,95.2
202101,LLO890ZMLO,0,1,0,3.1
202011,ZZLO88LLL,0,3,0,81.8
202012,L480Z8LL,0,3,3,27.1
202012,L48FAVLO94,3,0,0,6.9
202101,FA00FA0V0FA,0,2,0,66.3
202102,8LO8L0LO0,2,0,0,15.8
202012,L0FAV9FA09,0,1,0,83.1
202102,Z00FALO404,0,3,0,45.9
202102,FA04VVFA0V,0,1,1,2.9
202101,LV44LO89FA,0,3,0,74.2
202101,8V8LO9LO0,0,3,0,47.8
202011,L09LO49FA4,3,0,0,25.4
202011,L94VZV8Z,3,0,0,24
202012,VLFA0ZL0,3,0,0,85.3
202102,V4ZZZFA8,3,0,0,38.9
202102,9V08V0L,2,0,0,68.5
202011,L08ZLFA0V,3,0,0,69.5
202012,LV800Z00,3,0,0,32.4
202011,LVFA8LVFAL,2,0,0,25
202012,L9LOZ89V0,0,3,0,74.7
202011,L8FAVZFAZ0,0,3,3,7.9
202102,LO08Z00ZFA,2,0,0,31.1
202102,LVZLOVFALZ,0,1,0,74.8
202012,90044FA9Z,0,3,3,66.8
202011,L09LOFA0ZL,0,3,0,13.1
202102,FA0V44L,0,3,0,21.6
202012,LVZ889,3,0,0,96.8
202011,LFALO0LZ0Z,0,1,0,18
202011,Z00VZ84FA,0,3,0,96.6
202011,LZZ88Z88,0,3,0,63.2
202102,L8ZLO8LZ8,0,3,0,63.9
202101,9L4VLLOZ,0,3,0,63.7
202101,L0Z800VL,3,0,0,80.7
202012,L00LOLFAZM,0,2,0,71.5
202011,LVZL0FA,0,3,0,88.2
202011,LLO440ZZM,0,1,0,61.2
202101,LFALOV88FAL,0,2,2,75.6
202102,LVFALO8FAVFA,3,0,0,22.7
202011,L9L08FALOFA,0,2,0,43.8
202012,8009LLOZLO,0,3,0,75.4
202102,FA0VLOFA0LZ,0,1,1,42.3
202102,L9L0LO844,0,1,0,18.6
202101,LLO9Z9004,2,0,0,24.4
202101,LL84FALOFAL,3,0,0,31.2
202012,L880VLO4Z,0,3,0,78.2
202012,LZLL8944,1,0,0,19.1
202012,9000LV8Z,0,3,0,6.7
202012,Z084VVZ8,0,3,0,82.5
202011,L00900L9,1,0,0,90.8
202011,L9Z9ZZ4V,0,3,0,92.8
202012,LLO0LV90FA,0,3,0,17.5
202011,V00LOVFAFA4,0,1,0,38
202102,VFA08LVV,0,1,1,3.2
202101,L908L8LO8,0,2,0,4
202101,L9ZV0Z94,0,2,0,95.3
202012,LZV4Z04Z,2,0,0,14.7
202012,L0LO048VZ,0,3,0,75.4
202012,LLOFAL0LO04,0,2,0,78.8
202011,L0V040,0,1,1,14.3
202012,L8094FA44,0,3,0,81.7
202102,LL09Z94L,0,1,0,87.2
202101,LLO9800,0,1,1,3.7
202102,L80V984Z,2,0,0,51.7
202011,L8LO4LOVV0,0,3,0,97.3
202102,VLO0FA9FAL,0,2,2,83.8
202101,L48LOVLFAFA,2,0,0,70.3
202101,LVLO009FA4,0,1,1,6.5
202012,L880LFA40,0,2,2,36.3
202011,L9480LO44,0,1,1,88.4
202011,L8VL0FA04,0,3,0,85.5
202101,L98FA84,0,3,0,64.1
202102,ZVLO080LO0,1,0,0,90
202102,LZ4FALZ90,0,3,0,28.9
202101,LZMLOFA9LO9,0,3,0,67.3
202012,LL4LLO004,3,0,0,10
202011,LVFAL00,0,3,0,84.5
202012,80LL0V0FA,1,0,0,75
202012,LLOVZ940LO,3,0,0,2.5
202011,LVZ0ZV0Z,0,2,0,98.2
202101,V0LFA8LOFAZ,0,1,0,60.1
202101,L8VLO049LO,0,2,0,51.1
202011,LZ4Z0FAZFA,3,0,0,49.5
202102,FA00ZL009,0,2,0,57.8
202011,L0LO4LO0,2,0,0,93.8
202102,L9L0LO049,0,2,2,22.9
202102,FAZFA4V00,1,0,0,98.8
202012,80FALO040,0,2,0,11.4
202101,900FA00LL,0,3,3,98
202101,L40LO84V8,0,2,0,97.7
202011,FA004ZLLFA,0,3,0,87.3
202101,9FA0FALLV,0,3,3,55
202101,FA04VV9V0,0,3,0,53.8
202101,LLO4LLO0LLO,1,0,0,87.4
202011,900L0ZZ,1,0,0,65
202102,L9LO40LZLO,0,3,0,38.4
202102,FA0V000FALO,0,2,0,60
202011,LLO8LO0FAFAFA,0,3,0,18.1
202102,FA0LLZ4Z8,0,2,0,19.1
202102,FA0LOL0VLO4,0,1,0,83
202102,V9FA009L,3,0,0,62.8
202101,LZLOVL440,0,3,0,70.9
202101,L9LO0L48L,0,2,2,96.1
202012,LV804VZ0,0,3,0,30.3
202011,L980LOLL0,0,1,0,53.1
202101,Z0VLOV9Z0,3,0,0,9.6
202101,LFA00VL0Z,0,3,0,90.6
202102,LLO0LO9LO44,1,0,0,77.3
202102,L9FA0LFAZZ,2,0,0,58.8
202101,VZMFALFA8,3,0,0,33.5
202011,V08L9L94,0,3,0,74.4
202012,FA0FA44Z04,0,3,0,1
202012,900FALOZ00,2,0,0,89
202012,900V4LOFA4,0,2,0,54.1
202101,LLO9LO0FAFAFA,0,3,0,50.5
202102,L9ZMV0,0,3,0,95.7
202012,LVFALOV0V0,0,3,0,83.4
202011,LVVLO9898,1,0,0,92
202102,L9L04VLO4,0,2,2,87.2
202101,LZLO8VZMFA,0,3,3,72.6
202101,L8FA4FA040,0,1,0,6.4
202011,L8FALZ4,2,0,0,91
202011,LLOV0Z9LO9,0,3,3,54
202011,L0ZMLFA9Z,2,0,0,95.2
202012,FA0L0Z89Z,0,2,0,87.5
202102,ZLOFA40009,1,0,0,15.6
202012,L88FA9LO0V,0,2,2,79.7
202102,V00FAZLO0V,0,1,0,26.2
202102,LZ00LZFA4,0,3,0,15.6
202102,ZZ48V8VLO,0,1,0,33.4
202012,LZ0FA08FA0,1,0,0,31.4
202102,LZ0L000Z,0,1,1,47.5
202011,V0LFALO090,0,1,0,81.5
202102,900V4LZ0,3,0,0,60.1
202012,L9FA9Z98Z,1,0,0,82.6
202012,LL4V4ZFAZ,0,2,0,34.7
202012,V008Z0ZZ,3,0,0,80.6
202011,804ZFAZ0,0,3,0,19.7
202101,LV00ZFAVFA,2,0,0,60.1
202012,9000FALLLO,0,3,0,52
202101,LFA4Z9L,3,0,0,15.5
202011,L90FALLOFAL,0,3,0,97.8
202011,L048LO98LO,0,3,0,60
202011,900840ZZ,0,3,0,68.9
202011,L80FALO000,0,3,3,21.6
202102,L00LO,0,3,0,81.4
202102,FA0ZMLO9L8,0,3,0,87
202011,L8000LO00,0,3,0,3.8
202012,L9L0VZM0,0,1,0,28.7
202011,L8ZLV0LO8,0,1,0,63
202101,LVZFALO9LO9,0,3,0,72.7
202101,FA04LOZ0ZL,0,2,0,86.1
202101,FA0FAVZVFA9,0,3,0,12
202011,L09LO8LO4L,2,0,0,8.2
202102,FA0VL9448,0,1,0,56.8
202101,FA0LO0Z4VLO,0,2,0,77.5
202011,ZZLLOZ90L,3,0,0,86.9
202012,LZ00FALLO0,0,3,0,96.9
202011,L0948Z88,0,3,0,41.2
202102,ZZ0FA8VZ4,0,1,0,83.7
202011,L49V8000,3,0,0,31.4
202011,L0009LFAV,0,1,0,95
202012,L4FAFAFA088,2,0,0,65.6
202011,LLO00VFA00,0,3,0,97.5
202011,LO0ZFAV9L4,0,3,0,75
202102,FA0FAFA00VZ,0,3,0,99.7
202101,L00LLO8FAV,3,0,0,2.8
202011,LZZ8FALOL4,3,0,0,31.7
202102,L8VZL0L9,0,2,0,84.9
202012,L08ZFA0LO0,0,2,0,55.9
202011,L94Z088L,0,1,0,4.4
202011,LFA9ZLVZ0,0,3,0,70.7
202011,LZMLOVFAZ8,0,3,0,1.1
202011,LVLOZ8Z4V,0,3,0,57.3
202101,FA0ZFA9884,0,2,2,91.4
202101,900LOFA0LL,2,0,0,87.7
202101,Z00LZLZLO,0,3,0,30.2
202011,L88VLL48,0,3,0,94.7
202012,LZ8008,0,3,0,57
202101,LFAFA9L8,0,2,0,69.5
202101,LVL4Z0VL,0,1,0,31.5
202101,L0080V44,0,1,0,21.3
202101,LLO889ZZZ,0,2,0,85.7
202011,900FA0000,0,2,2,68.5
202011,ZVLOFA0FA0LO,0,3,3,62.6
202012,L409FALLO4,0,3,3,75.3
202102,8004VZL4,2,0,0,83.7
202102,LLO4V4FAL8,0,1,1,16.2
202102,L4900LV0,3,0,0,60.5
202102,FA048L4,0,1,0,1
202012,L9400848,0,3,0,31.7
202101,L8ZLOFAFA4LO,0,3,3,59.4
202102,L009LFA,0,1,1,89.4
202012,FA0L9L4L9,0,2,0,71
202011,ZZVZ0Z98,3,0,0,79.2
202101,90LZZM0LO,0,33,4,68.2
202101,L00ZLO0V0,0,3,0,39.9
202101,L0V0LLOVZ,1,0,0,76.6
202011,L9FAFAFA9Z0,0,2,0,85.5
202012,FA00FA8V44,0,2,0,35.9
202101,LZZ48Z40,2,2,2,91.4
202011,LLLO00LO80,3,0,0,70.8
202101,Z09LV8LFA,0,3,0,85
202011,989FAV9,1,0,0,94.1
202012,L84880ZFA,0,3,0,91.4
202102,L8FALOV080,3,0,0,92.7
202011,LLO0984Z0,0,1,0,31.8
202101,V09FA4FA4FA,0,3,0,53.5
202012,8Z4ZZM8,3,0,0,42.4
202012,L9V4909V,0,1,1,55.4
202102,L80LO9ZL4,0,3,0,54.6
202011,L9ZMZ04FA,0,1,0,63.7
202102,LVFA9LO8LOL,0,1,1,19.9
202102,LZ9LOFA4,0,3,0,83.3
202102,8LZ0ZFA0,3,0,0,59.8
202102,L90V804LO,0,3,0,98.7
202012,LVL4V0,0,3,0,38.4
202101,L40LOZLVV,1,1,1,83.7
202101,FA0LLOFAV9Z,0,2,2,70.8
202012,LZLOVVLOFAV,2,0,0,76
202101,L90LZVLV,0,3,3,36.2
202102,FA984LO,0,2,0,41.6
202102,LZFA80489,1,0,0,82.7
202011,LV08Z808,0,3,0,74.1
202102,L4FAV4V08,3,0,0,11
202102,LV0LOVZFAFA,0,3,0,83.9
202101,L840ZFA4FA,0,1,1,99.1
202102,Z00ZVFAL0,0,3,0,28.6
202102,Z0FA4LOFA88,0,2,0,73.3
202101,LLO9L0V88,0,2,0,91.7
202012,L9LLOLZ80,3,0,0,94.9
202102,LL90LOV0L,2,0,0,60
202101,L900Z94V,0,2,2,69.8
202102,LLO98FA4V4,2,0,0,28.5
202011,LZLOFA0880,0,3,0,33.5
202102,L8VLZ80V,0,2,0,91.2
202011,L9LOVV0L8,0,1,0,78
202101,900VLO8FAL,0,2,2,23.6
202012,LLOVV0494,0,3,3,93
202101,FA000FALOL4,0,1,0,9.3
202011,LLOV84989,0,1,1,77.6
202101,L4V0Z80Z,0,1,1,12.5
202102,L9LO808FA8,0,2,2,33.8
202011,L98L098L,0,1,0,44.5
202102,L44ZZ0LO9,0,3,0,90.5
202101,V0ZZ4L,1,0,0,78.6
202011,L9FAVZLVV,0,1,0,39.7
202101,LL8LZM4Z,0,3,0,23
202012,LLOV08ZZM,3,0,0,9.4
202101,LL4ZZ0Z8,0,2,0,2.9
202012,L0FAZZ80Z,3,0,0,94.6
202011,LVV9ZL0LO,0,1,0,12
202102,ZZ4Z8LO80,3,0,0,54.7
202102,LZ8890ZV,0,3,0,51.6
202102,FA0008044,0,1,0,57.2
202011,L9L00V0FA,0,2,0,27.6
202011,LVZFALO008,0,3,0,60.3
202101,900890LOFA,3,0,0,9
202102,FA048FA088,0,1,0,60
202012,LLOFA8Z80FA,0,3,0,75.3
202012,LZFALLOFALO4,0,2,0,57.3
202011,L4LLV9VZ,0,3,0,96
202012,LV009LOFAFA,0,2,2,34.2
202012,LFAVL00LOL,2,0,0,75
202101,9LO09L4L,0,3,0,36.1
202012,L800ZMFAFA,3,0,0,62
202102,L9FAV0Z9Z,0,3,0,79.3
202011,L44L8ZZZ,0,1,0,58.1
202102,Z0LZFA0LOV,1,0,0,44.6
202102,Z04VLOZZLO,2,0,0,18.2
202011,LL0FA08,0,3,3,93
202012,L90LO84FAL,3,0,0,17.3
202012,L4Z4FA900,0,3,0,47.6
202012,L0FA44LOZ9,0,3,0,19.2
202012,LFA00VLOZ4,0,1,0,96.7
202102,LLZZM0,0,3,0,48.4
202012,LVVLOLZ40,2,0,0,94.3
202102,LV4Z0FAV0,0,1,0,47.3
202101,LZLOZL40Z,1,0,0,0.7
202011,L88FAV04V,0,2,0,92.9
202011,V0ZL098Z,1,0,0,9.4
202101,ZVZLZVZ0,0,3,0,8.3
202102,LZ89LOLFAZ,2,0,0,69.3
202102,LO008LO04V,3,0,0,29
202102,LLOFAFAFAFALO8,3,0,0,69.1
202012,L400LO00LO,0,2,0,79.5
202101,L88VL0LOV,0,3,0,66.5
202101,LLOVLLOL0V,3,0,0,44.8
202011,LZ00FA88FA,2,0,0,49
202102,L9ZFA9LOZZ,0,2,0,73.1
202011,L8L4FA4LOV,0,3,0,43.5
202101,FA0Z4049L,0,3,0,56.6
202011,LZ9LV400,0,3,0,41.1
202011,L4V00ZLV,0,3,0,92.2
202012,LO00VLVFAFA,1,0,0,29.9
202012,LV4FAFAZ04,0,3,0,51.2
202102,L4LO84988,0,1,1,32.5
202011,LLFA08L0LO,0,1,0,35.1
202012,L4FA0Z0LZ,0,2,2,99.9
202011,LFA809LLV,3,0,0,82
202012,LV8400Z4,0,1,0,65.8
202102,LLLVLO0VFA,1,0,0,60.9
202102,LFA9009FAFA,3,0,0,29.6
202011,LFA9FAZLO0LO,1,0,0,32
202011,LV0VVLLO8,0,2,0,59.7
202102,LVFA90VZFA,0,3,0,97.9
202011,L08ZZ0FA0,0,1,1,8.8
202011,LL088809,0,3,0,5
202012,LO0LO49084,0,1,0,45.7
202012,Z04LOL48Z,0,3,0,63.2
202011,Z0L0L400,1,0,0,24.2
202011,L404ZVLO0,3,0,0,44.5
202011,LLLO90Z8V,0,2,0,66.9
202101,LFALO9LO80LO,3,0,0,90.2
202012,LO0Z4LVFA4,0,1,0,87.7
202011,LLO4Z0L04,0,3,0,96.9
202011,L4FA084FA4,0,3,0,85.9
202012,VLFALOLL4,0,1,0,62.3
202102,LO0Z4Z800,0,1,0,65.2
202101,L80Z9VLO4,0,2,0,99.6
202011,L940FAFA40,0,3,0,23.6
202011,L4LL0FAFA9,0,2,0,11.4
202101,LZ0VZZFAZ,3,0,0,68.8
202101,L9ZV00Z9,0,3,3,66.9
202101,90LLLOFAFALO,2,0,0,72.1
202011,LO04LZ0LO8,0,3,3,20
202011,4840LLV,0,1,1,1.5
202102,V0ZFA0LVL,2,0,0,29.6
202102,LV4000,0,3,0,37.1
202012,L80088VLO,0,2,0,30.7
202102,LFA0ZLL04,0,2,2,6.9
202101,LFAZLO98FAV,0,3,0,67.9
202012,L8ZZ0FA0Z,2,0,0,79.1
202102,L80LOZ0LV,3,0,0,33.1
202102,LVL0FA04L,0,3,0,7.6
202101,90080880,3,0,0,49.8
202101,LZ880LLO4,0,3,3,73.1
202101,FA040V8V8,0,1,1,28.9
202012,ZZ48LOFA4Z,1,0,0,12
202102,V0LFAFA4V,3,0,0,33.1
202012,LLO80LFA0L,0,1,0,55.1
202102,LVZFA0LOZ0,0,3,0,14.4
202101,FA0LLO90LL,0,1,0,10.2
202012,L98ZFAZLOL,0,3,0,72.9
202012,L9ZZ04L4,0,3,0,52
202011,LVFA8VV,0,3,0,84.9
202012,L8L0L80LO,0,3,0,88.9
202101,8009LO09L,0,1,0,96.7
202101,L9898LO88,0,3,0,64.1
202011,90L4LO4,0,3,3,39.3
202011,ZZ000FA8LO,0,2,0,79.7
202011,V0VLZ4LOFA,0,1,0,43.1
202012,LLL0Z0LOV,0,2,0,8.7
202012,9000ZFAV9,0,33,0,2.6
202011,L8VLO40LO0,0,2,0,0.5
202102,LFAFALO0L8Z,0,2,0,32.6
202012,L8Z90L80,0,1,1,66.4
202102,V0ZM84L0,0,3,0,47.5
202101,FA000980V,1,0,0,72.8
202102,L9LO00L8FA,0,1,0,75.8
202101,LL9Z9VFA0,0,3,0,36.1
202012,LZVL48Z0,0,2,0,66.4
202102,LL04V8,0,2,0,2.2
202101,LO0LO0FA949,1,0,0,2.1
202011,LLFA00000,2,0,0,55
202012,8ZL00FA0,0,3,0,62.3
202011,LO0ZLZLO80,0,1,1,92.4
202012,L9LLO8VZ0,0,3,0,10.2
202102,L8LO498L9,0,3,0,34.2
202101,ZZLLZLVLO,0,2,0,2.7
202102,L80LL800,0,2,0,97.6
202011,L8LFAZLZ4,0,1,0,38.3
202101,FA0LV0094,0,2,0,85.1
202011,L8LL4FAFAL,0,3,3,27
202012,V0LV0LV0,1,1,1,95.6
202012,L9FAZM49LO,0,3,0,54.7
202012,LV09049Z,0,3,0,87.7
202012,LVFALO0LO,0,3,0,98.6
202011,LLO0LO0LO49,0,2,0,27.3
202011,LLO409880,0,3,3,3.4
202012,LLOZVZFA89,0,3,0,9.2
202102,L9V00Z8Z,0,2,2,45.2
202102,Z0V0FAFA80,0,2,0,38.1
202101,8FA9FAL9LO,3,0,0,66.9
202101,LLOVLO80FA9,2,0,0,97.2
202012,V0Z0ZLFA,3,0,0,23.3
202012,800ZM0FAV,3,0,0,79.7
202011,LLO04ZZFA8,3,0,0,72
202011,LLZ04VLOL,0,3,0,13.3
202102,L9LVLZZ9,0,1,0,52.9
202102,L800V80LO,0,3,0,30.9
202102,FA0909LOV4,0,2,0,58.1
202012,LFA4VFAFAV4,0,1,1,41.4
202012,800Z9040,0,0,2,10.3
202011,LLO88ZVL9,0,0,2,76.6
202102,L8L0VL0LO,0,3,0,76.6
202011,LLOV9FAFAFA9,0,3,0,9.9
202012,L8FA4LOV9L,0,3,0,29.8
202101,900V4880,0,2,2,79.7
202012,L909LOFAL4,0,1,0,100
202011,L9V940ZM,0,3,0,38.2
202011,LFAFA800ZLO,0,3,0,58.9
202102,Z0ZM0440,1,0,0,11.8
202012,V089LOL09,0,3,0,1.3
202012,LL8ZZ9V9,2,0,0,33.5
202101,L0LO48LOZ4,0,1,0,47.2
202012,L494LO0FA9,2,0,0,34.7
202011,LFA0LO8FA0V,0,2,0,90
202102,LLO88L4,3,0,0,49.2
202102,L00VL880,0,2,0,69.5
202012,L4V4L4LO0,0,1,1,51.2
202102,L809L480,3,0,0,34.5
202012,ZVLOZ90L0,0,3,0,67.2
202012,LV4FALFA8FA,0,3,0,51
202011,LLZLOFAV0Z,0,1,0,58
202101,8L88VFAL,3,0,0,87.5
202011,LL90Z4FA0,0,1,0,31.3
202102,LLOFA40FA40,0,3,0,67.4
202102,LFA9FAL0,0,3,0,30.9
202102,LV9FALOFA0L,0,2,0,90.5
202102,L4L9LOZ0LO,0,1,1,78.6
202011,LFAV04ZVZ,3,0,0,34.5
202011,V0LFA0Z90,1,0,0,98.4
202102,LLO0VV84L,0,1,0,63.4
202011,LLO00V8FA9,0,3,0,4.7
202011,LLOVL40L4,0,3,0,52.3
202011,L8809VZ9,0,3,0,0.5
202101,L980VZFA8,0,3,0,60
202101,L8Z0Z8Z9,0,2,0,34.5
202101,LV0VLO00LO,0,2,0,36.4
202102,LZML4009,0,3,0,50.6
202011,L8049800,0,3,0,66.6
202011,L9LLO00V9,0,3,0,14.2
202102,FA009LZZZ,0,3,0,49.4
202101,94LZ000,1,0,0,74.6
202102,Z08LOZVV9,1,0,0,7.9
202102,L0L0LFA08,0,1,0,40.8
202011,LVFALOZFALO8,3,0,0,34.5
202012,LV8L49Z0,0,1,0,71.2
202012,V9ZZZZV,0,3,0,47.1
202102,LV98LO9FA8,3,0,0,82.9
202011,L9VFAL9FA0,0,2,2,91.6
202012,L8884980,0,2,0,73.8
202101,L0LZM9LO8,0,2,0,64.4
202102,FA0L8V0Z8,0,3,0,81.8
202012,L8FA88LOFA4,0,1,0,21.5
202011,L4ZFA8VFAFA,0,3,0,68.7
202101,LZMZFA840,0,3,0,79.4
202102,L84L008Z,0,3,0,29.8
202012,FA0FAL00,0,2,0,23.3
202011,LVLO4L0L9,0,1,0,15.1
202011,LFAZZ0098,0,1,1,89.5
202101,LV909VV4,3,0,0,39
202101,LLOZLOLLOZ9,0,3,0,49.4
202101,L4Z90L8LO,3,0,0,75.6
202101,L4V98LO8L,1,0,0,14.2
202012,L08LO94,0,1,0,10.1
202102,V0V8400Z,1,0,0,97.8
202011,FA0FAV04Z4,0,2,0,94.5
202012,L8FALLO8V0,0,3,0,74.2
202012,ZVZ0VV09,0,3,0,8
202012,L8LOZLL0FA,0,1,0,49
202101,L9FA4LO0L4,0,3,0,86.8
202102,FA08Z0FAVL,0,1,0,42.9
202012,FA04VFALO80,0,3,0,75.8
202101,LV9ZZ8V9,2,0,0,68.2
202011,L8ZVLOFAZZ,0,2,0,16
202012,L80FA0VFA9,0,3,3,92.2
202011,LL84FA40FA,0,2,0,23.8
202102,FA0LLLO440,0,3,0,32.4
202011,V0V90809,0,3,0,54.5
202012,90LO08VLO,3,0,0,28.8
202102,L0ZLL0Z9,0,3,0,87.2
202011,L90L0ZL9,0,1,1,81.7
202012,L9LOVFA04LO,0,2,0,51.9
202011,LV09FA984,0,3,0,50.4
202102,LV8LO490LO,0,1,0,12
202101,LLO08404V,0,3,3,95.9
202101,L8L08ZV4,0,1,0,29.7
202011,V0Z0ZFALOV,0,3,0,5.9
202011,LLO49440Z,0,3,0,11.9
202011,ZZLOLFAZ08,3,0,0,33.8
202102,L944Z0LLO,0,2,0,23.8
202011,LZ9ZZ0L0,0,2,0,35.7
202102,FA0ZFAFA90V,0,1,1,63.3
202012,LV9LO0FA4LO,0,1,0,67.8
202101,FA0LZ0804,0,2,0,18.5
202012,L0LO0ZM09,3,0,0,22.7
202101,L98FA0V,0,2,2,78.1
202102,L8L0LLOVL,0,3,0,56.6
202102,LV89Z8Z4,0,3,3,20.1
202012,LLO9089VL,0,1,0,44.1
202012,L8LOZZ8L9,0,3,0,98.2
202012,LFAFAFA4LO,0,3,0,80.9
202012,L8LO09V90,0,2,2,71.6
202012,LL49Z8Z8,3,0,0,32.3
202101,L944LO84V,0,3,0,0.1
202012,L84LO904LO,0,2,0,25.3
202012,LV90FA40V,0,3,0,44.1
202011,LFA848090,0,2,0,78.7
202011,900FAV0V8,2,0,0,32.4
202101,L8LO9L909,0,3,0,75.4
202101,FA00ZLZZ9,0,2,0,42.3
202102,LVFAFAZZLO0,3,0,0,81.8
202012,L80LZVVV,0,3,0,83.1
202011,L4V44LV8,0,3,0,7.9
202102,L8LO400Z9,0,3,0,13.8
202012,FA00FA8FALOL,0,3,3,51.5
202011,L0LLOLFAZ8,1,0,0,20.4
202012,L0FAL04Z8,0,3,0,56.6
202101,900Z89LOV,0,2,2,60.5
202011,L9LO89LO44,0,3,0,19.6
202011,L8VFA8VL0,0,3,0,70.3
202102,LV9FAVLOVLO,0,1,0,58.7
202012,L9FAVFA000,0,1,0,98.3
202101,LZ944Z0L,0,2,4,12.5
202102,L8FALOZ0ZM,0,3,0,82
202101,LV08LOLV4,0,0,2,89.5
202102,L9L00ZVLO,0,0,2,70.8
202012,L9L8L88LO,0,0,2,46.9
202101,LV0Z4FAFA4,0,0,3,59.1
202012,L4FA09VFA0,0,0,2,18
202102,L4FALO8VZ9,0,0,1,56.4
202102,V00Z4FAL8,0,0,1,32.3
202101,LV449008,0,0,2,82.2
202011,L90FA0LO0V,0,0,3,1.5
202011,LVLO98LO,0,0,3,8.6
202102,L9FA00040,0,0,1,7.9
202101,LLOZV4000,0,0,3,51.5
202101,LVLOZLOZVL,0,0,3,92.5
202012,LZVLOZVV8,0,0,3,20.1
202011,L9ZZLV4L,0,0,3,36.1
202102,LLO4VV0L4,0,0,3,96
202011,LL80ZMV9,0,0,2,48.6
202011,LVFA4Z4FA8,0,0,1,49.3
202011,LO0LOLLOZZ0,0,0,1,99.3
202011,LV9V0LZ4,0,0,3,19.4
202012,FA0FAFA80LO8,0,0,3,100
202101,L8FA0V8LOZ,0,0,2,27.6
202012,FA009Z498,0,0,3,61.4
202102,LVL4V0VFA,0,0,3,7.4
202011,L898800V,0,0,2,57.5
202102,L8FA0FA49LO,0,0,3,2.5
202011,L890ZM9V,0,0,2,99.9
202011,L9L00ZVLO,0,0,2,87.2
202011,V00Z800L,0,0,2,21.2
202102,L8L940LO9,0,3,0,69.4
202011,LVVL008L,0,0,3,93.8
202102,LVZV40ZM,0,0,3,33.4
202011,L890VVLZ,0,0,3,55.1
202011,LZFA0ZZFAV,0,0,2,30.7
202011,LV4FA80VL,0,0,2,4.7
202012,V00L88LL,0,0,1,94.3
202011,LZ09Z4ZFA,0,0,3,6.3
202012,ZZFA8ZLO4LO,0,0,1,35.1
202011,L9LO90ZLO4,0,0,1,24.9
202012,LVZ0L0V0,0,0,2,9.7
202102,ZZ40ZVV9,0,0,1,86.9
202102,LVZ8ZLO,0,3,0,95.4
202012,LLO0LO0Z89,3,0,0,70.4
202011,L949V488,0,0,2,46.3
202012,L9VFA9LFA8,0,1,0,21.5
202012,L98LLOZL0,0,1,0,88.7
202102,LVLFAL094,0,0,3,55.7
202011,L8000LOZV,0,0,1,34.8
202102,LO0LO4L49Z,2,0,0,89.1
202102,V089V48LO,3,0,0,38.1
202101,VLO0FA9FAL,0,2,2,93.7
202012,FA0FALOFAZLV,0,3,0,99.5
202102,L904V4V4,0,2,0,16.4
202102,L80ZFA9FAV,0,3,0,51.6
202011,LLOL0L4L8,0,0,3,82.9
202102,LFA9LO0L9Z,0,0,2,71.9
202102,LZ8Z09V0,1,0,0,6.6
202011,L94VFA8ZL,0,0,1,79.6
202101,V98Z094,3,0,0,20.7
202011,80LVLO9Z0,0,1,0,32.5
202102,L9FALFA044,0,1,0,28
202101,ZZ00LOFA9Z,0,1,0,81.7
202102,98LOZ88Z,0,3,0,56.7
202101,L84FA9LV4,0,2,2,84
202011,LVLFAZML0,0,3,0,85.7
202101,LZZ0V44Z,0,0,2,20.8
202011,LLOZ4FA9FA9,0,2,2,39.5
202101,L9LO8VZ00,0,3,3,8.5
202012,LZM09V4L,0,2,0,62.2
202102,FA0000FA0Z,0,3,0,30.8
202101,LO0LL0LOZ9,0,0,1,45.8
202011,900VLO804,0,2,2,96.9
202101,LVZ04ZLO4,0,0,1,42.2
202102,L8V00LO9FA,0,2,2,80.1
202012,LZZ944FA0,0,0,3,80.1
202011,L9004V8V,0,0,2,48.6
202011,L00VLO0,0,0,2,77.5
202011,800FALOL08,0,3,0,19.3
202012,L90LZVLV,0,3,3,78.3
202102,LV8VZ0Z9,0,1,1,60.9
202011,LO0Z4Z800,0,0,1,51.8
202012,LLV0FALV4,0,0,1,44.7
202012,L8FA0LOL80,0,0,1,48.1
202012,L90LOZ040,0,0,3,86.8
202012,L84ZV8L9,0,0,1,62
202011,L44ZZ0LO9,0,3,0,69.6
202011,L9ZL44LO8,0,0,3,93.1
202102,FA0049LOFA8,0,0,2,8.6
202102,V000LV90,0,1,1,33.5
202102,LV400FAL4,0,3,0,42.1
202012,L0FA98ZML,0,1,0,92.1
202011,ZZ00LOFA9Z,0,0,1,82.9
202101,8009LLOZLO,0,0,3,70.8
202011,90FAV090,0,2,0,21.5
202102,90L009FA8,2,0,0,3.3
202102,LL0FA08,0,3,0,2.4
202012,LZ9LZ98V,0,3,0,99
202102,L409FALLO4,0,0,3,77.9
202102,FA00L409V,0,3,0,89.3
202012,L9V940ZM,0,0,3,34.5
202012,L94000,0,0,3,47.9
202102,L800ZLO,0,1,0,62.7
202012,L904ZZL9,0,0,3,55.9
202012,V0004880,0,0,1,41.4
202102,L90FA0ZM9,0,0,2,36.6
202011,L9LO08FAZ9,0,3,0,85.4
202102,L8VLO049LO,0,0,2,71.7
202101,9000ZFAV9,0,0,4,4.1
202012,FA00FALOZ90,0,2,2,33.7
202012,L9FAZFAZZV,0,3,0,5
202011,800Z9040,0,2,0,88.9
202011,LZMZ4090,0,2,0,35.2
202101,FA00ZFA8ZFA,0,0,3,83.2
202102,VVFAFALV9,0,0,2,17.5
202102,FA04FALO48LO,0,0,3,32.1
202101,LVL0V9LO0,0,1,0,79.1
202101,FA0FA0LOVZL,0,3,3,66.5
202011,LV09FALO0L,0,0,3,73.3
202011,LLO40ZVLO8,0,3,3,26.5
202101,LL4Z80LO9,0,3,3,46.5
202101,L8LO4Z094,0,3,3,75.4
202012,L98FA989LO,0,0,2,20.4
202011,L90L4FA0Z,0,0,1,16.8
202101,LLZLO0L0V,0,0,3,81.8
202102,90LLO0LOZ8,0,2,2,33.7
202102,LLO0080VFA,0,3,0,11.2
202012,Z0ZLL000,0,1,1,14.8
202102,FA0V9ZV,0,0,3,33.1
202101,900ZL9Z,0,0,2,71.4
202101,LLO88ZVL9,0,2,0,85.5
202011,LV4ZMLO00,0,0,2,62.3
202102,L80LLFALOZ,0,1,0,33.3
202011,LV804LO4Z,3,0,0,92.8
202101,LV90LFA0V,0,3,3,33.8
202101,LL800LLFA,0,0,3,76.6
202101,L9Z09Z00,0,3,0,30.9
202102,L84LO904LO,0,2,0,59
202102,LLO890ZMLO,0,0,1,16.1
202101,L4LO9LO9V4,2,0,0,25.8
202012,LFAFAZM0Z0,0,2,2,45.6
202101,L9LLLO00Z,0,2,0,0.2
202101,LV84LZMLO,0,1,0,13.5
202012,LV0L0V,0,0,3,94.2
202012,V000LV90,0,1,1,45.4
202011,L9FA4LO0L4,0,0,3,18.7
202102,LLOZV4L,0,0,3,25.5
202012,FA04VVFA0V,0,1,1,91.3
202102,V848VLL,3,0,0,66.4
202102,LO04FA098L,0,1,0,49.5
202102,V49FA90Z,3,0,0,87.7
202012,LLOFA008FAL,0,3,0,3.1
202011,L9000Z0V,0,0,1,38.4
202012,L9VZ8040,0,0,3,89.4
202102,LVVFALO90Z,0,1,0,90.2
202012,L8ZLZ88Z,0,2,0,82.7
202011,LO0ZLZFAFA4,1,0,0,57.6
202102,L9LOZ89V0,0,0,3,40.2
202101,L9ZLOL00V,0,3,0,27.4
202101,LV4VZ808,0,0,3,3.2
202102,L48FA9088,0,1,0,56.3
202012,LZZ4ZM00,0,0,3,30.9
202102,LVFA000FAFA,0,3,0,95.9
202101,LLZFAFA890,0,0,1,52.7
202011,LV0L0V,0,3,0,28.5
202102,LLOV84989,0,1,0,6.3
202102,9FA9LV00,3,0,0,10.3
202012,V00FA9LOVL,2,0,0,72.9
202012,LZ4FALZ90,0,0,3,17.4
202101,L48VLOV,0,0,3,89.7
202011,FA0FA400LO0,0,1,0,56.8
202102,900FA4009,0,0,3,40.4
202102,L840089V,0,3,0,78.9
202011,LLO00ZFA89,0,0,3,82.3
202012,L8LO9LL98,0,1,0,37.9
202102,L94ZLFA4V,0,1,0,75
202012,LVFA09V94,0,0,1,50.9
202012,L840ZFA4FA,0,1,1,0.3
202011,LV900LOLZ,0,0,3,67.9
202101,L80048FAV,0,0,3,23.7
202011,LFA44V04LO,0,0,1,26.8
202011,LVL4Z0VL,0,0,1,4
202012,80L48400,0,0,1,59
202012,L4ZFAVFAFA0,0,1,0,92.7
202011,L8LV0VZZ,0,0,1,84.7
202101,LL80ZMV9,0,2,0,18.1
202102,L9V4LO9Z0,0,3,0,80.5
202102,L80LOV009,0,3,3,75.1
202012,LV0VLO00LO,0,0,2,17.7
202101,LVFAFALO848,0,0,1,29.6
202011,L0FA04ZLOZ,0,0,2,64.9
202012,LL4LO4VFAL,0,0,3,16.7
202011,Z0Z0Z9FA0,0,0,1,25.9
202102,LLO8908Z9,0,0,3,7.5
202012,L9L00ZVLO,0,2,0,71.2
202101,V08L9L94,0,0,3,39.4
202011,LV80LLFAL,0,0,2,29.5
202011,LZ4FALZ90,0,3,0,87.2
202102,L9FALLOFALO0,0,2,2,20.8
202012,ZZVLOFALO0L,0,0,2,31.8
202101,80L8FAZMFA,1,0,0,88.8
202101,L9FALO0FA,0,0,1,34.2
202011,L98FA84,0,3,3,9
202011,LVVLLL4FA,0,0,3,17.2
202011,L84VLLO40,0,0,3,95.5
202011,LZ00409FA,0,0,3,44.2
202101,LV0008LO8,0,2,0,94.7
202102,FA0Z0LO9LL,0,2,0,23.1
202012,LLO4VLO9FALO,0,0,2,8
202011,LZ9Z9VLZ,0,1,0,8.1
202101,9000L004,0,2,4,41.7
202011,L894VLLO0,0,0,3,66.7
202012,LV4VZ808,0,3,0,32.2
202101,LZ90LOVLLO,0,0,1,20.7
202101,L4FAV4V08,0,0,3,19.1
202102,L84ZV8L9,0,1,0,55.2
202102,L9FAZ4FAV0,0,0,3,20.7
202012,FA0FA400LO0,0,0,1,10.9
202101,L848LLO80,0,2,0,59.5
202101,L4ZFAVFAFA0,0,0,1,12.5
202012,LFALOV90,0,2,0,48.3
202102,L004LO8,0,3,0,90.3
202011,LLO4FA4Z94,0,0,2,81.7
202102,98L4VZLO,0,0,2,67.1
202102,L9V0FALFA0,0,0,1,48.6
202102,9LO09L4L,0,0,3,70.3
202011,L840LOLLLO,0,2,0,67.6
202011,LV9094FALO,0,0,3,41.6
202012,L8ZL0V,0,0,2,83.9
202102,FA009VZZ8,0,2,0,64.4
202101,FA0008044,0,1,1,69.6
202012,L800ZLO,0,0,1,46.4
202102,L98V9ZV0,2,0,0,37.1
202101,L9LOZ00FA9,0,2,0,76.1
202011,LVLOFAL0FAV,0,2,0,12.2
202101,L0LO008,0,0,3,79.1
202012,L9488FAL9,0,0,3,99.1
202012,L4LFALLOZ4,0,0,1,12.2
202101,L9V0L0V9,0,0,1,67.2
202101,L8L8ZZ40,0,0,3,39.6
202102,LLOVFA09LOZ,0,0,3,34.9
202102,Z0ZLL000,0,0,1,8.4
202012,Z0FA0FA0Z8,0,1,0,74.4
202012,V89LO484,0,0,3,8.1
202011,LV0Z0ZV4,0,0,3,27.9
202012,900840ZZ,0,0,3,27.9
202101,L8ZZLO004,0,0,1,12.7
202011,L8V4FALV0,0,0,3,17.1
202012,L44L8ZZZ,0,0,1,80.5
202101,LZ0LLO490,0,0,1,37.1
202012,L840LOLLLO,0,0,2,39.6
202012,L840LO90V,0,1,1,86.2
202101,LZM09V4L,0,0,2,6.9
202102,LZMLOL80LO,0,1,0,58.7
202101,LZ0L9VLOZ,0,0,3,94.7
202012,LO0ZLOFA4ZZ,0,1,1,42.3
202102,L94ZZ908,0,2,0,7.8
202102,V00FA980FA,0,0,3,14.1
202012,ZZ44V8L4,0,0,1,43.3
202102,9008LL0FA,0,3,3,66.6
202101,FA04L0808,0,0,1,5.4
202012,L94V0LO0FA,0,0,3,81.9
202102,FA08LLO09FA,0,2,0,6.2
202011,LLO94LOVVFA,0,0,1,70
202012,LO0Z0L9LO8,0,0,2,95.4
202012,900409VLO,0,0,4,55.2
202101,L900094Z,0,3,0,56.6
202012,L8L08ZV4,0,1,1,48.8
202012,LZ944Z0L,0,2,0,92.4
202011,FA009ZFA8LO,0,2,2,98.5
202012,V04FA0ZMV,0,0,1,23.8
202101,L0L8LOV,0,0,3,65.8
202012,L8L940LO9,0,0,3,1.8
202011,LV8L49Z0,0,0,1,20.8
202011,L9ZLFA0ZZ,0,0,2,1.5
202102,L4LVZVLOZ,2,0,0,14.9
202011,LZLO80VLO0,0,0,3,94.2
202012,L0L8LOV,0,3,0,57.2
202101,L9ZLOVLO80,0,0,2,16.6
202101,LVL0FAZZFA,0,3,0,52.1
202011,L9ZL98L4,0,2,2,95.3
202102,FA00ZFA8ZFA,0,3,0,29.8
202012,LO0LO00VLOV,0,0,1,5.5
202101,V089V48LO,0,0,3,12
202011,LV9Z9FA84,0,0,1,26.9
202012,LLVFAFALOL4,0,0,3,95.1
202012,V0FA9FA0,1,0,0,64.1
202012,80L80LO0FA,0,0,3,83.3
202102,L8090Z0L,0,0,3,50.4
202011,ZVZ4440LO,0,0,1,66.2
202101,L4ZVLOVLOV,0,0,3,37.3
202102,LVZL0908,0,0,3,31.7
202101,L9FA00040,0,1,0,47.5
202102,L8880400,0,3,0,12.3
202011,L8FALO09,0,2,0,83
202101,V00FA980FA,0,3,0,59.4
202011,LLO9089VL,0,1,1,58.4
202011,L8FAV8890,0,1,1,19.2
202012,LVFA408,0,0,3,7.6
202012,LV0LZVL9,0,0,3,88.7
202012,LLO080LO48,0,0,3,26.9
202101,L0400909,0,0,3,64.4
202012,L40LOFA8,0,3,3,6.4
202012,94Z4988,0,0,3,83.3
202012,LLO9L0V88,0,2,2,52.8
202011,LLOZLZLO9V,0,0,1,28.8
202101,LLOVZ8Z4Z,0,3,0,99.8
202011,V0ZFA0LO84,0,1,1,93.9
202011,L8804FA0FA,0,0,2,0.4
202101,L9FA8V0L0,0,0,3,84.9
202012,LLV8ZL0Z,0,0,3,56.8
202011,L8V94LO0FA,0,2,2,58.8
202102,Z044FAL98,1,0,0,11.5
202101,L90ZMV84,0,0,3,10
202011,ZZ0V0ZFA0,0,1,1,4.7
202102,LVZ0VLO,0,1,0,83.1
202012,LZFA9LZL0,0,3,0,63.6
202102,L89Z809L,0,0,3,89.7
202102,L940V8FAZ,0,0,1,76.9
202012,LLZLOFAV0Z,0,0,1,72
202101,L8Z0L4VZ,0,0,1,9.8
202102,FA0L00FAFA9,0,3,0,69.1
202102,FA04VV9V0,0,0,3,81.2
202011,LZ0LOFAZFAV,0,0,3,97.2
202102,LVVL9049,3,0,0,24
202012,ZZVLOFALO9LO,0,0,2,78.4
202101,L94800V8,0,1,0,0.7
202102,FA0444LZ4,0,0,2,8.4
202102,FA0L89FA,0,3,0,47.5
202012,L8Z0Z8Z9,0,2,2,53.8
202102,FA0L4FA00V,0,0,2,83
202011,LLOV09L,0,0,3,44.5
202101,V0V9VLZM,0,3,0,92.1
202012,LVZV40ZM,0,3,0,29.4
202012,L8FAFAFA0LFA,0,0,2,46.8
202011,L0VFALZ,0,1,1,40.4
202102,FA000FALOL4,0,0,1,42.6
202101,FA0L9L4L9,0,0,2,52.3
202101,L8089V0Z,0,2,2,21
202102,LLZ4FAFA,0,0,1,4.8
202101,FA0008Z04,0,0,3,74
202102,LL8V0VLOV,0,1,0,73.4
202012,L000FA00Z,0,1,1,89.5
202102,LFA000094,1,0,0,48.6
202102,LV9FA0009,0,0,3,15.4
202101,LO0LO04Z8LO,0,1,0,22.7
202012,L90L8FA0Z,0,1,0,27
202101,80009L8FA,0,0,3,9.9
202101,FA0LLOZLFA8,0,1,0,23.6
202011,LL00V0Z0,0,0,1,76.1
202012,L9L009FA0,0,0,3,96.4
202012,L900890LO,0,0,3,10
202012,L008VZ9FA,0,2,0,32.2
202101,LZFAVFA09FA,0,1,0,65.1
202101,900FA0000,0,2,2,68.1
202102,LV49FA0ZV,0,0,2,79
202011,80080V,0,0,3,72.5
202102,LVZ408V8,0,1,0,82.2
202101,Z044FAL98,0,0,1,77.5
202101,LVZV0V0Z,0,0,3,23.8
202102,L8000V84,0,3,3,16.5
202101,L8FAL0004,0,1,0,20
202102,LO0LOL9044,0,1,0,54.4
202102,LFA0LLOVLO4,0,0,1,19.6
202012,V0008L80,0,3,0,0.7
202012,L9408448,0,0,3,43
202101,VLOVZLLOV,3,0,0,85.5
202011,V00LZLOZ8,0,3,0,1.3
202012,L9LO90ZLO4,0,1,0,66.6
202102,Z0V800LO8,3,0,0,35.9
202011,L8V0088Z,0,0,1,18.5
202012,V008V00LO,0,1,1,68.8
202101,LV9ZZ88LO,0,3,0,37
202012,L840008FA,0,2,0,88.8
202101,L9LZ4VLLO,0,2,2,2.3
202011,LLOFA40FA40,0,3,3,95.4
202102,LVZ0L0V0,0,2,0,86.2
202011,LO0ZV4LO00,0,0,3,26.1
202012,L8VV9L4Z,0,3,0,26.6
202101,LZV0FAZFAFA,0,0,2,79.6
202012,LLO409880,0,3,0,23.4
202101,L8090094,0,0,1,16.1
202101,L84FA894V,0,3,0,80.2
202102,FA0LO0Z4VLO,0,0,2,5.6
202012,LVL0FA04L,0,0,3,86
202101,LV8FA8VZ8,0,0,3,27.5
202101,LZZ00VZLO,0,1,1,42.2
202102,FALOFALOLFALO,3,0,0,63
202102,LV4800ZM,0,0,1,2.5
202011,Z0FA090FA4,0,0,3,30.4
202011,L8LOZLO090,0,0,1,39.2
202101,LLO9089VL,0,0,1,8.1
202102,LO0Z8FAZ0FA,0,2,2,96.4
202011,LVZ0LO0LO0,0,1,1,62.4
202102,L9Z0900FA,0,0,2,6.1
202012,80L9FA004,0,3,0,14.5
202101,L0804VL0,0,0,2,15.5
202012,L8L940L8,0,0,2,61.6
202101,LO04L48VLO,0,1,1,63.6
202012,L489ZLO40,0,0,2,56.7
202101,L80V0LOFA8,0,1,1,55.9
202012,L9L8FAVLZ,0,0,3,62.5
202011,L904FA094,0,3,3,48.5
202012,L980VVLO0,0,1,0,79.3
202011,L040LO9LO8,0,3,3,75.3
202011,LLOZFAFA0,0,0,2,40.7
202011,LFAFA9L8,0,0,2,69.6
202011,L80Z9VLO4,0,0,2,50.6
202101,FA0LFA4V0L,0,3,0,55.2
202102,L9L844,0,2,0,65.9
202012,L80LLO9LOV,0,0,3,64.1
202012,L8880VLL,0,0,3,51.8
202011,L8VLO8ZLOFA,0,0,1,38
202012,L9V04FA40,0,0,2,4.9
202102,L00L08LOFA,0,2,0,63.9
202101,FA0444LZ4,0,2,0,49.9
202012,LV4408Z8,0,0,2,22
202101,800FA09LOL,0,0,1,73.9
202102,LL00V0Z0,0,1,0,96.8
202101,LZFA9LZL0,0,0,3,98.1
202011,LLOV800FA8,0,0,3,56.1
202102,LZ00ZM0Z,3,0,0,3.1
202102,90L0FA090,2,0,0,22.3
202011,FA984LO,0,2,0,81.2
202011,L9Z9Z0,0,0,3,76.4
202011,L8FAFA0LLOFA,0,0,3,80.1
202012,LLO0L0FAZ0,0,0,4,77.1
202102,LV9Z9FA84,0,0,1,34.3
202102,90044FA9Z,0,0,3,70.5
202011,Z04V90V0,1,0,0,93.5
202101,L9L04Z40,0,1,0,64.2
202012,LL800LLFA,0,3,0,99.8
202012,LZVLOVFA84,0,3,3,96.8
202011,90LZZM0LO,0,33,4,44.2
202101,L80ZLO08Z,0,0,1,27.6
202011,L400LO00LO,0,0,2,30.5
202101,L4Z00VL8,0,0,3,99.1
202101,L9VZV0VFA,0,1,1,49.6
202011,L4LO84988,0,0,1,23.2
202012,Z09LV8LFA,0,0,3,2.5
202012,988V49LO,0,2,0,8
202012,L00Z80LOZ,3,0,0,52.5
202011,L4LLLO89Z,0,1,0,95
202101,LVVL008L,0,3,3,41.3
202101,LLO00ZFA89,0,3,0,85.4
202012,L88Z0LFAL,0,3,3,29.8
202102,L904VZVLO,0,3,0,6
202011,L9VLZ4LO9,0,3,0,79.8
202101,L84Z9Z9V,0,1,0,69.8
202101,L9LOLZ094,0,0,3,74.4
202102,900LO8V0,0,3,3,63.3
202102,LLO448L9Z,0,0,3,27.4
202102,L9Z80Z04,0,2,0,21.4
202012,L9LOLZ0V0,0,3,3,83.4
202011,L804V9ZV,0,3,0,82.8
202011,LZLOZ448FA,0,0,3,19.3
202102,LV90FA40V,3,0,0,74.2
202011,L980Z04FA,0,2,2,38.3
202101,L9404LO8FA,0,3,0,44.1
202102,V040LO0LO8,3,0,0,93
202102,94Z4988,0,3,0,57.6
202101,L80FA0V9LO,0,1,1,15.1
202012,L9FALLOFALO0,0,2,2,4
202102,L9Z0Z080,0,1,1,41.6
202102,L8008L0Z,0,3,3,16.5
202101,FA00FA8FALOL,0,3,0,55.7
202102,L84040L0,0,2,0,58.7
202012,LZVLOZFA44,0,3,0,71.3
202011,L9VFAFA9V0,0,0,2,34.3
202101,L9LOVFA04LO,0,0,2,39.6
202101,L944Z0LLO,0,0,2,42.7
202011,L849LOLZ0,0,2,2,7
202102,L8LOFAVLOV9,0,2,0,28.4
202012,L8VVFA98L,0,0,3,95.8
202102,9000440LO,0,0,3,71.5
202012,L800FALLOV,0,0,1,80.9
202101,LL8VVLZLO,0,0,1,56.2
202101,LV88ZFAFAV,0,0,2,83
202101,L9LOV449Z,0,0,3,3.3
202102,80ZFA0LOL,2,0,0,83.5
202011,L9Z00LFAZ,0,0,1,57.8
202012,LV4LFAV8FA,0,0,2,61
202101,LO0ZLLOVL4,0,1,1,23
202102,L8ZZ0FAZ8,3,0,0,32.6
202011,L90ZLLOFAL,0,3,0,86.5
202101,LLLOV880LO,0,3,3,90
202012,L9LO8VZ00,0,0,3,0.8
202011,L0VV0FALO9,0,3,0,32.7
202011,L9ZMFAZ80,0,3,3,72.7
202011,L8LOFAVLLO9,0,0,1,26.5
202012,L90480LLO,0,3,0,38.8
202101,VV8ZZ8V,0,1,1,10.3
202012,LVFAZ8VZM,0,0,3,37.2
202011,L9Z0V9FA4,0,0,2,48.1
202101,L9Z8000L,0,2,2,95.9
202011,LVZFAZ44L,0,3,0,57.2
202102,FA000LVZ0,0,0,2,80.5
202102,LFA0FALFA80,0,1,0,14.7
202102,L0Z0ZFA48,0,3,3,59
202102,L8LOZZ8L9,0,0,3,92.7
202012,V00LOVFAFA4,0,0,1,99.8
202101,8FAZ8VLO9,0,0,1,33.4
202102,LVZMV9Z0,0,1,0,71.8
202012,L9V88489,0,2,0,38.4
202101,900ZMLOZLO,0,3,3,19.9
202011,ZZ0Z4VLO8,0,0,1,1.2
202012,L44ZZ0LO9,0,0,3,24.6
202101,FA0LLZ4Z8,0,2,2,28.9
202011,L880VLO4Z,0,0,3,83.5
202012,L040LO9LO8,0,3,3,24.8
202101,LV9FA40FAV,3,0,0,22.2
202101,FA04LO80LO4,0,3,0,99.8
202102,V0ZMLZ40,0,0,3,49.9
202102,LLOLZV0LO0,0,0,2,59.3
202101,L94Z4VFALO,0,0,3,2.2
202011,L909V9LOL,0,0,2,32.1
202011,LO04FA098L,0,1,0,36.8
202011,LO0VLO04LO0,0,0,1,15.3
202011,V0490FAL4,0,1,0,23.4
202012,L80400FA0,0,2,0,25.8
202011,LZ9LZ98V,0,0,3,63.8
202101,LLLO44LO09,0,0,2,62.7
202102,FA0LFA4V0L,0,0,3,36.2
202011,L8FAFAFA084,0,2,2,68.2
202011,L80LLOFAV0,0,3,3,9.1
202101,L4FALO8VZ9,0,1,0,54.9
202011,LV0Z4FAFA4,0,3,0,44.9
202011,L9FALO0FA,0,1,0,21.8
202012,L9LFAZ8LZ,0,0,1,20.6
202101,FA0FAFA80LO8,0,3,0,77.5
202012,LZLVFAL00,0,0,2,59.8
202011,90084LOL0,0,2,2,44.2
202101,LLO80LO89Z,0,2,2,15.8
202101,L8V980LLO,0,1,0,85
202101,L094LOVZ9,0,2,0,35.1
202012,L408L4V4,0,1,1,98.7
202102,L94LFAZML,0,1,0,50.9
202012,LL0ZFALL9,0,0,1,95.8
202012,LO09V8VFA9,0,1,1,20.6
202101,L9FA890VV,3,0,0,81.8
202012,80LFA00LOZ,0,0,3,3.8
202012,L9ZLOV048,0,3,3,26.3
202101,V408FALOL,3,0,0,79.3
202101,LO0LO0FAL4LO,0,0,1,58.3
202101,L4LO0ZZFAV,0,0,1,85.3
202101,L9Z0FALOV4,0,0,3,6.4
202101,L8FA0Z0VLO,0,0,3,88
202101,L0LO8L444,0,1,0,27.3
202101,L9V4VZ80,0,1,0,8.8
202012,LO04FA098L,0,0,1,59.5
202011,LV449008,0,33,2,57.4
202101,L9Z0LO9LOV,0,0,3,12
202102,L8FA0Z0VLO,3,0,0,78.5
202102,V0ZLOZ894,1,0,0,17.1
202102,FA049L4VFA,0,0,1,16.6
202102,L89V8088,0,3,0,10.1
202101,FA009VZZ8,0,2,2,80.2
202011,LZM8LO984,0,3,0,3
202012,L0Z9FA980,0,3,0,62.3
202102,L9FAL984L,0,1,0,37.4
202011,Z004VLO80,0,1,0,11.8
202102,LFAV908ZLO,0,1,0,72.3
202101,FA04049FA0,0,0,3,82.8
202101,L84400VZ,0,3,0,56.9
202101,L8VVFA98L,0,3,0,22.4
202012,LLO904LO0L,0,0,3,82.6
202011,L0L0Z4V0,0,0,1,10.3
202102,LV9V894LO,0,3,0,79.1
202011,L8LOZLL0FA,0,1,1,81.2
202101,L9FAZFAZZV,0,0,3,25.2
202101,LLOV4VFA0LO,0,0,1,5.2
202011,L944Z0LLO,0,2,2,39.7
202102,LLOL9ZL04,0,2,0,5
202102,LV848ZVLO,0,3,0,38.1
202102,LVFAZ44,0,1,0,65.4
202101,90LFA0L8LO,2,0,0,3.2
202011,FA009Z498,0,3,0,18.5
202102,LFA8LLO8FA0,0,3,0,44.3
202101,L8FA09V04,0,3,0,83.9
202102,LVFA0FA9,0,2,2,48.9
202012,L8089V0Z,0,2,2,57.4
202012,L8ZV0LO08,0,1,0,89.6
202102,L8004988,3,0,0,15
202012,LZ9VFALOFAZ,0,3,0,58.1
202102,LZ40FA8V4,2,0,0,60.2
202011,L8LO9LVZZ,0,0,1,41.6
202011,LLLOZZVZ8,0,0,2,68.6
202011,V0004880,0,1,0,73.8
202012,L9V94FA90,0,2,2,39.5
202012,LLO00ZFA89,0,3,3,13
202011,L800FAFA40,0,0,3,74.4
202102,LZ9Z9VLZ,0,1,0,46.3
202012,LVFA0FA9,0,0,2,74.5
202102,LO09FA0VZFA,0,2,0,18.6
202102,L98FA989LO,0,2,0,6.7
202012,FA00LZ900,0,2,0,53.2
202012,LLO9Z9004,0,0,2,41.5
202102,FA0FAZ44,0,3,3,34.8
202102,LV0L0LO00,0,0,3,80.6
202011,L900ZFAL0,0,3,3,78.5
202101,FA0LLLO9LO4,0,0,2,86.7
202012,LLO889ZZZ,0,0,2,34.7
202011,LLO0080VFA,0,0,3,51.3
202012,LLOVFA80FA0,0,0,3,54.2
202011,80L8Z4FALO,0,0,2,15.9
202012,LZ9Z9VLZ,0,0,1,80.6
202012,LVFALVLZLO,0,3,0,77.8
202101,LV9LO0FA4LO,0,0,1,60.8
202102,V00Z04VV,0,2,0,33.6
202012,LV4Z0LO9LO,0,0,3,98.6
202011,LZ40V484,3,0,0,72.5
202101,LL4V4ZFAZ,0,0,2,68.8
202101,FA0Z0LO9LL,0,2,2,8.9
202012,LLOZ40LO,0,0,2,12.2
202102,LLO04Z0L0,0,1,0,54.3
202011,L9FAZ8V0LO,0,0,2,15.3
202101,L09ZML,1,0,0,9.6
202011,L848LLO80,0,0,2,92.4
202012,L4LLV9VZ,0,0,3,26.6
202101,L44L8ZZZ,0,1,0,13.7
202011,L9L8FAVLZ,0,3,0,77.2
202101,LZ0VLOFA09,0,3,3,44.3
202102,L9LOV49Z9,3,0,0,29.7
202012,Z0ZL0LO0V,3,0,0,75.8
202012,L9L090Z0,0,2,2,27.1
202101,FA000LVZ0,0,2,0,48.7
202101,LFALO8LLOFA4,0,3,0,48
202102,LV90LOL0Z,0,2,0,28.3
202012,L4FALO4048,0,0,3,96.3
202011,LLO9LVFA0FA,0,0,3,97.9
202012,L9LO00090,0,1,0,42.6
202101,L8Z0V9VLO,0,2,2,96.6
202102,LL0LVLZLO,3,0,0,25.5
202101,ZVZ98Z49,0,2,0,47.7
202101,LLOFAFA4V00,0,2,0,40.4
202101,L908VLFA4,0,0,3,72.3
202011,L9LOVFA04LO,0,2,2,5.2
202011,L94Z409Z,0,3,3,59.1
202102,FA0VZ4LO0LO,0,0,2,54
202101,L90L8FA0Z,0,0,1,36.3
202101,L908FAFAVV,0,0,3,10
202101,LV48L890,0,0,3,5
202012,L9ZL98L4,0,2,0,20
202101,L980LOLL0,0,1,0,77.8
202101,L8VLO40LO0,0,0,2,72.1
202101,L9Z0FAFAFA0,0,0,3,7.7
202101,LL00LLZ4,0,2,0,62
202011,LV84LZMLO,0,0,1,48.4
202101,LLOV00ZM4,0,1,1,19.5
202012,L8L0V9VFA,0,0,2,8.2
202012,L9ZFA0ZFA0,0,3,0,60.1
202101,L94Z00FAV,0,2,0,94.8
202101,9000444V,0,0,3,13.4
202012,L890L880,0,0,2,3
202012,L8Z0L4VZ,0,1,0,10
202011,V8Z0LZZ,0,3,0,70
202102,L8L0Z480,0,2,0,3.1
202012,ZVLOVFA4Z0,0,0,1,73.2
202011,LVZM4980,0,0,1,80.5
202102,L88VLOVFA9,0,3,0,61.9
202102,L40LZL00,0,0,3,75.3
202012,LFA808900,0,0,2,84.3
202101,90044FA9Z,0,3,0,26.8
202011,L8LO8FAZ88,0,1,1,19.4
202101,LLOVLLO88L,0,0,3,51.6
202102,ZZ44V8L4,0,2,1,84.1
202011,L9FAVLL,0,0,2,42.5
202102,L84Z9Z9V,0,0,1,69.3
202101,LVV890LL,3,0,0,16.3
202012,Z09ZL0LO0,0,3,0,64.2
202102,L9L04Z40,0,0,1,91.3
202102,L8LLO8FA8FA,0,0,2,75.3
202102,L900V0ZV,3,0,0,50.4
202011,LZ94VFAFA9,0,3,0,22.4
202012,Z00VZ84FA,0,0,3,23.3
202012,LLOV0ZLOZ9,0,0,1,59
202011,L90480LLO,0,0,3,35.5
202101,LVLO08948,0,0,3,71.9
202101,L48V04V8,0,2,2,50.4
202102,FA0FAL8ZM0,0,1,1,9.5
202101,L90LOZ040,0,3,0,91.6
202012,LV89Z8Z4,0,0,3,29.9
202102,LLO4LFALO4FA,0,0,1,27.7
202011,9009VFA49,0,3,3,24.6
202102,V00844L8,0,0,3,91.3
202102,900Z89FAFA,2,0,0,70.4
202011,V00080FA9,0,0,1,21.4
202101,L9LO0880LO,0,1,1,90.8
202102,80LZMZZM,0,0,1,13.3
202102,L9V04FA40,0,2,0,76.6
202011,LZV0FAZFAFA,0,2,0,7.4
202011,LV04LZML,3,0,0,62.8
202101,LZ44LLOFA0,0,0,3,86.5
202102,L894FALO,0,0,1,5.6
202102,ZZV84L89,2,0,0,54.8
202102,LO0LOLLOZZ0,0,1,1,55.9
202101,L9000FAL9,0,2,0,26.2
202101,L8LFAFA0Z0,0,1,0,67.2
202011,L0LV9LLO0,0,0,2,67.1
202011,LLO8L80LLO,0,0,3,98
202012,L089FAZ4Z,1,0,0,15.5
202012,L4Z0FALO0V,0,0,3,88.4
202101,L408L4V4,0,1,1,41.1
202101,LV9FA9000,0,0,3,81.7
202101,L900FALO89,0,3,3,69.1
202011,LL0Z808LO,0,0,1,52.5
202012,L88VL0LOV,0,3,3,56.7
202012,LVL0FAZ9FA,0,3,0,76.9
202011,L80LLO904,0,1,1,25.6
202101,80Z4LOV8,3,0,0,74.4
202012,FA0LLLO9LO4,0,2,0,8.2
202101,L9LO0FA8V8,0,3,0,57.6
202101,LZVL48Z0,0,0,2,63.8
202012,94LZ000,0,0,1,40.3
202102,L89009LOL,0,2,2,57.1
202102,LV80LLFAL,0,0,2,89.9
202102,LV00VZ,3,0,0,48.9
202012,ZZLO00V00,3,0,0,94.2
202101,LO0ZLZLO80,0,1,0,27.3
202011,V0LO808LOV,0,0,1,51
202102,FA0L88L0L,0,3,0,60.4
202101,80L800LO0,0,0,3,69.1
202102,V0LL00ZFA,0,3,0,81.3
202102,FA00LOL09Z,0,3,0,95.5
202102,LLO00LV9L,0,1,0,89.8
202101,LZFALLOFALO4,0,0,2,57.6
202012,LFA4ZZL00,0,0,2,98.7
202102,900VLO8FAL,0,2,2,9.4
202012,L94V4FA0L,0,0,1,7.8
202101,ZVLOZLOZ90,0,0,1,59.5
202011,LV89Z8Z4,0,3,0,55
202011,LLOL9ZL04,0,0,2,10.7
202101,LLOVFA044Z,0,0,1,30.9
202102,L9V4909V,0,1,0,35.8
202012,L4L0908Z,0,0,2,82.7
202102,L8VLO40LO0,0,2,0,35.1
202102,FA008LO0LZ,0,1,0,58
202011,L4FAV4V08,0,3,0,67.8
202011,L4VVLOZ90,0,3,0,64.9
202102,L8Z4L000,0,1,0,85.5
202012,FA00VV48V,0,2,2,83.7
202101,LFA09FAFAV4,0,0,3,8.7
202011,L80L9LOV8,0,0,3,62.2
202102,L9VZ00V9,0,2,0,73
202012,LLZ8049V,0,3,0,59.1
202102,L8Z0L404,0,1,1,65.6
202012,L09ZFA94V,0,0,2,22.2
202102,V00LO09LOFA,0,2,0,21.9
202102,FA009Z498,0,3,0,89.5
202012,80LVLO9Z0,0,0,1,46.8
202012,L9LOV449Z,0,3,0,30.7
202102,L08VVL04,0,2,0,3
202011,L0040ZVLO,0,0,3,63.2
202101,L04L40ZM,1,0,0,44.2
202012,LVLOFAL0FAV,0,0,2,76
202101,LFAV80ZFA8,0,0,3,35.7
202101,L9488FAL9,3,0,0,0.1
202102,ZVZ8V890,0,1,1,50.4
202011,LZVLOZVV8,0,3,0,47.6
202102,L800V809,0,0,3,79.5
202101,LL088809,0,3,0,24.9
202101,L90L0LO88,0,1,0,76.3
202101,LL0L90L8,0,0,3,69.8
202101,L9VZVZZM,0,3,0,84.2
202011,LLO4LO40FA8,0,0,3,53.6
202102,L980VVLO0,0,0,1,35.7
202102,LZZ0V44Z,2,0,0,30.9
202102,ZZL984Z8,3,0,0,67.5
202102,LLO0L0FAZ0,0,1202,4,65.3
202102,LL0ZFALL9,0,1,0,95
202102,L800L809,0,0,2,68.7
202011,L8FAL9Z40,0,0,3,1.9
202102,LVZ04ZLO4,1,0,0,15.9
202012,L80LLFALOZ,0,0,1,6.4
202102,LZ098VVZ,0,2,0,98.2
202101,L9V8L049,0,2,0,27.9
202101,LZLOFA0880,0,0,3,83.2
202011,LVLO8LLO8FA,0,0,3,41.5
202011,FA0008Z04,0,3,3,58.2
202102,LLO080LO48,0,0,3,44.3
202101,L8VZ800V,0,0,1,68.3
202102,800FA0L89,0,0,1,6.8
202102,L900ZM04,0,1,0,56.4
202012,V0L004VV,0,0,1,1.6
202011,L9LO40L48,0,0,2,21.9
202011,LZ9L49ZV,0,1,0,50.4
202011,L9809LOL8,0,2,2,12.1
202101,L8FAFA0LLOFA,0,3,0,52.4
202012,LLOV00ZM4,0,1,1,42.4
202102,LZLOVL440,0,0,3,53.7
202101,V9ZZZZV,0,0,3,97.8
202102,LVLLO8L0FA,0,0,2,87.8
202011,LV4Z0FAV0,0,0,1,24.1
202012,LZVFA00ZLO,0,0,2,68.9
202101,LZ08LO0,0,3,0,94.7
202101,900FA980FA,0,0,2,55.9
202101,L80LZLVZ,3,0,0,2.5
202102,L9ZVL0,0,1,1,85.2
202012,L9LZ4VLLO,0,0,2,38.1
202101,ZVLOFA0FA0LO,0,3,0,56.1
202102,LLVFAFALOL4,0,0,3,75
202102,LLOZLOLLOZ9,0,0,3,28.2
202101,LO04ZLFA8LO,0,1,1,65.7
202101,LLOZ88900,0,0,1,22.1
202011,Z0FAL9FAV0,1,0,0,5.4
202011,L8ZM8LL0,0,0,3,32.5
202101,FA0L88L0L,0,0,3,65.1
202101,L0VV0FALO9,0,0,3,90.5
202101,LVL0FAZ9FA,0,0,3,65.5
202011,L8LOZZ8L9,0,3,3,34.3
202102,LVLOFAL0FAV,0,2,2,21.7
202011,L900094Z,0,0,3,46
202012,LZZZ8LOZ0,0,1,0,25.6
202102,LFA0044LO9,0,0,1,66.1
202011,L90V889Z,0,0,3,6.6
202102,L900890LO,0,3,0,6.9
202101,L900L4FA4,0,2,2,95.2
202102,LFA0LO98FAZ,0,1,0,97.5
202011,9Z98FA44,0,0,3,65.8
202102,900FAFA90L,2,0,0,52.4
202101,Z0404049,1,0,0,7.6
202102,L9LV0Z4Z,0,2,0,36.1
202101,L8LO09V90,0,2,0,75.3
202102,L4FA09VFA0,0,2,0,62.7
202101,V000Z944,0,0,1,59.6
202101,L8LOZ9LOL0,0,0,2,25.8
202101,L8490840,0,0,2,21.6
202011,Z0ZZLO480,0,0,1,7.7
202102,LFA8LO0LL0,0,0,1,63.3
202012,L9094V,0,0,3,64.9
202101,LO04V80Z0,0,3,3,38.2
202102,LV800000,0,3,3,58.7
202102,LLZML084,3,0,0,10.8
202102,L80FA0V9LO,0,1,1,0.6
202012,L4988Z,0,3,0,23.7
202012,V00LO09LOFA,0,0,2,5
202102,V89LO484,0,3,3,85.3
202012,L9LLL040,0,0,2,72.3
202101,L9FAZM49LO,0,0,3,86
202102,FA04FA0LOL0,0,0,2,7
202102,L94VFA8ZL,0,0,1,97.7
202101,L80LOVZ8FA,0,0,3,90.8
202101,LO0Z9FAFALOFA,0,1,0,15.6
202012,L9ZFA0904,0,3,3,85.3
202101,FA0LL8LO0LO,0,3,0,69.4
202102,L80VV048,0,0,3,98
202012,LO0ZFA09LO8,0,1,1,85.7
202011,800VLV0LO,0,0,1,17.9
202101,L94V88FA0,0,0,2,13.9
202012,FA0008Z04,0,3,0,48.2
202102,L9LOZ808L,0,0,1,88.3
202101,LLOFA09FA,0,0,1,38.5
202012,LLOZLO0ZFA8,0,2,0,20.9
202012,L800400L,0,2,0,50.3
202012,LFAFA9ZM,0,2,0,24.8
202011,LVFA90VZFA,0,0,3,83.8
202101,L8L0L80LO,0,0,3,48.2
202102,LZVLO40VV,0,0,3,73.1
202012,LV900FAZ0,3,0,0,5.4
202011,L94LZ0Z0,0,0,3,76.9
202101,L8LO8V800,0,0,3,17.6
202101,L8LO00049,0,3,3,33
202102,L4L4FAZ88,0,0,2,64.1
202012,LV8LO490LO,0,0,1,25.8
202101,LLOZLZLO9V,0,1,0,0.5
202012,L90ZLLOFAL,0,0,3,93.9
202101,LFA9ZLVZ0,0,0,3,84.3
202101,L0ZFA00VFA,0,1,0,12.4
202012,L80LOZ0LV,0,3,3,94.9
202011,LV4ZLO9L4,0,0,1,55
202102,L88ZFAFA0V,0,0,3,14.5
202012,LO0Z4889FA,0,1,0,83.2
202101,FA0FALOFAZLV,0,0,3,66.4
202101,L0FA98ZML,0,0,1,50.3
202102,L80LOLL0L,0,2,0,42.3
202101,L94ZZ908,0,0,2,85.1
202102,LLOZLO8LOZ0,0,3,0,59.4
202101,L0V040,0,1,1,76.1
202012,L898800V,0,2,0,0.2
202102,80044,3,0,0,55
202102,LVV0FALOV9,2,0,0,32.2
202012,L00ZZ0Z0,0,2,0,28.5
202011,L89VVFAFA4,0,0,2,88
202011,LFA44V48L,0,0,2,44.9
202012,L9V44L08,0,1,0,89.3
202101,V000004Z,0,0,1,88.7
202012,LL940VFA9,0,3,3,43.9
202012,L8ZLO8LZ8,0,3,3,61.4
202101,L4008FA0V,0,1,0,86.3
202101,L4V4L4LO0,0,1,0,62.5
202012,FA0LZL9LO0,0,0,1,84.3
202012,L4L4FAZ88,0,2,0,97.9
202011,LV8400Z4,0,0,1,7
202101,L9Z04ZV0,0,3,0,14.7
202102,L9VLO0008,0,0,1,97.9
202011,L940LOZZM,0,3,0,55
202102,LFA0L89Z4,0,0,1,81.8
202012,LV9FAVLOVLO,0,0,1,91.7
202011,LL8LZM4Z,0,0,3,73.3
202101,L08LO94,0,0,1,0.3
202102,FA0ZL00,0,1,0,9.6
202102,L9040V08,0,0,3,36.5
202012,900890VL,0,2,2,17.8
202012,L98L098L,0,0,1,1.1
202101,LVZ9LO0LOFA,0,3,3,18
202101,LZ4FAZFAZM,0,3,0,72
202011,L800V8L8,0,3,3,85.3
202101,V004049LO,1,0,0,66.2
202102,ZZZ040LOV,0,0,1,4.2
202101,L9Z09VVL,0,0,2,24.5
202102,Z000VZFAV,2,0,0,9.6
202011,L8FAFAVFA,0,3,3,45.8
202102,L84400VZ,0,0,3,2.5
202012,L8VZ800V,0,1,0,87.4
202012,L8LVZFAL8,0,0,2,35.9
202012,LV0LL000,0,0,1,34.9
202012,LVZ9L808,0,1,1,27.4
202012,L9FAFA0000,0,0,3,36.3
202102,L9V88L0LO,0,0,3,0.2
202102,LV98VLO80,0,3,0,79.8
202011,L800L809,0,2,0,22.6
202102,LVLO0FA004,0,2,2,93.9
202011,L94800V8,0,0,1,88.7
202102,L8VFA4LO8L,0,0,3,84.9
202101,Z0ZZLO480,0,1,0,83.5
202102,LV9FALO4L0,0,0,1,41.9
202011,L904V4V4,0,2,2,87
202011,LL4ZZ0Z8,0,0,2,20.8
202012,L9V4VZ80,0,0,1,66.6
202012,L49LZ80L,0,0,3,7.1
202012,LLZZVL09,0,1,1,76.1
202011,LFA0LLOVLO4,0,1,0,60.4
202012,LV490L48,0,0,1,63.4
202101,ZZFA8Z0VFA,0,1,0,46.7
202011,LL490VZLO,0,0,3,85.5
202102,L0800ZLO9,0,1,1,14.8
202101,L94LZ0Z0,0,3,0,82.4
202012,LLO0LO0LO49,0,0,2,90.2
202102,LZ0VLOFA09,0,3,0,40.1
202101,L84LO904LO,0,0,2,6.7
202012,L4984ZV0,0,2,0,63.3
202101,V00Z4FAL8,0,1,0,59.4
202012,LZ9L49ZV,0,0,1,66.7
202101,L80L0Z8FA,0,2,2,72.9
202011,L880094L,0,3,3,26.6
202102,LLZZ09V9,0,1,0,95.3
202102,LL490VZLO,0,0,3,69
202011,Z04LOL48Z,0,0,3,66.6
202102,L90LO0L90,0,1,0,24.1
202102,L88004FA8,0,1,0,74.1
202101,LV90FA40V,0,0,3,74
202012,8000Z80,1,0,0,46.9
202101,L400LO00LO,0,0,2,64.1
202012,9498V0V,0,0,3,39.4
202101,L9L8LLO4LO,0,2,0,44.9
202012,LLO8LO0FAFAFA,0,0,3,10
202011,L904VL0L,0,2,0,49.2
202101,L9V4909V,0,1,1,19.1
202101,LVZMV9Z0,0,0,1,15.4
202102,L8FAFAFA0LFA,0,2,0,90.1
202011,LFALZZFAZM,0,0,1,67.3
202012,LLO4VV0L4,0,3,0,93.7
202101,L84LO0040,0,2,2,56.9
202011,LZZZ8LOZ0,0,0,1,16.7
202012,L9VLOV948,0,3,0,30
202102,FA0FA0LOVZL,0,3,0,48.3
202102,L90LO9048,0,3,0,37.9
202012,LV0L4V0LO,0,0,3,75.6
202101,LFA0804,0,3,0,44
202101,ZVLOZ90L0,0,0,3,52
202011,LZ880LLO4,0,0,3,13.6
202011,LLO4ZVLV8,0,0,3,85.5
202012,L9090VZLO,0,0,3,1.6
202011,80L48400,0,1,0,32.6
202101,L8FA04FA40,0,3,0,42.4
202011,LV8VZ0Z9,0,0,1,25.8
202012,L9L44L90,0,0,1,83
202101,9FA40VV9,0,0,2,68.2
202012,ZZZ8LO84Z,0,3,3,27.7
202011,ZZFAZVZ0L,0,0,3,37.7
202102,900000FA4,0,0,2,61
202011,L40LOZLVV,0,1,1,75.5
202011,FA0FAFA80LO8,0,3,0,1.8
202102,L890ZM9V,0,2,0,25.5
202101,V00Z4Z0LO,0,1,1,6.5
202101,LZ8Z09V0,0,1,1,78.5
202101,L0LOLL9FALO,0,1,0,87.6
202101,8L00LO09,0,0,1,67.4
202101,8009LZ,0,0,3,9.4
202102,L9LLOL98V,0,0,1,55.4
202011,L9LOFA9848,0,0,2,49.3
202102,FA0V04984,0,0,1,76.3
202101,FA009ZLOZZ,0,0,2,25.3
202101,LLO080LO48,0,3,0,21.7
202101,LLOV84989,0,1,1,95.7
202101,L90480LLO,0,0,3,87.4
202101,L0ZFA0VFA0,0,2,0,13.4
202011,V00L88LL,0,1,0,19
202012,LZ948080,0,3,0,10.7
202011,LVLZZ4LO0,0,0,3,11.8
202012,LLOV84989,0,1,1,31.5
202102,L9FA40LL4,0,0,2,24.3
202102,L8VL0FA04,0,0,3,16.2
202012,L8V980LLO,0,0,1,68.5
202102,L9FAVLOV8FA,0,0,1,79.9
202011,9000440LO,0,0,3,84.5
202011,L90ZFA9LZ,0,3,0,98.6
202102,LLOFA04LO,0,1,1,86
202011,L44ZLOVZV,0,0,2,78
202011,LLO4Z9LL4,0,3,0,40.5
202012,LFALOVL9Z0,0,3,0,62.8
202012,L04L40ZM,0,0,1,87.8
202101,LV89FA8FA0,0,2,2,19.7
202011,LV9LO04LO0,0,0,3,32.7
202011,FA0LZL9LO0,0,1,0,57.2
202101,L9VZVLV0,0,3,0,6.3
202011,LO0LOFA0VFAL,0,1,0,89.7
202011,L4988Z,0,0,3,91.5
202012,LV40LLOZV,0,0,2,8.5
202011,LO04LZ4LOFA,0,0,1,29.5
202101,L89V8088,0,0,3,18.1
202102,FA0LFAL9VFA,0,0,1,57.7
202012,L0VZVZV8,0,0,2,98.3
202011,LV8VVFAFAZ,0,0,1,59.3
202012,L80L9LOV8,0,3,0,49.2
202101,L80V0LO0Z,0,2,0,13.6
202102,L44L0404,3,0,0,64.9
202102,L9LO40L48,0,2,0,92.5
202101,LO0LO49084,0,0,1,55.2
202012,LL908FAZM,0,2,0,70.5
202012,L9V0L0V9,0,1,0,18.1
202101,L9ZZVZLO0,0,3,0,71.1
202011,L9L04VLO4,0,0,2,25.2
202011,80L80LO0FA,0,3,0,50.9
202011,LL4LO4VFAL,0,3,0,49.9
202011,LLZFAFA890,0,1,1,13.1
202012,FA00FA0ZFAZ,0,1,1,36
202012,LZM8LO984,0,0,3,58.7
202012,LVLLLO4V4,0,0,3,73.2
202101,V0LO090L,3,0,0,58.8
202011,L9L8L88LO,0,2,0,44.6
202102,FA0Z49Z0L,0,3,0,63.4
202101,L9Z9LOV8Z,0,0,3,51.1
202102,LVFA4494LO,0,3,0,73.8
202102,LLOVFA044Z,0,1,1,32.9
202102,LZLO8VLO,0,0,1,46.4
202101,LO04LZ4LOFA,0,1,0,99.3
202011,L8L940LO9,0,3,0,66.8
202011,LO08080VL,1,0,0,65.2
202011,L9LLL040,0,2,0,93.1
202011,L9LVLZZ9,0,1,0,26.3
202011,LLVFAFALOL4,0,3,0,65
202012,LZ80V98L,0,3,3,42.8
202101,LLO4ZVLV8,0,3,0,95.4
202102,L94Z00FAV,0,0,2,3
202101,LO0Z4889FA,0,0,1,55.1
202102,L88LO0FA9L,0,3,0,95.6
202011,LLV49ZMZ,0,0,3,45.6
202101,FA00V00L4,0,3,0,15.6
202011,LV0L000Z,0,2,2,18.7
202011,V09FA4FA4FA,0,0,3,32.8
202011,L8ZLO00V9,0,0,2,33.3
202102,L9Z8984LO,0,3,0,24.1
202102,9809VLO4,0,2,2,93
202011,L80FA0V9LO,0,0,1,0
202012,LFAV9Z4V4,0,0,3,77.9
202011,LFAFA49FA94,0,0,3,94.2
202012,L4LVZVLOZ,0,0,2,98.5
202101,L9LO080ZFA,0,3,0,99.1
202102,LO0ZFA09LO8,0,0,1,96.1
202011,LZ08V0L0,0,1,1,5.1
202101,FA00L9FA09,0,0,2,77.2
202101,L84LZL8L,0,0,1,37.3
202012,L80ZLO0FAFA,0,2,0,96.5
202011,V008VLVFA,0,0,1,6.4
202101,L9V88489,0,0,2,38.3
202012,L9ZMZ8V0,0,3,0,99.5
202101,L8LO89490,0,1,1,69.2
202102,FA0L88LO,0,0,3,71.4
202011,900LLO4ZM,0,3,3,74.2
202011,FA00L4Z4Z,0,3,0,36.7
202102,V8L8FA90,0,3,0,17.6
202101,LZMLOVFAZ8,0,0,3,32.8
202012,L84Z9Z9V,0,0,1,30.1
202011,LV900FAZ0,0,3,3,83.6
202012,L94Z088L,0,0,1,4.1
202101,L8L09Z00,0,0,3,22.7
202012,LLZLO8LO4L,0,2,0,55.3
202011,L9FAVFA4LO8,0,1,1,9.4
202101,L88LO0FA0FA,0,0,3,59.5
202102,V00LOVFAFA4,0,1,1,10.4
202011,LV9FAVLOVLO,0,1,0,51.4
202102,L9VVV4FA8,0,0,3,91.5
202012,ZZ000FA8LO,0,0,2,7.5
202102,L8LOZLL0FA,0,1,0,57.1
202011,LV084FAZ9,0,0,3,4
202102,FA009ZLOZZ,0,2,0,16.7
202101,L90400LOFA,0,3,0,85.7
202101,FA0Z00Z98,0,1,1,15.3
202101,FA00L4Z4Z,0,0,3,32.1
202011,LL09Z94L,0,0,1,11.9
202102,FA0ZFAVLV4,0,0,3,23.7
202012,L90LO0Z4V,0,0,1,14.9
202012,9000444V,0,3,0,97.6
202101,LO0FAZVV9Z,0,1,1,69.5
202012,L8LZV8LLO,0,0,3,82.1
202102,V0089V9L,0,1,1,3.4
202012,LVL9L0FA4,0,0,3,51.3
202102,L400LO00LO,0,2,0,5.2
202102,900FA980FA,0,2,0,71.2
202011,L0LZ00FA0,0,0,1,46.3
202012,V00LZLOZ8,0,0,3,39
202012,LLFA404,0,0,3,64.1
202011,V0V9VLZM,0,3,3,64.2
202012,900VZZLFA,2,0,0,27.5
202102,L98FA0V,0,2,2,20.4
202012,90FAV090,0,0,2,80.6
202012,L8ZZ0FAZ8,0,3,3,47.4
202011,L9004098,0,0,2,90.1
202012,L0009LFAV,0,0,1,41.4
202012,LVL8L000,0,2,2,82.9
202101,494FA40,0,1,0,67.7
202012,L9VLZ4LO9,0,0,3,5.5
202012,L9L04Z40,0,1,1,85.7
202011,L9LO0FA8V8,0,0,3,20.8
202012,L040FAFA4LO,0,1,1,19.7
202012,LVZZ09VFA,0,1,1,68
202012,L0LO0004Z,0,2,2,33.5
202102,L9VFAFA9V0,0,0,2,93.1
202102,LFAV0LOFA80,0,0,3,51
202011,LLOZLOLLOZ9,0,0,3,3.5
202012,LZLFA9088,0,0,1,92.4
202012,LZLLO0098,0,3,0,64.6
202012,L00Z9ZLO0,0,0,3,97
202011,LV4049,0,3,0,64.5
202012,L8FA09V04,0,3,3,81.9
202011,L8ZL0V,0,2,0,44.6
202102,L9VLOV808,0,1,0,65.8
202101,L9V44L08,0,0,1,68
202011,L8Z9Z0FA0,0,3,3,75.4
202012,L8L08ZLO8,0,0,3,99.8
202012,LO0ZLLOVL4,0,1,1,43.1
202101,LLO8L80LLO,0,3,0,12.1
202101,L80LOVVZFA,0,0,3,43.3
202102,LV0L4LO0LO,0,0,2,48.1
202102,LLOVL804L,0,3,0,39.7
202011,L94L0FAFAL,0,2,0,85.2
202012,LLOV48848,0,2,2,31.5
202101,LLOV00ZZV,0,1,1,61.4
202101,9809VLO4,0,2,2,29.2
202011,LLO8908Z9,0,0,3,9.5
202012,L90FA9004,0,2,2,52.3
202012,L9V8L049,0,0,2,53.2
202102,8FA04LOVL,0,3,0,91.2
202011,L84FA4LLO0,0,2,2,67.5
202012,L9LLL8VFA,0,3,0,67.5
202011,LLO889ZZZ,0,2,0,81.6
202101,L9VFA9LFA8,0,0,1,81.5
202102,LVL4V0,0,0,3,20.1
202102,L00LV00L,0,0,3,53
202102,L00LO0VFA9,0,2,0,66
202102,LZMLOFA9LO9,0,0,3,97.7
202011,L8009VZV,1,0,0,23.9
202102,L8FAZ00FAFA,0,2,0,88.2
202012,FA00LOLL9FA,0,1,1,55
202102,900LO4L89,0,0,3,92.4
202101,L9L04LO4V,0,2,0,80.2
202102,FA0480FALOL,0,0,2,42.6
202102,LVZFAVFAFALO,0,0,3,70.8
202012,L8FAL0004,0,0,1,50.8
202101,900FA0LV4,0,2,2,21.7
202101,L800L4V4,0,0,2,79.3
202101,L8ZLOZ8V0,0,3,0,68.5
202101,L880LO8L8,0,0,2,36.1
202012,Z0LOLLO0VLO,0,1,1,40.5
202011,L840LLFAFA,0,3,0,80.5
202101,LO0ZL8Z88,0,0,1,57.5
202101,V4V000LO,2,0,0,22.9
202102,LV4V088V,0,0,3,18.8
202102,L90LO0Z4V,0,1,0,48.2
202101,LFAZV8LO,0,0,2,26.5
202012,LO0LOFA0VFAL,0,0,1,95.8
202101,L94LFA4L9,0,0,1,29.3
202012,FA0FAV04Z4,0,0,2,13.1
202102,4840LLV,0,1,0,86.9
202102,LO04ZLFA8LO,0,1,1,88
202102,9004FA4V0,3,0,0,44.2
202101,LLO448L9Z,0,3,0,14.4
202101,L8VL809FA,0,3,0,77.2
202102,L8LLO9Z0LO,2,0,0,94.9
202012,L940FA0VL,0,0,2,94.3
202102,FA0VFA8FA4Z,0,1,0,52.6
202102,8004LFA9,0,3,0,68.7
202011,L8FA0FA49LO,0,3,0,21
202101,LVFA9LZ80,0,3,0,64.2
202012,LO0Z9FAFALOFA,0,1,1,8.3
202102,LV9ZLO04LO,0,3,0,54.8
202011,94Z4988,0,3,0,46.5
202101,LV9Z9FA84,0,1,0,20.7
202012,L8LOLLFAV0,0,0,1,21.1
202101,LZZ9FA04V,0,0,1,39.3
202012,FA00L9FA09,0,2,0,34.4
202102,LV09049Z,0,0,3,44.5
202101,LFALO48FAZ8,0,0,1,95.5
202101,FA0084L9V,0,3,3,32.6
202011,LL8LOFAZVLO,0,0,1,42
202011,ZZVVZ000,1,0,0,40.4
202102,L84Z0LLFA,0,3,0,59.8
202011,L8LO09V90,0,2,2,71.9
202101,LLO0094ZLO,0,3,0,37.5
202011,LL0ZFALL9,0,1,0,16
202012,L80FAFA0FA0,0,3,0,8.7
202101,LLZ4FAFA,0,1,0,72.6
202012,ZVLOFALVFA9,0,3,0,72.4
202011,L9408448,0,3,0,86.8
202012,LZV88FA89,0,3,3,61.4
202101,FA0FAFAL9Z9,0,2,0,7.7
202011,L94LL00LO,0,0,3,18.9
202102,LV0LL000,0,1,0,70.1
202102,FA0FAFAL9Z9,0,0,2,85.6
202012,LVVLLL4FA,0,3,0,0.2
202011,L0Z0ZFA48,0,0,3,90
202101,FA0VZ4LO0LO,0,2,0,71.3
202012,LZ44V9Z0,0,3,3,84.8
202011,LLOLLO909Z,0,1,1,71.8
202102,L98Z84,0,0,3,3
202101,FA0FAV04Z4,0,2,0,8.1
202101,LO09V8VFA9,0,1,0,3.8
202012,L9VFAZ0ZV,0,1,1,9.6
202101,9008LO09L,0,3,3,6.7
202011,V0FAFA00,0,1,1,39
202102,LLO8L80LLO,0,0,3,54
202101,L8080080,0,3,0,92.7
202011,L84LOLFA44,0,0,2,37.5
202011,LO0LO0LLO09,0,1,1,24.6
202011,LV89L40LO,0,0,1,7.7
202102,V0L004VV,0,1,0,13.6
202011,LO0LO4VLO0V,0,0,1,58.5
202011,L8FA0FALV4,0,0,2,14.9
202101,LO0VLO04LO0,0,1,1,7.6
202102,LFAFA9ZM,0,0,2,53.1
202011,LLO0V0LO94,0,0,1,63.7
202012,ZZV904ZFA,0,0,1,2.6
202102,800004V8,0,0,3,10.9
202011,L888LVZL,0,0,3,50.8
202011,ZVLOVFA4Z0,0,1,0,84.4
202101,L8LOZLL0FA,0,0,1,81.5
202102,FA0LL9VLOL,0,0,3,87.8
202102,L9ZLOL00V,0,0,3,21.4
202012,LL4FALOZL9,3,0,0,49.1
202011,L9ZVFA00L,0,0,3,21.5
202101,L004LO8,0,0,3,33.2
202011,8040984,0,1,1,21.6
202012,LV0L000Z,0,2,0,26.8
202101,ZZ40ZVV9,0,1,0,62.9
202102,L0LZM9LO8,0,0,2,46.4
202101,ZVZMV0V4,0,0,2,76.9
202101,V0FA9V94V,0,0,1,36.4
202101,L0ZFA0FA8Z,0,3,0,80.9
202101,LZ0LO8FALOFA,0,1,0,2.6
202012,L9ZZVZLO0,0,0,3,99
202102,9LOL00LO4,0,0,1,12.9
202101,LO0LOVLO00FA,0,0,1,89.9
202101,L9LFA8V0LO,0,0,2,50.5
202102,LLO00FAFA09,3,0,0,61.3
202011,LLO9Z0Z0Z,0,0,2,97.2
202101,80080V,0,3,0,59.8
202102,8009FAZFA9,0,0,3,18.5
202012,LLOV4VFA0LO,0,1,0,44.4
202102,L90LFA4ZLO,0,3,0,92.7
202012,LVL0FAZZFA,0,3,3,31.1
202012,LZ00LZFA4,0,0,3,38.1
202012,L944Z0LLO,0,2,0,49.2
202102,LVV0049Z,0,3,0,15.8
202011,L4Z4FA900,0,0,1,44.8
202102,LLO00LVLO0,0,0,1,28.1
202102,FA0ZL9ZVL,0,2,0,85.6
202101,LLO00FA9V4,0,0,2,99.5
202011,LL04V8,0,0,2,89.8
202011,LL4L9VFA0,H,0,3,88.2
202102,V008V00LO,0,1,1,87.4
202012,LVZM0000,0,3,0,39
202011,L8VLOL0LFA,0,0,3,92.1
202102,L9L009FA0,0,3,0,6.8
202012,LL088809,0,0,3,20.6
202011,LVL4V0VFA,0,3,0,52.9
202011,L904VZVLO,0,3,3,64.2
202011,L8Z4FAV00,0,2,0,30.4
202102,8008VLO8,0,0,3,83.5
202102,L808LO444,H,0,2,20.8
202012,L89L9LO89,0,0,2,47.7
202012,L8VL809FA,0,3,3,20
202011,V909L88,0,0,3,51.9
202101,ZZVLOFALO9LO,0,2,0,96
202101,L0FAV9FA09,0,0,1,70.6
202012,LLOZ88900,0,1,0,68.6
202102,LLOV48848,0,2,2,92.3
202011,L9Z09Z00,0,0,3,96
202012,L980LOLL0,0,0,1,48.1
202102,L9LO8VZ00,0,3,0,0.5
202012,L9LOLZ094,0,3,0,56.8
202102,FA0VLO4LOL0,0,1,1,33.2
202101,LLO8908Z9,0,3,0,47.5
202012,LZM0FAFA9FA,0,0,3,8.1
202102,90ZZ89FA,3,0,0,65.8
202011,LV09FALFAZ,0,3,0,4.5
202101,LLOZZ9844,0,0,2,93
202101,LO04FAFA4Z0,0,1,1,34.7
202011,LZ0949V0,0,0,1,55
202101,L9LOLLO84FA,0,3,3,55.3
202011,L9FA00VLOV,0,3,3,6.6
202011,L08VVL04,0,0,2,72.9
202012,L9LVLZZ9,0,0,1,64.5
202102,L98LOL9,0,1,0,57.9
202102,LFA9FA09V8,0,0,3,63.4
202101,LV9FALO4L0,0,1,0,71.1
202101,FA044FALO89,0,0,3,42.5
202012,L4LVLOLVLO,0,3,3,71
202101,900ZLO0FAL,2,0,0,32.8
202102,V00LL9Z8,0,3,3,64.9
202011,LFA00VL0Z,0,0,3,96.7
202011,L9LOLLOL8FA,2,0,0,89.9
202102,LVV989LO9,1,0,0,43.3
202102,LVVLOFAFALOL,1,0,0,14.6
202101,LZ0Z89LLO,0,2,2,55.4
202012,LV9V894LO,0,0,3,5.6
202102,L9LLLO00Z,0,0,2,74.9
202101,LFA8LO0LL0,0,1,0,80
202101,LVZFAVFAFALO,0,3,0,96.3
202102,V0LZLZ90,0,1,0,60
202102,L9FAFA0000,0,3,0,16.9
202011,L8890449,0,3,0,16.4
202012,L8FA8L4Z9,0,3,3,18.2
202101,LO0LO0LLO09,0,1,1,7.5
202101,LV9LO04LO0,0,3,0,64.1
202011,L4FA09VFA0,0,2,0,67.2
202101,LFALO0VZ94,0,2,2,96.6
202012,L904VL0L,0,0,2,32.8
202012,L4L904L9,0,0,1,48.1
202102,L9Z08LFA0,0,3,0,47.2
202012,L00L08LOFA,0,0,2,9.5
202101,LZZLOV8ZM,0,3,3,41.8
202101,800FALOL08,0,0,3,19.4
202012,L8VV9FAFAV,0,3,3,43.7
202011,LVFAZ8VZM,0,3,0,71.2
202011,L9L844,0,0,2,46.3
202012,L0FA9ZL00,0,2,2,2.1
202011,L880L80L,0,0,1,71.9
202102,LFA009FAL8,0,2,0,76.1
202102,90L48404,2,0,0,58.6
202101,L94FALFAVL,0,1,0,28.3
202012,L9000FAL9,0,0,2,56.5
202102,L9Z09VVL,0,2,0,35.5
202102,V00FAZ40V,0,1,0,4.3
202101,L409FALLO4,0,3,0,25.9
202102,ZVLOL9L0FA,3,0,0,27.6
202012,L94Z409Z,0,3,0,5.1
202101,L90FA0LO0V,0,3,3,84.5
202102,L8804FA0FA,0,2,0,4.1
202102,LL948L94,0,3,0,72.1
202101,L94ZV484,0,0,3,14.2
202012,FA00FA9490,0,1,1,73.9
202102,V0LLO9VLFA,3,0,0,68.4
202101,LLO04Z0L0,0,1,1,25.5
202012,FA984LO,0,0,2,67
202012,FA0FAV0LO40,0,3,3,49.4
202012,L4L8009Z,0,0,1,23.8
202012,L8LOZZM8L,0,0,3,69
202101,L9LOZ9FAZ4,0,3,0,60.3
202101,LLO4LFALO4FA,0,1,0,85.3
202101,LLV00VZ0,0,1,1,80.3
202012,L88LO04,0,0,2,80.6
202101,L800V809,0,3,0,90.6
